municipality_name,municipality_type,regional_district,year,asset_category,historical_cost,accumulated_amortization,net_book_value,asset_additions,replacement_value,replacement_value_amortization,asset_management_plan,municipality_id,selection_label,key,selection_asset_key,net_book_value_ratio,asset_condition_ratio
100 Mile House,D,CAR,2024,Land,2172862.0,,2172862.0,58742.0,2172862.0,,N/A,100-mile-house-d,100 Mile House,100-mile-house-d|Land,100 Mile House|Land,1.0,
100 Mile House,D,CAR,2024,Buildings,4137875.0,2548710.0,1589165.0,24636.0,9274849.0,397893.0,In_Progress,100-mile-house-d,100 Mile House,100-mile-house-d|Buildings,100 Mile House|Buildings,0.384053409056581,0.9570997867458543
100 Mile House,D,CAR,2024,Fleet,7049114.0,3374748.0,3674366.0,1557210.0,9151913.0,762659.0,In_Progress,100-mile-house-d,100 Mile House,100-mile-house-d|Fleet,100 Mile House|Fleet,0.5212521743867385,0.9166667121944887
100 Mile House,D,CAR,2024,Parks and Recreation,2328033.0,1268257.0,1059776.0,26999.0,3323177.0,126254.0,In_Progress,100-mile-house-d,100 Mile House,100-mile-house-d|Parks and Recreation,100 Mile House|Parks and Recreation,0.45522378763531274,0.9620080423040963
100 Mile House,D,CAR,2024,Water System,17615349.0,5994354.0,11620995.0,3661.0,37399402.0,760946.0,In_Progress,100-mile-house-d,100 Mile House,100-mile-house-d|Water System,100 Mile House|Water System,0.6597084735590535,0.9796535249413881
100 Mile House,D,CAR,2024,Sewer System,8325015.0,4679216.0,3645799.0,0.0,25626702.0,401524.0,In_Progress,100-mile-house-d,100 Mile House,100-mile-house-d|Sewer System,100 Mile House|Sewer System,0.43793302474530077,0.9843318114051508
100 Mile House,D,CAR,2024,Drainage System,3791449.0,1631622.0,2159827.0,0.0,9327325.0,186546.0,In_Progress,100-mile-house-d,100 Mile House,100-mile-house-d|Drainage System,100 Mile House|Drainage System,0.5696574053877554,0.9800000536059374
100 Mile House,D,CAR,2024,Transportation System,24678882.0,11388286.0,13290596.0,327498.0,76837134.0,1835880.0,In_Progress,100-mile-house-d,100 Mile House,100-mile-house-d|Transportation System,100 Mile House|Transportation System,0.5385412515850596,0.9761068652040041
100 Mile House,D,CAR,2024,Other Engineering Systems,0.0,0.0,0.0,0.0,0.0,0.0,,100-mile-house-d,100 Mile House,100-mile-house-d|Other Engineering Systems,100 Mile House|Other Engineering Systems,,
100 Mile House,D,CAR,2024,Other Tangible Capital Assets,0.0,0.0,0.0,0.0,0.0,0.0,N/A,100-mile-house-d,100 Mile House,100-mile-house-d|Other Tangible Capital Assets,100 Mile House|Other Tangible Capital Assets,,
100 Mile House,D,CAR,2024,Work In Progress,3204164.0,,3204164.0,1339794.0,3204164.0,,N/A,100-mile-house-d,100 Mile House,100-mile-house-d|Work In Progress,100 Mile House|Work In Progress,1.0,
100 Mile House,D,CAR,2024,Total TCA,73302743.0,30885193.0,42417550.0,3338540.0,176317528.0,4471702.0,,100-mile-house-d,100 Mile House,100-mile-house-d|Total TCA,100 Mile House|Total TCA,0.5786625201733583,0.974638358133061
Abbotsford,C,FVR,2024,Land,465964000.0,,465964000.0,10736000.0,465964000.0,,N/A,abbotsford-c,Abbotsford,abbotsford-c|Land,Abbotsford|Land,1.0,
Abbotsford,C,FVR,2024,Buildings,266804000.0,145363000.0,121441000.0,1800000.0,429945000.0,3968000.0,No,abbotsford-c,Abbotsford,abbotsford-c|Buildings,Abbotsford|Buildings,0.45516933779103763,0.9907709125585831
Abbotsford,C,FVR,2024,Fleet,46246000.0,25155000.0,21091000.0,4445000.0,54523000.0,2726000.0,No,abbotsford-c,Abbotsford,abbotsford-c|Fleet,Abbotsford|Fleet,0.4560610647407343,0.9500027511325496
Abbotsford,C,FVR,2024,Parks and Recreation,81792000.0,63114000.0,18678000.0,90000.0,134903000.0,1916000.0,No,abbotsford-c,Abbotsford,abbotsford-c|Parks and Recreation,Abbotsford|Parks and Recreation,0.22835974178403756,0.9857972024343418
Abbotsford,C,FVR,2024,Water System,378856000.0,147876000.0,230980000.0,8513000.0,634164000.0,6250000.0,No,abbotsford-c,Abbotsford,abbotsford-c|Water System,Abbotsford|Water System,0.609677555588403,0.990144505206855
Abbotsford,C,FVR,2024,Sewer System,286160000.0,136140000.0,150020000.0,3242000.0,505083000.0,5324000.0,No,abbotsford-c,Abbotsford,abbotsford-c|Sewer System,Abbotsford|Sewer System,0.5242521666200727,0.9894591581977615
Abbotsford,C,FVR,2024,Drainage System,303935000.0,107994000.0,195941000.0,14124000.0,541251000.0,3932000.0,No,abbotsford-c,Abbotsford,abbotsford-c|Drainage System,Abbotsford|Drainage System,0.6446806060506358,0.9927353482949685
Abbotsford,C,FVR,2024,Transportation System,638679000.0,424435000.0,214244000.0,11299000.0,1332195000.0,2180000.0,No,abbotsford-c,Abbotsford,abbotsford-c|Transportation System,Abbotsford|Transportation System,0.33544863695220917,0.998363602925998
Abbotsford,C,FVR,2024,Other Engineering Systems,51969000.0,36338000.0,15631000.0,0.0,140557000.0,709000.0,No,abbotsford-c,Abbotsford,abbotsford-c|Other Engineering Systems,Abbotsford|Other Engineering Systems,0.3007754622948296,0.994955783063099
Abbotsford,C,FVR,2024,Other Tangible Capital Assets,85671000.0,55083000.0,30588000.0,1632000.0,123816000.0,2594000.0,N/A,abbotsford-c,Abbotsford,abbotsford-c|Other Tangible Capital Assets,Abbotsford|Other Tangible Capital Assets,0.3570403053542039,0.9790495574077663
Abbotsford,C,FVR,2024,Work In Progress,152314000.0,,152314000.0,44788000.0,152314000.0,,N/A,abbotsford-c,Abbotsford,abbotsford-c|Work In Progress,Abbotsford|Work In Progress,1.0,
Abbotsford,C,FVR,2024,Total TCA,2758390000.0,1141498000.0,1616892000.0,100669000.0,4514715000.0,29599000.0,,abbotsford-c,Abbotsford,abbotsford-c|Total TCA,Abbotsford|Total TCA,0.5861723686643295,0.9934438829472071
Alert Bay,V,MW,2024,Land,166609.0,,166609.0,0.0,166609.0,,N/A,alert-bay-v,Alert Bay,alert-bay-v|Land,Alert Bay|Land,1.0,
Alert Bay,V,MW,2024,Buildings,3214669.0,1174837.0,2039832.0,38187.0,8263723.0,211000.0,Yes,alert-bay-v,Alert Bay,alert-bay-v|Buildings,Alert Bay|Buildings,0.6345387347810926,0.9744667143368673
Alert Bay,V,MW,2024,Fleet,552381.0,532150.0,20231.0,0.0,1281546.0,99000.0,Yes,alert-bay-v,Alert Bay,alert-bay-v|Fleet,Alert Bay|Fleet,0.03662508304956181,0.9227495540542439
Alert Bay,V,MW,2024,Parks and Recreation,0.0,0.0,0.0,0.0,0.0,0.0,,alert-bay-v,Alert Bay,alert-bay-v|Parks and Recreation,Alert Bay|Parks and Recreation,,
Alert Bay,V,MW,2024,Water System,871641.0,496866.0,374775.0,311346.0,3076735.0,57630.0,Yes,alert-bay-v,Alert Bay,alert-bay-v|Water System,Alert Bay|Water System,0.4299648593859169,0.9812691050740476
Alert Bay,V,MW,2024,Sewer System,4872767.0,1609641.0,3263126.0,0.0,7448168.0,105687.0,Yes,alert-bay-v,Alert Bay,alert-bay-v|Sewer System,Alert Bay|Sewer System,0.6696659208207575,0.9858103361793128
Alert Bay,V,MW,2024,Drainage System,109020.0,64986.0,44034.0,0.0,187892.0,5930.0,Yes,alert-bay-v,Alert Bay,alert-bay-v|Drainage System,Alert Bay|Drainage System,0.4039075399009356,0.9684393162029251
Alert Bay,V,MW,2024,Transportation System,0.0,0.0,0.0,0.0,0.0,0.0,,alert-bay-v,Alert Bay,alert-bay-v|Transportation System,Alert Bay|Transportation System,,
Alert Bay,V,MW,2024,Other Engineering Systems,5372659.0,4187320.0,1185339.0,0.0,9846730.0,236070.0,Yes,alert-bay-v,Alert Bay,alert-bay-v|Other Engineering Systems,Alert Bay|Other Engineering Systems,0.22062427561473752,0.9760255435053058
Alert Bay,V,MW,2024,Other Tangible Capital Assets,392976.0,329836.0,63140.0,5340.0,1168999.0,29511.0,N/A,alert-bay-v,Alert Bay,alert-bay-v|Other Tangible Capital Assets,Alert Bay|Other Tangible Capital Assets,0.1606713896014006,0.9747553248548545
Alert Bay,V,MW,2024,Work In Progress,262162.0,,262162.0,153417.0,262162.0,,N/A,alert-bay-v,Alert Bay,alert-bay-v|Work In Progress,Alert Bay|Work In Progress,1.0,
Alert Bay,V,MW,2024,Total TCA,15814884.0,8395636.0,7419248.0,508290.0,31702564.0,744828.0,,alert-bay-v,Alert Bay,alert-bay-v|Total TCA,Alert Bay|Total TCA,0.46913072520797494,0.9765057488725517
Anmore,V,MVRD,2024,Land,37790548.0,,37790548.0,0.0,37790548.0,,N/A,anmore-v,Anmore,anmore-v|Land,Anmore|Land,1.0,
Anmore,V,MVRD,2024,Buildings,11542399.0,441274.0,11101125.0,360013.0,10410000.0,279000.0,Yes,anmore-v,Anmore,anmore-v|Buildings,Anmore|Buildings,0.9617692994324664,0.9731988472622478
Anmore,V,MVRD,2024,Fleet,1221837.0,763236.0,458601.0,215849.0,3200000.0,143520.0,Yes,anmore-v,Anmore,anmore-v|Fleet,Anmore|Fleet,0.3753372994924855,0.9551499999999999
Anmore,V,MVRD,2024,Parks and Recreation,335335.0,217124.0,118211.0,0.0,0.0,0.0,Yes,anmore-v,Anmore,anmore-v|Parks and Recreation,Anmore|Parks and Recreation,0.3525161405758421,
Anmore,V,MVRD,2024,Water System,13624833.0,5145397.0,8479436.0,683777.0,25840000.0,395000.0,Yes,anmore-v,Anmore,anmore-v|Water System,Anmore|Water System,0.622351554694285,0.9847136222910217
Anmore,V,MVRD,2024,Sewer System,0.0,0.0,0.0,0.0,0.0,0.0,,anmore-v,Anmore,anmore-v|Sewer System,Anmore|Sewer System,,
Anmore,V,MVRD,2024,Drainage System,7886591.0,3980999.0,3905592.0,330362.0,14700000.0,384000.0,Yes,anmore-v,Anmore,anmore-v|Drainage System,Anmore|Drainage System,0.4952192905654674,0.9738775510204082
Anmore,V,MVRD,2024,Transportation System,16204420.0,7796963.0,8407457.0,729107.0,19670000.0,664000.0,Yes,anmore-v,Anmore,anmore-v|Transportation System,Anmore|Transportation System,0.5188372678565478,0.9662430096593798
Anmore,V,MVRD,2024,Other Engineering Systems,0.0,0.0,0.0,0.0,0.0,0.0,,anmore-v,Anmore,anmore-v|Other Engineering Systems,Anmore|Other Engineering Systems,,
Anmore,V,MVRD,2024,Other Tangible Capital Assets,834330.0,264858.0,569472.0,-46347.0,965189.0,40480.0,N/A,anmore-v,Anmore,anmore-v|Other Tangible Capital Assets,Anmore|Other Tangible Capital Assets,0.6825500701161411,0.9580600276215332
Anmore,V,MVRD,2024,Work In Progress,64811.0,,64811.0,45040.0,64811.0,,N/A,anmore-v,Anmore,anmore-v|Work In Progress,Anmore|Work In Progress,1.0,
Anmore,V,MVRD,2024,Total TCA,89505104.0,18609851.0,70895253.0,2317801.0,112640548.0,1906000.0,,anmore-v,Anmore,anmore-v|Total TCA,Anmore|Total TCA,0.7920805611264359,0.9830789175493003
Armstrong,C,NOK,2024,Land,1797593.0,,1797593.0,0.0,1797593.0,,N/A,armstrong-c,Armstrong,armstrong-c|Land,Armstrong|Land,1.0,
Armstrong,C,NOK,2024,Buildings,27794698.0,4343748.0,23450950.0,323285.0,44000000.0,772000.0,In_Progress,armstrong-c,Armstrong,armstrong-c|Buildings,Armstrong|Buildings,0.8437202663615917,0.9824545454545455
Armstrong,C,NOK,2024,Fleet,6742754.0,3520012.0,3222742.0,274187.0,3600000.0,257000.0,No,armstrong-c,Armstrong,armstrong-c|Fleet,Armstrong|Fleet,0.47795633653548686,0.928611111111111
Armstrong,C,NOK,2024,Parks and Recreation,0.0,0.0,0.0,0.0,0.0,0.0,,armstrong-c,Armstrong,armstrong-c|Parks and Recreation,Armstrong|Parks and Recreation,,
Armstrong,C,NOK,2024,Water System,7315431.0,3350826.0,3964605.0,0.0,27000000.0,360000.0,In_Progress,armstrong-c,Armstrong,armstrong-c|Water System,Armstrong|Water System,0.5419509800584545,0.9866666666666667
Armstrong,C,NOK,2024,Sewer System,7827159.0,5536755.0,2290404.0,1403198.0,39400000.0,525000.0,In_Progress,armstrong-c,Armstrong,armstrong-c|Sewer System,Armstrong|Sewer System,0.29262264890747713,0.9866751269035533
Armstrong,C,NOK,2024,Drainage System,13366387.0,2795970.0,10570417.0,0.0,27500000.0,367000.0,In_Progress,armstrong-c,Armstrong,armstrong-c|Drainage System,Armstrong|Drainage System,0.790820810440398,0.9866545454545455
Armstrong,C,NOK,2024,Transportation System,24631396.0,14712741.0,9918655.0,213400.0,67800000.0,1413000.0,In_Progress,armstrong-c,Armstrong,armstrong-c|Transportation System,Armstrong|Transportation System,0.4026834289051258,0.9791592920353982
Armstrong,C,NOK,2024,Other Engineering Systems,0.0,0.0,0.0,0.0,0.0,0.0,,armstrong-c,Armstrong,armstrong-c|Other Engineering Systems,Armstrong|Other Engineering Systems,,
Armstrong,C,NOK,2024,Other Tangible Capital Assets,0.0,0.0,0.0,0.0,0.0,0.0,N/A,armstrong-c,Armstrong,armstrong-c|Other Tangible Capital Assets,Armstrong|Other Tangible Capital Assets,,
Armstrong,C,NOK,2024,Work In Progress,579479.0,,579479.0,145537.0,579479.0,,N/A,armstrong-c,Armstrong,armstrong-c|Work In Progress,Armstrong|Work In Progress,1.0,
Armstrong,C,NOK,2024,Total TCA,90054897.0,34260052.0,55794845.0,2359607.0,211677072.0,3694000.0,,armstrong-c,Armstrong,armstrong-c|Total TCA,Armstrong|Total TCA,0.6195648083412943,0.982548889376172
Ashcroft,V,TNR,2024,Land,656841.0,,656841.0,0.0,656841.0,,N/A,ashcroft-v,Ashcroft,ashcroft-v|Land,Ashcroft|Land,1.0,
Ashcroft,V,TNR,2024,Buildings,4307575.0,2711108.0,1596467.0,54200.0,13431512.0,3071334.0,Yes,ashcroft-v,Ashcroft,ashcroft-v|Buildings,Ashcroft|Buildings,0.37061850345031716,0.7713337113498465
Ashcroft,V,TNR,2024,Fleet,2135360.0,1302153.0,833207.0,0.0,2683000.0,137988.0,Yes,ashcroft-v,Ashcroft,ashcroft-v|Fleet,Ashcroft|Fleet,0.39019509590888657,0.9485695117405889
Ashcroft,V,TNR,2024,Parks and Recreation,1109844.0,541496.0,568348.0,0.0,1552311.0,44665.0,Yes,ashcroft-v,Ashcroft,ashcroft-v|Parks and Recreation,Ashcroft|Parks and Recreation,0.51209719564191,0.9712267709241253
Ashcroft,V,TNR,2024,Water System,12951848.0,3386434.0,9565414.0,0.0,26184282.0,495060.0,Yes,ashcroft-v,Ashcroft,ashcroft-v|Water System,Ashcroft|Water System,0.7385366165507811,0.9810932375384591
Ashcroft,V,TNR,2024,Sewer System,4750640.0,1610484.0,3140156.0,115039.0,11020947.0,211527.0,Yes,ashcroft-v,Ashcroft,ashcroft-v|Sewer System,Ashcroft|Sewer System,0.6609964131148646,0.9808068217731198
Ashcroft,V,TNR,2024,Drainage System,530323.0,184008.0,346315.0,0.0,965412.0,13792.0,Yes,ashcroft-v,Ashcroft,ashcroft-v|Drainage System,Ashcroft|Drainage System,0.6530265517429944,0.9857138713834094
Ashcroft,V,TNR,2024,Transportation System,7469756.0,7016845.0,452911.0,29045.0,10714587.0,123242.0,Yes,ashcroft-v,Ashcroft,ashcroft-v|Transportation System,Ashcroft|Transportation System,0.06063263646095,0.9884977367769752
Ashcroft,V,TNR,2024,Other Engineering Systems,0.0,0.0,0.0,0.0,0.0,0.0,,ashcroft-v,Ashcroft,ashcroft-v|Other Engineering Systems,Ashcroft|Other Engineering Systems,,
Ashcroft,V,TNR,2024,Other Tangible Capital Assets,1106455.0,641907.0,464548.0,115093.0,1201000.0,72566.0,N/A,ashcroft-v,Ashcroft,ashcroft-v|Other Tangible Capital Assets,Ashcroft|Other Tangible Capital Assets,0.4198525922879828,0.939578684429642
Ashcroft,V,TNR,2024,Work In Progress,1322019.0,,1322019.0,2789.0,1322019.0,,N/A,ashcroft-v,Ashcroft,ashcroft-v|Work In Progress,Ashcroft|Work In Progress,1.0,
Ashcroft,V,TNR,2024,Total TCA,36340661.0,17394435.0,18946226.0,316166.0,69731911.0,4170174.0,,ashcroft-v,Ashcroft,ashcroft-v|Total TCA,Ashcroft|Total TCA,0.521350616049609,0.9401970498126747
Barriere,D,TNR,2024,Land,,,,,,,,barriere-d,Barriere,barriere-d|Land,Barriere|Land,,
Barriere,D,TNR,2024,Buildings,,,,,,,,barriere-d,Barriere,barriere-d|Buildings,Barriere|Buildings,,
Barriere,D,TNR,2024,Fleet,,,,,,,,barriere-d,Barriere,barriere-d|Fleet,Barriere|Fleet,,
Barriere,D,TNR,2024,Parks and Recreation,,,,,,,,barriere-d,Barriere,barriere-d|Parks and Recreation,Barriere|Parks and Recreation,,
Barriere,D,TNR,2024,Water System,,,,,,,,barriere-d,Barriere,barriere-d|Water System,Barriere|Water System,,
Barriere,D,TNR,2024,Sewer System,,,,,,,,barriere-d,Barriere,barriere-d|Sewer System,Barriere|Sewer System,,
Barriere,D,TNR,2024,Drainage System,,,,,,,,barriere-d,Barriere,barriere-d|Drainage System,Barriere|Drainage System,,
Barriere,D,TNR,2024,Transportation System,,,,,,,,barriere-d,Barriere,barriere-d|Transportation System,Barriere|Transportation System,,
Barriere,D,TNR,2024,Other Engineering Systems,,,,,,,,barriere-d,Barriere,barriere-d|Other Engineering Systems,Barriere|Other Engineering Systems,,
Barriere,D,TNR,2024,Other Tangible Capital Assets,,,,,,,,barriere-d,Barriere,barriere-d|Other Tangible Capital Assets,Barriere|Other Tangible Capital Assets,,
Barriere,D,TNR,2024,Work In Progress,,,,,,,,barriere-d,Barriere,barriere-d|Work In Progress,Barriere|Work In Progress,,
Barriere,D,TNR,2024,Total TCA,,,,,,,,barriere-d,Barriere,barriere-d|Total TCA,Barriere|Total TCA,,
Belcarra,V,MVRD,2024,Land,329318.0,,329318.0,0.0,329318.0,,N/A,belcarra-v,Belcarra,belcarra-v|Land,Belcarra|Land,1.0,
Belcarra,V,MVRD,2024,Buildings,513671.0,307451.0,206220.0,6378.0,1405900.0,31500.0,Yes,belcarra-v,Belcarra,belcarra-v|Buildings,Belcarra|Buildings,0.40146319336696057,0.9775944235009603
Belcarra,V,MVRD,2024,Fleet,588139.0,160333.0,427806.0,198322.0,700000.0,58333.0,Yes,belcarra-v,Belcarra,belcarra-v|Fleet,Belcarra|Fleet,0.7273892736240922,0.9166671428571429
Belcarra,V,MVRD,2024,Parks and Recreation,0.0,0.0,0.0,0.0,0.0,0.0,,belcarra-v,Belcarra,belcarra-v|Parks and Recreation,Belcarra|Parks and Recreation,,
Belcarra,V,MVRD,2024,Water System,9741922.0,2121649.0,7620273.0,0.0,10502029.0,189320.0,Yes,belcarra-v,Belcarra,belcarra-v|Water System,Belcarra|Water System,0.782214536310186,0.9819730073112538
Belcarra,V,MVRD,2024,Sewer System,0.0,0.0,0.0,0.0,0.0,0.0,,belcarra-v,Belcarra,belcarra-v|Sewer System,Belcarra|Sewer System,,
Belcarra,V,MVRD,2024,Drainage System,407526.0,317920.0,89606.0,0.0,4029252.0,57576.0,Yes,belcarra-v,Belcarra,belcarra-v|Drainage System,Belcarra|Drainage System,0.21987799551439663,0.9857104991199359
Belcarra,V,MVRD,2024,Transportation System,2937464.0,1334014.0,1603450.0,57742.0,4577164.0,210961.0,Yes,belcarra-v,Belcarra,belcarra-v|Transportation System,Belcarra|Transportation System,0.545862008862066,0.9539101067822783
Belcarra,V,MVRD,2024,Other Engineering Systems,158378.0,112926.0,45452.0,0.0,185000.0,16083.0,Yes,belcarra-v,Belcarra,belcarra-v|Other Engineering Systems,Belcarra|Other Engineering Systems,0.2869843033754688,0.9130648648648648
Belcarra,V,MVRD,2024,Other Tangible Capital Assets,281421.0,229220.0,52201.0,18215.0,395067.0,38150.0,N/A,belcarra-v,Belcarra,belcarra-v|Other Tangible Capital Assets,Belcarra|Other Tangible Capital Assets,0.18549077716304044,0.9034341010512141
Belcarra,V,MVRD,2024,Work In Progress,364222.0,,364222.0,331751.0,364222.0,,N/A,belcarra-v,Belcarra,belcarra-v|Work In Progress,Belcarra|Work In Progress,1.0,
Belcarra,V,MVRD,2024,Total TCA,15322061.0,4583513.0,10738548.0,612408.0,22487952.0,601923.0,,belcarra-v,Belcarra,belcarra-v|Total TCA,Belcarra|Total TCA,0.7008553222702872,0.9732335341164016
Bowen Island,D,MVRD,2024,Land,32780637.0,,32780637.0,0.0,32780637.0,,N/A,bowen-island-d,Bowen Island,bowen-island-d|Land,Bowen Island|Land,1.0,
Bowen Island,D,MVRD,2024,Buildings,7456221.0,2079255.0,5376966.0,177449.0,31150000.0,618000.0,In_Progress,bowen-island-d,Bowen Island,bowen-island-d|Buildings,Bowen Island|Buildings,0.7211382280648602,0.9801605136436597
Bowen Island,D,MVRD,2024,Fleet,8707592.0,6074685.0,2632907.0,654114.0,8595000.0,674500.0,In_Progress,bowen-island-d,Bowen Island,bowen-island-d|Fleet,Bowen Island|Fleet,0.30236912799772886,0.9215241419429901
Bowen Island,D,MVRD,2024,Parks and Recreation,1837104.0,556437.0,1280667.0,46768.0,2871250.0,131000.0,In_Progress,bowen-island-d,Bowen Island,bowen-island-d|Parks and Recreation,Bowen Island|Parks and Recreation,0.6971118673738667,0.9543752720940357
Bowen Island,D,MVRD,2024,Water System,15239058.0,6447380.0,8791678.0,0.0,72000000.0,1494000.0,In_Progress,bowen-island-d,Bowen Island,bowen-island-d|Water System,Bowen Island|Water System,0.5769174183863596,0.97925
Bowen Island,D,MVRD,2024,Sewer System,7692237.0,2313928.0,5378309.0,0.0,16100000.0,321000.0,In_Progress,bowen-island-d,Bowen Island,bowen-island-d|Sewer System,Bowen Island|Sewer System,0.6991865955248129,0.9800621118012423
Bowen Island,D,MVRD,2024,Drainage System,0.0,0.0,0.0,0.0,0.0,0.0,,bowen-island-d,Bowen Island,bowen-island-d|Drainage System,Bowen Island|Drainage System,,
Bowen Island,D,MVRD,2024,Transportation System,31353561.0,12839750.0,18513811.0,1356300.0,70200000.0,0.0,In_Progress,bowen-island-d,Bowen Island,bowen-island-d|Transportation System,Bowen Island|Transportation System,0.5904851126798644,1.0
Bowen Island,D,MVRD,2024,Other Engineering Systems,0.0,0.0,0.0,0.0,0.0,0.0,,bowen-island-d,Bowen Island,bowen-island-d|Other Engineering Systems,Bowen Island|Other Engineering Systems,,
Bowen Island,D,MVRD,2024,Other Tangible Capital Assets,2089266.0,1189393.0,899873.0,12750.0,6000000.0,148750.0,N/A,bowen-island-d,Bowen Island,bowen-island-d|Other Tangible Capital Assets,Bowen Island|Other Tangible Capital Assets,0.43071250860349997,0.9752083333333333
Bowen Island,D,MVRD,2024,Work In Progress,29241729.0,,29241729.0,5127041.0,29241729.0,,N/A,bowen-island-d,Bowen Island,bowen-island-d|Work In Progress,Bowen Island|Work In Progress,1.0,
Bowen Island,D,MVRD,2024,Total TCA,136397405.0,31500828.0,104896577.0,7374422.0,268938616.0,3387250.0,,bowen-island-d,Bowen Island,bowen-island-d|Total TCA,Bowen Island|Total TCA,0.7690511194109595,0.9874051184973749
Burnaby,C,MVRD,2024,Land,2067380777.0,,2067380777.0,141105837.0,2067380777.0,,N/A,burnaby-c,Burnaby,burnaby-c|Land,Burnaby|Land,1.0,
Burnaby,C,MVRD,2024,Buildings,651794366.0,203883348.0,447911018.0,170005758.0,1214656151.0,24186935.0,Yes,burnaby-c,Burnaby,burnaby-c|Buildings,Burnaby|Buildings,0.6871968236681567,0.9800874222881204
Burnaby,C,MVRD,2024,Fleet,102263367.0,61880299.0,40383068.0,11499156.0,121860200.0,11368266.0,In_Progress,burnaby-c,Burnaby,burnaby-c|Fleet,Burnaby|Fleet,0.39489280653159015,0.9067105913169353
Burnaby,C,MVRD,2024,Parks and Recreation,218857316.0,103096484.0,115760832.0,16228330.0,358733790.0,11468279.0,No,burnaby-c,Burnaby,burnaby-c|Parks and Recreation,Burnaby|Parks and Recreation,0.5289328870322069,0.96803122727859
Burnaby,C,MVRD,2024,Water System,333687114.0,111999997.0,221687117.0,10431990.0,799904218.0,15859682.0,Yes,burnaby-c,Burnaby,burnaby-c|Water System,Burnaby|Water System,0.6643562418175968,0.9801730236656909
Burnaby,C,MVRD,2024,Sewer System,192951024.0,84586280.0,108364744.0,3417786.0,885801592.0,16624179.0,Yes,burnaby-c,Burnaby,burnaby-c|Sewer System,Burnaby|Sewer System,0.5616178745959908,0.9812326155765139
Burnaby,C,MVRD,2024,Drainage System,321913353.0,119097965.0,202815388.0,16170247.0,1017158298.0,18124772.0,Yes,burnaby-c,Burnaby,burnaby-c|Drainage System,Burnaby|Drainage System,0.6300309884939753,0.9821809721892472
Burnaby,C,MVRD,2024,Transportation System,1071395797.0,643147882.0,428247915.0,76370406.0,3412213505.0,86508528.0,Yes,burnaby-c,Burnaby,burnaby-c|Transportation System,Burnaby|Transportation System,0.39971028092431465,0.9746473871364623
Burnaby,C,MVRD,2024,Other Engineering Systems,0.0,0.0,0.0,0.0,0.0,0.0,,burnaby-c,Burnaby,burnaby-c|Other Engineering Systems,Burnaby|Other Engineering Systems,,
Burnaby,C,MVRD,2024,Other Tangible Capital Assets,193754153.0,110106056.0,83648097.0,31257873.0,229757517.0,21866004.0,N/A,burnaby-c,Burnaby,burnaby-c|Other Tangible Capital Assets,Burnaby|Other Tangible Capital Assets,0.43172285963852347,0.9048300822296926
Burnaby,C,MVRD,2024,Work In Progress,226090601.0,,226090601.0,-15447934.0,226090601.0,,N/A,burnaby-c,Burnaby,burnaby-c|Work In Progress,Burnaby|Work In Progress,1.0,
Burnaby,C,MVRD,2024,Total TCA,5380087868.0,1437798311.0,3942289557.0,461039449.0,10333556649.0,206006645.0,,burnaby-c,Burnaby,burnaby-c|Total TCA,Burnaby|Total TCA,0.7327556080353593,0.9800643038987031
Burns Lake,V,BUL,2024,Land,810330.0,,810330.0,100000.0,810330.0,,N/A,burns-lake-v,Burns Lake,burns-lake-v|Land,Burns Lake|Land,1.0,
Burns Lake,V,BUL,2024,Buildings,18138199.0,4785544.0,13352655.0,2994662.0,29266662.0,646000.0,No,burns-lake-v,Burns Lake,burns-lake-v|Buildings,Burns Lake|Buildings,0.7361621184109844,0.9779271035419072
Burns Lake,V,BUL,2024,Fleet,2727717.0,1787659.0,940058.0,101517.0,4451000.0,319000.0,No,burns-lake-v,Burns Lake,burns-lake-v|Fleet,Burns Lake|Fleet,0.3446317928142839,0.9283307121995057
Burns Lake,V,BUL,2024,Parks and Recreation,1517062.0,513431.0,1003631.0,374414.0,3153000.0,986000.0,No,burns-lake-v,Burns Lake,burns-lake-v|Parks and Recreation,Burns Lake|Parks and Recreation,0.6615622828862631,0.6872819536948938
Burns Lake,V,BUL,2024,Water System,11986202.0,2824996.0,9161206.0,35403.0,20675000.0,347000.0,No,burns-lake-v,Burns Lake,burns-lake-v|Water System,Burns Lake|Water System,0.7643126655132293,0.9832164449818621
Burns Lake,V,BUL,2024,Sewer System,3546462.0,2066730.0,1479732.0,1073852.0,21754852.0,677000.0,No,burns-lake-v,Burns Lake,burns-lake-v|Sewer System,Burns Lake|Sewer System,0.4172417468451657,0.9688805053695608
Burns Lake,V,BUL,2024,Drainage System,738328.0,397656.0,340672.0,0.0,23844000.0,476000.0,No,burns-lake-v,Burns Lake,burns-lake-v|Drainage System,Burns Lake|Drainage System,0.46141010499398644,0.9800369065593021
Burns Lake,V,BUL,2024,Transportation System,12549705.0,4787388.0,7762317.0,4270202.0,26834202.0,1053000.0,No,burns-lake-v,Burns Lake,burns-lake-v|Transportation System,Burns Lake|Transportation System,0.6185258537949697,0.9607590343100197
Burns Lake,V,BUL,2024,Other Engineering Systems,0.0,0.0,0.0,0.0,0.0,0.0,No,burns-lake-v,Burns Lake,burns-lake-v|Other Engineering Systems,Burns Lake|Other Engineering Systems,,
Burns Lake,V,BUL,2024,Other Tangible Capital Assets,2574363.0,2174598.0,399765.0,0.0,4300000.0,476000.0,N/A,burns-lake-v,Burns Lake,burns-lake-v|Other Tangible Capital Assets,Burns Lake|Other Tangible Capital Assets,0.1552869583660113,0.8893023255813953
Burns Lake,V,BUL,2024,Work In Progress,4863650.0,,4863650.0,0.0,4863650.0,,N/A,burns-lake-v,Burns Lake,burns-lake-v|Work In Progress,Burns Lake|Work In Progress,1.0,
Burns Lake,V,BUL,2024,Total TCA,59452018.0,19338002.0,40114016.0,8950050.0,139952696.0,4980000.0,,burns-lake-v,Burns Lake,burns-lake-v|Total TCA,Burns Lake|Total TCA,0.6747292581388911,0.9644165482885731
Cache Creek,V,TNR,2024,Land,625708.0,,625708.0,0.0,625708.0,,N/A,cache-creek-v,Cache Creek,cache-creek-v|Land,Cache Creek|Land,1.0,
Cache Creek,V,TNR,2024,Buildings,3506105.0,2054378.0,1451727.0,339868.0,3506105.0,2054378.0,In_Progress,cache-creek-v,Cache Creek,cache-creek-v|Buildings,Cache Creek|Buildings,0.4140569093053403,0.4140569093053402
Cache Creek,V,TNR,2024,Fleet,2507188.0,1688109.0,819079.0,1411.0,2507188.0,1688109.0,In_Progress,cache-creek-v,Cache Creek,cache-creek-v|Fleet,Cache Creek|Fleet,0.3266922943153844,0.3266922943153844
Cache Creek,V,TNR,2024,Parks and Recreation,1358866.0,861928.0,496938.0,18648.0,1358866.0,861928.0,In_Progress,cache-creek-v,Cache Creek,cache-creek-v|Parks and Recreation,Cache Creek|Parks and Recreation,0.36570051793186376,0.36570051793186376
Cache Creek,V,TNR,2024,Water System,8478715.0,3160806.0,5317909.0,170293.0,8478715.0,3160806.0,In_Progress,cache-creek-v,Cache Creek,cache-creek-v|Water System,Cache Creek|Water System,0.6272069529403925,0.6272069529403925
Cache Creek,V,TNR,2024,Sewer System,5103130.0,2149904.0,2953226.0,34471.0,5103130.0,2149904.0,In_Progress,cache-creek-v,Cache Creek,cache-creek-v|Sewer System,Cache Creek|Sewer System,0.5787087532553551,0.578708753255355
Cache Creek,V,TNR,2024,Drainage System,0.0,0.0,0.0,0.0,0.0,0.0,,cache-creek-v,Cache Creek,cache-creek-v|Drainage System,Cache Creek|Drainage System,,
Cache Creek,V,TNR,2024,Transportation System,6396559.0,3151747.0,3244812.0,531477.0,3244812.0,0.0,In_Progress,cache-creek-v,Cache Creek,cache-creek-v|Transportation System,Cache Creek|Transportation System,0.5072746143668807,1.0
Cache Creek,V,TNR,2024,Other Engineering Systems,0.0,0.0,0.0,0.0,0.0,0.0,,cache-creek-v,Cache Creek,cache-creek-v|Other Engineering Systems,Cache Creek|Other Engineering Systems,,
Cache Creek,V,TNR,2024,Other Tangible Capital Assets,0.0,0.0,0.0,0.0,0.0,0.0,N/A,cache-creek-v,Cache Creek,cache-creek-v|Other Tangible Capital Assets,Cache Creek|Other Tangible Capital Assets,,
Cache Creek,V,TNR,2024,Work In Progress,1520542.0,,1520542.0,1039256.0,1520542.0,,N/A,cache-creek-v,Cache Creek,cache-creek-v|Work In Progress,Cache Creek|Work In Progress,1.0,
Cache Creek,V,TNR,2024,Total TCA,29496813.0,13066872.0,16429941.0,2135424.0,26345066.0,9915125.0,,cache-creek-v,Cache Creek,cache-creek-v|Total TCA,Cache Creek|Total TCA,0.5570073282154245,0.6236439491174552
Campbell River,C,STR,2024,Land,45429392.0,,45429392.0,9902995.0,45429392.0,,N/A,campbell-river-c,Campbell River,campbell-river-c|Land,Campbell River|Land,1.0,
Campbell River,C,STR,2024,Buildings,46532866.0,27579110.0,18953756.0,521815.0,157325500.0,3933138.0,In_Progress,campbell-river-c,Campbell River,campbell-river-c|Buildings,Campbell River|Buildings,0.4073197640566562,0.9749999968218757
Campbell River,C,STR,2024,Fleet,19770199.0,6209166.0,13561033.0,2569173.0,27000000.0,1800000.0,In_Progress,campbell-river-c,Campbell River,campbell-river-c|Fleet,Campbell River|Fleet,0.6859330550997489,0.9333333333333333
Campbell River,C,STR,2024,Parks and Recreation,26621073.0,14961458.0,11659615.0,1023888.0,34607264.0,865181.0,In_Progress,campbell-river-c,Campbell River,campbell-river-c|Parks and Recreation,Campbell River|Parks and Recreation,0.43798441182291936,0.9750000173374006
Campbell River,C,STR,2024,Water System,90178852.0,34900714.0,55278138.0,955852.0,318000000.0,4892308.0,In_Progress,campbell-river-c,Campbell River,campbell-river-c|Water System,Campbell River|Water System,0.6129833855059499,0.9846153836477988
Campbell River,C,STR,2024,Sewer System,78063219.0,28754108.0,49309111.0,2964312.0,347000000.0,4959143.0,In_Progress,campbell-river-c,Campbell River,campbell-river-c|Sewer System,Campbell River|Sewer System,0.6316561324482405,0.9857085216138328
Campbell River,C,STR,2024,Drainage System,59774106.0,29642740.0,30131366.0,2118266.0,280000000.0,4000000.0,In_Progress,campbell-river-c,Campbell River,campbell-river-c|Drainage System,Campbell River|Drainage System,0.5040872715018105,0.9857142857142858
Campbell River,C,STR,2024,Transportation System,121214913.0,74988659.0,46226254.0,3426398.0,156999999.0,2319065.0,In_Progress,campbell-river-c,Campbell River,campbell-river-c|Transportation System,Campbell River|Transportation System,0.38135781197153523,0.985228885256235
Campbell River,C,STR,2024,Other Engineering Systems,27531001.0,16730017.0,10800984.0,45218.0,45000000.0,1125000.0,In_Progress,campbell-river-c,Campbell River,campbell-river-c|Other Engineering Systems,Campbell River|Other Engineering Systems,0.3923207877548659,0.975
Campbell River,C,STR,2024,Other Tangible Capital Assets,63964624.0,32447833.0,31516791.0,1664720.0,50000000.0,250000000.0,N/A,campbell-river-c,Campbell River,campbell-river-c|Other Tangible Capital Assets,Campbell River|Other Tangible Capital Assets,0.49272221157744944,-4.0
Campbell River,C,STR,2024,Work In Progress,9265511.0,,9265511.0,4102021.0,9265511.0,,N/A,campbell-river-c,Campbell River,campbell-river-c|Work In Progress,Campbell River|Work In Progress,1.0,
Campbell River,C,STR,2024,Total TCA,588345756.0,266213805.0,322131951.0,29294658.0,1470627666.0,273893835.0,,campbell-river-c,Campbell River,campbell-river-c|Total TCA,Campbell River|Total TCA,0.5475215002655683,0.8137571859062251
Canal Flats,V,EKO,2024,Land,971917.0,,971917.0,0.0,971917.0,,N/A,canal-flats-v,Canal Flats,canal-flats-v|Land,Canal Flats|Land,1.0,
Canal Flats,V,EKO,2024,Buildings,6955980.0,2825865.0,4130115.0,42831.0,6955980.0,2825865.0,In_Progress,canal-flats-v,Canal Flats,canal-flats-v|Buildings,Canal Flats|Buildings,0.5937502695522414,0.5937502695522414
Canal Flats,V,EKO,2024,Fleet,2415354.0,1283304.0,1132050.0,121995.0,2415354.0,1283304.0,In_Progress,canal-flats-v,Canal Flats,canal-flats-v|Fleet,Canal Flats|Fleet,0.46868906172759767,0.4686890617275977
Canal Flats,V,EKO,2024,Parks and Recreation,0.0,0.0,0.0,0.0,0.0,0.0,,canal-flats-v,Canal Flats,canal-flats-v|Parks and Recreation,Canal Flats|Parks and Recreation,,
Canal Flats,V,EKO,2024,Water System,8717248.0,1521516.0,7195732.0,0.0,8717248.0,1521516.0,In_Progress,canal-flats-v,Canal Flats,canal-flats-v|Water System,Canal Flats|Water System,0.8254591357272387,0.8254591357272387
Canal Flats,V,EKO,2024,Sewer System,7853631.0,2125775.0,5727856.0,1242993.0,7853631.0,2125775.0,In_Progress,canal-flats-v,Canal Flats,canal-flats-v|Sewer System,Canal Flats|Sewer System,0.7293258366735081,0.729325836673508
Canal Flats,V,EKO,2024,Drainage System,0.0,0.0,0.0,0.0,0.0,0.0,,canal-flats-v,Canal Flats,canal-flats-v|Drainage System,Canal Flats|Drainage System,,
Canal Flats,V,EKO,2024,Transportation System,0.0,0.0,0.0,0.0,0.0,0.0,,canal-flats-v,Canal Flats,canal-flats-v|Transportation System,Canal Flats|Transportation System,,
Canal Flats,V,EKO,2024,Other Engineering Systems,25793739.0,13229939.0,12563800.0,558839.0,25793739.0,13229939.0,In_Progress,canal-flats-v,Canal Flats,canal-flats-v|Other Engineering Systems,Canal Flats|Other Engineering Systems,0.4870871958501247,0.4870871958501247
Canal Flats,V,EKO,2024,Other Tangible Capital Assets,0.0,0.0,0.0,0.0,0.0,0.0,N/A,canal-flats-v,Canal Flats,canal-flats-v|Other Tangible Capital Assets,Canal Flats|Other Tangible Capital Assets,,
Canal Flats,V,EKO,2024,Work In Progress,758096.0,,758096.0,-450129.0,758096.0,,N/A,canal-flats-v,Canal Flats,canal-flats-v|Work In Progress,Canal Flats|Work In Progress,1.0,
Canal Flats,V,EKO,2024,Total TCA,53465965.0,20986399.0,32479566.0,1516529.0,53465965.0,20986399.0,,canal-flats-v,Canal Flats,canal-flats-v|Total TCA,Canal Flats|Total TCA,0.6074811517944173,0.6074811517944172
Castlegar,C,CKO,2024,Land,14576694.0,,14576694.0,102000.0,14576694.0,,N/A,castlegar-c,Castlegar,castlegar-c|Land,Castlegar|Land,1.0,
Castlegar,C,CKO,2024,Buildings,18733292.0,12126590.0,6606702.0,134530.0,52003119.0,742902.0,Yes,castlegar-c,Castlegar,castlegar-c|Buildings,Castlegar|Buildings,0.3526717034037584,0.985714279945401
Castlegar,C,CKO,2024,Fleet,16484753.0,11335851.0,5148902.0,1373105.0,18902367.0,1260158.0,In_Progress,castlegar-c,Castlegar,castlegar-c|Fleet,Castlegar|Fleet,0.31234329079725975,0.9333333227526479
Castlegar,C,CKO,2024,Parks and Recreation,0.0,0.0,0.0,0.0,0.0,0.0,,castlegar-c,Castlegar,castlegar-c|Parks and Recreation,Castlegar|Parks and Recreation,,
Castlegar,C,CKO,2024,Water System,33334028.0,19018725.0,14315303.0,617958.0,79892873.0,1597857.0,Yes,castlegar-c,Castlegar,castlegar-c|Water System,Castlegar|Water System,0.429450140259077,0.9800000057577101
Castlegar,C,CKO,2024,Sewer System,28510232.0,17596854.0,10913378.0,1749960.0,68291473.0,1365829.0,Yes,castlegar-c,Castlegar,castlegar-c|Sewer System,Castlegar|Sewer System,0.38278811621034864,0.9800000067358337
Castlegar,C,CKO,2024,Drainage System,9711671.0,6057754.0,3653917.0,245481.0,23246393.0,464928.0,Yes,castlegar-c,Castlegar,castlegar-c|Drainage System,Castlegar|Drainage System,0.3762397840701152,0.9799999939775603
Castlegar,C,CKO,2024,Transportation System,52623112.0,23880436.0,28742676.0,6923611.0,136841922.0,3421048.0,Yes,castlegar-c,Castlegar,castlegar-c|Transportation System,Castlegar|Transportation System,0.5461987120792096,0.9750000003653851
Castlegar,C,CKO,2024,Other Engineering Systems,0.0,0.0,0.0,0.0,0.0,0.0,,castlegar-c,Castlegar,castlegar-c|Other Engineering Systems,Castlegar|Other Engineering Systems,,
Castlegar,C,CKO,2024,Other Tangible Capital Assets,8841040.0,4854037.0,3987003.0,1809764.0,22649884.0,1132494.0,N/A,castlegar-c,Castlegar,castlegar-c|Other Tangible Capital Assets,Castlegar|Other Tangible Capital Assets,0.4509653841629492,0.9500000088300673
Castlegar,C,CKO,2024,Work In Progress,1708762.0,,1708762.0,-1892933.0,1708762.0,,N/A,castlegar-c,Castlegar,castlegar-c|Work In Progress,Castlegar|Work In Progress,1.0,
Castlegar,C,CKO,2024,Total TCA,184523584.0,94870247.0,89653337.0,11063476.0,418113487.0,9985216.0,,castlegar-c,Castlegar,castlegar-c|Total TCA,Castlegar|Total TCA,0.4858638394970694,0.9761184072973949
Central Saanich,D,CAP,2024,Land,38758279.0,,38758279.0,8036668.0,38758279.0,,N/A,central-saanich-d,Central Saanich,central-saanich-d|Land,Central Saanich|Land,1.0,
Central Saanich,D,CAP,2024,Buildings,20221526.0,8674779.0,11546747.0,498401.0,96960600.0,2620557.0,Yes,central-saanich-d,Central Saanich,central-saanich-d|Buildings,Central Saanich|Buildings,0.5710126426660381,0.9729729704642917
Central Saanich,D,CAP,2024,Fleet,17510397.0,9931640.0,7578757.0,3650029.0,22192440.0,1849370.0,Yes,central-saanich-d,Central Saanich,central-saanich-d|Fleet,Central Saanich|Fleet,0.4328146871827064,0.9166666666666666
Central Saanich,D,CAP,2024,Parks and Recreation,9620730.0,4953382.0,4667348.0,70264.0,19859400.0,509215.0,Yes,central-saanich-d,Central Saanich,central-saanich-d|Parks and Recreation,Central Saanich|Parks and Recreation,0.4851344960309665,0.9743589937258931
Central Saanich,D,CAP,2024,Water System,21259434.0,8578723.0,12680711.0,152419.0,122661000.0,2044350.0,Yes,central-saanich-d,Central Saanich,central-saanich-d|Water System,Central Saanich|Water System,0.5964745345525191,0.9833333333333333
Central Saanich,D,CAP,2024,Sewer System,15665005.0,8927827.0,6737178.0,98909.0,157707000.0,2464172.0,Yes,central-saanich-d,Central Saanich,central-saanich-d|Sewer System,Central Saanich|Sewer System,0.43007825404460454,0.9843749992073909
Central Saanich,D,CAP,2024,Drainage System,18188666.0,10822707.0,7365959.0,261426.0,133174800.0,2080856.0,Yes,central-saanich-d,Central Saanich,central-saanich-d|Drainage System,Central Saanich|Drainage System,0.404975219183199,0.984375001877232
Central Saanich,D,CAP,2024,Transportation System,64116425.0,50504188.0,13612237.0,678260.0,108632600.0,678600.0,Yes,central-saanich-d,Central Saanich,central-saanich-d|Transportation System,Central Saanich|Transportation System,0.21230499049190593,0.9937532563889662
Central Saanich,D,CAP,2024,Other Engineering Systems,0.0,0.0,0.0,0.0,0.0,0.0,,central-saanich-d,Central Saanich,central-saanich-d|Other Engineering Systems,Central Saanich|Other Engineering Systems,,
Central Saanich,D,CAP,2024,Other Tangible Capital Assets,0.0,0.0,0.0,0.0,0.0,0.0,N/A,central-saanich-d,Central Saanich,central-saanich-d|Other Tangible Capital Assets,Central Saanich|Other Tangible Capital Assets,,
Central Saanich,D,CAP,2024,Work In Progress,10770275.0,,10770275.0,9962701.0,10770275.0,,N/A,central-saanich-d,Central Saanich,central-saanich-d|Work In Progress,Central Saanich|Work In Progress,1.0,
Central Saanich,D,CAP,2024,Total TCA,216110737.0,102393246.0,113717491.0,23409077.0,710716394.0,12247120.0,,central-saanich-d,Central Saanich,central-saanich-d|Total TCA,Central Saanich|Total TCA,0.52620009805436,0.9827679224745729
Chase,V,TNR,2024,Land,7142155.0,,7142155.0,0.0,7142155.0,,N/A,chase-v,Chase,chase-v|Land,Chase|Land,1.0,
Chase,V,TNR,2024,Buildings,16321907.0,5967244.0,10354663.0,351213.0,31665541.0,1187110.0,No,chase-v,Chase,chase-v|Buildings,Chase|Buildings,0.6344027692352371,0.9625109831535801
Chase,V,TNR,2024,Fleet,7327016.0,4197317.0,3129699.0,129328.0,2960436.0,239890.0,No,chase-v,Chase,chase-v|Fleet,Chase|Fleet,0.4271451024537138,0.9189680168731903
Chase,V,TNR,2024,Parks and Recreation,2173421.0,1281256.0,892165.0,221528.0,3272199.0,149211.0,No,chase-v,Chase,chase-v|Parks and Recreation,Chase|Parks and Recreation,0.41048881003726384,0.9544003894628658
Chase,V,TNR,2024,Water System,4899738.0,1840642.0,3059096.0,155156.0,12740695.0,253294.0,Yes,chase-v,Chase,chase-v|Water System,Chase|Water System,0.6243386891299085,0.9801192949050268
Chase,V,TNR,2024,Sewer System,4157047.0,2614098.0,1542949.0,0.0,11721848.0,264170.0,Yes,chase-v,Chase,chase-v|Sewer System,Chase|Sewer System,0.3711646753091798,0.9774634511554834
Chase,V,TNR,2024,Drainage System,911747.0,400009.0,511738.0,0.0,2424259.0,32830.0,No,chase-v,Chase,chase-v|Drainage System,Chase|Drainage System,0.5612719317968691,0.9864577175953559
Chase,V,TNR,2024,Transportation System,9040297.0,4484231.0,4556066.0,836896.0,20768796.0,388599.0,Yes,chase-v,Chase,chase-v|Transportation System,Chase|Transportation System,0.5039730442484357,0.9812892861001669
Chase,V,TNR,2024,Other Engineering Systems,0.0,0.0,0.0,0.0,0.0,0.0,,chase-v,Chase,chase-v|Other Engineering Systems,Chase|Other Engineering Systems,,
Chase,V,TNR,2024,Other Tangible Capital Assets,0.0,0.0,0.0,0.0,0.0,0.0,N/A,chase-v,Chase,chase-v|Other Tangible Capital Assets,Chase|Other Tangible Capital Assets,,
Chase,V,TNR,2024,Work In Progress,510681.0,,510681.0,405210.0,510681.0,,N/A,chase-v,Chase,chase-v|Work In Progress,Chase|Work In Progress,1.0,
Chase,V,TNR,2024,Total TCA,52484009.0,20784797.0,31699212.0,2099331.0,93206610.0,2515104.0,,chase-v,Chase,chase-v|Total TCA,Chase|Total TCA,0.6039784803786616,0.973015819371609
Chetwynd,D,PEA,2024,Land,1691799.0,,1691799.0,0.0,1691799.0,,N/A,chetwynd-d,Chetwynd,chetwynd-d|Land,Chetwynd|Land,1.0,
Chetwynd,D,PEA,2024,Buildings,13333782.0,4194791.0,9138991.0,0.0,44090279.0,724800.0,In_Progress,chetwynd-d,Chetwynd,chetwynd-d|Buildings,Chetwynd|Buildings,0.6854012612475591,0.9835610021882601
Chetwynd,D,PEA,2024,Fleet,11024697.0,8363043.0,2661654.0,328066.0,3709470.0,325000.0,Yes,chetwynd-d,Chetwynd,chetwynd-d|Fleet,Chetwynd|Fleet,0.24142649906840977,0.9123864056051134
Chetwynd,D,PEA,2024,Parks and Recreation,822856.0,104923.0,717933.0,0.0,905000.0,60000.0,No,chetwynd-d,Chetwynd,chetwynd-d|Parks and Recreation,Chetwynd|Parks and Recreation,0.8724892326239342,0.9337016574585635
Chetwynd,D,PEA,2024,Water System,19965291.0,6968232.0,12997059.0,1560661.0,114636455.0,1465660.0,In_Progress,chetwynd-d,Chetwynd,chetwynd-d|Water System,Chetwynd|Water System,0.6509826979231107,0.9872147128066722
Chetwynd,D,PEA,2024,Sewer System,15410175.0,3275213.0,12134962.0,0.0,83743712.0,1076392.0,In_Progress,chetwynd-d,Chetwynd,chetwynd-d|Sewer System,Chetwynd|Sewer System,0.7874642565707398,0.9871465931674965
Chetwynd,D,PEA,2024,Drainage System,1648872.0,590591.0,1058281.0,0.0,5000000.0,5000.0,No,chetwynd-d,Chetwynd,chetwynd-d|Drainage System,Chetwynd|Drainage System,0.6418211965513393,0.999
Chetwynd,D,PEA,2024,Transportation System,27154847.0,9877837.0,17277010.0,2866221.0,61215257.0,1016500.0,Yes,chetwynd-d,Chetwynd,chetwynd-d|Transportation System,Chetwynd|Transportation System,0.6362403735878166,0.9833946625430323
Chetwynd,D,PEA,2024,Other Engineering Systems,0.0,0.0,0.0,0.0,0.0,0.0,,chetwynd-d,Chetwynd,chetwynd-d|Other Engineering Systems,Chetwynd|Other Engineering Systems,,
Chetwynd,D,PEA,2024,Other Tangible Capital Assets,0.0,0.0,0.0,0.0,0.0,0.0,N/A,chetwynd-d,Chetwynd,chetwynd-d|Other Tangible Capital Assets,Chetwynd|Other Tangible Capital Assets,,
Chetwynd,D,PEA,2024,Work In Progress,438458.0,,438458.0,-254447.0,438458.0,,N/A,chetwynd-d,Chetwynd,chetwynd-d|Work In Progress,Chetwynd|Work In Progress,1.0,
Chetwynd,D,PEA,2024,Total TCA,91490777.0,33374630.0,58116147.0,4500501.0,315430430.0,4673352.0,,chetwynd-d,Chetwynd,chetwynd-d|Total TCA,Chetwynd|Total TCA,0.6352131756406441,0.985184206862984
Chilliwack,C,FVR,2024,Land,164002186.0,,164002186.0,2196158.0,164002186.0,,N/A,chilliwack-c,Chilliwack,chilliwack-c|Land,Chilliwack|Land,1.0,
Chilliwack,C,FVR,2024,Buildings,174834375.0,73468362.0,101366013.0,194860.0,192317812.0,0.0,In_Progress,chilliwack-c,Chilliwack,chilliwack-c|Buildings,Chilliwack|Buildings,0.5797830832752426,1.0
Chilliwack,C,FVR,2024,Fleet,22478960.0,12998554.0,9480406.0,1996712.0,24726855.0,2362000.0,In_Progress,chilliwack-c,Chilliwack,chilliwack-c|Fleet,Chilliwack|Fleet,0.4217457569211387,0.9044763274585466
Chilliwack,C,FVR,2024,Parks and Recreation,44370538.0,17468440.0,26902098.0,5111396.0,48807592.0,0.0,In_Progress,chilliwack-c,Chilliwack,chilliwack-c|Parks and Recreation,Chilliwack|Parks and Recreation,0.6063054272634693,1.0
Chilliwack,C,FVR,2024,Water System,213374563.0,82862572.0,130511991.0,5183759.0,234712019.0,0.0,In_Progress,chilliwack-c,Chilliwack,chilliwack-c|Water System,Chilliwack|Water System,0.6116567465448072,1.0
Chilliwack,C,FVR,2024,Sewer System,299291602.0,117831100.0,181460502.0,10558409.0,329220762.0,0.0,In_Progress,chilliwack-c,Chilliwack,chilliwack-c|Sewer System,Chilliwack|Sewer System,0.6063000123872504,1.0
Chilliwack,C,FVR,2024,Drainage System,113797621.0,51313880.0,62483741.0,1397676.0,125177384.0,0.0,In_Progress,chilliwack-c,Chilliwack,chilliwack-c|Drainage System,Chilliwack|Drainage System,0.5490777439011665,1.0
Chilliwack,C,FVR,2024,Transportation System,258625122.0,111998411.0,146626711.0,8160381.0,284487633.0,0.0,In_Progress,chilliwack-c,Chilliwack,chilliwack-c|Transportation System,Chilliwack|Transportation System,0.5669468993039276,1.0
Chilliwack,C,FVR,2024,Other Engineering Systems,74849276.0,22739460.0,52109816.0,3968217.0,82334203.0,0.0,In_Progress,chilliwack-c,Chilliwack,chilliwack-c|Other Engineering Systems,Chilliwack|Other Engineering Systems,0.6961966606063097,1.0
Chilliwack,C,FVR,2024,Other Tangible Capital Assets,57668032.0,27832085.0,29835947.0,6656441.0,63434835.0,0.0,N/A,chilliwack-c,Chilliwack,chilliwack-c|Other Tangible Capital Assets,Chilliwack|Other Tangible Capital Assets,0.5173741146567998,1.0
Chilliwack,C,FVR,2024,Work In Progress,32670875.0,,32670875.0,10013434.0,32670875.0,,N/A,chilliwack-c,Chilliwack,chilliwack-c|Work In Progress,Chilliwack|Work In Progress,1.0,
Chilliwack,C,FVR,2024,Total TCA,1455963150.0,518512864.0,937450286.0,55437443.0,1581892156.0,2362000.0,,chilliwack-c,Chilliwack,chilliwack-c|Total TCA,Chilliwack|Total TCA,0.6438695141425798,0.998506851436717
Clearwater,D,TNR,2024,Land,8257601.0,,8257601.0,0.0,8257601.0,,N/A,clearwater-d,Clearwater,clearwater-d|Land,Clearwater|Land,1.0,
Clearwater,D,TNR,2024,Buildings,8968773.0,3438421.0,5530352.0,803659.0,21716716.0,0.0,No,clearwater-d,Clearwater,clearwater-d|Buildings,Clearwater|Buildings,0.6166230319353606,1.0
Clearwater,D,TNR,2024,Fleet,3573007.0,2221047.0,1351960.0,143021.0,680727.0,0.0,No,clearwater-d,Clearwater,clearwater-d|Fleet,Clearwater|Fleet,0.37838157048111015,1.0
Clearwater,D,TNR,2024,Parks and Recreation,4614920.0,1435887.0,3179033.0,487185.0,1468556.0,0.0,No,clearwater-d,Clearwater,clearwater-d|Parks and Recreation,Clearwater|Parks and Recreation,0.6888598285560746,1.0
Clearwater,D,TNR,2024,Water System,7223231.0,1914566.0,5308665.0,227598.0,4349969.0,0.0,Yes,clearwater-d,Clearwater,clearwater-d|Water System,Clearwater|Water System,0.7349432684625481,1.0
Clearwater,D,TNR,2024,Sewer System,6897201.0,1593282.0,5303919.0,49408.0,1921980.0,0.0,Yes,clearwater-d,Clearwater,clearwater-d|Sewer System,Clearwater|Sewer System,0.7689958578849594,1.0
Clearwater,D,TNR,2024,Drainage System,0.0,0.0,0.0,0.0,0.0,0.0,,clearwater-d,Clearwater,clearwater-d|Drainage System,Clearwater|Drainage System,,
Clearwater,D,TNR,2024,Transportation System,26807040.0,15944035.0,10863005.0,377027.0,26807039.0,0.0,No,clearwater-d,Clearwater,clearwater-d|Transportation System,Clearwater|Transportation System,0.4052295591008929,1.0
Clearwater,D,TNR,2024,Other Engineering Systems,974374.0,285817.0,688557.0,0.0,974375.0,0.0,No,clearwater-d,Clearwater,clearwater-d|Other Engineering Systems,Clearwater|Other Engineering Systems,0.7066660235186899,1.0
Clearwater,D,TNR,2024,Other Tangible Capital Assets,0.0,0.0,0.0,0.0,0.0,0.0,N/A,clearwater-d,Clearwater,clearwater-d|Other Tangible Capital Assets,Clearwater|Other Tangible Capital Assets,,
Clearwater,D,TNR,2024,Work In Progress,0.0,,0.0,0.0,0.0,,N/A,clearwater-d,Clearwater,clearwater-d|Work In Progress,Clearwater|Work In Progress,,
Clearwater,D,TNR,2024,Total TCA,67316147.0,26833055.0,40483092.0,2087898.0,66176963.0,0.0,,clearwater-d,Clearwater,clearwater-d|Total TCA,Clearwater|Total TCA,0.6013875393076196,1.0
Clinton,V,TNR,2024,Land,729595.0,,729595.0,0.0,729595.0,,N/A,clinton-v,Clinton,clinton-v|Land,Clinton|Land,1.0,
Clinton,V,TNR,2024,Buildings,4152457.0,2484348.0,1668109.0,45399.0,3987679.0,5686196.0,In_Progress,clinton-v,Clinton,clinton-v|Buildings,Clinton|Buildings,0.401716140588572,-0.42594125555241535
Clinton,V,TNR,2024,Fleet,2042286.0,1159231.0,883055.0,85735.0,1178817.0,2192170.0,In_Progress,clinton-v,Clinton,clinton-v|Fleet,Clinton|Fleet,0.43238557185428483,-0.8596355498775468
Clinton,V,TNR,2024,Parks and Recreation,0.0,0.0,0.0,0.0,750504.0,980000.0,In_Progress,clinton-v,Clinton,clinton-v|Parks and Recreation,Clinton|Parks and Recreation,,-0.3057891763401661
Clinton,V,TNR,2024,Water System,5356389.0,1838113.0,3518276.0,0.0,9237922.0,11034903.0,Yes,clinton-v,Clinton,clinton-v|Water System,Clinton|Water System,0.656837283475864,-0.1945222096484469
Clinton,V,TNR,2024,Sewer System,889329.0,426617.0,462712.0,0.0,2833077.0,4666154.0,Yes,clinton-v,Clinton,clinton-v|Sewer System,Clinton|Sewer System,0.5202933897354073,-0.6470268898445048
Clinton,V,TNR,2024,Drainage System,0.0,0.0,0.0,0.0,0.0,0.0,No,clinton-v,Clinton,clinton-v|Drainage System,Clinton|Drainage System,,
Clinton,V,TNR,2024,Transportation System,5120112.0,2335516.0,2784596.0,433320.0,7476508.0,0.0,In_Progress,clinton-v,Clinton,clinton-v|Transportation System,Clinton|Transportation System,0.5438545094326062,1.0
Clinton,V,TNR,2024,Other Engineering Systems,0.0,0.0,0.0,0.0,0.0,0.0,No,clinton-v,Clinton,clinton-v|Other Engineering Systems,Clinton|Other Engineering Systems,,
Clinton,V,TNR,2024,Other Tangible Capital Assets,0.0,0.0,0.0,0.0,0.0,0.0,N/A,clinton-v,Clinton,clinton-v|Other Tangible Capital Assets,Clinton|Other Tangible Capital Assets,,
Clinton,V,TNR,2024,Work In Progress,0.0,,0.0,0.0,0.0,,N/A,clinton-v,Clinton,clinton-v|Work In Progress,Clinton|Work In Progress,,
Clinton,V,TNR,2024,Total TCA,18290168.0,8243825.0,10046343.0,564454.0,26194102.0,24559423.0,,clinton-v,Clinton,clinton-v|Total TCA,Clinton|Total TCA,0.5492755998742056,0.062406376824828746
Coldstream,D,NOK,2024,Land,14400211.0,,14400211.0,0.0,14400211.0,,N/A,coldstream-d,Coldstream,coldstream-d|Land,Coldstream|Land,1.0,
Coldstream,D,NOK,2024,Buildings,26758527.0,3197774.0,23560753.0,9747700.0,53517054.0,891951.0,In_Progress,coldstream-d,Coldstream,coldstream-d|Buildings,Coldstream|Buildings,0.8804951408573424,0.9833333314647701
Coldstream,D,NOK,2024,Fleet,7436945.0,3293713.0,4143232.0,335675.0,14843890.0,991593.0,In_Progress,coldstream-d,Coldstream,coldstream-d|Fleet,Coldstream|Fleet,0.5571147830191026,0.9331985753060686
Coldstream,D,NOK,2024,Parks and Recreation,6618941.0,2173361.0,4445580.0,499387.0,13237882.0,330947.0,In_Progress,coldstream-d,Coldstream,coldstream-d|Parks and Recreation,Coldstream|Parks and Recreation,0.671645207292224,0.9750000037770392
Coldstream,D,NOK,2024,Water System,0.0,0.0,0.0,0.0,0.0,0.0,,coldstream-d,Coldstream,coldstream-d|Water System,Coldstream|Water System,,
Coldstream,D,NOK,2024,Sewer System,18126941.0,9197681.0,8929260.0,22914.0,54380823.0,906347.0,In_Progress,coldstream-d,Coldstream,coldstream-d|Sewer System,Coldstream|Sewer System,0.4925960756423271,0.9833333342527751
Coldstream,D,NOK,2024,Drainage System,13966654.0,6372762.0,7593892.0,0.0,41899962.0,1047499.0,In_Progress,coldstream-d,Coldstream,coldstream-d|Drainage System,Coldstream|Drainage System,0.5437159107686064,0.9750000011933185
Coldstream,D,NOK,2024,Transportation System,48846067.0,22822199.0,26023868.0,3734783.0,116538201.0,4087281.0,In_Progress,coldstream-d,Coldstream,coldstream-d|Transportation System,Coldstream|Transportation System,0.5327730480327106,0.9649275433726663
Coldstream,D,NOK,2024,Other Engineering Systems,0.0,0.0,0.0,0.0,0.0,0.0,,coldstream-d,Coldstream,coldstream-d|Other Engineering Systems,Coldstream|Other Engineering Systems,,
Coldstream,D,NOK,2024,Other Tangible Capital Assets,4600157.0,2640413.0,1959744.0,297075.0,9200314.0,613354.0,N/A,coldstream-d,Coldstream,coldstream-d|Other Tangible Capital Assets,Coldstream|Other Tangible Capital Assets,0.4260167642104389,0.9333333623178514
Coldstream,D,NOK,2024,Work In Progress,1214417.0,,1214417.0,119099.0,1214417.0,,N/A,coldstream-d,Coldstream,coldstream-d|Work In Progress,Coldstream|Work In Progress,1.0,
Coldstream,D,NOK,2024,Total TCA,141968860.0,49697903.0,92270957.0,14756633.0,319232754.0,8868972.0,,coldstream-d,Coldstream,coldstream-d|Total TCA,Coldstream|Total TCA,0.6499380004882761,0.9722178508036178
Colwood,C,CAP,2024,Land,62070830.0,,62070830.0,297000.0,62070830.0,,N/A,colwood-c,Colwood,colwood-c|Land,Colwood|Land,1.0,
Colwood,C,CAP,2024,Buildings,9381411.0,4307017.0,5074394.0,46698.0,74489900.0,2257270.0,Yes,colwood-c,Colwood,colwood-c|Buildings,Colwood|Buildings,0.5408988050944575,0.9696969656288973
Colwood,C,CAP,2024,Fleet,15738416.0,7800622.0,7937794.0,2112925.0,15010000.0,1364545.0,Yes,colwood-c,Colwood,colwood-c|Fleet,Colwood|Fleet,0.5043578718468237,0.9090909393737509
Colwood,C,CAP,2024,Parks and Recreation,11493953.0,2385292.0,9108661.0,165767.0,4181000.0,88957.0,Yes,colwood-c,Colwood,colwood-c|Parks and Recreation,Colwood|Parks and Recreation,0.7924741818589305,0.9787235111217412
Colwood,C,CAP,2024,Water System,0.0,0.0,0.0,0.0,0.0,0.0,,colwood-c,Colwood,colwood-c|Water System,Colwood|Water System,,
Colwood,C,CAP,2024,Sewer System,25266518.0,4317764.0,20948754.0,1232914.0,147993400.0,1557825.0,Yes,colwood-c,Colwood,colwood-c|Sewer System,Colwood|Sewer System,0.8291112372508155,0.9894736859886994
Colwood,C,CAP,2024,Drainage System,25151519.0,4446726.0,20704793.0,1002881.0,163985600.0,1884892.0,Yes,colwood-c,Colwood,colwood-c|Drainage System,Colwood|Drainage System,0.8232024872931134,0.9885057468460645
Colwood,C,CAP,2024,Transportation System,115013397.0,45896497.0,69116900.0,18244138.0,195582400.0,0.0,Yes,colwood-c,Colwood,colwood-c|Transportation System,Colwood|Transportation System,0.6009465140830507,1.0
Colwood,C,CAP,2024,Other Engineering Systems,0.0,0.0,0.0,0.0,0.0,0.0,,colwood-c,Colwood,colwood-c|Other Engineering Systems,Colwood|Other Engineering Systems,,
Colwood,C,CAP,2024,Other Tangible Capital Assets,17184419.0,6167414.0,11017005.0,374711.0,12102460.0,302561.0,N/A,colwood-c,Colwood,colwood-c|Other Tangible Capital Assets,Colwood|Other Tangible Capital Assets,0.6411043050102537,0.9750000413139147
Colwood,C,CAP,2024,Work In Progress,10079042.0,,10079042.0,-8432060.0,10079042.0,,N/A,colwood-c,Colwood,colwood-c|Work In Progress,Colwood|Work In Progress,1.0,
Colwood,C,CAP,2024,Total TCA,291379505.0,75321332.0,216058173.0,15044974.0,685494632.0,7456050.0,,colwood-c,Colwood,colwood-c|Total TCA,Colwood|Total TCA,0.7415009267724578,0.9891231095738179
Comox,T,COM,2024,Land,9138379.0,,9138379.0,0.0,9138379.0,,N/A,comox-t,Comox,comox-t|Land,Comox|Land,1.0,
Comox,T,COM,2024,Buildings,24195940.0,6724321.0,17471619.0,0.0,55533286.0,949263.0,In_Progress,comox-t,Comox,comox-t|Buildings,Comox|Buildings,0.722088871108128,0.9829064140018655
Comox,T,COM,2024,Fleet,9099474.0,5030554.0,4068920.0,1452481.0,9134450.0,452890.0,In_Progress,comox-t,Comox,comox-t|Fleet,Comox|Fleet,0.4471599127597925,0.9504195654910804
Comox,T,COM,2024,Parks and Recreation,5728918.0,3164621.0,2564297.0,347624.0,9030994.0,380594.0,In_Progress,comox-t,Comox,comox-t|Parks and Recreation,Comox|Parks and Recreation,0.4476058131744947,0.9578569092173022
Comox,T,COM,2024,Water System,15344497.0,5956351.0,9388146.0,496203.0,41358315.0,713978.0,In_Progress,comox-t,Comox,comox-t|Water System,Comox|Water System,0.6118249428443304,0.9827367725208341
Comox,T,COM,2024,Sewer System,13690922.0,4906332.0,8784590.0,858771.0,42451490.0,522207.0,In_Progress,comox-t,Comox,comox-t|Sewer System,Comox|Sewer System,0.6416361147919768,0.9876987356627529
Comox,T,COM,2024,Drainage System,25422667.0,8633195.0,16789472.0,1350945.0,63770442.0,713234.0,In_Progress,comox-t,Comox,comox-t|Drainage System,Comox|Drainage System,0.6604134806155467,0.9888156020621591
Comox,T,COM,2024,Transportation System,59495875.0,29722293.0,29773582.0,2149943.0,137769626.0,3133646.0,In_Progress,comox-t,Comox,comox-t|Transportation System,Comox|Transportation System,0.5004310298823238,0.9772544493951083
Comox,T,COM,2024,Other Engineering Systems,0.0,0.0,0.0,0.0,0.0,0.0,,comox-t,Comox,comox-t|Other Engineering Systems,Comox|Other Engineering Systems,,
Comox,T,COM,2024,Other Tangible Capital Assets,7555285.0,1291629.0,6263656.0,3688215.0,3296255.0,781598.0,N/A,comox-t,Comox,comox-t|Other Tangible Capital Assets,Comox|Other Tangible Capital Assets,0.8290429811714581,0.7628830293772781
Comox,T,COM,2024,Work In Progress,1674993.0,,1674993.0,757886.0,1674993.0,,N/A,comox-t,Comox,comox-t|Work In Progress,Comox|Work In Progress,1.0,
Comox,T,COM,2024,Total TCA,171346950.0,65429296.0,105917654.0,11102068.0,373158230.0,7647410.0,,comox-t,Comox,comox-t|Total TCA,Comox|Total TCA,0.6181472970484738,0.9795062539555941
Coquitlam,C,MVRD,2024,Land,1355536000.0,,1355536000.0,105668000.0,1355536000.0,,N/A,coquitlam-c,Coquitlam,coquitlam-c|Land,Coquitlam|Land,1.0,
Coquitlam,C,MVRD,2024,Buildings,399157000.0,152599000.0,246558000.0,28156000.0,588164000.0,22088000.0,Yes,coquitlam-c,Coquitlam,coquitlam-c|Buildings,Coquitlam|Buildings,0.6176967959975649,0.9624458484368306
Coquitlam,C,MVRD,2024,Fleet,66715000.0,38802000.0,27913000.0,6149000.0,85077000.0,6880000.0,Yes,coquitlam-c,Coquitlam,coquitlam-c|Fleet,Coquitlam|Fleet,0.41839166604211947,0.9191320803507411
Coquitlam,C,MVRD,2024,Parks and Recreation,134719000.0,57764000.0,76955000.0,5134000.0,214142000.0,8162000.0,Yes,coquitlam-c,Coquitlam,coquitlam-c|Parks and Recreation,Coquitlam|Parks and Recreation,0.5712260334473979,0.9618851042766015
Coquitlam,C,MVRD,2024,Water System,241760000.0,75230000.0,166530000.0,8145000.0,660797000.0,10467000.0,Yes,coquitlam-c,Coquitlam,coquitlam-c|Water System,Coquitlam|Water System,0.68882362673726,0.984160037046173
Coquitlam,C,MVRD,2024,Sewer System,225039000.0,92291000.0,132748000.0,9041000.0,667354000.0,7720000.0,Yes,coquitlam-c,Coquitlam,coquitlam-c|Sewer System,Coquitlam|Sewer System,0.5898888637080684,0.9884319266835893
Coquitlam,C,MVRD,2024,Drainage System,360150000.0,116847000.0,243303000.0,12111000.0,877234000.0,10269000.0,Yes,coquitlam-c,Coquitlam,coquitlam-c|Drainage System,Coquitlam|Drainage System,0.6755601832569763,0.9882938873778262
Coquitlam,C,MVRD,2024,Transportation System,664500000.0,280358000.0,384142000.0,24136000.0,1588219000.0,5681000.0,Yes,coquitlam-c,Coquitlam,coquitlam-c|Transportation System,Coquitlam|Transportation System,0.57809179834462,0.9964230373770872
Coquitlam,C,MVRD,2024,Other Engineering Systems,0.0,0.0,0.0,0.0,0.0,0.0,,coquitlam-c,Coquitlam,coquitlam-c|Other Engineering Systems,Coquitlam|Other Engineering Systems,,
Coquitlam,C,MVRD,2024,Other Tangible Capital Assets,45538000.0,26003000.0,19535000.0,2077000.0,64081000.0,2362000.0,N/A,coquitlam-c,Coquitlam,coquitlam-c|Other Tangible Capital Assets,Coquitlam|Other Tangible Capital Assets,0.4289823883350169,0.9631404004307049
Coquitlam,C,MVRD,2024,Work In Progress,78620000.0,,78620000.0,0.0,78620000.0,,N/A,coquitlam-c,Coquitlam,coquitlam-c|Work In Progress,Coquitlam|Work In Progress,1.0,
Coquitlam,C,MVRD,2024,Total TCA,3571734000.0,839894000.0,2731840000.0,200617000.0,6179224000.0,73629000.0,,coquitlam-c,Coquitlam,coquitlam-c|Total TCA,Coquitlam|Total TCA,0.7648497900459553,0.9880844261350616
Courtenay,C,COM,2024,Land,28377528.0,,28377528.0,2513185.0,28377528.0,,N/A,courtenay-c,Courtenay,courtenay-c|Land,Courtenay|Land,1.0,
Courtenay,C,COM,2024,Buildings,34959711.0,16538409.0,18421302.0,1242626.0,64919521.0,1282424.0,Yes,courtenay-c,Courtenay,courtenay-c|Buildings,Courtenay|Buildings,0.5269294703265711,0.9802459417406977
Courtenay,C,COM,2024,Fleet,31766596.0,15755078.0,16011518.0,6861948.0,25353689.0,1170710.0,Yes,courtenay-c,Courtenay,courtenay-c|Fleet,Courtenay|Fleet,0.5040363153798412,0.9538248654860443
Courtenay,C,COM,2024,Parks and Recreation,8963328.0,4701392.0,4261936.0,141581.0,30481050.0,635383.0,Yes,courtenay-c,Courtenay,courtenay-c|Parks and Recreation,Courtenay|Parks and Recreation,0.4754858909547882,0.9791548191417291
Courtenay,C,COM,2024,Water System,31207714.0,10103783.0,21103931.0,429552.0,233927287.0,2874521.0,Yes,courtenay-c,Courtenay,courtenay-c|Water System,Courtenay|Water System,0.6762408486568418,0.9877119038276198
Courtenay,C,COM,2024,Sewer System,23383324.0,3865232.0,19518092.0,2149311.0,273144334.0,2615951.0,Yes,courtenay-c,Courtenay,courtenay-c|Sewer System,Courtenay|Sewer System,0.834701345283502,0.9904228253184267
Courtenay,C,COM,2024,Drainage System,25336598.0,7963487.0,17373111.0,275760.0,303808714.0,3020497.0,Yes,courtenay-c,Courtenay,courtenay-c|Drainage System,Courtenay|Drainage System,0.6856923332801034,0.9900578987342674
Courtenay,C,COM,2024,Transportation System,126549982.0,62656630.0,63893352.0,2814052.0,192993338.0,1763110.0,Yes,courtenay-c,Courtenay,courtenay-c|Transportation System,Courtenay|Transportation System,0.5048862986009749,0.9908643996820242
Courtenay,C,COM,2024,Other Engineering Systems,8001448.0,5712426.0,2289022.0,65279.0,0.0,0.0,Yes,courtenay-c,Courtenay,courtenay-c|Other Engineering Systems,Courtenay|Other Engineering Systems,0.28607597024938486,
Courtenay,C,COM,2024,Other Tangible Capital Assets,1427059.0,1251385.0,175674.0,93015.0,0.0,0.0,N/A,courtenay-c,Courtenay,courtenay-c|Other Tangible Capital Assets,Courtenay|Other Tangible Capital Assets,0.12310212822314985,
Courtenay,C,COM,2024,Work In Progress,5036110.0,,5036110.0,2650225.0,5036110.0,,N/A,courtenay-c,Courtenay,courtenay-c|Work In Progress,Courtenay|Work In Progress,1.0,
Courtenay,C,COM,2024,Total TCA,325009398.0,128547822.0,196461576.0,19236534.0,1158041571.0,13362596.0,,courtenay-c,Courtenay,courtenay-c|Total TCA,Courtenay|Total TCA,0.6044796772307489,0.9884610394526157
Cranbrook,C,EKO,2024,Land,10447893.0,,10447893.0,24728.0,10447893.0,,N/A,cranbrook-c,Cranbrook,cranbrook-c|Land,Cranbrook|Land,1.0,
Cranbrook,C,EKO,2024,Buildings,80402181.0,34668424.0,45733757.0,2834062.0,80402181.0,2070897.0,In_Progress,cranbrook-c,Cranbrook,cranbrook-c|Buildings,Cranbrook|Buildings,0.5688123932856995,0.9742432733261303
Cranbrook,C,EKO,2024,Fleet,22419401.0,10988115.0,11431286.0,2582772.0,22419401.0,1117957.0,Yes,cranbrook-c,Cranbrook,cranbrook-c|Fleet,Cranbrook|Fleet,0.5098836494338096,0.9501343947592534
Cranbrook,C,EKO,2024,Parks and Recreation,15273506.0,6489565.0,8783941.0,423484.0,15273506.0,397928.0,In_Progress,cranbrook-c,Cranbrook,cranbrook-c|Parks and Recreation,Cranbrook|Parks and Recreation,0.5751096703009774,0.9739465188935664
Cranbrook,C,EKO,2024,Water System,47388609.0,21376446.0,26012163.0,1960432.0,47388609.0,905444.0,Yes,cranbrook-c,Cranbrook,cranbrook-c|Water System,Cranbrook|Water System,0.5489117226462588,0.9808932142321375
Cranbrook,C,EKO,2024,Sewer System,75735996.0,29554002.0,46181994.0,8897812.0,75735996.0,1335839.0,Yes,cranbrook-c,Cranbrook,cranbrook-c|Sewer System,Cranbrook|Sewer System,0.6097760172058739,0.9823619009380955
Cranbrook,C,EKO,2024,Drainage System,23861305.0,12293055.0,11568250.0,588730.0,23861305.0,638344.0,Yes,cranbrook-c,Cranbrook,cranbrook-c|Drainage System,Cranbrook|Drainage System,0.4848121257408176,0.9732477330975821
Cranbrook,C,EKO,2024,Transportation System,109034287.0,41292526.0,67741761.0,3883252.0,109034287.0,2314513.0,Yes,cranbrook-c,Cranbrook,cranbrook-c|Transportation System,Cranbrook|Transportation System,0.6212886135532761,0.9787726130588629
Cranbrook,C,EKO,2024,Other Engineering Systems,0.0,0.0,0.0,0.0,0.0,0.0,,cranbrook-c,Cranbrook,cranbrook-c|Other Engineering Systems,Cranbrook|Other Engineering Systems,,
Cranbrook,C,EKO,2024,Other Tangible Capital Assets,21324612.0,8885506.0,12439106.0,125537.0,21324612.0,733323.0,N/A,cranbrook-c,Cranbrook,cranbrook-c|Other Tangible Capital Assets,Cranbrook|Other Tangible Capital Assets,0.5833215628964316,0.9656114258960491
Cranbrook,C,EKO,2024,Work In Progress,11592959.0,,11592959.0,2260224.0,11592959.0,,N/A,cranbrook-c,Cranbrook,cranbrook-c|Work In Progress,Cranbrook|Work In Progress,1.0,
Cranbrook,C,EKO,2024,Total TCA,417480749.0,165547639.0,251933110.0,23581033.0,417480749.0,9514245.0,,cranbrook-c,Cranbrook,cranbrook-c|Total TCA,Cranbrook|Total TCA,0.6034604244709736,0.9772103383861659
Creston,T,CKO,2024,Land,4660939.0,,4660939.0,206474.0,4660939.0,,N/A,creston-t,Creston,creston-t|Land,Creston|Land,1.0,
Creston,T,CKO,2024,Buildings,15666829.0,2511711.0,13155118.0,1053044.0,20720634.0,740023.0,Yes,creston-t,Creston,creston-t|Buildings,Creston|Buildings,0.839679682467971,0.9642856970496173
Creston,T,CKO,2024,Fleet,6193100.0,4431752.0,1761348.0,657380.0,5360242.0,357349.0,Yes,creston-t,Creston,creston-t|Fleet,Creston|Fleet,0.284404902229901,0.9333334203940792
Creston,T,CKO,2024,Parks and Recreation,7206697.0,3523869.0,3682828.0,1824162.0,4685277.0,223108.0,Yes,creston-t,Creston,creston-t|Parks and Recreation,Creston|Parks and Recreation,0.5110285613506437,0.9523810438529035
Creston,T,CKO,2024,Water System,13434010.0,5422794.0,8011216.0,87930.0,52532109.0,552969.0,Yes,creston-t,Creston,creston-t|Water System,Creston|Water System,0.5963383978424908,0.9894736950309762
Creston,T,CKO,2024,Sewer System,26575925.0,13493570.0,13082355.0,103640.0,64874285.0,772325.0,Yes,creston-t,Creston,creston-t|Sewer System,Creston|Sewer System,0.49226339252537776,0.9880950518375655
Creston,T,CKO,2024,Drainage System,5292488.0,2923286.0,2369202.0,63299.0,26054502.0,234725.0,Yes,creston-t,Creston,creston-t|Drainage System,Creston|Drainage System,0.4476537310996265,0.9909910003269301
Creston,T,CKO,2024,Transportation System,21297006.0,14146092.0,7150914.0,1255277.0,41954873.0,932331.0,Yes,creston-t,Creston,creston-t|Transportation System,Creston|Transportation System,0.3357708590587804,0.9777777661250459
Creston,T,CKO,2024,Other Engineering Systems,0.0,0.0,0.0,0.0,0.0,0.0,,creston-t,Creston,creston-t|Other Engineering Systems,Creston|Other Engineering Systems,,
Creston,T,CKO,2024,Other Tangible Capital Assets,0.0,0.0,0.0,0.0,0.0,0.0,N/A,creston-t,Creston,creston-t|Other Tangible Capital Assets,Creston|Other Tangible Capital Assets,,
Creston,T,CKO,2024,Work In Progress,470305.0,,470305.0,-1404748.0,470305.0,,N/A,creston-t,Creston,creston-t|Work In Progress,Creston|Work In Progress,1.0,
Creston,T,CKO,2024,Total TCA,100797299.0,46453074.0,54344225.0,3846458.0,221313166.0,3812830.0,,creston-t,Creston,creston-t|Total TCA,Creston|Total TCA,0.5391436629666039,0.9827717886427055
Cumberland,V,COM,2024,Land,11189493.0,,11189493.0,0.0,11189493.0,,N/A,cumberland-v,Cumberland,cumberland-v|Land,Cumberland|Land,1.0,
Cumberland,V,COM,2024,Buildings,10777079.0,2734521.0,8042558.0,46872.0,21489000.0,770266.0,In_Progress,cumberland-v,Cumberland,cumberland-v|Buildings,Cumberland|Buildings,0.7462651057860854,0.9641553352878217
Cumberland,V,COM,2024,Fleet,5812381.0,3822002.0,1990379.0,292734.0,5169863.0,484077.0,In_Progress,cumberland-v,Cumberland,cumberland-v|Fleet,Cumberland|Fleet,0.34243780646863997,0.9063656038854414
Cumberland,V,COM,2024,Parks and Recreation,3535763.0,2004196.0,1531567.0,105460.0,4780548.0,202478.0,In_Progress,cumberland-v,Cumberland,cumberland-v|Parks and Recreation,Cumberland|Parks and Recreation,0.43316449660228923,0.9576454414849511
Cumberland,V,COM,2024,Water System,18365453.0,3856845.0,14508608.0,337794.0,42609720.0,632093.0,In_Progress,cumberland-v,Cumberland,cumberland-v|Water System,Cumberland|Water System,0.7899945620726044,0.9851655209187011
Cumberland,V,COM,2024,Sewer System,9795916.0,2213736.0,7582180.0,253041.0,15180308.0,165978.0,In_Progress,cumberland-v,Cumberland,cumberland-v|Sewer System,Cumberland|Sewer System,0.7740143953868123,0.9890662297497521
Cumberland,V,COM,2024,Drainage System,12364693.0,1954899.0,10409794.0,483115.0,20841482.0,213751.0,In_Progress,cumberland-v,Cumberland,cumberland-v|Drainage System,Cumberland|Drainage System,0.8418966811387877,0.9897439635050904
Cumberland,V,COM,2024,Transportation System,29036246.0,13871302.0,15164944.0,1834080.0,60927503.0,874318.0,In_Progress,cumberland-v,Cumberland,cumberland-v|Transportation System,Cumberland|Transportation System,0.5222763300737981,0.9856498632481295
Cumberland,V,COM,2024,Other Engineering Systems,0.0,0.0,0.0,0.0,0.0,0.0,,cumberland-v,Cumberland,cumberland-v|Other Engineering Systems,Cumberland|Other Engineering Systems,,
Cumberland,V,COM,2024,Other Tangible Capital Assets,0.0,0.0,0.0,0.0,0.0,0.0,N/A,cumberland-v,Cumberland,cumberland-v|Other Tangible Capital Assets,Cumberland|Other Tangible Capital Assets,,
Cumberland,V,COM,2024,Work In Progress,10130325.0,,10130325.0,3319910.0,10130325.0,,N/A,cumberland-v,Cumberland,cumberland-v|Work In Progress,Cumberland|Work In Progress,1.0,
Cumberland,V,COM,2024,Total TCA,111007349.0,30457501.0,80549848.0,6673006.0,192318242.0,3342961.0,,cumberland-v,Cumberland,cumberland-v|Total TCA,Cumberland|Total TCA,0.7256262646178497,0.9826175563730455
Daajing Giids,V,NCRD,2024,Land,5906310.0,,5906310.0,0.0,5906310.0,,N/A,daajing-giids-v,Daajing Giids,daajing-giids-v|Land,Daajing Giids|Land,1.0,
Daajing Giids,V,NCRD,2024,Buildings,6002753.0,1776677.0,4226076.0,0.0,3897000.0,92500.0,In_Progress,daajing-giids-v,Daajing Giids,daajing-giids-v|Buildings,Daajing Giids|Buildings,0.7040229707935676,0.9762637926610213
Daajing Giids,V,NCRD,2024,Fleet,465473.0,301550.0,163923.0,138955.0,414500.0,48000.0,In_Progress,daajing-giids-v,Daajing Giids,daajing-giids-v|Fleet,Daajing Giids|Fleet,0.35216435754598013,0.8841978287092883
Daajing Giids,V,NCRD,2024,Parks and Recreation,1970287.0,838461.0,1131826.0,29103.0,2230000.0,104500.0,In_Progress,daajing-giids-v,Daajing Giids,daajing-giids-v|Parks and Recreation,Daajing Giids|Parks and Recreation,0.5744472759552288,0.9531390134529147
Daajing Giids,V,NCRD,2024,Water System,5286849.0,2326705.0,2960144.0,0.0,14500000.0,318500.0,In_Progress,daajing-giids-v,Daajing Giids,daajing-giids-v|Water System,Daajing Giids|Water System,0.5599070448200809,0.9780344827586207
Daajing Giids,V,NCRD,2024,Sewer System,3340908.0,1768265.0,1572643.0,61074.0,7200000.0,104500.0,In_Progress,daajing-giids-v,Daajing Giids,daajing-giids-v|Sewer System,Daajing Giids|Sewer System,0.470723228535476,0.9854861111111111
Daajing Giids,V,NCRD,2024,Drainage System,0.0,0.0,0.0,0.0,0.0,0.0,,daajing-giids-v,Daajing Giids,daajing-giids-v|Drainage System,Daajing Giids|Drainage System,,
Daajing Giids,V,NCRD,2024,Transportation System,8413534.0,4153074.0,4260460.0,31987.0,14400000.0,0.0,In_Progress,daajing-giids-v,Daajing Giids,daajing-giids-v|Transportation System,Daajing Giids|Transportation System,0.5063817416082231,1.0
Daajing Giids,V,NCRD,2024,Other Engineering Systems,0.0,0.0,0.0,0.0,0.0,0.0,,daajing-giids-v,Daajing Giids,daajing-giids-v|Other Engineering Systems,Daajing Giids|Other Engineering Systems,,
Daajing Giids,V,NCRD,2024,Other Tangible Capital Assets,1636119.0,1020176.0,615943.0,3879.0,675000.0,57000.0,N/A,daajing-giids-v,Daajing Giids,daajing-giids-v|Other Tangible Capital Assets,Daajing Giids|Other Tangible Capital Assets,0.37646589276207904,0.9155555555555556
Daajing Giids,V,NCRD,2024,Work In Progress,472361.0,,472361.0,139000.0,472361.0,,N/A,daajing-giids-v,Daajing Giids,daajing-giids-v|Work In Progress,Daajing Giids|Work In Progress,1.0,
Daajing Giids,V,NCRD,2024,Total TCA,33494594.0,12184908.0,21309686.0,403998.0,49695171.0,725000.0,,daajing-giids-v,Daajing Giids,daajing-giids-v|Total TCA,Daajing Giids|Total TCA,0.6362126974878394,0.9854110573439822
Dawson Creek,C,PEA,2024,Land,8435512.0,,8435512.0,173608.0,8435512.0,,N/A,dawson-creek-c,Dawson Creek,dawson-creek-c|Land,Dawson Creek|Land,1.0,
Dawson Creek,C,PEA,2024,Buildings,125714647.0,55255573.0,70459074.0,5454892.0,214148623.0,4447187.0,Yes,dawson-creek-c,Dawson Creek,dawson-creek-c|Buildings,Dawson Creek|Buildings,0.5604682961087263,0.979233174896483
Dawson Creek,C,PEA,2024,Fleet,12044064.0,8225517.0,3818547.0,377001.0,30997334.0,1195927.0,Yes,dawson-creek-c,Dawson Creek,dawson-creek-c|Fleet,Dawson Creek|Fleet,0.3170480495620083,0.961418391659102
Dawson Creek,C,PEA,2024,Parks and Recreation,6505367.0,2913602.0,3591765.0,232809.0,17209838.0,241614.0,In_Progress,dawson-creek-c,Dawson Creek,dawson-creek-c|Parks and Recreation,Dawson Creek|Parks and Recreation,0.5521233467689064,0.9859607045690959
Dawson Creek,C,PEA,2024,Water System,70903948.0,25615058.0,45288890.0,3136968.0,255313868.0,1654216.0,Yes,dawson-creek-c,Dawson Creek,dawson-creek-c|Water System,Dawson Creek|Water System,0.6387358007201517,0.9935208533208232
Dawson Creek,C,PEA,2024,Sewer System,58464027.0,16856315.0,41607712.0,624160.0,104244535.0,1050290.0,Yes,dawson-creek-c,Dawson Creek,dawson-creek-c|Sewer System,Dawson Creek|Sewer System,0.7116805689762014,0.9899247476138677
Dawson Creek,C,PEA,2024,Drainage System,17428677.0,3216598.0,14212079.0,2380421.0,69529444.0,161615.0,Yes,dawson-creek-c,Dawson Creek,dawson-creek-c|Drainage System,Dawson Creek|Drainage System,0.815442216296739,0.9976755890641092
Dawson Creek,C,PEA,2024,Transportation System,109770557.0,51906691.0,57863866.0,546848.0,259264477.0,3792526.0,Yes,dawson-creek-c,Dawson Creek,dawson-creek-c|Transportation System,Dawson Creek|Transportation System,0.5271346669034394,0.9853719798258364
Dawson Creek,C,PEA,2024,Other Engineering Systems,0.0,0.0,0.0,0.0,0.0,0.0,,dawson-creek-c,Dawson Creek,dawson-creek-c|Other Engineering Systems,Dawson Creek|Other Engineering Systems,,
Dawson Creek,C,PEA,2024,Other Tangible Capital Assets,14703776.0,10164426.0,4539350.0,258869.0,2349736.0,1070437.0,N/A,dawson-creek-c,Dawson Creek,dawson-creek-c|Other Tangible Capital Assets,Dawson Creek|Other Tangible Capital Assets,0.3087200185857021,0.5444437162302489
Dawson Creek,C,PEA,2024,Work In Progress,2087693.0,,2087693.0,8439342.0,2087693.0,,N/A,dawson-creek-c,Dawson Creek,dawson-creek-c|Work In Progress,Dawson Creek|Work In Progress,1.0,
Dawson Creek,C,PEA,2024,Total TCA,426058268.0,174153780.0,251904488.0,21624918.0,963581060.0,13613812.0,,dawson-creek-c,Dawson Creek,dawson-creek-c|Total TCA,Dawson Creek|Total TCA,0.5912442192061861,0.9858716484111881
Delta,C,MVRD,2024,Land,252136617.0,,252136617.0,13869720.0,252136617.0,,N/A,delta-c,Delta,delta-c|Land,Delta|Land,1.0,
Delta,C,MVRD,2024,Buildings,196833141.0,78987850.0,117845291.0,12561135.0,357872775.0,9605334.0,In_Progress,delta-c,Delta,delta-c|Buildings,Delta|Buildings,0.5987065511493311,0.9731599197508108
Delta,C,MVRD,2024,Fleet,53562836.0,31858696.0,21704140.0,7493574.0,88144796.0,3715491.0,In_Progress,delta-c,Delta,delta-c|Fleet,Delta|Fleet,0.40520894001953145,0.9578478688634097
Delta,C,MVRD,2024,Parks and Recreation,38398115.0,17511048.0,20887067.0,696401.0,66710999.0,2084025.0,In_Progress,delta-c,Delta,delta-c|Parks and Recreation,Delta|Parks and Recreation,0.5439607386977199,0.9687603988661599
Delta,C,MVRD,2024,Water System,168268403.0,56448187.0,111820216.0,3241384.0,419134508.0,5135131.0,In_Progress,delta-c,Delta,delta-c|Water System,Delta|Water System,0.6645348384271526,0.9877482504971888
Delta,C,MVRD,2024,Sewer System,152945913.0,59459270.0,93486643.0,7899227.0,473829389.0,4937382.0,In_Progress,delta-c,Delta,delta-c|Sewer System,Delta|Sewer System,0.6112398897510913,0.9895798316553978
Delta,C,MVRD,2024,Drainage System,278909207.0,101971660.0,176937547.0,529384.0,750873994.0,9646222.0,In_Progress,delta-c,Delta,delta-c|Drainage System,Delta|Drainage System,0.6343912017217846,0.9871533412036108
Delta,C,MVRD,2024,Transportation System,382560209.0,204425543.0,178134666.0,3631044.0,945440878.0,0.0,In_Progress,delta-c,Delta,delta-c|Transportation System,Delta|Transportation System,0.46563824937684517,1.0
Delta,C,MVRD,2024,Other Engineering Systems,58955142.0,23973967.0,34981175.0,4158105.0,74164525.0,4922755.0,In_Progress,delta-c,Delta,delta-c|Other Engineering Systems,Delta|Other Engineering Systems,0.5933524000332321,0.9336238585765904
Delta,C,MVRD,2024,Other Tangible Capital Assets,8058201.0,1399240.0,6658961.0,1335676.0,0.0,0.0,N/A,delta-c,Delta,delta-c|Other Tangible Capital Assets,Delta|Other Tangible Capital Assets,0.8263582653249776,
Delta,C,MVRD,2024,Work In Progress,26728795.0,,26728795.0,6601651.0,26728795.0,,N/A,delta-c,Delta,delta-c|Work In Progress,Delta|Work In Progress,1.0,
Delta,C,MVRD,2024,Total TCA,1617356579.0,576035461.0,1041321118.0,62017301.0,3455037276.0,40046340.0,,delta-c,Delta,delta-c|Total TCA,Delta|Total TCA,0.6438413962144585,0.9884092885833166
Duncan,C,COW,2024,Land,2780392.0,,2780392.0,16000.0,2780392.0,,N/A,duncan-c,Duncan,duncan-c|Land,Duncan|Land,1.0,
Duncan,C,COW,2024,Buildings,9001759.0,4085173.0,4916586.0,952294.0,16300000.0,545100.0,Yes,duncan-c,Duncan,duncan-c|Buildings,Duncan|Buildings,0.5461805853722589,0.966558282208589
Duncan,C,COW,2024,Fleet,9222059.0,4836331.0,4385728.0,681377.0,12700000.0,750600.0,Yes,duncan-c,Duncan,duncan-c|Fleet,Duncan|Fleet,0.47556928447323965,0.9408976377952756
Duncan,C,COW,2024,Parks and Recreation,5017036.0,3031530.0,1985506.0,665010.0,0.0,0.0,Yes,duncan-c,Duncan,duncan-c|Parks and Recreation,Duncan|Parks and Recreation,0.39575279109019745,
Duncan,C,COW,2024,Water System,21300755.0,7195936.0,14104819.0,449177.0,220800000.0,2904600.0,Yes,duncan-c,Duncan,duncan-c|Water System,Duncan|Water System,0.6621746036701516,0.9868451086956522
Duncan,C,COW,2024,Sewer System,19708403.0,2155854.0,17552549.0,120571.0,82400000.0,1023300.0,Yes,duncan-c,Duncan,duncan-c|Sewer System,Duncan|Sewer System,0.8906124458689018,0.9875813106796116
Duncan,C,COW,2024,Drainage System,4535963.0,2213793.0,2322170.0,162982.0,76900000.0,982000.0,Yes,duncan-c,Duncan,duncan-c|Drainage System,Duncan|Drainage System,0.511946415788665,0.9872301690507153
Duncan,C,COW,2024,Transportation System,17044922.0,12132097.0,4912825.0,533100.0,115400000.0,0.0,Yes,duncan-c,Duncan,duncan-c|Transportation System,Duncan|Transportation System,0.2882280716802341,1.0
Duncan,C,COW,2024,Other Engineering Systems,0.0,0.0,0.0,0.0,0.0,0.0,,duncan-c,Duncan,duncan-c|Other Engineering Systems,Duncan|Other Engineering Systems,,
Duncan,C,COW,2024,Other Tangible Capital Assets,0.0,0.0,0.0,0.0,0.0,0.0,N/A,duncan-c,Duncan,duncan-c|Other Tangible Capital Assets,Duncan|Other Tangible Capital Assets,,
Duncan,C,COW,2024,Work In Progress,2242724.0,,2242724.0,1782193.0,2242724.0,,N/A,duncan-c,Duncan,duncan-c|Work In Progress,Duncan|Work In Progress,1.0,
Duncan,C,COW,2024,Total TCA,90854013.0,35650714.0,55203299.0,5362704.0,529523116.0,6205600.0,,duncan-c,Duncan,duncan-c|Total TCA,Duncan|Total TCA,0.6076044103852628,0.9882807760180955
Elkford,D,EKO,2024,Land,7502394.0,,7502394.0,100000.0,7502394.0,,N/A,elkford-d,Elkford,elkford-d|Land,Elkford|Land,1.0,
Elkford,D,EKO,2024,Buildings,28596454.0,12736843.0,15859611.0,180292.0,43620000.0,630746.0,Yes,elkford-d,Elkford,elkford-d|Buildings,Elkford|Buildings,0.5546006158665686,0.9855399816597891
Elkford,D,EKO,2024,Fleet,11590000.0,7008180.0,4581820.0,1733696.0,11310000.0,299794.0,Yes,elkford-d,Elkford,elkford-d|Fleet,Elkford|Fleet,0.3953252804141501,0.9734930150309461
Elkford,D,EKO,2024,Parks and Recreation,8800141.0,2610941.0,6189200.0,97019.0,3020000.0,177110.0,No,elkford-d,Elkford,elkford-d|Parks and Recreation,Elkford|Parks and Recreation,0.703306912923327,0.9413543046357616
Elkford,D,EKO,2024,Water System,7155859.0,2697304.0,4458555.0,0.0,52870000.0,133679.0,Yes,elkford-d,Elkford,elkford-d|Water System,Elkford|Water System,0.6230635623200513,0.9974715528655193
Elkford,D,EKO,2024,Sewer System,7961372.0,2370539.0,5590833.0,285836.0,31450000.0,122303.0,Yes,elkford-d,Elkford,elkford-d|Sewer System,Elkford|Sewer System,0.7022449145700013,0.9961111923688394
Elkford,D,EKO,2024,Drainage System,0.0,0.0,0.0,0.0,0.0,0.0,,elkford-d,Elkford,elkford-d|Drainage System,Elkford|Drainage System,,
Elkford,D,EKO,2024,Transportation System,32883124.0,14487059.0,18396065.0,0.0,22130000.0,0.0,Yes,elkford-d,Elkford,elkford-d|Transportation System,Elkford|Transportation System,0.559437874576637,1.0
Elkford,D,EKO,2024,Other Engineering Systems,0.0,0.0,0.0,0.0,0.0,0.0,,elkford-d,Elkford,elkford-d|Other Engineering Systems,Elkford|Other Engineering Systems,,
Elkford,D,EKO,2024,Other Tangible Capital Assets,0.0,0.0,0.0,0.0,0.0,0.0,N/A,elkford-d,Elkford,elkford-d|Other Tangible Capital Assets,Elkford|Other Tangible Capital Assets,,
Elkford,D,EKO,2024,Work In Progress,1094565.0,,1094565.0,1584527.0,1094565.0,,N/A,elkford-d,Elkford,elkford-d|Work In Progress,Elkford|Work In Progress,1.0,
Elkford,D,EKO,2024,Total TCA,105583909.0,41910866.0,63673043.0,3981370.0,172996959.0,1363632.0,,elkford-d,Elkford,elkford-d|Total TCA,Elkford|Total TCA,0.6030563141965126,0.9921175955468674
Enderby,C,NOK,2024,Land,1648517.0,,1648517.0,0.0,1648517.0,,N/A,enderby-c,Enderby,enderby-c|Land,Enderby|Land,1.0,
Enderby,C,NOK,2024,Buildings,3034872.0,2087474.0,947398.0,81585.0,59139000.0,949000.0,In_Progress,enderby-c,Enderby,enderby-c|Buildings,Enderby|Buildings,0.3121706615633213,0.9839530597406111
Enderby,C,NOK,2024,Fleet,3148954.0,1703228.0,1445726.0,869053.0,4720000.0,235000.0,Yes,enderby-c,Enderby,enderby-c|Fleet,Enderby|Fleet,0.459113089616425,0.9502118644067796
Enderby,C,NOK,2024,Parks and Recreation,1057038.0,435844.0,621194.0,18001.0,14940000.0,654000.0,In_Progress,enderby-c,Enderby,enderby-c|Parks and Recreation,Enderby|Parks and Recreation,0.5876742368770091,0.9562248995983935
Enderby,C,NOK,2024,Water System,17838209.0,11099589.0,6738620.0,488694.0,56653000.0,809000.0,In_Progress,enderby-c,Enderby,enderby-c|Water System,Enderby|Water System,0.3777632608744521,0.985720085432369
Enderby,C,NOK,2024,Sewer System,11384470.0,6403961.0,4980509.0,492543.0,28861000.0,593000.0,In_Progress,enderby-c,Enderby,enderby-c|Sewer System,Enderby|Sewer System,0.4374827286645755,0.9794532413984269
Enderby,C,NOK,2024,Drainage System,10523612.0,4533934.0,5989678.0,784884.0,15549000.0,150000.0,In_Progress,enderby-c,Enderby,enderby-c|Drainage System,Enderby|Drainage System,0.5691656058775257,0.9903530773683195
Enderby,C,NOK,2024,Transportation System,19802274.0,8650437.0,11151837.0,1777877.0,22541000.0,620000.0,In_Progress,enderby-c,Enderby,enderby-c|Transportation System,Enderby|Transportation System,0.5631594129037908,0.9724945654584979
Enderby,C,NOK,2024,Other Engineering Systems,0.0,0.0,0.0,0.0,0.0,0.0,,enderby-c,Enderby,enderby-c|Other Engineering Systems,Enderby|Other Engineering Systems,,
Enderby,C,NOK,2024,Other Tangible Capital Assets,768910.0,539166.0,229744.0,144998.0,575000.0,8000.0,N/A,enderby-c,Enderby,enderby-c|Other Tangible Capital Assets,Enderby|Other Tangible Capital Assets,0.29879179617900664,0.9860869565217392
Enderby,C,NOK,2024,Work In Progress,1044336.0,,1044336.0,421355.0,1044336.0,,N/A,enderby-c,Enderby,enderby-c|Work In Progress,Enderby|Work In Progress,1.0,
Enderby,C,NOK,2024,Total TCA,70251192.0,35453633.0,34797559.0,5078990.0,205670853.0,4018000.0,,enderby-c,Enderby,enderby-c|Total TCA,Enderby|Total TCA,0.49533051339541684,0.9804639308808624
Esquimalt,D,CAP,2024,Land,28682148.0,,28682148.0,0.0,28682148.0,,N/A,esquimalt-d,Esquimalt,esquimalt-d|Land,Esquimalt|Land,1.0,
Esquimalt,D,CAP,2024,Buildings,42772265.0,17576007.0,25196258.0,60897.0,42772265.0,1379125.0,In_Progress,esquimalt-d,Esquimalt,esquimalt-d|Buildings,Esquimalt|Buildings,0.5890793484983786,0.967756559069294
Esquimalt,D,CAP,2024,Fleet,7572589.0,4523232.0,3049357.0,376578.0,7572589.0,301794.0,In_Progress,esquimalt-d,Esquimalt,esquimalt-d|Fleet,Esquimalt|Fleet,0.4026835471989831,0.9601465232036229
Esquimalt,D,CAP,2024,Parks and Recreation,12837105.0,9393258.0,3443847.0,216748.0,12837105.0,301002.0,In_Progress,esquimalt-d,Esquimalt,esquimalt-d|Parks and Recreation,Esquimalt|Parks and Recreation,0.26827286993445953,0.9765521899213258
Esquimalt,D,CAP,2024,Water System,0.0,0.0,0.0,0.0,0.0,0.0,,esquimalt-d,Esquimalt,esquimalt-d|Water System,Esquimalt|Water System,,
Esquimalt,D,CAP,2024,Sewer System,13223284.0,6716999.0,6506285.0,147153.0,13223284.0,209697.0,In_Progress,esquimalt-d,Esquimalt,esquimalt-d|Sewer System,Esquimalt|Sewer System,0.4920324633426916,0.9841418364757196
Esquimalt,D,CAP,2024,Drainage System,15097327.0,8588972.0,6508355.0,124086.0,15097327.0,212169.0,In_Progress,esquimalt-d,Esquimalt,esquimalt-d|Drainage System,Esquimalt|Drainage System,0.4310931994782918,0.9859465851140404
Esquimalt,D,CAP,2024,Transportation System,49855708.0,28618474.0,21237234.0,5237629.0,49855708.0,1181702.0,In_Progress,esquimalt-d,Esquimalt,esquimalt-d|Transportation System,Esquimalt|Transportation System,0.4259739727294616,0.9762975585463554
Esquimalt,D,CAP,2024,Other Engineering Systems,0.0,0.0,0.0,0.0,0.0,0.0,,esquimalt-d,Esquimalt,esquimalt-d|Other Engineering Systems,Esquimalt|Other Engineering Systems,,
Esquimalt,D,CAP,2024,Other Tangible Capital Assets,13500329.0,8906958.0,4593371.0,1227136.0,13500329.0,789677.0,N/A,esquimalt-d,Esquimalt,esquimalt-d|Other Tangible Capital Assets,Esquimalt|Other Tangible Capital Assets,0.3402414118944805,0.9415068329075535
Esquimalt,D,CAP,2024,Work In Progress,11644248.0,,11644248.0,1952703.0,11644248.0,,N/A,esquimalt-d,Esquimalt,esquimalt-d|Work In Progress,Esquimalt|Work In Progress,1.0,
Esquimalt,D,CAP,2024,Total TCA,195185003.0,84323900.0,110861103.0,9342930.0,195185003.0,4375166.0,,esquimalt-d,Esquimalt,esquimalt-d|Total TCA,Esquimalt|Total TCA,0.567979615728981,0.9775845175973894
Fernie,C,EKO,2024,Land,4413960.0,,4413960.0,0.0,4413960.0,,N/A,fernie-c,Fernie,fernie-c|Land,Fernie|Land,1.0,
Fernie,C,EKO,2024,Buildings,27847711.0,11018999.0,16828712.0,478157.0,94976440.0,1319117.0,In_Progress,fernie-c,Fernie,fernie-c|Buildings,Fernie|Buildings,0.6043122179772693,0.9861111134508727
Fernie,C,EKO,2024,Fleet,14478454.0,9243371.0,5235083.0,1181386.0,15594339.0,1039623.0,In_Progress,fernie-c,Fernie,fernie-c|Fleet,Fernie|Fleet,0.36157748610452467,0.9333333076829996
Fernie,C,EKO,2024,Parks and Recreation,15035272.0,1922661.0,13112611.0,2548597.0,25456198.0,1018248.0,In_Progress,fernie-c,Fernie,fernie-c|Parks and Recreation,Fernie|Parks and Recreation,0.8721232978026603,0.9599999968573469
Fernie,C,EKO,2024,Water System,38989296.0,11183684.0,27805612.0,383797.0,58886174.0,1008166.0,In_Progress,fernie-c,Fernie,fernie-c|Water System,Fernie|Water System,0.7131601452870552,0.9828794107085307
Fernie,C,EKO,2024,Sewer System,28934056.0,12195448.0,16738608.0,103877.0,41426092.0,617919.0,In_Progress,fernie-c,Fernie,fernie-c|Sewer System,Fernie|Sewer System,0.5785088685803331,0.985083821085513
Fernie,C,EKO,2024,Drainage System,12295932.0,6120208.0,6175724.0,92948.0,30242160.0,403229.0,In_Progress,fernie-c,Fernie,fernie-c|Drainage System,Fernie|Drainage System,0.5022574945925206,0.9866666600533824
Fernie,C,EKO,2024,Transportation System,46235209.0,23998201.0,22237008.0,1692305.0,88140126.0,1351532.0,In_Progress,fernie-c,Fernie,fernie-c|Transportation System,Fernie|Transportation System,0.48095398465701755,0.9846660986166504
Fernie,C,EKO,2024,Other Engineering Systems,0.0,0.0,0.0,0.0,0.0,0.0,,fernie-c,Fernie,fernie-c|Other Engineering Systems,Fernie|Other Engineering Systems,,
Fernie,C,EKO,2024,Other Tangible Capital Assets,0.0,0.0,0.0,0.0,0.0,0.0,N/A,fernie-c,Fernie,fernie-c|Other Tangible Capital Assets,Fernie|Other Tangible Capital Assets,,
Fernie,C,EKO,2024,Work In Progress,6381384.0,,6381384.0,-1198931.0,6381384.0,,N/A,fernie-c,Fernie,fernie-c|Work In Progress,Fernie|Work In Progress,1.0,
Fernie,C,EKO,2024,Total TCA,194611274.0,75682572.0,118928702.0,5282136.0,365516873.0,6757834.0,,fernie-c,Fernie,fernie-c|Total TCA,Fernie|Total TCA,0.6111090049181838,0.9815115675932148
Fort St. James,D,BUL,2024,Land,1309686.0,,1309686.0,20789.0,1309686.0,,N/A,fort-st-james-d,Fort St. James,fort-st-james-d|Land,Fort St. James|Land,1.0,
Fort St. James,D,BUL,2024,Buildings,13253541.0,3717656.0,9535885.0,554308.0,0.0,0.0,In_Progress,fort-st-james-d,Fort St. James,fort-st-james-d|Buildings,Fort St. James|Buildings,0.7194971517423155,
Fort St. James,D,BUL,2024,Fleet,4938826.0,2516582.0,2422244.0,514212.0,0.0,0.0,In_Progress,fort-st-james-d,Fort St. James,fort-st-james-d|Fleet,Fort St. James|Fleet,0.49044934970375553,
Fort St. James,D,BUL,2024,Parks and Recreation,1014436.0,242498.0,771938.0,74968.0,0.0,0.0,No,fort-st-james-d,Fort St. James,fort-st-james-d|Parks and Recreation,Fort St. James|Parks and Recreation,0.7609528841642055,
Fort St. James,D,BUL,2024,Water System,7224925.0,2112718.0,5112207.0,744081.0,0.0,0.0,In_Progress,fort-st-james-d,Fort St. James,fort-st-james-d|Water System,Fort St. James|Water System,0.7075792482274903,
Fort St. James,D,BUL,2024,Sewer System,5489024.0,1675350.0,3813674.0,26479.0,0.0,0.0,In_Progress,fort-st-james-d,Fort St. James,fort-st-james-d|Sewer System,Fort St. James|Sewer System,0.694781804561248,
Fort St. James,D,BUL,2024,Drainage System,1153148.0,686515.0,466633.0,0.0,0.0,0.0,In_Progress,fort-st-james-d,Fort St. James,fort-st-james-d|Drainage System,Fort St. James|Drainage System,0.40466011301238003,
Fort St. James,D,BUL,2024,Transportation System,15293305.0,8855615.0,6437690.0,498754.0,0.0,0.0,In_Progress,fort-st-james-d,Fort St. James,fort-st-james-d|Transportation System,Fort St. James|Transportation System,0.420948251538827,
Fort St. James,D,BUL,2024,Other Engineering Systems,4476414.0,464439.0,4011975.0,570686.0,0.0,0.0,No,fort-st-james-d,Fort St. James,fort-st-james-d|Other Engineering Systems,Fort St. James|Other Engineering Systems,0.8962475320647286,
Fort St. James,D,BUL,2024,Other Tangible Capital Assets,2046175.0,1045365.0,1000810.0,308868.0,0.0,0.0,N/A,fort-st-james-d,Fort St. James,fort-st-james-d|Other Tangible Capital Assets,Fort St. James|Other Tangible Capital Assets,0.48911261255757693,
Fort St. James,D,BUL,2024,Work In Progress,0.0,,0.0,0.0,0.0,,N/A,fort-st-james-d,Fort St. James,fort-st-james-d|Work In Progress,Fort St. James|Work In Progress,,
Fort St. James,D,BUL,2024,Total TCA,56199480.0,21316738.0,34882742.0,3313145.0,1309686.0,0.0,,fort-st-james-d,Fort St. James,fort-st-james-d|Total TCA,Fort St. James|Total TCA,0.6206951025169628,1.0
Fort St. John,C,PEA,2024,Land,21259468.0,,21259468.0,831514.0,21259468.0,,N/A,fort-st-john-c,Fort St. John,fort-st-john-c|Land,Fort St. John|Land,1.0,
Fort St. John,C,PEA,2024,Buildings,174248707.0,43298490.0,130950217.0,2785238.0,231736855.0,4881313.0,In_Progress,fort-st-john-c,Fort St. John,fort-st-john-c|Buildings,Fort St. John|Buildings,0.7515132780870506,0.978935965968814
Fort St. John,C,PEA,2024,Fleet,40724194.0,21043636.0,19680558.0,2858957.0,44133815.0,2844229.0,Yes,fort-st-john-c,Fort St. John,fort-st-john-c|Fleet,Fort St. John|Fleet,0.4832645183843295,0.9355544269173195
Fort St. John,C,PEA,2024,Parks and Recreation,40209088.0,4346076.0,35863012.0,3819265.0,143101222.0,1796138.0,In_Progress,fort-st-john-c,Fort St. John,fort-st-john-c|Parks and Recreation,Fort St. John|Parks and Recreation,0.891913091886093,0.9874484789514935
Fort St. John,C,PEA,2024,Water System,78764770.0,30668229.0,48096541.0,1460677.0,216791091.0,3103002.0,Yes,fort-st-john-c,Fort St. John,fort-st-john-c|Water System,Fort St. John|Water System,0.6106351989601443,0.9856866719675302
Fort St. John,C,PEA,2024,Sewer System,71078989.0,24048234.0,47030755.0,973084.0,200977802.0,2816822.0,Yes,fort-st-john-c,Fort St. John,fort-st-john-c|Sewer System,Fort St. John|Sewer System,0.6616688793927555,0.9859844123481856
Fort St. John,C,PEA,2024,Drainage System,75327397.0,17513538.0,57813859.0,851751.0,257835515.0,3386562.0,Yes,fort-st-john-c,Fort St. John,fort-st-john-c|Drainage System,Fort St. John|Drainage System,0.7675010859594684,0.9868654168918506
Fort St. John,C,PEA,2024,Transportation System,271521745.0,75414693.0,196107052.0,12392778.0,632661683.0,6951278.0,Yes,fort-st-john-c,Fort St. John,fort-st-john-c|Transportation System,Fort St. John|Transportation System,0.7222517371490818,0.9890126457998247
Fort St. John,C,PEA,2024,Other Engineering Systems,0.0,0.0,0.0,0.0,0.0,0.0,,fort-st-john-c,Fort St. John,fort-st-john-c|Other Engineering Systems,Fort St. John|Other Engineering Systems,,
Fort St. John,C,PEA,2024,Other Tangible Capital Assets,0.0,0.0,0.0,0.0,0.0,0.0,N/A,fort-st-john-c,Fort St. John,fort-st-john-c|Other Tangible Capital Assets,Fort St. John|Other Tangible Capital Assets,,
Fort St. John,C,PEA,2024,Work In Progress,8516931.0,,8516931.0,4024242.0,8516931.0,,N/A,fort-st-john-c,Fort St. John,fort-st-john-c|Work In Progress,Fort St. John|Work In Progress,1.0,
Fort St. John,C,PEA,2024,Total TCA,781651289.0,216332896.0,565318393.0,29997506.0,1757014382.0,25779344.0,,fort-st-john-c,Fort St. John,fort-st-john-c|Total TCA,Fort St. John|Total TCA,0.7232360528992872,0.9853277558430367
Fraser Lake,V,BUL,2024,Land,1891127.0,,1891127.0,6828.0,1891127.0,,N/A,fraser-lake-v,Fraser Lake,fraser-lake-v|Land,Fraser Lake|Land,1.0,
Fraser Lake,V,BUL,2024,Buildings,9044671.0,2463955.0,6580716.0,17511.0,9044671.0,11508626.0,In_Progress,fraser-lake-v,Fraser Lake,fraser-lake-v|Buildings,Fraser Lake|Buildings,0.7275793669001338,-0.2724206330998662
Fraser Lake,V,BUL,2024,Fleet,6018097.0,3549797.0,2468300.0,721438.0,6018097.0,9567894.0,In_Progress,fraser-lake-v,Fraser Lake,fraser-lake-v|Fleet,Fraser Lake|Fleet,0.4101462638438696,-0.5898537361561305
Fraser Lake,V,BUL,2024,Parks and Recreation,0.0,0.0,0.0,0.0,0.0,0.0,,fraser-lake-v,Fraser Lake,fraser-lake-v|Parks and Recreation,Fraser Lake|Parks and Recreation,,
Fraser Lake,V,BUL,2024,Water System,3527370.0,1505971.0,2021399.0,0.0,3527370.0,5033341.0,In_Progress,fraser-lake-v,Fraser Lake,fraser-lake-v|Water System,Fraser Lake|Water System,0.5730612325897199,-0.42693876741028025
Fraser Lake,V,BUL,2024,Sewer System,5174473.0,2779253.0,2395220.0,0.0,5174473.0,7953726.0,In_Progress,fraser-lake-v,Fraser Lake,fraser-lake-v|Sewer System,Fraser Lake|Sewer System,0.4628915833554451,-0.537108416644555
Fraser Lake,V,BUL,2024,Drainage System,0.0,0.0,0.0,0.0,0.0,0.0,,fraser-lake-v,Fraser Lake,fraser-lake-v|Drainage System,Fraser Lake|Drainage System,,
Fraser Lake,V,BUL,2024,Transportation System,6748804.0,2393553.0,4355251.0,66055.0,6748804.0,9142357.0,In_Progress,fraser-lake-v,Fraser Lake,fraser-lake-v|Transportation System,Fraser Lake|Transportation System,0.6453367144756316,-0.35466328552436854
Fraser Lake,V,BUL,2024,Other Engineering Systems,0.0,0.0,0.0,0.0,0.0,0.0,,fraser-lake-v,Fraser Lake,fraser-lake-v|Other Engineering Systems,Fraser Lake|Other Engineering Systems,,
Fraser Lake,V,BUL,2024,Other Tangible Capital Assets,0.0,0.0,0.0,0.0,0.0,0.0,N/A,fraser-lake-v,Fraser Lake,fraser-lake-v|Other Tangible Capital Assets,Fraser Lake|Other Tangible Capital Assets,,
Fraser Lake,V,BUL,2024,Work In Progress,3408376.0,,3408376.0,3676331.0,3408376.0,,N/A,fraser-lake-v,Fraser Lake,fraser-lake-v|Work In Progress,Fraser Lake|Work In Progress,1.0,
Fraser Lake,V,BUL,2024,Total TCA,35812918.0,12692529.0,23120389.0,4488163.0,35812918.0,43205944.0,,fraser-lake-v,Fraser Lake,fraser-lake-v|Total TCA,Fraser Lake|Total TCA,0.6455879691233203,-0.2064346166933395
Fruitvale,V,KOO,2024,Land,1523331.0,,1523331.0,0.0,1523331.0,,N/A,fruitvale-v,Fruitvale,fruitvale-v|Land,Fruitvale|Land,1.0,
Fruitvale,V,KOO,2024,Buildings,9101896.0,3266410.0,5835486.0,1732820.0,11943819.0,226353.0,In_Progress,fruitvale-v,Fruitvale,fruitvale-v|Buildings,Fruitvale|Buildings,0.6411286175979158,0.9810485239268948
Fruitvale,V,KOO,2024,Fleet,4146087.0,2070645.0,2075442.0,832561.0,4586332.0,365270.0,Yes,fruitvale-v,Fruitvale,fruitvale-v|Fleet,Fruitvale|Fleet,0.5005784972674234,0.920356834175982
Fruitvale,V,KOO,2024,Parks and Recreation,1922134.0,693903.0,1228231.0,475701.0,3518045.0,68609.0,Yes,fruitvale-v,Fruitvale,fruitvale-v|Parks and Recreation,Fruitvale|Parks and Recreation,0.638993431259215,0.9804979754380629
Fruitvale,V,KOO,2024,Water System,0.0,0.0,0.0,0.0,0.0,0.0,,fruitvale-v,Fruitvale,fruitvale-v|Water System,Fruitvale|Water System,,
Fruitvale,V,KOO,2024,Sewer System,3798459.0,1018770.0,2779689.0,28966.0,8047854.0,85274.0,In_Progress,fruitvale-v,Fruitvale,fruitvale-v|Sewer System,Fruitvale|Sewer System,0.7317938669339329,0.9894041318343996
Fruitvale,V,KOO,2024,Drainage System,1277513.0,637559.0,639954.0,68340.0,2290171.0,29220.0,In_Progress,fruitvale-v,Fruitvale,fruitvale-v|Drainage System,Fruitvale|Drainage System,0.5009373681520266,0.9872411274092633
Fruitvale,V,KOO,2024,Transportation System,7239239.0,3612833.0,3626406.0,387261.0,17492998.0,471911.0,In_Progress,fruitvale-v,Fruitvale,fruitvale-v|Transportation System,Fruitvale|Transportation System,0.5009374604153835,0.9730228632050378
Fruitvale,V,KOO,2024,Other Engineering Systems,0.0,0.0,0.0,0.0,0.0,0.0,,fruitvale-v,Fruitvale,fruitvale-v|Other Engineering Systems,Fruitvale|Other Engineering Systems,,
Fruitvale,V,KOO,2024,Other Tangible Capital Assets,0.0,0.0,0.0,0.0,0.0,0.0,N/A,fruitvale-v,Fruitvale,fruitvale-v|Other Tangible Capital Assets,Fruitvale|Other Tangible Capital Assets,,
Fruitvale,V,KOO,2024,Work In Progress,192166.0,,192166.0,-1867760.0,192166.0,,N/A,fruitvale-v,Fruitvale,fruitvale-v|Work In Progress,Fruitvale|Work In Progress,1.0,
Fruitvale,V,KOO,2024,Total TCA,29200825.0,11300120.0,17900705.0,1657889.0,49594716.0,1246637.0,,fruitvale-v,Fruitvale,fruitvale-v|Total TCA,Fruitvale|Total TCA,0.6130205225366064,0.9748635116692673
Gibsons,T,SUN,2024,Land,11390262.0,,11390262.0,0.0,11390262.0,,N/A,gibsons-t,Gibsons,gibsons-t|Land,Gibsons|Land,1.0,
Gibsons,T,SUN,2024,Buildings,9232643.0,4412794.0,4819849.0,1575990.0,27697929.0,692448.0,In_Progress,gibsons-t,Gibsons,gibsons-t|Buildings,Gibsons|Buildings,0.5220443376831532,0.9750000081233511
Gibsons,T,SUN,2024,Fleet,2164011.0,1241297.0,922714.0,363738.0,4328022.0,393456.0,In_Progress,gibsons-t,Gibsons,gibsons-t|Fleet,Gibsons|Fleet,0.4263906237075505,0.9090910351195073
Gibsons,T,SUN,2024,Parks and Recreation,0.0,0.0,0.0,0.0,0.0,0.0,,gibsons-t,Gibsons,gibsons-t|Parks and Recreation,Gibsons|Parks and Recreation,,
Gibsons,T,SUN,2024,Water System,20730501.0,5788454.0,14942047.0,122184.0,62191503.0,1151695.0,Yes,gibsons-t,Gibsons,gibsons-t|Water System,Gibsons|Water System,0.7207759715985639,0.981481473441798
Gibsons,T,SUN,2024,Sewer System,18877343.0,6859830.0,12017513.0,360626.0,56632029.0,988742.0,Yes,gibsons-t,Gibsons,gibsons-t|Sewer System,Gibsons|Sewer System,0.6366104064539168,0.9825409398628469
Gibsons,T,SUN,2024,Drainage System,8258508.0,2117717.0,6140791.0,1155537.0,24775524.0,419924.0,Yes,gibsons-t,Gibsons,gibsons-t|Drainage System,Gibsons|Drainage System,0.7435714780442182,0.9830508529304971
Gibsons,T,SUN,2024,Transportation System,18886554.0,9796074.0,9090480.0,0.0,39012214.0,2012566.0,In_Progress,gibsons-t,Gibsons,gibsons-t|Transportation System,Gibsons|Transportation System,0.481320202722,0.9484118999244698
Gibsons,T,SUN,2024,Other Engineering Systems,0.0,0.0,0.0,0.0,0.0,0.0,,gibsons-t,Gibsons,gibsons-t|Other Engineering Systems,Gibsons|Other Engineering Systems,,
Gibsons,T,SUN,2024,Other Tangible Capital Assets,6870841.0,2898495.0,3972346.0,1332043.0,13741682.0,392620.0,N/A,gibsons-t,Gibsons,gibsons-t|Other Tangible Capital Assets,Gibsons|Other Tangible Capital Assets,0.5781455283276093,0.9714285340033338
Gibsons,T,SUN,2024,Work In Progress,3501343.0,,3501343.0,-84834.0,3501343.0,,N/A,gibsons-t,Gibsons,gibsons-t|Work In Progress,Gibsons|Work In Progress,1.0,
Gibsons,T,SUN,2024,Total TCA,99912006.0,33114661.0,66797345.0,4825284.0,243270508.0,6051451.0,,gibsons-t,Gibsons,gibsons-t|Total TCA,Gibsons|Total TCA,0.6685617442212101,0.9751246008003568
Gold River,V,STR,2024,Land,2072061.0,,2072061.0,0.0,2072061.0,,N/A,gold-river-v,Gold River,gold-river-v|Land,Gold River|Land,1.0,
Gold River,V,STR,2024,Buildings,9346396.0,4576355.0,4770041.0,34475.0,10997640.0,144165.0,Yes,gold-river-v,Gold River,gold-river-v|Buildings,Gold River|Buildings,0.5103615340073329,0.9868912784924766
Gold River,V,STR,2024,Fleet,2118306.0,1259383.0,858923.0,127047.0,2037986.0,78503.0,In_Progress,gold-river-v,Gold River,gold-river-v|Fleet,Gold River|Fleet,0.405476357051342,0.9614801083030011
Gold River,V,STR,2024,Parks and Recreation,1119676.0,877909.0,241767.0,0.0,2206919.0,12365045.0,Yes,gold-river-v,Gold River,gold-river-v|Parks and Recreation,Gold River|Parks and Recreation,0.21592585712295342,-4.602854024094223
Gold River,V,STR,2024,Water System,1815617.0,1014323.0,801294.0,0.0,6793596.0,43540.0,Yes,gold-river-v,Gold River,gold-river-v|Water System,Gold River|Water System,0.44133426818541577,0.9935910230752609
Gold River,V,STR,2024,Sewer System,4357419.0,1965753.0,2391666.0,0.0,8586992.0,105502.0,Yes,gold-river-v,Gold River,gold-river-v|Sewer System,Gold River|Sewer System,0.5488721649214822,0.9877137419017044
Gold River,V,STR,2024,Drainage System,1201357.0,694438.0,506919.0,0.0,5307988.0,1501696.0,Yes,gold-river-v,Gold River,gold-river-v|Drainage System,Gold River|Drainage System,0.4219553388376644,0.7170875292106915
Gold River,V,STR,2024,Transportation System,3700387.0,2699373.0,1001014.0,0.0,12215079.0,2047038.0,Yes,gold-river-v,Gold River,gold-river-v|Transportation System,Gold River|Transportation System,0.270516029809855,0.8324171296804548
Gold River,V,STR,2024,Other Engineering Systems,0.0,0.0,0.0,0.0,0.0,0.0,,gold-river-v,Gold River,gold-river-v|Other Engineering Systems,Gold River|Other Engineering Systems,,
Gold River,V,STR,2024,Other Tangible Capital Assets,2372314.0,1386801.0,985513.0,50071.0,79184.0,19661.0,N/A,gold-river-v,Gold River,gold-river-v|Other Tangible Capital Assets,Gold River|Other Tangible Capital Assets,0.4154226632730743,0.7517048898767428
Gold River,V,STR,2024,Work In Progress,43450.0,,43450.0,43450.0,43450.0,,N/A,gold-river-v,Gold River,gold-river-v|Work In Progress,Gold River|Work In Progress,1.0,
Gold River,V,STR,2024,Total TCA,28146983.0,14474335.0,13672648.0,255043.0,50340895.0,16305150.0,,gold-river-v,Gold River,gold-river-v|Total TCA,Gold River|Total TCA,0.4857589177497283,0.676105281799221
Golden,T,COL,2024,Land,9535516.0,,9535516.0,0.0,9535516.0,,N/A,golden-t,Golden,golden-t|Land,Golden|Land,1.0,
Golden,T,COL,2024,Buildings,11673410.0,5592816.0,6080594.0,409421.0,0.0,0.0,In_Progress,golden-t,Golden,golden-t|Buildings,Golden|Buildings,0.520892695450601,
Golden,T,COL,2024,Fleet,9227326.0,5145726.0,4081600.0,1038496.0,0.0,0.0,In_Progress,golden-t,Golden,golden-t|Fleet,Golden|Fleet,0.442338332903812,
Golden,T,COL,2024,Parks and Recreation,6599014.0,3131147.0,3467867.0,798768.0,0.0,0.0,In_Progress,golden-t,Golden,golden-t|Parks and Recreation,Golden|Parks and Recreation,0.5255129023820831,
Golden,T,COL,2024,Water System,12318210.0,7090836.0,5227374.0,422600.0,0.0,0.0,In_Progress,golden-t,Golden,golden-t|Water System,Golden|Water System,0.42436149408071466,
Golden,T,COL,2024,Sewer System,19844972.0,10594055.0,9250917.0,1207695.0,0.0,0.0,In_Progress,golden-t,Golden,golden-t|Sewer System,Golden|Sewer System,0.4661592367074138,
Golden,T,COL,2024,Drainage System,16520263.0,3846535.0,12673728.0,2099830.0,0.0,0.0,In_Progress,golden-t,Golden,golden-t|Drainage System,Golden|Drainage System,0.7671626050989624,
Golden,T,COL,2024,Transportation System,55047785.0,32561893.0,22485892.0,1494679.0,0.0,0.0,In_Progress,golden-t,Golden,golden-t|Transportation System,Golden|Transportation System,0.40847950557865315,
Golden,T,COL,2024,Other Engineering Systems,4311098.0,1759112.0,2551986.0,0.0,0.0,0.0,In_Progress,golden-t,Golden,golden-t|Other Engineering Systems,Golden|Other Engineering Systems,0.5919573157464757,
Golden,T,COL,2024,Other Tangible Capital Assets,0.0,0.0,0.0,0.0,0.0,0.0,N/A,golden-t,Golden,golden-t|Other Tangible Capital Assets,Golden|Other Tangible Capital Assets,,
Golden,T,COL,2024,Work In Progress,2902398.0,,2902398.0,-2259097.0,2902398.0,,N/A,golden-t,Golden,golden-t|Work In Progress,Golden|Work In Progress,1.0,
Golden,T,COL,2024,Total TCA,147979992.0,69722120.0,78257872.0,5212392.0,12437914.0,0.0,,golden-t,Golden,golden-t|Total TCA,Golden|Total TCA,0.5288408989777483,1.0
Grand Forks,C,KOO,2024,Land,6902758.0,,6902758.0,0.0,6902758.0,,N/A,grand-forks-c,Grand Forks,grand-forks-c|Land,Grand Forks|Land,1.0,
Grand Forks,C,KOO,2024,Buildings,7752083.0,4126834.0,3625249.0,0.0,13250697.0,708215.0,In_Progress,grand-forks-c,Grand Forks,grand-forks-c|Buildings,Grand Forks|Buildings,0.46764837270189186,0.9465526228544808
Grand Forks,C,KOO,2024,Fleet,5795186.0,3434519.0,2360667.0,970881.0,7249122.0,1186436.0,In_Progress,grand-forks-c,Grand Forks,grand-forks-c|Fleet,Grand Forks|Fleet,0.4073496519352442,0.8363338346354221
Grand Forks,C,KOO,2024,Parks and Recreation,3782672.0,2442057.0,1340615.0,22419.0,5268353.0,773040.0,In_Progress,grand-forks-c,Grand Forks,grand-forks-c|Parks and Recreation,Grand Forks|Parks and Recreation,0.35440952850260343,0.8532672355098453
Grand Forks,C,KOO,2024,Water System,12963771.0,7623204.0,5340567.0,201767.0,23498323.0,1500988.0,In_Progress,grand-forks-c,Grand Forks,grand-forks-c|Water System,Grand Forks|Water System,0.4119609178533006,0.9361236118849843
Grand Forks,C,KOO,2024,Sewer System,15297339.0,6040814.0,9256525.0,172572.0,22868511.0,982641.0,In_Progress,grand-forks-c,Grand Forks,grand-forks-c|Sewer System,Grand Forks|Sewer System,0.6051068751238369,0.9570308272366312
Grand Forks,C,KOO,2024,Drainage System,501616.0,410117.0,91499.0,0.0,757128.0,207432.0,In_Progress,grand-forks-c,Grand Forks,grand-forks-c|Drainage System,Grand Forks|Drainage System,0.18240845587062612,0.7260278314895235
Grand Forks,C,KOO,2024,Transportation System,13284358.0,9531258.0,3753100.0,130549.0,19765659.0,3607063.0,In_Progress,grand-forks-c,Grand Forks,grand-forks-c|Transportation System,Grand Forks|Transportation System,0.28252023921667874,0.8175085890128935
Grand Forks,C,KOO,2024,Other Engineering Systems,13760387.0,7257526.0,6502861.0,0.0,17947415.0,1899197.0,In_Progress,grand-forks-c,Grand Forks,grand-forks-c|Other Engineering Systems,Grand Forks|Other Engineering Systems,0.47257835117573366,0.8941799139318949
Grand Forks,C,KOO,2024,Other Tangible Capital Assets,4411003.0,2589562.0,1821441.0,507129.0,5506562.0,889590.0,N/A,grand-forks-c,Grand Forks,grand-forks-c|Other Tangible Capital Assets,Grand Forks|Other Tangible Capital Assets,0.41293125395743324,0.8384491085363245
Grand Forks,C,KOO,2024,Work In Progress,47753496.0,,47753496.0,9761832.0,47753496.0,,N/A,grand-forks-c,Grand Forks,grand-forks-c|Work In Progress,Grand Forks|Work In Progress,1.0,
Grand Forks,C,KOO,2024,Total TCA,132204669.0,43455891.0,88748778.0,11767149.0,170768024.0,11754602.0,,grand-forks-c,Grand Forks,grand-forks-c|Total TCA,Grand Forks|Total TCA,0.6712983639027151,0.9311662586199393
Granisle,V,BUL,2024,Land,178248.0,,178248.0,0.0,178248.0,,N/A,granisle-v,Granisle,granisle-v|Land,Granisle|Land,1.0,
Granisle,V,BUL,2024,Buildings,4073272.0,2166352.0,1906920.0,170405.0,1906920.0,123878.0,In_Progress,granisle-v,Granisle,granisle-v|Buildings,Granisle|Buildings,0.46815434864158345,0.9350376523398989
Granisle,V,BUL,2024,Fleet,3967412.0,1441800.0,2525612.0,0.0,1913068.0,228486.0,Yes,granisle-v,Granisle,granisle-v|Fleet,Granisle|Fleet,0.6365892929698251,0.8805656672946283
Granisle,V,BUL,2024,Parks and Recreation,2827912.0,447009.0,2380903.0,145426.0,2827912.0,92781.0,In_Progress,granisle-v,Granisle,granisle-v|Parks and Recreation,Granisle|Parks and Recreation,0.8419296640065179,0.9671909875554826
Granisle,V,BUL,2024,Water System,7749068.0,1646966.0,6102102.0,0.0,7749068.0,131991.0,Yes,granisle-v,Granisle,granisle-v|Water System,Granisle|Water System,0.7874626987400292,0.9829668548527384
Granisle,V,BUL,2024,Sewer System,5502160.0,790618.0,4711542.0,0.0,5502159.0,98345.0,Yes,granisle-v,Granisle,granisle-v|Sewer System,Granisle|Sewer System,0.8563077046105529,0.9821261072244549
Granisle,V,BUL,2024,Drainage System,0.0,0.0,0.0,0.0,0.0,0.0,,granisle-v,Granisle,granisle-v|Drainage System,Granisle|Drainage System,,
Granisle,V,BUL,2024,Transportation System,2952484.0,1855416.0,1097068.0,0.0,2952484.0,0.0,In_Progress,granisle-v,Granisle,granisle-v|Transportation System,Granisle|Transportation System,0.3715745792356538,1.0
Granisle,V,BUL,2024,Other Engineering Systems,0.0,0.0,0.0,0.0,0.0,0.0,,granisle-v,Granisle,granisle-v|Other Engineering Systems,Granisle|Other Engineering Systems,,
Granisle,V,BUL,2024,Other Tangible Capital Assets,777684.0,507353.0,270331.0,2064306.0,2064306.0,0.0,N/A,granisle-v,Granisle,granisle-v|Other Tangible Capital Assets,Granisle|Other Tangible Capital Assets,0.3476103404467624,1.0
Granisle,V,BUL,2024,Work In Progress,260366.0,,260366.0,260366.0,260366.0,,N/A,granisle-v,Granisle,granisle-v|Work In Progress,Granisle|Work In Progress,1.0,
Granisle,V,BUL,2024,Total TCA,28288606.0,8855514.0,19433092.0,2640503.0,25354531.0,675481.0,,granisle-v,Granisle,granisle-v|Total TCA,Granisle|Total TCA,0.6869582757100156,0.9733585685335691
Greenwood,C,KOO,2024,Land,,,,,,,,greenwood-c,Greenwood,greenwood-c|Land,Greenwood|Land,,
Greenwood,C,KOO,2024,Buildings,,,,,,,,greenwood-c,Greenwood,greenwood-c|Buildings,Greenwood|Buildings,,
Greenwood,C,KOO,2024,Fleet,,,,,,,,greenwood-c,Greenwood,greenwood-c|Fleet,Greenwood|Fleet,,
Greenwood,C,KOO,2024,Parks and Recreation,,,,,,,,greenwood-c,Greenwood,greenwood-c|Parks and Recreation,Greenwood|Parks and Recreation,,
Greenwood,C,KOO,2024,Water System,,,,,,,,greenwood-c,Greenwood,greenwood-c|Water System,Greenwood|Water System,,
Greenwood,C,KOO,2024,Sewer System,,,,,,,,greenwood-c,Greenwood,greenwood-c|Sewer System,Greenwood|Sewer System,,
Greenwood,C,KOO,2024,Drainage System,,,,,,,,greenwood-c,Greenwood,greenwood-c|Drainage System,Greenwood|Drainage System,,
Greenwood,C,KOO,2024,Transportation System,,,,,,,,greenwood-c,Greenwood,greenwood-c|Transportation System,Greenwood|Transportation System,,
Greenwood,C,KOO,2024,Other Engineering Systems,,,,,,,,greenwood-c,Greenwood,greenwood-c|Other Engineering Systems,Greenwood|Other Engineering Systems,,
Greenwood,C,KOO,2024,Other Tangible Capital Assets,,,,,,,,greenwood-c,Greenwood,greenwood-c|Other Tangible Capital Assets,Greenwood|Other Tangible Capital Assets,,
Greenwood,C,KOO,2024,Work In Progress,,,,,,,,greenwood-c,Greenwood,greenwood-c|Work In Progress,Greenwood|Work In Progress,,
Greenwood,C,KOO,2024,Total TCA,,,,,,,,greenwood-c,Greenwood,greenwood-c|Total TCA,Greenwood|Total TCA,,
Harrison Hot Springs,V,FVR,2024,Land,10680913.0,,10680913.0,0.0,10680913.0,,N/A,harrison-hot-springs-v,Harrison Hot Springs,harrison-hot-springs-v|Land,Harrison Hot Springs|Land,1.0,
Harrison Hot Springs,V,FVR,2024,Buildings,5432867.0,2180395.0,3252472.0,768422.0,9185566.0,306185.0,In_Progress,harrison-hot-springs-v,Harrison Hot Springs,harrison-hot-springs-v|Buildings,Harrison Hot Springs|Buildings,0.598665860953342,0.9666667247287756
Harrison Hot Springs,V,FVR,2024,Fleet,3009382.0,1523068.0,1486314.0,344036.0,2903691.0,170804.0,In_Progress,harrison-hot-springs-v,Harrison Hot Springs,harrison-hot-springs-v|Fleet,Harrison Hot Springs|Fleet,0.49389343061133484,0.9411769365266484
Harrison Hot Springs,V,FVR,2024,Parks and Recreation,3906060.0,1752767.0,2153293.0,255823.0,2312940.0,105132.0,In_Progress,harrison-hot-springs-v,Harrison Hot Springs,harrison-hot-springs-v|Parks and Recreation,Harrison Hot Springs|Parks and Recreation,0.5512698217641306,0.9545461620275494
Harrison Hot Springs,V,FVR,2024,Water System,10237988.0,2684408.0,7553580.0,129023.0,12900402.0,218892.0,In_Progress,harrison-hot-springs-v,Harrison Hot Springs,harrison-hot-springs-v|Water System,Harrison Hot Springs|Water System,0.7377992629020468,0.9830321566723269
Harrison Hot Springs,V,FVR,2024,Sewer System,9288689.0,3064460.0,6224229.0,231842.0,30736673.0,1083796.0,In_Progress,harrison-hot-springs-v,Harrison Hot Springs,harrison-hot-springs-v|Sewer System,Harrison Hot Springs|Sewer System,0.6700869196934035,0.9647393197045107
Harrison Hot Springs,V,FVR,2024,Drainage System,2471001.0,781292.0,1689709.0,0.0,9108408.0,96897.0,In_Progress,harrison-hot-springs-v,Harrison Hot Springs,harrison-hot-springs-v|Drainage System,Harrison Hot Springs|Drainage System,0.683815587286286,0.9893618072444713
Harrison Hot Springs,V,FVR,2024,Transportation System,10259212.0,6539597.0,3719615.0,0.0,21271734.0,352712.0,In_Progress,harrison-hot-springs-v,Harrison Hot Springs,harrison-hot-springs-v|Transportation System,Harrison Hot Springs|Transportation System,0.3625634210502717,0.9834187471505614
Harrison Hot Springs,V,FVR,2024,Other Engineering Systems,0.0,0.0,0.0,0.0,0.0,0.0,,harrison-hot-springs-v,Harrison Hot Springs,harrison-hot-springs-v|Other Engineering Systems,Harrison Hot Springs|Other Engineering Systems,,
Harrison Hot Springs,V,FVR,2024,Other Tangible Capital Assets,1642708.0,321702.0,1321006.0,703353.0,0.0,0.0,N/A,harrison-hot-springs-v,Harrison Hot Springs,harrison-hot-springs-v|Other Tangible Capital Assets,Harrison Hot Springs|Other Tangible Capital Assets,0.8041636127662373,
Harrison Hot Springs,V,FVR,2024,Work In Progress,2053513.0,,2053513.0,568284.0,2053513.0,,N/A,harrison-hot-springs-v,Harrison Hot Springs,harrison-hot-springs-v|Work In Progress,Harrison Hot Springs|Work In Progress,1.0,
Harrison Hot Springs,V,FVR,2024,Total TCA,58982333.0,18847689.0,40134644.0,3000783.0,101153840.0,2334418.0,,harrison-hot-springs-v,Harrison Hot Springs,harrison-hot-springs-v|Total TCA,Harrison Hot Springs|Total TCA,0.6804519583855728,0.9769221020180746
Hazelton,V,KIT,2024,Land,,,,,,,,hazelton-v,Hazelton,hazelton-v|Land,Hazelton|Land,,
Hazelton,V,KIT,2024,Buildings,,,,,,,,hazelton-v,Hazelton,hazelton-v|Buildings,Hazelton|Buildings,,
Hazelton,V,KIT,2024,Fleet,,,,,,,,hazelton-v,Hazelton,hazelton-v|Fleet,Hazelton|Fleet,,
Hazelton,V,KIT,2024,Parks and Recreation,,,,,,,,hazelton-v,Hazelton,hazelton-v|Parks and Recreation,Hazelton|Parks and Recreation,,
Hazelton,V,KIT,2024,Water System,,,,,,,,hazelton-v,Hazelton,hazelton-v|Water System,Hazelton|Water System,,
Hazelton,V,KIT,2024,Sewer System,,,,,,,,hazelton-v,Hazelton,hazelton-v|Sewer System,Hazelton|Sewer System,,
Hazelton,V,KIT,2024,Drainage System,,,,,,,,hazelton-v,Hazelton,hazelton-v|Drainage System,Hazelton|Drainage System,,
Hazelton,V,KIT,2024,Transportation System,,,,,,,,hazelton-v,Hazelton,hazelton-v|Transportation System,Hazelton|Transportation System,,
Hazelton,V,KIT,2024,Other Engineering Systems,,,,,,,,hazelton-v,Hazelton,hazelton-v|Other Engineering Systems,Hazelton|Other Engineering Systems,,
Hazelton,V,KIT,2024,Other Tangible Capital Assets,,,,,,,,hazelton-v,Hazelton,hazelton-v|Other Tangible Capital Assets,Hazelton|Other Tangible Capital Assets,,
Hazelton,V,KIT,2024,Work In Progress,,,,,,,,hazelton-v,Hazelton,hazelton-v|Work In Progress,Hazelton|Work In Progress,,
Hazelton,V,KIT,2024,Total TCA,,,,,,,,hazelton-v,Hazelton,hazelton-v|Total TCA,Hazelton|Total TCA,,
Highlands,D,CAP,2024,Land,9795876.0,,9795876.0,0.0,9795876.0,,N/A,highlands-d,Highlands,highlands-d|Land,Highlands|Land,1.0,
Highlands,D,CAP,2024,Buildings,6120413.0,1616281.0,4504132.0,218525.0,10000000.0,349000.0,Yes,highlands-d,Highlands,highlands-d|Buildings,Highlands|Buildings,0.7359196184963335,0.9651
Highlands,D,CAP,2024,Fleet,2948174.0,1408826.0,1539348.0,58098.0,7000000.0,247000.0,Yes,highlands-d,Highlands,highlands-d|Fleet,Highlands|Fleet,0.5221360747364301,0.9647142857142857
Highlands,D,CAP,2024,Parks and Recreation,470845.0,148267.0,322578.0,0.0,1.0,26000.0,Yes,highlands-d,Highlands,highlands-d|Parks and Recreation,Highlands|Parks and Recreation,0.685104439889985,-25999.0
Highlands,D,CAP,2024,Water System,0.0,0.0,0.0,0.0,0.0,0.0,,highlands-d,Highlands,highlands-d|Water System,Highlands|Water System,,
Highlands,D,CAP,2024,Sewer System,0.0,0.0,0.0,0.0,0.0,0.0,,highlands-d,Highlands,highlands-d|Sewer System,Highlands|Sewer System,,
Highlands,D,CAP,2024,Drainage System,0.0,0.0,0.0,0.0,0.0,0.0,,highlands-d,Highlands,highlands-d|Drainage System,Highlands|Drainage System,,
Highlands,D,CAP,2024,Transportation System,38853234.0,18001011.0,20852223.0,342355.0,98000000.0,992000.0,Yes,highlands-d,Highlands,highlands-d|Transportation System,Highlands|Transportation System,0.5366920807673308,0.9898775510204082
Highlands,D,CAP,2024,Other Engineering Systems,0.0,0.0,0.0,0.0,0.0,0.0,,highlands-d,Highlands,highlands-d|Other Engineering Systems,Highlands|Other Engineering Systems,,
Highlands,D,CAP,2024,Other Tangible Capital Assets,0.0,0.0,0.0,0.0,0.0,0.0,N/A,highlands-d,Highlands,highlands-d|Other Tangible Capital Assets,Highlands|Other Tangible Capital Assets,,
Highlands,D,CAP,2024,Work In Progress,8755.0,,8755.0,8755.0,8755.0,,N/A,highlands-d,Highlands,highlands-d|Work In Progress,Highlands|Work In Progress,1.0,
Highlands,D,CAP,2024,Total TCA,58197297.0,21174385.0,37022912.0,627733.0,124804632.0,1614000.0,,highlands-d,Highlands,highlands-d|Total TCA,Highlands|Total TCA,0.6361620540555346,0.9870677876763421
Hope,D,FVR,2024,Land,3416273.0,,3416273.0,0.0,3416273.0,,N/A,hope-d,Hope,hope-d|Land,Hope|Land,1.0,
Hope,D,FVR,2024,Buildings,3689345.0,2010976.0,1678369.0,97660.0,32108300.0,642200.0,Yes,hope-d,Hope,hope-d|Buildings,Hope|Buildings,0.4549232993932527,0.9799989410837696
Hope,D,FVR,2024,Fleet,4954845.0,2575598.0,2379247.0,86939.0,7108600.0,355400.0,Yes,hope-d,Hope,hope-d|Fleet,Hope|Fleet,0.4801859593993354,0.9500042202402723
Hope,D,FVR,2024,Parks and Recreation,0.0,0.0,0.0,0.0,0.0,0.0,,hope-d,Hope,hope-d|Parks and Recreation,Hope|Parks and Recreation,,
Hope,D,FVR,2024,Water System,13478816.0,7261573.0,6217243.0,156150.0,60463572.0,806181.0,Yes,hope-d,Hope,hope-d|Water System,Hope|Water System,0.4612603213813439,0.9866666660051113
Hope,D,FVR,2024,Sewer System,16714387.0,8986822.0,7727565.0,63466.0,72795200.0,970600.0,Yes,hope-d,Hope,hope-d|Sewer System,Hope|Sewer System,0.4623301470762882,0.9866667032991187
Hope,D,FVR,2024,Drainage System,4056400.0,2158003.0,1898397.0,173783.0,32152100.0,428700.0,Yes,hope-d,Hope,hope-d|Drainage System,Hope|Drainage System,0.4680004437432206,0.98666650078844
Hope,D,FVR,2024,Transportation System,36272827.0,21692559.0,14580268.0,134303.0,76885400.0,561500.0,Yes,hope-d,Hope,hope-d|Transportation System,Hope|Transportation System,0.4019611705478594,0.9926969229528623
Hope,D,FVR,2024,Other Engineering Systems,721473.0,208797.0,512676.0,0.0,812800.0,27100.0,Yes,hope-d,Hope,hope-d|Other Engineering Systems,Hope|Other Engineering Systems,0.7105962385286767,0.9666584645669292
Hope,D,FVR,2024,Other Tangible Capital Assets,5054860.0,3708611.0,1346249.0,205385.0,5969500.0,298500.0,N/A,hope-d,Hope,hope-d|Other Tangible Capital Assets,Hope|Other Tangible Capital Assets,0.2663276529913786,0.9499958120445599
Hope,D,FVR,2024,Work In Progress,1474844.0,,1474844.0,1170970.0,1474844.0,,N/A,hope-d,Hope,hope-d|Work In Progress,Hope|Work In Progress,1.0,
Hope,D,FVR,2024,Total TCA,89834070.0,48602939.0,41231131.0,2088656.0,293186589.0,4090181.0,,hope-d,Hope,hope-d|Total TCA,Hope|Total TCA,0.45896986521928707,0.9860492220536049
Houston,D,BUL,2024,Land,3096411.0,,3096411.0,663597.0,3096411.0,,N/A,houston-d,Houston,houston-d|Land,Houston|Land,1.0,
Houston,D,BUL,2024,Buildings,13364951.0,5835831.0,7529120.0,0.0,16404413.0,469103.0,Yes,houston-d,Houston,houston-d|Buildings,Houston|Buildings,0.5633481185228438,0.9714038533411711
Houston,D,BUL,2024,Fleet,5484012.0,3222425.0,2261587.0,230918.0,3434436.0,197244.0,Yes,houston-d,Houston,houston-d|Fleet,Houston|Fleet,0.41239643531049897,0.9425687361767696
Houston,D,BUL,2024,Parks and Recreation,1363137.0,735441.0,627696.0,193386.0,3256645.0,198675.0,No,houston-d,Houston,houston-d|Parks and Recreation,Houston|Parks and Recreation,0.46047902741984115,0.9389939646476665
Houston,D,BUL,2024,Water System,12083774.0,5764494.0,6319280.0,0.0,38605815.0,668813.0,Yes,houston-d,Houston,houston-d|Water System,Houston|Water System,0.522955824893779,0.9826758481850467
Houston,D,BUL,2024,Sewer System,5823741.0,3331653.0,2492088.0,0.0,26543110.0,433604.0,Yes,houston-d,Houston,houston-d|Sewer System,Houston|Sewer System,0.4279187553155266,0.9836641599270017
Houston,D,BUL,2024,Drainage System,2393444.0,2048087.0,345357.0,0.0,12181826.0,183726.0,Yes,houston-d,Houston,houston-d|Drainage System,Houston|Drainage System,0.14429291013284623,0.9849180246048499
Houston,D,BUL,2024,Transportation System,28868624.0,19928759.0,8939865.0,596004.0,64554614.0,85589.0,Yes,houston-d,Houston,houston-d|Transportation System,Houston|Transportation System,0.30967409461566303,0.998674161385273
Houston,D,BUL,2024,Other Engineering Systems,2567200.0,1949189.0,618011.0,0.0,10411186.0,104737.0,No,houston-d,Houston,houston-d|Other Engineering Systems,Houston|Other Engineering Systems,0.24073348395138672,0.9899399549676665
Houston,D,BUL,2024,Other Tangible Capital Assets,7246933.0,1450325.0,5796608.0,751709.0,1111403.0,307285.0,N/A,houston-d,Houston,houston-d|Other Tangible Capital Assets,Houston|Other Tangible Capital Assets,0.7998705107388188,0.7235161323120416
Houston,D,BUL,2024,Work In Progress,905025.0,,905025.0,771099.0,905025.0,,N/A,houston-d,Houston,houston-d|Work In Progress,Houston|Work In Progress,1.0,
Houston,D,BUL,2024,Total TCA,83197252.0,44266204.0,38931048.0,3206713.0,180504884.0,2648776.0,,houston-d,Houston,houston-d|Total TCA,Houston|Total TCA,0.4679367054094527,0.9853257377789291
Hudson's Hope,D,PEA,2024,Land,2037584.0,,2037584.0,7132.0,2037584.0,,N/A,hudson-s-hope-d,Hudson's Hope,hudson-s-hope-d|Land,Hudson's Hope|Land,1.0,
Hudson's Hope,D,PEA,2024,Buildings,10293459.0,4992331.0,5301128.0,159578.0,41550000.0,997200.0,In_Progress,hudson-s-hope-d,Hudson's Hope,hudson-s-hope-d|Buildings,Hudson's Hope|Buildings,0.5149996711503878,0.976
Hudson's Hope,D,PEA,2024,Fleet,9183989.0,4274577.0,4909412.0,863597.0,6890000.0,521970.0,In_Progress,hudson-s-hope-d,Hudson's Hope,hudson-s-hope-d|Fleet,Hudson's Hope|Fleet,0.5345620514136069,0.9242423802612482
Hudson's Hope,D,PEA,2024,Parks and Recreation,0.0,0.0,0.0,0.0,0.0,0.0,,hudson-s-hope-d,Hudson's Hope,hudson-s-hope-d|Parks and Recreation,Hudson's Hope|Parks and Recreation,,
Hudson's Hope,D,PEA,2024,Water System,9270516.0,3363269.0,5907247.0,250602.0,13870300.0,1387030.0,In_Progress,hudson-s-hope-d,Hudson's Hope,hudson-s-hope-d|Water System,Hudson's Hope|Water System,0.6372080043872423,0.9
Hudson's Hope,D,PEA,2024,Sewer System,5427297.0,1285421.0,4141876.0,79732.0,9220770.0,141068.0,In_Progress,hudson-s-hope-d,Hudson's Hope,hudson-s-hope-d|Sewer System,Hudson's Hope|Sewer System,0.763156318882125,0.9847010607573988
Hudson's Hope,D,PEA,2024,Drainage System,0.0,0.0,0.0,0.0,0.0,0.0,,hudson-s-hope-d,Hudson's Hope,hudson-s-hope-d|Drainage System,Hudson's Hope|Drainage System,,
Hudson's Hope,D,PEA,2024,Transportation System,7109834.0,4193749.0,2916085.0,19245.0,16071946.0,0.0,In_Progress,hudson-s-hope-d,Hudson's Hope,hudson-s-hope-d|Transportation System,Hudson's Hope|Transportation System,0.41014811316269834,1.0
Hudson's Hope,D,PEA,2024,Other Engineering Systems,0.0,0.0,0.0,0.0,0.0,0.0,,hudson-s-hope-d,Hudson's Hope,hudson-s-hope-d|Other Engineering Systems,Hudson's Hope|Other Engineering Systems,,
Hudson's Hope,D,PEA,2024,Other Tangible Capital Assets,0.0,0.0,0.0,0.0,0.0,0.0,N/A,hudson-s-hope-d,Hudson's Hope,hudson-s-hope-d|Other Tangible Capital Assets,Hudson's Hope|Other Tangible Capital Assets,,
Hudson's Hope,D,PEA,2024,Work In Progress,0.0,,0.0,0.0,0.0,,N/A,hudson-s-hope-d,Hudson's Hope,hudson-s-hope-d|Work In Progress,Hudson's Hope|Work In Progress,,
Hudson's Hope,D,PEA,2024,Total TCA,43322679.0,18109347.0,25213332.0,1379886.0,89640600.0,3047268.0,,hudson-s-hope-d,Hudson's Hope,hudson-s-hope-d|Total TCA,Hudson's Hope|Total TCA,0.5819892163178552,0.9660057161598651
Invermere,D,EKO,2024,Land,18417024.0,,18417024.0,0.0,18417024.0,,N/A,invermere-d,Invermere,invermere-d|Land,Invermere|Land,1.0,
Invermere,D,EKO,2024,Buildings,17197380.0,5728137.0,11469243.0,176030.0,46000000.0,1150000.0,No,invermere-d,Invermere,invermere-d|Buildings,Invermere|Buildings,0.6669180421668882,0.975
Invermere,D,EKO,2024,Fleet,4457435.0,3681829.0,775606.0,439832.0,3418950.0,136758.0,No,invermere-d,Invermere,invermere-d|Fleet,Invermere|Fleet,0.17400276167796053,0.96
Invermere,D,EKO,2024,Parks and Recreation,4764971.0,2438970.0,2326001.0,204799.0,25000000.0,416667.0,No,invermere-d,Invermere,invermere-d|Parks and Recreation,Invermere|Parks and Recreation,0.48814588798126995,0.98333332
Invermere,D,EKO,2024,Water System,32831871.0,11587039.0,21244832.0,102007.0,215931000.0,2699138.0,No,invermere-d,Invermere,invermere-d|Water System,Invermere|Water System,0.6470795404867423,0.9874999976844455
Invermere,D,EKO,2024,Sewer System,24407342.0,10589718.0,13817624.0,402824.0,136982000.0,1876466.0,No,invermere-d,Invermere,invermere-d|Sewer System,Invermere|Sewer System,0.5661257174173246,0.9863013680629572
Invermere,D,EKO,2024,Drainage System,3437288.0,1888513.0,1548775.0,0.0,1521280.0,20157.0,No,invermere-d,Invermere,invermere-d|Drainage System,Invermere|Drainage System,0.4505805158019927,0.9867499737063525
Invermere,D,EKO,2024,Transportation System,31903791.0,14512220.0,17391571.0,749652.0,39121200.0,1185491.0,No,invermere-d,Invermere,invermere-d|Transportation System,Invermere|Transportation System,0.5451255306932019,0.969696967373189
Invermere,D,EKO,2024,Other Engineering Systems,7447514.0,3299180.0,4148334.0,505317.0,10000000.0,1666667.0,No,invermere-d,Invermere,invermere-d|Other Engineering Systems,Invermere|Other Engineering Systems,0.5570092248232095,0.8333333
Invermere,D,EKO,2024,Other Tangible Capital Assets,4086521.0,0.0,4086521.0,0.0,5000000.0,83333.0,N/A,invermere-d,Invermere,invermere-d|Other Tangible Capital Assets,Invermere|Other Tangible Capital Assets,1.0,0.9833334
Invermere,D,EKO,2024,Work In Progress,1411422.0,,1411422.0,1698797.0,1411422.0,,N/A,invermere-d,Invermere,invermere-d|Work In Progress,Invermere|Work In Progress,1.0,
Invermere,D,EKO,2024,Total TCA,150362559.0,53725606.0,96636953.0,4279258.0,502802876.0,9234677.0,,invermere-d,Invermere,invermere-d|Total TCA,Invermere|Total TCA,0.6426929259696891,0.9816336034641139
Kamloops,C,TNR,2024,Land,126754252.0,,126754252.0,21595500.0,126754252.0,,N/A,kamloops-c,Kamloops,kamloops-c|Land,Kamloops|Land,1.0,
Kamloops,C,TNR,2024,Buildings,114840619.0,40141198.0,74699421.0,8453942.0,161842843.0,3236857.0,Yes,kamloops-c,Kamloops,kamloops-c|Buildings,Kamloops|Buildings,0.6504616715798093,0.9799999991349633
Kamloops,C,TNR,2024,Fleet,130360347.0,88960747.0,41399600.0,6462915.0,112965000.0,7531000.0,In_Progress,kamloops-c,Kamloops,kamloops-c|Fleet,Kamloops|Fleet,0.317578166618412,0.9333333333333333
Kamloops,C,TNR,2024,Parks and Recreation,145946755.0,95275193.0,50671562.0,2977480.0,375579190.0,8561954.0,No,kamloops-c,Kamloops,kamloops-c|Parks and Recreation,Kamloops|Parks and Recreation,0.3471921112600277,0.9772033322719504
Kamloops,C,TNR,2024,Water System,255240027.0,116299095.0,138940932.0,10031943.0,777065922.0,11175124.0,No,kamloops-c,Kamloops,kamloops-c|Water System,Kamloops|Water System,0.5443540091774085,0.9856188211532457
Kamloops,C,TNR,2024,Sewer System,151187262.0,50971978.0,100215284.0,907885.0,442684714.0,6089979.0,No,kamloops-c,Kamloops,kamloops-c|Sewer System,Kamloops|Sewer System,0.6628553402865381,0.9862430781831785
Kamloops,C,TNR,2024,Drainage System,96330357.0,46049295.0,50281062.0,211884.0,258735059.0,3644156.0,In_Progress,kamloops-c,Kamloops,kamloops-c|Drainage System,Kamloops|Drainage System,0.5219648672121084,0.9859154920323341
Kamloops,C,TNR,2024,Transportation System,949995933.0,217093513.0,732902420.0,4705249.0,1917996080.0,35560068.0,In_Progress,kamloops-c,Kamloops,kamloops-c|Transportation System,Kamloops|Transportation System,0.771479534323438,0.981459780668582
Kamloops,C,TNR,2024,Other Engineering Systems,0.0,0.0,0.0,0.0,0.0,0.0,,kamloops-c,Kamloops,kamloops-c|Other Engineering Systems,Kamloops|Other Engineering Systems,,
Kamloops,C,TNR,2024,Other Tangible Capital Assets,106391297.0,54413260.0,51978037.0,23885907.0,106391297.0,54413259.0,N/A,kamloops-c,Kamloops,kamloops-c|Other Tangible Capital Assets,Kamloops|Other Tangible Capital Assets,0.4885553467780358,0.48855535617730084
Kamloops,C,TNR,2024,Work In Progress,86057521.0,,86057521.0,34731769.0,86057521.0,,N/A,kamloops-c,Kamloops,kamloops-c|Work In Progress,Kamloops|Work In Progress,1.0,
Kamloops,C,TNR,2024,Total TCA,2163104370.0,709204279.0,1453900091.0,113964474.0,4366071878.0,130212397.0,,kamloops-c,Kamloops,kamloops-c|Total TCA,Kamloops|Total TCA,0.6721358946725257,0.9701763047795614
Kaslo,V,CKO,2024,Land,1851445.0,,1851445.0,0.0,1851445.0,,N/A,kaslo-v,Kaslo,kaslo-v|Land,Kaslo|Land,1.0,
Kaslo,V,CKO,2024,Buildings,4328127.0,2521448.0,1806679.0,74961.0,24054875.0,320732.0,In_Progress,kaslo-v,Kaslo,kaslo-v|Buildings,Kaslo|Buildings,0.4174274460985087,0.9866666528094618
Kaslo,V,CKO,2024,Fleet,1195571.0,806979.0,388592.0,11452.0,1811188.0,90559.0,In_Progress,kaslo-v,Kaslo,kaslo-v|Fleet,Kaslo|Fleet,0.32502628451175214,0.9500002208495197
Kaslo,V,CKO,2024,Parks and Recreation,1185936.0,598562.0,587374.0,74200.0,4130426.0,85682.0,In_Progress,kaslo-v,Kaslo,kaslo-v|Parks and Recreation,Kaslo|Parks and Recreation,0.49528305068738954,0.9792558927335825
Kaslo,V,CKO,2024,Water System,6585091.0,3731083.0,2854008.0,155644.0,29999184.0,599984.0,In_Progress,kaslo-v,Kaslo,kaslo-v|Water System,Kaslo|Water System,0.4334044890192102,0.9799999893330432
Kaslo,V,CKO,2024,Sewer System,3216455.0,1403375.0,1813080.0,0.0,11444353.0,228887.0,In_Progress,kaslo-v,Kaslo,kaslo-v|Sewer System,Kaslo|Sewer System,0.5636889059539151,0.9800000052427603
Kaslo,V,CKO,2024,Drainage System,0.0,0.0,0.0,0.0,1444675.0,28834.0,In_Progress,kaslo-v,Kaslo,kaslo-v|Drainage System,Kaslo|Drainage System,,0.9800411857338156
Kaslo,V,CKO,2024,Transportation System,1566693.0,880042.0,686651.0,15500.0,7596761.0,302418.0,In_Progress,kaslo-v,Kaslo,kaslo-v|Transportation System,Kaslo|Transportation System,0.43828050549788633,0.9601911920093313
Kaslo,V,CKO,2024,Other Engineering Systems,11.0,0.0,11.0,0.0,4604400.0,184160.0,In_Progress,kaslo-v,Kaslo,kaslo-v|Other Engineering Systems,Kaslo|Other Engineering Systems,1.0,0.9600034749370168
Kaslo,V,CKO,2024,Other Tangible Capital Assets,0.0,0.0,0.0,0.0,0.0,0.0,N/A,kaslo-v,Kaslo,kaslo-v|Other Tangible Capital Assets,Kaslo|Other Tangible Capital Assets,,
Kaslo,V,CKO,2024,Work In Progress,0.0,,0.0,0.0,0.0,,N/A,kaslo-v,Kaslo,kaslo-v|Work In Progress,Kaslo|Work In Progress,,
Kaslo,V,CKO,2024,Total TCA,19929329.0,9941489.0,9987840.0,331757.0,86937307.0,1841256.0,,kaslo-v,Kaslo,kaslo-v|Total TCA,Kaslo|Total TCA,0.5011628841091439,0.9788208760595725
Kelowna,C,COK,2024,Land,453979355.0,,453979355.0,46793797.0,453979355.0,,N/A,kelowna-c,Kelowna,kelowna-c|Land,Kelowna|Land,1.0,
Kelowna,C,COK,2024,Buildings,454360360.0,215250627.0,239109733.0,8497321.0,1615116089.0,59423412.0,Yes,kelowna-c,Kelowna,kelowna-c|Buildings,Kelowna|Buildings,0.526255708134398,0.9632079623225152
Kelowna,C,COK,2024,Fleet,139934481.0,84476327.0,55458154.0,4746114.0,82922601.0,7653622.0,Yes,kelowna-c,Kelowna,kelowna-c|Fleet,Kelowna|Fleet,0.3963151440851808,0.9077016168366451
Kelowna,C,COK,2024,Parks and Recreation,155259348.0,79057239.0,76202109.0,3519567.0,304867635.0,13068981.0,Yes,kelowna-c,Kelowna,kelowna-c|Parks and Recreation,Kelowna|Parks and Recreation,0.4908052879366723,0.9571322780786488
Kelowna,C,COK,2024,Water System,412807591.0,153392867.0,259414724.0,4695000.0,990649497.0,14161780.0,Yes,kelowna-c,Kelowna,kelowna-c|Water System,Kelowna|Water System,0.6284155855070019,0.9857045503552101
Kelowna,C,COK,2024,Sewer System,664293544.0,277642424.0,386651120.0,4049704.0,1122248076.0,20040331.0,Yes,kelowna-c,Kelowna,kelowna-c|Sewer System,Kelowna|Sewer System,0.5820485890496626,0.9821426907039759
Kelowna,C,COK,2024,Drainage System,292361117.0,130984824.0,161376293.0,3589400.0,444562626.0,5565323.0,Yes,kelowna-c,Kelowna,kelowna-c|Drainage System,Kelowna|Drainage System,0.5519759079316967,0.9874813520648944
Kelowna,C,COK,2024,Transportation System,836711525.0,497704400.0,339007125.0,19213186.0,1027651970.0,24666979.0,Yes,kelowna-c,Kelowna,kelowna-c|Transportation System,Kelowna|Transportation System,0.40516607560771917,0.9759967579296326
Kelowna,C,COK,2024,Other Engineering Systems,179090518.0,73208376.0,105882142.0,7540627.0,0.0,0.0,Yes,kelowna-c,Kelowna,kelowna-c|Other Engineering Systems,Kelowna|Other Engineering Systems,0.5912213733169279,
Kelowna,C,COK,2024,Other Tangible Capital Assets,93497154.0,47464861.0,46032293.0,5462235.0,63944753.0,3381095.0,N/A,kelowna-c,Kelowna,kelowna-c|Other Tangible Capital Assets,Kelowna|Other Tangible Capital Assets,0.49233897536603094,0.9471247468889277
Kelowna,C,COK,2024,Work In Progress,151103198.0,,151103198.0,149608073.0,151103198.0,,N/A,kelowna-c,Kelowna,kelowna-c|Work In Progress,Kelowna|Work In Progress,1.0,
Kelowna,C,COK,2024,Total TCA,3833398191.0,1559181945.0,2274216246.0,257715024.0,6257045800.0,147961523.0,,kelowna-c,Kelowna,kelowna-c|Total TCA,Kelowna|Total TCA,0.5932637656425502,0.9763528144543867
Kent,D,FVR,2024,Land,5580285.0,,5580285.0,0.0,5580285.0,,N/A,kent-d,Kent,kent-d|Land,Kent|Land,1.0,
Kent,D,FVR,2024,Buildings,10941376.0,3882051.0,7059325.0,57765.0,11102457.0,317213.0,In_Progress,kent-d,Kent,kent-d|Buildings,Kent|Buildings,0.64519535751262,0.9714285765754374
Kent,D,FVR,2024,Fleet,5295184.0,3129244.0,2165940.0,1103735.0,5838345.0,291917.0,In_Progress,kent-d,Kent,kent-d|Fleet,Kent|Fleet,0.40903961033270986,0.9500000428203541
Kent,D,FVR,2024,Parks and Recreation,2203231.0,1285636.0,917595.0,287090.0,1157919.0,46317.0,In_Progress,kent-d,Kent,kent-d|Parks and Recreation,Kent|Parks and Recreation,0.4164769831216064,0.959999792731616
Kent,D,FVR,2024,Water System,12441601.0,5217174.0,7224427.0,110844.0,12335489.0,352443.0,In_Progress,kent-d,Kent,kent-d|Water System,Kent|Water System,0.5806669897226249,0.9714285343694117
Kent,D,FVR,2024,Sewer System,17253102.0,6680006.0,10573096.0,272866.0,24128546.0,689387.0,In_Progress,kent-d,Kent,kent-d|Sewer System,Kent|Sewer System,0.612822899905188,0.9714285726127053
Kent,D,FVR,2024,Drainage System,4384070.0,2667958.0,1716112.0,0.0,10523094.0,263077.0,In_Progress,kent-d,Kent,kent-d|Drainage System,Kent|Drainage System,0.3914426548846163,0.9750000332601799
Kent,D,FVR,2024,Transportation System,20842962.0,11865083.0,8977879.0,1093944.0,29732194.0,206617.0,In_Progress,kent-d,Kent,kent-d|Transportation System,Kent|Transportation System,0.4307391147189157,0.9930507314730961
Kent,D,FVR,2024,Other Engineering Systems,11164456.0,2989298.0,8175158.0,999917.0,10524845.0,300710.0,In_Progress,kent-d,Kent,kent-d|Other Engineering Systems,Kent|Other Engineering Systems,0.7322486648700125,0.9714285578552463
Kent,D,FVR,2024,Other Tangible Capital Assets,4110595.0,1971656.0,2138939.0,927604.0,2561544.0,128077.0,N/A,kent-d,Kent,kent-d|Other Tangible Capital Assets,Kent|Other Tangible Capital Assets,0.5203477842015573,0.9500000780779092
Kent,D,FVR,2024,Work In Progress,6382387.0,,6382387.0,5129008.0,6382387.0,,N/A,kent-d,Kent,kent-d|Work In Progress,Kent|Work In Progress,1.0,
Kent,D,FVR,2024,Total TCA,100599249.0,39688106.0,60911143.0,9982773.0,119867105.0,2595758.0,,kent-d,Kent,kent-d|Total TCA,Kent|Total TCA,0.605483078705687,0.9783447009919861
Keremeos,V,OKS,2024,Land,738994.0,,738994.0,159493.0,738994.0,,N/A,keremeos-v,Keremeos,keremeos-v|Land,Keremeos|Land,1.0,
Keremeos,V,OKS,2024,Buildings,1729394.0,1090036.0,639358.0,275434.0,0.0,0.0,Yes,keremeos-v,Keremeos,keremeos-v|Buildings,Keremeos|Buildings,0.3697006003258945,
Keremeos,V,OKS,2024,Fleet,1179058.0,783763.0,395295.0,136942.0,0.0,0.0,Yes,keremeos-v,Keremeos,keremeos-v|Fleet,Keremeos|Fleet,0.3352634051929591,
Keremeos,V,OKS,2024,Parks and Recreation,784034.0,421932.0,362102.0,0.0,0.0,0.0,Yes,keremeos-v,Keremeos,keremeos-v|Parks and Recreation,Keremeos|Parks and Recreation,0.46184476693612775,
Keremeos,V,OKS,2024,Water System,2198364.0,341354.0,1857010.0,0.0,0.0,0.0,Yes,keremeos-v,Keremeos,keremeos-v|Water System,Keremeos|Water System,0.8447236217478088,
Keremeos,V,OKS,2024,Sewer System,10629027.0,3697805.0,6931222.0,721894.0,0.0,0.0,Yes,keremeos-v,Keremeos,keremeos-v|Sewer System,Keremeos|Sewer System,0.6521031511162781,
Keremeos,V,OKS,2024,Drainage System,310312.0,158728.0,151584.0,0.0,0.0,0.0,Yes,keremeos-v,Keremeos,keremeos-v|Drainage System,Keremeos|Drainage System,0.48848900461471034,
Keremeos,V,OKS,2024,Transportation System,4261454.0,1502102.0,2759352.0,179548.0,0.0,0.0,No,keremeos-v,Keremeos,keremeos-v|Transportation System,Keremeos|Transportation System,0.6475142052454397,
Keremeos,V,OKS,2024,Other Engineering Systems,0.0,0.0,0.0,0.0,0.0,0.0,,keremeos-v,Keremeos,keremeos-v|Other Engineering Systems,Keremeos|Other Engineering Systems,,
Keremeos,V,OKS,2024,Other Tangible Capital Assets,0.0,0.0,0.0,0.0,0.0,0.0,N/A,keremeos-v,Keremeos,keremeos-v|Other Tangible Capital Assets,Keremeos|Other Tangible Capital Assets,,
Keremeos,V,OKS,2024,Work In Progress,0.0,,0.0,0.0,0.0,,N/A,keremeos-v,Keremeos,keremeos-v|Work In Progress,Keremeos|Work In Progress,,
Keremeos,V,OKS,2024,Total TCA,21830637.0,7995720.0,13834917.0,1473311.0,738994.0,0.0,,keremeos-v,Keremeos,keremeos-v|Total TCA,Keremeos|Total TCA,0.6337385849070735,1.0
Kimberley,C,EKO,2024,Land,20050296.0,,20050296.0,0.0,20050296.0,,N/A,kimberley-c,Kimberley,kimberley-c|Land,Kimberley|Land,1.0,
Kimberley,C,EKO,2024,Buildings,37787375.0,19357959.0,18429416.0,623909.0,93117439.0,2821740.0,In_Progress,kimberley-c,Kimberley,kimberley-c|Buildings,Kimberley|Buildings,0.48771358158644257,0.9696969758801034
Kimberley,C,EKO,2024,Fleet,10668215.0,6390986.0,4277229.0,526737.0,12913533.0,645677.0,In_Progress,kimberley-c,Kimberley,kimberley-c|Fleet,Kimberley|Fleet,0.40093202096133235,0.9499999728966504
Kimberley,C,EKO,2024,Parks and Recreation,5057477.0,1759941.0,3297536.0,570310.0,2736730.0,101360.0,In_Progress,kimberley-c,Kimberley,kimberley-c|Parks and Recreation,Kimberley|Parks and Recreation,0.6520120605590495,0.9629630982961418
Kimberley,C,EKO,2024,Water System,22171684.0,9823698.0,12347986.0,953605.0,91236561.0,1495681.0,In_Progress,kimberley-c,Kimberley,kimberley-c|Water System,Kimberley|Water System,0.5569259421160793,0.9836065609706618
Kimberley,C,EKO,2024,Sewer System,14445435.0,6635151.0,7810284.0,1133705.0,65089406.0,1033165.0,In_Progress,kimberley-c,Kimberley,kimberley-c|Sewer System,Kimberley|Sewer System,0.5406748914103313,0.9841269868094971
Kimberley,C,EKO,2024,Drainage System,8332906.0,3329423.0,5003483.0,525924.0,43993460.0,799881.0,In_Progress,kimberley-c,Kimberley,kimberley-c|Drainage System,Kimberley|Drainage System,0.6004487510119519,0.9818181838846046
Kimberley,C,EKO,2024,Transportation System,51495820.0,29535322.0,21960498.0,2521662.0,86535494.0,2422182.0,In_Progress,kimberley-c,Kimberley,kimberley-c|Transportation System,Kimberley|Transportation System,0.4264520498945351,0.9720093814914837
Kimberley,C,EKO,2024,Other Engineering Systems,6627702.0,649525.0,5978177.0,140485.0,94693.0,1280.0,In_Progress,kimberley-c,Kimberley,kimberley-c|Other Engineering Systems,Kimberley|Other Engineering Systems,0.9019984604015087,0.9864826333519902
Kimberley,C,EKO,2024,Other Tangible Capital Assets,4630753.0,3533132.0,1097621.0,277365.0,400000.0,26666.0,N/A,kimberley-c,Kimberley,kimberley-c|Other Tangible Capital Assets,Kimberley|Other Tangible Capital Assets,0.23702862147905535,0.933335
Kimberley,C,EKO,2024,Work In Progress,5710785.0,,5710785.0,1801547.0,5710785.0,,N/A,kimberley-c,Kimberley,kimberley-c|Work In Progress,Kimberley|Work In Progress,1.0,
Kimberley,C,EKO,2024,Total TCA,186978448.0,81015137.0,105963311.0,9075249.0,421878397.0,9347632.0,,kimberley-c,Kimberley,kimberley-c|Total TCA,Kimberley|Total TCA,0.5667140364754766,0.9778428284869016
Kitimat,D,KIT,2024,Land,,,,,,,,kitimat-d,Kitimat,kitimat-d|Land,Kitimat|Land,,
Kitimat,D,KIT,2024,Buildings,,,,,,,,kitimat-d,Kitimat,kitimat-d|Buildings,Kitimat|Buildings,,
Kitimat,D,KIT,2024,Fleet,,,,,,,,kitimat-d,Kitimat,kitimat-d|Fleet,Kitimat|Fleet,,
Kitimat,D,KIT,2024,Parks and Recreation,,,,,,,,kitimat-d,Kitimat,kitimat-d|Parks and Recreation,Kitimat|Parks and Recreation,,
Kitimat,D,KIT,2024,Water System,,,,,,,,kitimat-d,Kitimat,kitimat-d|Water System,Kitimat|Water System,,
Kitimat,D,KIT,2024,Sewer System,,,,,,,,kitimat-d,Kitimat,kitimat-d|Sewer System,Kitimat|Sewer System,,
Kitimat,D,KIT,2024,Drainage System,,,,,,,,kitimat-d,Kitimat,kitimat-d|Drainage System,Kitimat|Drainage System,,
Kitimat,D,KIT,2024,Transportation System,,,,,,,,kitimat-d,Kitimat,kitimat-d|Transportation System,Kitimat|Transportation System,,
Kitimat,D,KIT,2024,Other Engineering Systems,,,,,,,,kitimat-d,Kitimat,kitimat-d|Other Engineering Systems,Kitimat|Other Engineering Systems,,
Kitimat,D,KIT,2024,Other Tangible Capital Assets,,,,,,,,kitimat-d,Kitimat,kitimat-d|Other Tangible Capital Assets,Kitimat|Other Tangible Capital Assets,,
Kitimat,D,KIT,2024,Work In Progress,,,,,,,,kitimat-d,Kitimat,kitimat-d|Work In Progress,Kitimat|Work In Progress,,
Kitimat,D,KIT,2024,Total TCA,,,,,,,,kitimat-d,Kitimat,kitimat-d|Total TCA,Kitimat|Total TCA,,
Ladysmith,T,COW,2024,Land,12032100.0,,12032100.0,29742.0,12032100.0,,N/A,ladysmith-t,Ladysmith,ladysmith-t|Land,Ladysmith|Land,1.0,
Ladysmith,T,COW,2024,Buildings,27057919.0,10827059.0,16230860.0,86723.0,37168557.0,1208880.0,In_Progress,ladysmith-t,Ladysmith,ladysmith-t|Buildings,Ladysmith|Buildings,0.5998561825837382,0.9674757349336968
Ladysmith,T,COW,2024,Fleet,7299770.0,2869373.0,4430397.0,439297.0,8478416.0,653171.0,Yes,ladysmith-t,Ladysmith,ladysmith-t|Fleet,Ladysmith|Fleet,0.6069228208559996,0.9229607275698668
Ladysmith,T,COW,2024,Parks and Recreation,9129200.0,4530007.0,4599193.0,11458.0,12878311.0,397748.0,In_Progress,ladysmith-t,Ladysmith,ladysmith-t|Parks and Recreation,Ladysmith|Parks and Recreation,0.5037892695964598,0.9691148940260877
Ladysmith,T,COW,2024,Water System,37070664.0,9657750.0,27412914.0,431939.0,59664548.0,1395768.0,Yes,ladysmith-t,Ladysmith,ladysmith-t|Water System,Ladysmith|Water System,0.7394772858667975,0.9766064095549672
Ladysmith,T,COW,2024,Sewer System,38685189.0,14506000.0,24179189.0,0.0,27650585.0,594326.0,No,ladysmith-t,Ladysmith,ladysmith-t|Sewer System,Ladysmith|Sewer System,0.6250244505720264,0.9785058435472522
Ladysmith,T,COW,2024,Drainage System,12874514.0,3341308.0,9533206.0,229591.0,23879507.0,318393.0,In_Progress,ladysmith-t,Ladysmith,ladysmith-t|Drainage System,Ladysmith|Drainage System,0.7404711354541228,0.9866666845341489
Ladysmith,T,COW,2024,Transportation System,36867674.0,19893683.0,16973991.0,780031.0,86303947.0,1999365.0,No,ladysmith-t,Ladysmith,ladysmith-t|Transportation System,Ladysmith|Transportation System,0.4604030891669488,0.9768334465629944
Ladysmith,T,COW,2024,Other Engineering Systems,0.0,0.0,0.0,0.0,0.0,0.0,,ladysmith-t,Ladysmith,ladysmith-t|Other Engineering Systems,Ladysmith|Other Engineering Systems,,
Ladysmith,T,COW,2024,Other Tangible Capital Assets,6078563.0,3234857.0,2843706.0,552033.0,7631051.0,635661.0,N/A,ladysmith-t,Ladysmith,ladysmith-t|Other Tangible Capital Assets,Ladysmith|Other Tangible Capital Assets,0.46782537254281975,0.9167007270689188
Ladysmith,T,COW,2024,Work In Progress,862412.0,,862412.0,391240.0,862412.0,,N/A,ladysmith-t,Ladysmith,ladysmith-t|Work In Progress,Ladysmith|Work In Progress,1.0,
Ladysmith,T,COW,2024,Total TCA,187958005.0,68860037.0,119097968.0,2952054.0,276549434.0,7203312.0,,ladysmith-t,Ladysmith,ladysmith-t|Total TCA,Ladysmith|Total TCA,0.633641371113723,0.9739528955246388
Lake Country,D,COK,2024,Land,44846189.0,,44846189.0,5187798.0,44846189.0,,N/A,lake-country-d,Lake Country,lake-country-d|Land,Lake Country|Land,1.0,
Lake Country,D,COK,2024,Buildings,49929834.0,11203172.0,38726662.0,5070131.0,49929834.0,1023627.0,In_Progress,lake-country-d,Lake Country,lake-country-d|Buildings,Lake Country|Buildings,0.7756216854235887,0.9794986901017937
Lake Country,D,COK,2024,Fleet,9445587.0,4681373.0,4764214.0,1425424.0,9445587.0,522932.0,In_Progress,lake-country-d,Lake Country,lake-country-d|Fleet,Lake Country|Fleet,0.5043851694976712,0.9446374269804513
Lake Country,D,COK,2024,Parks and Recreation,11730898.0,3438546.0,8292352.0,672632.0,11730898.0,437402.0,In_Progress,lake-country-d,Lake Country,lake-country-d|Parks and Recreation,Lake Country|Parks and Recreation,0.7068812634804258,0.9627136814249003
Lake Country,D,COK,2024,Water System,63358773.0,15344582.0,48014191.0,3982859.0,63358773.0,1238369.0,In_Progress,lake-country-d,Lake Country,lake-country-d|Water System,Lake Country|Water System,0.7578144071697853,0.9804546562162749
Lake Country,D,COK,2024,Sewer System,36234221.0,6855194.0,29379027.0,723213.0,36234221.0,666281.0,In_Progress,lake-country-d,Lake Country,lake-country-d|Sewer System,Lake Country|Sewer System,0.8108088483536048,0.981611830429582
Lake Country,D,COK,2024,Drainage System,0.0,0.0,0.0,0.0,0.0,0.0,,lake-country-d,Lake Country,lake-country-d|Drainage System,Lake Country|Drainage System,,
Lake Country,D,COK,2024,Transportation System,77663895.0,23634378.0,54029517.0,3531497.0,77663895.0,1845215.0,In_Progress,lake-country-d,Lake Country,lake-country-d|Transportation System,Lake Country|Transportation System,0.695683843824727,0.9762410190732772
Lake Country,D,COK,2024,Other Engineering Systems,4118791.0,1596031.0,2522760.0,0.0,4118791.0,102965.0,In_Progress,lake-country-d,Lake Country,lake-country-d|Other Engineering Systems,Lake Country|Other Engineering Systems,0.6125001244297174,0.9750011593207812
Lake Country,D,COK,2024,Other Tangible Capital Assets,6604030.0,3032430.0,3571600.0,496225.0,6604030.0,523381.0,N/A,lake-country-d,Lake Country,lake-country-d|Other Tangible Capital Assets,Lake Country|Other Tangible Capital Assets,0.5408212863963368,0.9207482400897634
Lake Country,D,COK,2024,Work In Progress,3046302.0,,3046302.0,437554.0,3046302.0,,N/A,lake-country-d,Lake Country,lake-country-d|Work In Progress,Lake Country|Work In Progress,1.0,
Lake Country,D,COK,2024,Total TCA,306978520.0,69785706.0,237192814.0,21527333.0,306978520.0,6360172.0,,lake-country-d,Lake Country,lake-country-d|Total TCA,Lake Country|Total TCA,0.7726690909839555,0.9792813777328785
Lake Cowichan,T,COW,2024,Land,5399654.0,,5399654.0,56100.0,5399654.0,,N/A,lake-cowichan-t,Lake Cowichan,lake-cowichan-t|Land,Lake Cowichan|Land,1.0,
Lake Cowichan,T,COW,2024,Buildings,10360878.0,3921024.0,6439854.0,539197.0,55767000.0,1115340.0,In_Progress,lake-cowichan-t,Lake Cowichan,lake-cowichan-t|Buildings,Lake Cowichan|Buildings,0.6215548527837119,0.98
Lake Cowichan,T,COW,2024,Fleet,4324315.0,2585467.0,1738848.0,0.0,5000000.0,250000.0,Yes,lake-cowichan-t,Lake Cowichan,lake-cowichan-t|Fleet,Lake Cowichan|Fleet,0.40210946704853834,0.95
Lake Cowichan,T,COW,2024,Parks and Recreation,2156731.0,644065.0,1512666.0,27721.0,3000000.0,120000.0,In_Progress,lake-cowichan-t,Lake Cowichan,lake-cowichan-t|Parks and Recreation,Lake Cowichan|Parks and Recreation,0.7013698045792451,0.96
Lake Cowichan,T,COW,2024,Water System,14401277.0,3692190.0,10709087.0,95946.0,61000000.0,1275000.0,In_Progress,lake-cowichan-t,Lake Cowichan,lake-cowichan-t|Water System,Lake Cowichan|Water System,0.7436206525296333,0.9790983606557377
Lake Cowichan,T,COW,2024,Sewer System,5864042.0,2413991.0,3450051.0,99864.0,33000000.0,575000.0,In_Progress,lake-cowichan-t,Lake Cowichan,lake-cowichan-t|Sewer System,Lake Cowichan|Sewer System,0.5883400903335958,0.9825757575757575
Lake Cowichan,T,COW,2024,Drainage System,1132147.0,178589.0,953558.0,164184.0,5000000.0,100000.0,No,lake-cowichan-t,Lake Cowichan,lake-cowichan-t|Drainage System,Lake Cowichan|Drainage System,0.842256350102946,0.98
Lake Cowichan,T,COW,2024,Transportation System,10121299.0,3813648.0,6307651.0,500087.0,22000000.0,275000.0,In_Progress,lake-cowichan-t,Lake Cowichan,lake-cowichan-t|Transportation System,Lake Cowichan|Transportation System,0.6232056774530621,0.9875
Lake Cowichan,T,COW,2024,Other Engineering Systems,595875.0,112106.0,483769.0,0.0,2000000.0,400000.0,No,lake-cowichan-t,Lake Cowichan,lake-cowichan-t|Other Engineering Systems,Lake Cowichan|Other Engineering Systems,0.8118632263478078,0.8
Lake Cowichan,T,COW,2024,Other Tangible Capital Assets,1208191.0,654955.0,553236.0,376721.0,2000000.0,100000.0,N/A,lake-cowichan-t,Lake Cowichan,lake-cowichan-t|Other Tangible Capital Assets,Lake Cowichan|Other Tangible Capital Assets,0.4579044207414225,0.95
Lake Cowichan,T,COW,2024,Work In Progress,402269.0,,402269.0,224260.0,402269.0,,N/A,lake-cowichan-t,Lake Cowichan,lake-cowichan-t|Work In Progress,Lake Cowichan|Work In Progress,1.0,
Lake Cowichan,T,COW,2024,Total TCA,55966678.0,18016035.0,37950643.0,2084080.0,194568923.0,4210340.0,,lake-cowichan-t,Lake Cowichan,lake-cowichan-t|Total TCA,Lake Cowichan|Total TCA,0.6780935434474064,0.9783606758207732
Langford,C,CAP,2024,Land,338082293.0,,338082293.0,22114625.0,338082293.0,,N/A,langford-c,Langford,langford-c|Land,Langford|Land,1.0,
Langford,C,CAP,2024,Buildings,88137199.0,25462365.0,62674834.0,13900961.0,88137199.0,1223634.0,In_Progress,langford-c,Langford,langford-c|Buildings,Langford|Buildings,0.7111053529168768,0.9861167133300889
Langford,C,CAP,2024,Fleet,21271831.0,12302862.0,8968969.0,1563421.0,21271831.0,1035685.0,In_Progress,langford-c,Langford,langford-c|Fleet,Langford|Fleet,0.42163596542300474,0.9513119016411893
Langford,C,CAP,2024,Parks and Recreation,41344102.0,14406328.0,26937774.0,1791569.0,41344102.0,1665638.0,In_Progress,langford-c,Langford,langford-c|Parks and Recreation,Langford|Parks and Recreation,0.6515505887635435,0.9597128025661315
Langford,C,CAP,2024,Water System,0.0,0.0,0.0,0.0,0.0,0.0,,langford-c,Langford,langford-c|Water System,Langford|Water System,,
Langford,C,CAP,2024,Sewer System,83315360.0,22075433.0,61239927.0,0.0,83315360.0,584180.0,In_Progress,langford-c,Langford,langford-c|Sewer System,Langford|Sewer System,0.7350376569218449,0.9929883277225232
Langford,C,CAP,2024,Drainage System,71680937.0,8906312.0,62774625.0,1888845.0,71680937.0,801651.0,In_Progress,langford-c,Langford,langford-c|Drainage System,Langford|Drainage System,0.8757506197219492,0.9888163989820613
Langford,C,CAP,2024,Transportation System,226055391.0,67218481.0,158836910.0,6759564.0,226055391.0,5394089.0,In_Progress,langford-c,Langford,langford-c|Transportation System,Langford|Transportation System,0.7026459722873851,0.9761381979162798
Langford,C,CAP,2024,Other Engineering Systems,0.0,0.0,0.0,0.0,0.0,0.0,,langford-c,Langford,langford-c|Other Engineering Systems,Langford|Other Engineering Systems,,
Langford,C,CAP,2024,Other Tangible Capital Assets,0.0,0.0,0.0,0.0,0.0,0.0,N/A,langford-c,Langford,langford-c|Other Tangible Capital Assets,Langford|Other Tangible Capital Assets,,
Langford,C,CAP,2024,Work In Progress,40505147.0,,40505147.0,16413203.0,40505147.0,,N/A,langford-c,Langford,langford-c|Work In Progress,Langford|Work In Progress,1.0,
Langford,C,CAP,2024,Total TCA,910392260.0,150371781.0,760020479.0,64432188.0,910392260.0,10704877.0,,langford-c,Langford,langford-c|Total TCA,Langford|Total TCA,0.834827483045605,0.9882414674746905
Langley,C,MVRD,2024,Land,102086128.0,,102086128.0,8085000.0,102086128.0,,N/A,langley-c,Langley (City),langley-c|Land,Langley (City)|Land,1.0,
Langley,C,MVRD,2024,Buildings,43809396.0,25538887.0,18270509.0,0.0,153036423.0,5822634.0,No,langley-c,Langley (City),langley-c|Buildings,Langley (City)|Buildings,0.4170454438586645,0.9619526261405104
Langley,C,MVRD,2024,Fleet,10229315.0,6423481.0,3805834.0,566393.0,16411266.0,1255943.0,Yes,langley-c,Langley (City),langley-c|Fleet,Langley (City)|Fleet,0.37205169652122355,0.9234706816646565
Langley,C,MVRD,2024,Parks and Recreation,19261496.0,8165394.0,11096102.0,737012.0,32831779.0,1579292.0,No,langley-c,Langley (City),langley-c|Parks and Recreation,Langley (City)|Parks and Recreation,0.5760768530128708,0.9518974588614282
Langley,C,MVRD,2024,Water System,29715602.0,12548432.0,17167170.0,0.0,139830726.0,2172482.0,No,langley-c,Langley (City),langley-c|Water System,Langley (City)|Water System,0.5777157063821221,0.9844634862297719
Langley,C,MVRD,2024,Sewer System,17494738.0,10244031.0,7250707.0,0.0,116145954.0,2094985.0,No,langley-c,Langley (City),langley-c|Sewer System,Langley (City)|Sewer System,0.4144507337006133,0.9819624797261556
Langley,C,MVRD,2024,Drainage System,30526485.0,10785107.0,19741378.0,0.0,158811035.0,2037812.0,No,langley-c,Langley (City),langley-c|Drainage System,Langley (City)|Drainage System,0.6466967290862344,0.9871683224027852
Langley,C,MVRD,2024,Transportation System,144236868.0,56049255.0,88187613.0,634892.0,463591636.0,9383232.0,No,langley-c,Langley (City),langley-c|Transportation System,Langley (City)|Transportation System,0.6114082635238586,0.979759703861439
Langley,C,MVRD,2024,Other Engineering Systems,0.0,0.0,0.0,0.0,0.0,0.0,,langley-c,Langley (City),langley-c|Other Engineering Systems,Langley (City)|Other Engineering Systems,,
Langley,C,MVRD,2024,Other Tangible Capital Assets,11161704.0,7887170.0,3274534.0,754803.0,16625108.0,1800681.0,N/A,langley-c,Langley (City),langley-c|Other Tangible Capital Assets,Langley (City)|Other Tangible Capital Assets,0.2933722306199842,0.8916890645161524
Langley,C,MVRD,2024,Work In Progress,55489967.0,,55489967.0,22079074.0,55489967.0,,N/A,langley-c,Langley (City),langley-c|Work In Progress,Langley (City)|Work In Progress,1.0,
Langley,C,MVRD,2024,Total TCA,464011699.0,137641757.0,326369942.0,32857174.0,1254860022.0,26147061.0,,langley-c,Langley (City),langley-c|Total TCA,Langley (City)|Total TCA,0.7033657614740442,0.9791633644059146
Langley,D,MVRD,2024,Land,1338206000.0,,1338206000.0,103221000.0,1338206000.0,,N/A,langley-d,Langley (District),langley-d|Land,Langley (District)|Land,1.0,
Langley,D,MVRD,2024,Buildings,283567000.0,121084000.0,162483000.0,30814000.0,162483000.0,9090000.0,No,langley-d,Langley (District),langley-d|Buildings,Langley (District)|Buildings,0.572996857885438,0.9440556858255941
Langley,D,MVRD,2024,Fleet,37886000.0,18519000.0,19367000.0,6128000.0,19367000.0,2205000.0,No,langley-d,Langley (District),langley-d|Fleet,Langley (District)|Fleet,0.5111914691442749,0.8861465379253369
Langley,D,MVRD,2024,Parks and Recreation,131055000.0,70706000.0,60349000.0,10959000.0,60349000.0,4238000.0,Yes,langley-d,Langley (District),langley-d|Parks and Recreation,Langley (District)|Parks and Recreation,0.46048605547289306,0.9297751412616613
Langley,D,MVRD,2024,Water System,254507000.0,93914000.0,160593000.0,7663000.0,160593000.0,4079000.0,Yes,langley-d,Langley (District),langley-d|Water System,Langley (District)|Water System,0.630996396955683,0.9746003873145156
Langley,D,MVRD,2024,Sewer System,174551000.0,50918000.0,123633000.0,7125000.0,123633000.0,2616000.0,Yes,langley-d,Langley (District),langley-d|Sewer System,Langley (District)|Sewer System,0.7082915594869121,0.9788406008104632
Langley,D,MVRD,2024,Drainage System,350242000.0,104925000.0,245317000.0,20399000.0,245317000.0,5280000.0,Yes,langley-d,Langley (District),langley-d|Drainage System,Langley (District)|Drainage System,0.7004214229018793,0.9784768279409907
Langley,D,MVRD,2024,Transportation System,687012000.0,325230000.0,361782000.0,44080000.0,361782000.0,16489000.0,In_Progress,langley-d,Langley (District),langley-d|Transportation System,Langley (District)|Transportation System,0.526602155420866,0.9544228292175951
Langley,D,MVRD,2024,Other Engineering Systems,0.0,0.0,0.0,0.0,0.0,0.0,,langley-d,Langley (District),langley-d|Other Engineering Systems,Langley (District)|Other Engineering Systems,,
Langley,D,MVRD,2024,Other Tangible Capital Assets,66436000.0,42044000.0,24392000.0,7469000.0,24392000.0,3858000.0,N/A,langley-d,Langley (District),langley-d|Other Tangible Capital Assets,Langley (District)|Other Tangible Capital Assets,0.3671503401770125,0.8418333879960642
Langley,D,MVRD,2024,Work In Progress,143493000.0,,143493000.0,57501000.0,143493000.0,,N/A,langley-d,Langley (District),langley-d|Work In Progress,Langley (District)|Work In Progress,1.0,
Langley,D,MVRD,2024,Total TCA,3466955000.0,827340000.0,2639615000.0,295359000.0,2639615000.0,47855000.0,,langley-d,Langley (District),langley-d|Total TCA,Langley (District)|Total TCA,0.7613640788530569,0.9818704621696724
Lantzville,D,NAN,2024,Land,20516698.0,,20516698.0,0.0,20516698.0,,N/A,lantzville-d,Lantzville,lantzville-d|Land,Lantzville|Land,1.0,
Lantzville,D,NAN,2024,Buildings,2104284.0,1257957.0,846327.0,11131.0,18851712.0,471293.0,Yes,lantzville-d,Lantzville,lantzville-d|Buildings,Lantzville|Buildings,0.4021923846781138,0.974999989390884
Lantzville,D,NAN,2024,Fleet,2620384.0,1021910.0,1598474.0,172968.0,4451018.0,296735.0,Yes,lantzville-d,Lantzville,lantzville-d|Fleet,Lantzville|Fleet,0.610015173348639,0.9333332284884042
Lantzville,D,NAN,2024,Parks and Recreation,2086130.0,707559.0,1378571.0,63881.0,956051.0,38242.0,Yes,lantzville-d,Lantzville,lantzville-d|Parks and Recreation,Lantzville|Parks and Recreation,0.6608269858541893,0.9600000418387722
Lantzville,D,NAN,2024,Water System,18644557.0,3391535.0,15253022.0,885162.0,20509012.0,263835.0,Yes,lantzville-d,Lantzville,lantzville-d|Water System,Lantzville|Water System,0.8180951684719567,0.9871356552914397
Lantzville,D,NAN,2024,Sewer System,17067290.0,1987152.0,15080138.0,0.0,18774019.0,187740.0,Yes,lantzville-d,Lantzville,lantzville-d|Sewer System,Lantzville|Sewer System,0.883569564939718,0.990000010120369
Lantzville,D,NAN,2024,Drainage System,0.0,0.0,0.0,0.0,0.0,0.0,,lantzville-d,Lantzville,lantzville-d|Drainage System,Lantzville|Drainage System,,
Lantzville,D,NAN,2024,Transportation System,19446012.0,7035692.0,12410320.0,0.0,18119845.0,0.0,Yes,lantzville-d,Lantzville,lantzville-d|Transportation System,Lantzville|Transportation System,0.6381935792284814,1.0
Lantzville,D,NAN,2024,Other Engineering Systems,0.0,0.0,0.0,0.0,0.0,0.0,,lantzville-d,Lantzville,lantzville-d|Other Engineering Systems,Lantzville|Other Engineering Systems,,
Lantzville,D,NAN,2024,Other Tangible Capital Assets,993486.0,562271.0,431215.0,149274.0,1316432.0,131643.0,N/A,lantzville-d,Lantzville,lantzville-d|Other Tangible Capital Assets,Lantzville|Other Tangible Capital Assets,0.4340423518801473,0.9000001519258116
Lantzville,D,NAN,2024,Work In Progress,1889875.0,,1889875.0,1661933.0,1889875.0,,N/A,lantzville-d,Lantzville,lantzville-d|Work In Progress,Lantzville|Work In Progress,1.0,
Lantzville,D,NAN,2024,Total TCA,85368716.0,15964076.0,69404640.0,2944349.0,105384662.0,1389488.0,,lantzville-d,Lantzville,lantzville-d|Total TCA,Lantzville|Total TCA,0.8129985227843886,0.986815083204423
Lillooet,D,SQL,2024,Land,4266228.0,,4266228.0,0.0,4266228.0,,N/A,lillooet-d,Lillooet,lillooet-d|Land,Lillooet|Land,1.0,
Lillooet,D,SQL,2024,Buildings,8376875.0,4800529.0,3576346.0,165284.0,14281850.0,376085.0,Yes,lillooet-d,Lillooet,lillooet-d|Buildings,Lillooet|Buildings,0.4269308065358502,0.9736669269037275
Lillooet,D,SQL,2024,Fleet,5930434.0,2881354.0,3049080.0,177094.0,8524122.0,580943.0,Yes,lillooet-d,Lillooet,lillooet-d|Fleet,Lillooet|Fleet,0.5141411235670105,0.931847174406936
Lillooet,D,SQL,2024,Parks and Recreation,565763.0,326064.0,239699.0,300333.0,809644.0,30390.0,Yes,lillooet-d,Lillooet,lillooet-d|Parks and Recreation,Lillooet|Parks and Recreation,0.4236738705076154,0.9624649846105202
Lillooet,D,SQL,2024,Water System,17274916.0,7824527.0,9450389.0,163173.0,27532534.0,639840.0,Yes,lillooet-d,Lillooet,lillooet-d|Water System,Lillooet|Water System,0.5470584632654654,0.9767605844053439
Lillooet,D,SQL,2024,Sewer System,4552596.0,2526856.0,2025740.0,61457.0,9941921.0,246827.0,Yes,lillooet-d,Lillooet,lillooet-d|Sewer System,Lillooet|Sewer System,0.4449637086181159,0.9751731078933337
Lillooet,D,SQL,2024,Drainage System,1352817.0,425393.0,927424.0,0.0,3772811.0,53474.0,Yes,lillooet-d,Lillooet,lillooet-d|Drainage System,Lillooet|Drainage System,0.6855502259359544,0.9858264832243121
Lillooet,D,SQL,2024,Transportation System,8270211.0,5530974.0,2739237.0,0.0,23062749.0,466220.0,Yes,lillooet-d,Lillooet,lillooet-d|Transportation System,Lillooet|Transportation System,0.3312173050965689,0.9797847169043031
Lillooet,D,SQL,2024,Other Engineering Systems,0.0,0.0,0.0,0.0,0.0,0.0,,lillooet-d,Lillooet,lillooet-d|Other Engineering Systems,Lillooet|Other Engineering Systems,,
Lillooet,D,SQL,2024,Other Tangible Capital Assets,2652843.0,1651895.0,1000948.0,0.0,5752920.0,118612.0,N/A,lillooet-d,Lillooet,lillooet-d|Other Tangible Capital Assets,Lillooet|Other Tangible Capital Assets,0.37731143531675265,0.9793822962947512
Lillooet,D,SQL,2024,Work In Progress,175775.0,,175775.0,276138.0,175775.0,,N/A,lillooet-d,Lillooet,lillooet-d|Work In Progress,Lillooet|Work In Progress,1.0,
Lillooet,D,SQL,2024,Total TCA,53418458.0,25967592.0,27450866.0,1143479.0,98120554.0,2512391.0,,lillooet-d,Lillooet,lillooet-d|Total TCA,Lillooet|Total TCA,0.5138835344142656,0.9743948551289264
Lions Bay,V,MVRD,2024,Land,11729844.0,,11729844.0,0.0,11729844.0,,N/A,lions-bay-v,Lions Bay,lions-bay-v|Land,Lions Bay|Land,1.0,
Lions Bay,V,MVRD,2024,Buildings,2949638.0,1193034.0,1756604.0,562503.0,2949636.0,69321.0,In_Progress,lions-bay-v,Lions Bay,lions-bay-v|Buildings,Lions Bay|Buildings,0.5955320619004772,0.9764984560806825
Lions Bay,V,MVRD,2024,Fleet,2606913.0,1964337.0,642576.0,1719.0,2606914.0,98884.0,In_Progress,lions-bay-v,Lions Bay,lions-bay-v|Fleet,Lions Bay|Fleet,0.24648923842107504,0.9620685607580457
Lions Bay,V,MVRD,2024,Parks and Recreation,228350.0,111457.0,116893.0,4613.0,228350.0,9541.0,In_Progress,lions-bay-v,Lions Bay,lions-bay-v|Parks and Recreation,Lions Bay|Parks and Recreation,0.5119027808189184,0.958217648346836
Lions Bay,V,MVRD,2024,Water System,11050197.0,4068557.0,6981640.0,609765.0,11050197.0,219226.0,In_Progress,lions-bay-v,Lions Bay,lions-bay-v|Water System,Lions Bay|Water System,0.6318113604671483,0.9801608966790366
Lions Bay,V,MVRD,2024,Sewer System,1468710.0,412878.0,1055832.0,0.0,1468710.0,36527.0,In_Progress,lions-bay-v,Lions Bay,lions-bay-v|Sewer System,Lions Bay|Sewer System,0.7188839185407603,0.9751298758774707
Lions Bay,V,MVRD,2024,Drainage System,101450.0,87226.0,14224.0,0.0,101450.0,1242.0,In_Progress,lions-bay-v,Lions Bay,lions-bay-v|Drainage System,Lions Bay|Drainage System,0.14020699852143914,0.9877575160177428
Lions Bay,V,MVRD,2024,Transportation System,5111962.0,3557581.0,1554381.0,0.0,5111962.0,0.0,In_Progress,lions-bay-v,Lions Bay,lions-bay-v|Transportation System,Lions Bay|Transportation System,0.3040674011270037,1.0
Lions Bay,V,MVRD,2024,Other Engineering Systems,0.0,0.0,0.0,0.0,0.0,0.0,,lions-bay-v,Lions Bay,lions-bay-v|Other Engineering Systems,Lions Bay|Other Engineering Systems,,
Lions Bay,V,MVRD,2024,Other Tangible Capital Assets,0.0,0.0,0.0,0.0,0.0,0.0,N/A,lions-bay-v,Lions Bay,lions-bay-v|Other Tangible Capital Assets,Lions Bay|Other Tangible Capital Assets,,
Lions Bay,V,MVRD,2024,Work In Progress,371234.0,,371234.0,256247.0,371234.0,,N/A,lions-bay-v,Lions Bay,lions-bay-v|Work In Progress,Lions Bay|Work In Progress,1.0,
Lions Bay,V,MVRD,2024,Total TCA,35618298.0,11395070.0,24223228.0,1434847.0,35618297.0,434741.0,,lions-bay-v,Lions Bay,lions-bay-v|Total TCA,Lions Bay|Total TCA,0.6800782002553856,0.9877944473313814
Logan Lake,D,TNR,2024,Land,3245485.0,,3245485.0,0.0,3245485.0,,N/A,logan-lake-d,Logan Lake,logan-lake-d|Land,Logan Lake|Land,1.0,
Logan Lake,D,TNR,2024,Buildings,10047287.0,3907530.0,6139757.0,65187.0,23446700.0,586168.0,No,logan-lake-d,Logan Lake,logan-lake-d|Buildings,Logan Lake|Buildings,0.6110860573605591,0.9749999786750374
Logan Lake,D,TNR,2024,Fleet,2682255.0,1865665.0,816590.0,41454.0,3352819.0,201169.0,No,logan-lake-d,Logan Lake,logan-lake-d|Fleet,Logan Lake|Fleet,0.30444159858029907,0.9400000417559075
Logan Lake,D,TNR,2024,Parks and Recreation,6934231.0,2751981.0,4182250.0,1642342.0,8667789.0,577853.0,No,logan-lake-d,Logan Lake,logan-lake-d|Parks and Recreation,Logan Lake|Parks and Recreation,0.6031310465428683,0.9333332871854634
Logan Lake,D,TNR,2024,Water System,6165271.0,2135990.0,4029281.0,45909.0,9987934.0,145541.0,Yes,logan-lake-d,Logan Lake,logan-lake-d|Water System,Logan Lake|Water System,0.6535448320114395,0.9854283178082675
Logan Lake,D,TNR,2024,Sewer System,3537743.0,2623603.0,914140.0,57652.0,10029725.0,179009.0,No,logan-lake-d,Logan Lake,logan-lake-d|Sewer System,Logan Lake|Sewer System,0.25839638436144174,0.9821521527260219
Logan Lake,D,TNR,2024,Drainage System,0.0,0.0,0.0,0.0,0.0,0.0,,logan-lake-d,Logan Lake,logan-lake-d|Drainage System,Logan Lake|Drainage System,,
Logan Lake,D,TNR,2024,Transportation System,8725507.0,6036456.0,2689051.0,2042094.0,17092362.0,0.0,No,logan-lake-d,Logan Lake,logan-lake-d|Transportation System,Logan Lake|Transportation System,0.30818277952215267,1.0
Logan Lake,D,TNR,2024,Other Engineering Systems,0.0,0.0,0.0,0.0,0.0,0.0,,logan-lake-d,Logan Lake,logan-lake-d|Other Engineering Systems,Logan Lake|Other Engineering Systems,,
Logan Lake,D,TNR,2024,Other Tangible Capital Assets,3204786.0,2562170.0,642616.0,156861.0,4005983.0,267066.0,N/A,logan-lake-d,Logan Lake,logan-lake-d|Other Tangible Capital Assets,Logan Lake|Other Tangible Capital Assets,0.20051760086320897,0.9333332168409102
Logan Lake,D,TNR,2024,Work In Progress,0.0,,0.0,0.0,0.0,,N/A,logan-lake-d,Logan Lake,logan-lake-d|Work In Progress,Logan Lake|Work In Progress,,
Logan Lake,D,TNR,2024,Total TCA,44542565.0,21883395.0,22659170.0,4051499.0,79828797.0,1956806.0,,logan-lake-d,Logan Lake,logan-lake-d|Total TCA,Logan Lake|Total TCA,0.5087082434520778,0.975487467260718
Lumby,V,NOK,2024,Land,3477964.0,,3477964.0,850254.0,3477964.0,,N/A,lumby-v,Lumby,lumby-v|Land,Lumby|Land,1.0,
Lumby,V,NOK,2024,Buildings,1350515.0,375446.0,975069.0,51531.0,5000000.0,125000.0,Yes,lumby-v,Lumby,lumby-v|Buildings,Lumby|Buildings,0.721997904503097,0.975
Lumby,V,NOK,2024,Fleet,1842752.0,1210425.0,632327.0,242015.0,2500000.0,125000.0,Yes,lumby-v,Lumby,lumby-v|Fleet,Lumby|Fleet,0.34314275605181815,0.95
Lumby,V,NOK,2024,Parks and Recreation,2112929.0,677094.0,1435835.0,684512.0,2500000.0,62500.0,Yes,lumby-v,Lumby,lumby-v|Parks and Recreation,Lumby|Parks and Recreation,0.6795472067447604,0.975
Lumby,V,NOK,2024,Water System,10450048.0,4932920.0,5517128.0,0.0,34000000.0,680000.0,Yes,lumby-v,Lumby,lumby-v|Water System,Lumby|Water System,0.527952407491334,0.98
Lumby,V,NOK,2024,Sewer System,6715771.0,2673161.0,4042610.0,912297.0,40000000.0,666667.0,Yes,lumby-v,Lumby,lumby-v|Sewer System,Lumby|Sewer System,0.6019576903381607,0.983333325
Lumby,V,NOK,2024,Drainage System,4144524.0,2016114.0,2128410.0,153220.0,6000000.0,120000.0,Yes,lumby-v,Lumby,lumby-v|Drainage System,Lumby|Drainage System,0.5135475147447571,0.98
Lumby,V,NOK,2024,Transportation System,6736776.0,4232791.0,2503985.0,702697.0,15500000.0,385714.0,Yes,lumby-v,Lumby,lumby-v|Transportation System,Lumby|Transportation System,0.3716889206350337,0.9751152258064516
Lumby,V,NOK,2024,Other Engineering Systems,0.0,0.0,0.0,0.0,0.0,0.0,No,lumby-v,Lumby,lumby-v|Other Engineering Systems,Lumby|Other Engineering Systems,,
Lumby,V,NOK,2024,Other Tangible Capital Assets,0.0,0.0,0.0,0.0,0.0,0.0,N/A,lumby-v,Lumby,lumby-v|Other Tangible Capital Assets,Lumby|Other Tangible Capital Assets,,
Lumby,V,NOK,2024,Work In Progress,2474788.0,,2474788.0,1382874.0,2474788.0,,N/A,lumby-v,Lumby,lumby-v|Work In Progress,Lumby|Work In Progress,1.0,
Lumby,V,NOK,2024,Total TCA,39306067.0,16117951.0,23188116.0,4979400.0,111452752.0,2164881.0,,lumby-v,Lumby,lumby-v|Total TCA,Lumby|Total TCA,0.5899373244339099,0.9805757959211272
Lytton,V,TNR,2024,Land,520000.0,,520000.0,165464.0,520000.0,,N/A,lytton-v,Lytton,lytton-v|Land,Lytton|Land,1.0,
Lytton,V,TNR,2024,Buildings,156287.0,4086.0,152201.0,129062.0,152201.0,152201.0,No,lytton-v,Lytton,lytton-v|Buildings,Lytton|Buildings,0.9738557909487033,0.0
Lytton,V,TNR,2024,Fleet,1323769.0,521334.0,802435.0,156849.0,802435.0,802435.0,No,lytton-v,Lytton,lytton-v|Fleet,Lytton|Fleet,0.6061744911687764,0.0
Lytton,V,TNR,2024,Parks and Recreation,0.0,0.0,0.0,0.0,118035.0,118035.0,No,lytton-v,Lytton,lytton-v|Parks and Recreation,Lytton|Parks and Recreation,,0.0
Lytton,V,TNR,2024,Water System,5494006.0,1035566.0,4458440.0,0.0,4458440.0,4458440.0,In_Progress,lytton-v,Lytton,lytton-v|Water System,Lytton|Water System,0.8115098527376927,0.0
Lytton,V,TNR,2024,Sewer System,1379316.0,775502.0,603814.0,22768.0,603814.0,603814.0,In_Progress,lytton-v,Lytton,lytton-v|Sewer System,Lytton|Sewer System,0.4377633551702438,0.0
Lytton,V,TNR,2024,Drainage System,0.0,0.0,0.0,0.0,0.0,0.0,Yes,lytton-v,Lytton,lytton-v|Drainage System,Lytton|Drainage System,,
Lytton,V,TNR,2024,Transportation System,186046.0,68011.0,118035.0,0.0,0.0,0.0,No,lytton-v,Lytton,lytton-v|Transportation System,Lytton|Transportation System,0.6344398697096417,
Lytton,V,TNR,2024,Other Engineering Systems,0.0,0.0,0.0,0.0,0.0,0.0,No,lytton-v,Lytton,lytton-v|Other Engineering Systems,Lytton|Other Engineering Systems,,
Lytton,V,TNR,2024,Other Tangible Capital Assets,0.0,0.0,0.0,0.0,0.0,0.0,N/A,lytton-v,Lytton,lytton-v|Other Tangible Capital Assets,Lytton|Other Tangible Capital Assets,,
Lytton,V,TNR,2024,Work In Progress,0.0,,0.0,0.0,0.0,,N/A,lytton-v,Lytton,lytton-v|Work In Progress,Lytton|Work In Progress,,
Lytton,V,TNR,2024,Total TCA,9059424.0,2404499.0,6654925.0,474143.0,6654925.0,6134925.0,,lytton-v,Lytton,lytton-v|Total TCA,Lytton|Total TCA,0.7345858853719618,0.07813761988301893
Mackenzie,D,FFG,2024,Land,7619825.0,,7619825.0,0.0,7619825.0,,N/A,mackenzie-d,Mackenzie,mackenzie-d|Land,Mackenzie|Land,1.0,
Mackenzie,D,FFG,2024,Buildings,41842896.0,13198830.0,28644066.0,3460072.0,27932786.0,1083974.0,Yes,mackenzie-d,Mackenzie,mackenzie-d|Buildings,Mackenzie|Buildings,0.684562225329719,0.961193487824666
Mackenzie,D,FFG,2024,Fleet,15439313.0,7989775.0,7449538.0,2688018.0,7449538.0,582963.0,Yes,mackenzie-d,Mackenzie,mackenzie-d|Fleet,Mackenzie|Fleet,0.4825045000383113,0.9217450800304663
Mackenzie,D,FFG,2024,Parks and Recreation,0.0,0.0,0.0,0.0,0.0,0.0,,mackenzie-d,Mackenzie,mackenzie-d|Parks and Recreation,Mackenzie|Parks and Recreation,,
Mackenzie,D,FFG,2024,Water System,4076375.0,1410282.0,2666093.0,449736.0,2666093.0,63199.0,In_Progress,mackenzie-d,Mackenzie,mackenzie-d|Water System,Mackenzie|Water System,0.654035264174665,0.9762952755211465
Mackenzie,D,FFG,2024,Sewer System,3906230.0,2026919.0,1879311.0,0.0,1879311.0,69381.0,In_Progress,mackenzie-d,Mackenzie,mackenzie-d|Sewer System,Mackenzie|Sewer System,0.4811060792631258,0.9630816825953767
Mackenzie,D,FFG,2024,Drainage System,0.0,0.0,0.0,0.0,0.0,0.0,,mackenzie-d,Mackenzie,mackenzie-d|Drainage System,Mackenzie|Drainage System,,
Mackenzie,D,FFG,2024,Transportation System,15791611.0,10325971.0,5465640.0,1444920.0,5465640.0,0.0,Yes,mackenzie-d,Mackenzie,mackenzie-d|Transportation System,Mackenzie|Transportation System,0.3461103493494109,1.0
Mackenzie,D,FFG,2024,Other Engineering Systems,0.0,0.0,0.0,0.0,0.0,0.0,,mackenzie-d,Mackenzie,mackenzie-d|Other Engineering Systems,Mackenzie|Other Engineering Systems,,
Mackenzie,D,FFG,2024,Other Tangible Capital Assets,1116529.0,1005051.0,111478.0,225979.0,111474.0,41509.0,N/A,mackenzie-d,Mackenzie,mackenzie-d|Other Tangible Capital Assets,Mackenzie|Other Tangible Capital Assets,0.09984335382242647,0.627635143620934
Mackenzie,D,FFG,2024,Work In Progress,347047.0,,347047.0,321904.0,347047.0,,N/A,mackenzie-d,Mackenzie,mackenzie-d|Work In Progress,Mackenzie|Work In Progress,1.0,
Mackenzie,D,FFG,2024,Total TCA,90139826.0,35956828.0,54182998.0,8590629.0,53471714.0,1841026.0,,mackenzie-d,Mackenzie,mackenzie-d|Total TCA,Mackenzie|Total TCA,0.6010994296793961,0.9655700956210231
Maple Ridge,C,MVRD,2024,Land,323215548.0,,323215548.0,17055283.0,323215548.0,,N/A,maple-ridge-c,Maple Ridge,maple-ridge-c|Land,Maple Ridge|Land,1.0,
Maple Ridge,C,MVRD,2024,Buildings,150237906.0,69163330.0,81074576.0,3016623.0,328005507.0,10933517.0,No,maple-ridge-c,Maple Ridge,maple-ridge-c|Buildings,Maple Ridge|Buildings,0.5396412806765292,0.9666666663617938
Maple Ridge,C,MVRD,2024,Fleet,20600149.0,9301891.0,11298258.0,3160180.0,24337248.0,2433725.0,No,maple-ridge-c,Maple Ridge,maple-ridge-c|Fleet,Maple Ridge|Fleet,0.5484551592321008,0.899999991782144
Maple Ridge,C,MVRD,2024,Parks and Recreation,48822744.0,17098403.0,31724341.0,2400668.0,76528751.0,2550958.0,No,maple-ridge-c,Maple Ridge,maple-ridge-c|Parks and Recreation,Maple Ridge|Parks and Recreation,0.6497861119809243,0.9666666714578943
Maple Ridge,C,MVRD,2024,Water System,194225903.0,50705401.0,143520502.0,9710285.0,389651505.0,8658922.0,In_Progress,maple-ridge-c,Maple Ridge,maple-ridge-c|Water System,Maple Ridge|Water System,0.7389359492384494,0.9777777786332431
Maple Ridge,C,MVRD,2024,Sewer System,214504181.0,63654680.0,150849501.0,13581154.0,497636378.0,7109091.0,In_Progress,maple-ridge-c,Maple Ridge,maple-ridge-c|Sewer System,Maple Ridge|Sewer System,0.7032473693368243,0.9857142859439428
Maple Ridge,C,MVRD,2024,Drainage System,322340475.0,89061772.0,233278703.0,12550503.0,682565023.0,9750929.0,In_Progress,maple-ridge-c,Maple Ridge,maple-ridge-c|Drainage System,Maple Ridge|Drainage System,0.7237027959333993,0.9857142855677795
Maple Ridge,C,MVRD,2024,Transportation System,347973512.0,147089973.0,200883539.0,7539460.0,719696744.0,10004313.0,In_Progress,maple-ridge-c,Maple Ridge,maple-ridge-c|Transportation System,Maple Ridge|Transportation System,0.5772954896635926,0.9860992659986245
Maple Ridge,C,MVRD,2024,Other Engineering Systems,0.0,0.0,0.0,0.0,0.0,0.0,,maple-ridge-c,Maple Ridge,maple-ridge-c|Other Engineering Systems,Maple Ridge|Other Engineering Systems,,
Maple Ridge,C,MVRD,2024,Other Tangible Capital Assets,110615112.0,49720219.0,60894893.0,8711775.0,169167909.0,0.0,N/A,maple-ridge-c,Maple Ridge,maple-ridge-c|Other Tangible Capital Assets,Maple Ridge|Other Tangible Capital Assets,0.5505115160033468,1.0
Maple Ridge,C,MVRD,2024,Work In Progress,27610088.0,,27610088.0,3574257.0,27610088.0,,N/A,maple-ridge-c,Maple Ridge,maple-ridge-c|Work In Progress,Maple Ridge|Work In Progress,1.0,
Maple Ridge,C,MVRD,2024,Total TCA,1760145618.0,495795669.0,1264349949.0,81300188.0,3238414701.0,51441455.0,,maple-ridge-c,Maple Ridge,maple-ridge-c|Total TCA,Maple Ridge|Total TCA,0.7183212207389083,0.9841152354625505
Masset,V,NCRD,2024,Land,10805022.0,,10805022.0,0.0,10805022.0,,N/A,masset-v,Masset,masset-v|Land,Masset|Land,1.0,
Masset,V,NCRD,2024,Buildings,8501084.0,4642410.0,3858674.0,76545.0,8501084.0,4642410.0,Yes,masset-v,Masset,masset-v|Buildings,Masset|Buildings,0.45390376097918805,0.45390376097918805
Masset,V,NCRD,2024,Fleet,2154290.0,1372677.0,781613.0,203310.0,2154290.0,1372677.0,Yes,masset-v,Masset,masset-v|Fleet,Masset|Fleet,0.36281698378584126,0.36281698378584126
Masset,V,NCRD,2024,Parks and Recreation,8438.0,7806.0,632.0,0.0,8438.0,7806.0,Yes,masset-v,Masset,masset-v|Parks and Recreation,Masset|Parks and Recreation,0.07489926522872718,0.07489926522872714
Masset,V,NCRD,2024,Water System,6710750.0,1684017.0,5026733.0,0.0,6710750.0,1684017.0,Yes,masset-v,Masset,masset-v|Water System,Masset|Water System,0.7490568118317624,0.7490568118317624
Masset,V,NCRD,2024,Sewer System,1971475.0,798479.0,1172996.0,197255.0,1971475.0,798479.0,Yes,masset-v,Masset,masset-v|Sewer System,Masset|Sewer System,0.5949839587111173,0.5949839587111173
Masset,V,NCRD,2024,Drainage System,0.0,0.0,0.0,0.0,0.0,0.0,Yes,masset-v,Masset,masset-v|Drainage System,Masset|Drainage System,,
Masset,V,NCRD,2024,Transportation System,12610817.0,9321946.0,3288871.0,3198939.0,12610817.0,9321946.0,Yes,masset-v,Masset,masset-v|Transportation System,Masset|Transportation System,0.26079761525363504,0.260797615253635
Masset,V,NCRD,2024,Other Engineering Systems,8522674.0,3331096.0,5191578.0,51069.0,8522674.0,3331096.0,Yes,masset-v,Masset,masset-v|Other Engineering Systems,Masset|Other Engineering Systems,0.6091489595870967,0.6091489595870967
Masset,V,NCRD,2024,Other Tangible Capital Assets,2406526.0,1071785.0,1334741.0,40164.0,2406526.0,1071785.0,N/A,masset-v,Masset,masset-v|Other Tangible Capital Assets,Masset|Other Tangible Capital Assets,0.5546339412081981,0.554633941208198
Masset,V,NCRD,2024,Work In Progress,0.0,,0.0,0.0,0.0,,N/A,masset-v,Masset,masset-v|Work In Progress,Masset|Work In Progress,,
Masset,V,NCRD,2024,Total TCA,53691076.0,22230216.0,31460860.0,3767282.0,53691076.0,22230216.0,,masset-v,Masset,masset-v|Total TCA,Masset|Total TCA,0.5859606911211838,0.5859606911211837
McBride,V,FFG,2024,Land,372449.0,,372449.0,0.0,372449.0,,N/A,mcbride-v,McBride,mcbride-v|Land,McBride|Land,1.0,
McBride,V,FFG,2024,Buildings,2495897.0,1594944.0,900953.0,14570.0,3000000.0,100000.0,Yes,mcbride-v,McBride,mcbride-v|Buildings,McBride|Buildings,0.36097362992142706,0.9666666666666667
McBride,V,FFG,2024,Fleet,1253968.0,656011.0,597957.0,311385.0,2000000.0,75000.0,Yes,mcbride-v,McBride,mcbride-v|Fleet,McBride|Fleet,0.47685188138772283,0.9625
McBride,V,FFG,2024,Parks and Recreation,0.0,0.0,0.0,0.0,0.0,0.0,,mcbride-v,McBride,mcbride-v|Parks and Recreation,McBride|Parks and Recreation,,
McBride,V,FFG,2024,Water System,3704767.0,1745384.0,1959383.0,3481.0,6500000.0,175000.0,In_Progress,mcbride-v,McBride,mcbride-v|Water System,McBride|Water System,0.5288815733890957,0.9730769230769231
McBride,V,FFG,2024,Sewer System,4946166.0,824677.0,4121489.0,37966.0,7000000.0,150000.0,In_Progress,mcbride-v,McBride,mcbride-v|Sewer System,McBride|Sewer System,0.8332694454654372,0.9785714285714285
McBride,V,FFG,2024,Drainage System,0.0,0.0,0.0,0.0,0.0,0.0,,mcbride-v,McBride,mcbride-v|Drainage System,McBride|Drainage System,,
McBride,V,FFG,2024,Transportation System,0.0,0.0,0.0,0.0,0.0,0.0,,mcbride-v,McBride,mcbride-v|Transportation System,McBride|Transportation System,,
McBride,V,FFG,2024,Other Engineering Systems,12997133.0,7961700.0,5035433.0,80354.0,22000000.0,380000.0,In_Progress,mcbride-v,McBride,mcbride-v|Other Engineering Systems,McBride|Other Engineering Systems,0.3874264424315732,0.9827272727272727
McBride,V,FFG,2024,Other Tangible Capital Assets,0.0,0.0,0.0,0.0,0.0,0.0,N/A,mcbride-v,McBride,mcbride-v|Other Tangible Capital Assets,McBride|Other Tangible Capital Assets,,
McBride,V,FFG,2024,Work In Progress,248217.0,,248217.0,248217.0,248217.0,,N/A,mcbride-v,McBride,mcbride-v|Work In Progress,McBride|Work In Progress,1.0,
McBride,V,FFG,2024,Total TCA,26018597.0,12782716.0,13235881.0,695973.0,41120666.0,880000.0,,mcbride-v,McBride,mcbride-v|Total TCA,McBride|Total TCA,0.5087084826287904,0.978599568401932
Merritt,C,TNR,2024,Land,7690485.0,,7690485.0,289998.0,7690485.0,,N/A,merritt-c,Merritt,merritt-c|Land,Merritt|Land,1.0,
Merritt,C,TNR,2024,Buildings,30231309.0,10954033.0,19277276.0,262502.0,53498646.0,1188859.0,In_Progress,merritt-c,Merritt,merritt-c|Buildings,Merritt|Buildings,0.6376593219962787,0.9777777740393654
Merritt,C,TNR,2024,Fleet,7434100.0,4588618.0,2845482.0,0.0,15545346.0,884704.0,In_Progress,merritt-c,Merritt,merritt-c|Fleet,Merritt|Fleet,0.38276079148787345,0.9430888189944437
Merritt,C,TNR,2024,Parks and Recreation,11749859.0,2545765.0,9204094.0,2300322.0,13994892.0,559796.0,In_Progress,merritt-c,Merritt,merritt-c|Parks and Recreation,Merritt|Parks and Recreation,0.7833365489747579,0.9599999771345145
Merritt,C,TNR,2024,Water System,23369033.0,7794211.0,15574822.0,560821.0,49877189.0,1097583.0,In_Progress,merritt-c,Merritt,merritt-c|Water System,Merritt|Water System,0.6664726777526482,0.9779942891328539
Merritt,C,TNR,2024,Sewer System,12150020.0,3316092.0,8833928.0,491788.0,36662842.0,629499.0,In_Progress,merritt-c,Merritt,merritt-c|Sewer System,Merritt|Sewer System,0.7270710665496847,0.9828300544731365
Merritt,C,TNR,2024,Drainage System,2658228.0,1371207.0,1287021.0,10822.0,15209194.0,202789.0,In_Progress,merritt-c,Merritt,merritt-c|Drainage System,Merritt|Drainage System,0.48416501519057054,0.9866666833232582
Merritt,C,TNR,2024,Transportation System,53230039.0,13829856.0,39400183.0,17508467.0,152660570.0,2282968.0,In_Progress,merritt-c,Merritt,merritt-c|Transportation System,Merritt|Transportation System,0.7401870023052209,0.9850454639334832
Merritt,C,TNR,2024,Other Engineering Systems,0.0,0.0,0.0,0.0,0.0,0.0,,merritt-c,Merritt,merritt-c|Other Engineering Systems,Merritt|Other Engineering Systems,,
Merritt,C,TNR,2024,Other Tangible Capital Assets,8074244.0,5656104.0,2418140.0,822004.0,8481678.0,650555.0,N/A,merritt-c,Merritt,merritt-c|Other Tangible Capital Assets,Merritt|Other Tangible Capital Assets,0.2994881006816242,0.9232987859242003
Merritt,C,TNR,2024,Work In Progress,15361259.0,,15361259.0,10752644.0,15361259.0,,N/A,merritt-c,Merritt,merritt-c|Work In Progress,Merritt|Work In Progress,1.0,
Merritt,C,TNR,2024,Total TCA,171948576.0,50055886.0,121892690.0,32999368.0,368982101.0,7496753.0,,merritt-c,Merritt,merritt-c|Total TCA,Merritt|Total TCA,0.7088903719679539,0.9796826106749281
Metchosin,D,CAP,2024,Land,8326460.0,,8326460.0,0.0,8326460.0,,N/A,metchosin-d,Metchosin,metchosin-d|Land,Metchosin|Land,1.0,
Metchosin,D,CAP,2024,Buildings,6909223.0,3626884.0,3282339.0,366309.0,19857731.0,567364.0,Yes,metchosin-d,Metchosin,metchosin-d|Buildings,Metchosin|Buildings,0.475066299061414,0.9714285584793146
Metchosin,D,CAP,2024,Fleet,4319880.0,2219947.0,2099933.0,590374.0,4095694.0,273046.0,Yes,metchosin-d,Metchosin,metchosin-d|Fleet,Metchosin|Fleet,0.48610910488254305,0.9333333984423641
Metchosin,D,CAP,2024,Parks and Recreation,586913.0,276845.0,310068.0,19220.0,22071.0,2207.0,Yes,metchosin-d,Metchosin,metchosin-d|Parks and Recreation,Metchosin|Parks and Recreation,0.5283031727019166,0.9000045308323139
Metchosin,D,CAP,2024,Water System,0.0,0.0,0.0,0.0,0.0,0.0,,metchosin-d,Metchosin,metchosin-d|Water System,Metchosin|Water System,,
Metchosin,D,CAP,2024,Sewer System,0.0,0.0,0.0,0.0,0.0,0.0,,metchosin-d,Metchosin,metchosin-d|Sewer System,Metchosin|Sewer System,,
Metchosin,D,CAP,2024,Drainage System,0.0,0.0,0.0,0.0,0.0,0.0,,metchosin-d,Metchosin,metchosin-d|Drainage System,Metchosin|Drainage System,,
Metchosin,D,CAP,2024,Transportation System,66112908.0,44568504.0,21544404.0,0.0,48471400.0,1009821.0,Yes,metchosin-d,Metchosin,metchosin-d|Transportation System,Metchosin|Transportation System,0.32587288400625186,0.9791666632282129
Metchosin,D,CAP,2024,Other Engineering Systems,0.0,0.0,0.0,0.0,0.0,0.0,,metchosin-d,Metchosin,metchosin-d|Other Engineering Systems,Metchosin|Other Engineering Systems,,
Metchosin,D,CAP,2024,Other Tangible Capital Assets,0.0,0.0,0.0,0.0,0.0,0.0,N/A,metchosin-d,Metchosin,metchosin-d|Other Tangible Capital Assets,Metchosin|Other Tangible Capital Assets,,
Metchosin,D,CAP,2024,Work In Progress,11965.0,,11965.0,-42085.0,11965.0,,N/A,metchosin-d,Metchosin,metchosin-d|Work In Progress,Metchosin|Work In Progress,1.0,
Metchosin,D,CAP,2024,Total TCA,86267349.0,50692180.0,35575169.0,933818.0,80785321.0,1852438.0,,metchosin-d,Metchosin,metchosin-d|Total TCA,Metchosin|Total TCA,0.4123827776369945,0.9770696213486606
Midway,V,KOO,2024,Land,2192504.0,,2192504.0,0.0,2192504.0,,N/A,midway-v,Midway,midway-v|Land,Midway|Land,1.0,
Midway,V,KOO,2024,Buildings,4200021.0,1668169.0,2531852.0,224175.0,0.0,0.0,No,midway-v,Midway,midway-v|Buildings,Midway|Buildings,0.6028188906674514,
Midway,V,KOO,2024,Fleet,1661352.0,1080035.0,581317.0,54812.0,0.0,0.0,No,midway-v,Midway,midway-v|Fleet,Midway|Fleet,0.3499059801896287,
Midway,V,KOO,2024,Parks and Recreation,477855.0,41801.0,436054.0,0.0,0.0,0.0,No,midway-v,Midway,midway-v|Parks and Recreation,Midway|Parks and Recreation,0.9125236734992832,
Midway,V,KOO,2024,Water System,2261467.0,1334711.0,926756.0,0.0,0.0,0.0,No,midway-v,Midway,midway-v|Water System,Midway|Water System,0.4098030172450007,
Midway,V,KOO,2024,Sewer System,1801377.0,924403.0,876974.0,0.0,0.0,0.0,No,midway-v,Midway,midway-v|Sewer System,Midway|Sewer System,0.48683534873599477,
Midway,V,KOO,2024,Drainage System,0.0,0.0,0.0,0.0,0.0,0.0,,midway-v,Midway,midway-v|Drainage System,Midway|Drainage System,,
Midway,V,KOO,2024,Transportation System,1337946.0,1036656.0,301290.0,3500.0,0.0,0.0,No,midway-v,Midway,midway-v|Transportation System,Midway|Transportation System,0.2251884605208282,
Midway,V,KOO,2024,Other Engineering Systems,0.0,0.0,0.0,0.0,0.0,0.0,,midway-v,Midway,midway-v|Other Engineering Systems,Midway|Other Engineering Systems,,
Midway,V,KOO,2024,Other Tangible Capital Assets,0.0,0.0,0.0,0.0,0.0,0.0,N/A,midway-v,Midway,midway-v|Other Tangible Capital Assets,Midway|Other Tangible Capital Assets,,
Midway,V,KOO,2024,Work In Progress,206991.0,,206991.0,0.0,206991.0,,N/A,midway-v,Midway,midway-v|Work In Progress,Midway|Work In Progress,1.0,
Midway,V,KOO,2024,Total TCA,14139513.0,6085775.0,8053738.0,282487.0,2399495.0,0.0,,midway-v,Midway,midway-v|Total TCA,Midway|Total TCA,0.5695909045806599,1.0
Mission,C,FVR,2024,Land,161728065.0,,161728065.0,10203577.0,161728065.0,,N/A,mission-c,Mission,mission-c|Land,Mission|Land,1.0,
Mission,C,FVR,2024,Buildings,57548924.0,24067511.0,33481413.0,1594802.0,112332194.0,5850635.0,In_Progress,mission-c,Mission,mission-c|Buildings,Mission|Buildings,0.5817904258296819,0.9479166675939757
Mission,C,FVR,2024,Fleet,17485054.0,7691994.0,9793060.0,2220289.0,20626430.0,3507896.0,In_Progress,mission-c,Mission,mission-c|Fleet,Mission|Fleet,0.5600817704080296,0.829931985321745
Mission,C,FVR,2024,Parks and Recreation,11403979.0,6261231.0,5142748.0,221485.0,16532492.0,2247326.0,In_Progress,mission-c,Mission,mission-c|Parks and Recreation,Mission|Parks and Recreation,0.4509608444561324,0.864066106912376
Mission,C,FVR,2024,Water System,92537298.0,29792418.0,62744880.0,1736432.0,196995559.0,4214936.0,In_Progress,mission-c,Mission,mission-c|Water System,Mission|Water System,0.6780496227585984,0.9786039034514479
Mission,C,FVR,2024,Sewer System,88727074.0,29992084.0,58734990.0,1710694.0,215734661.0,8344581.0,In_Progress,mission-c,Mission,mission-c|Sewer System,Mission|Sewer System,0.6619737060189768,0.961320165423024
Mission,C,FVR,2024,Drainage System,118191120.0,33267014.0,84924106.0,1083756.0,317164266.0,6036625.0,In_Progress,mission-c,Mission,mission-c|Drainage System,Mission|Drainage System,0.7185320352324269,0.9809668816852148
Mission,C,FVR,2024,Transportation System,210414163.0,70956700.0,139457463.0,4281795.0,418176375.0,8383360.0,In_Progress,mission-c,Mission,mission-c|Transportation System,Mission|Transportation System,0.6627760271061222,0.9799525738392084
Mission,C,FVR,2024,Other Engineering Systems,13615930.0,10178585.0,3437345.0,100470.0,13403260.0,1909296.0,In_Progress,mission-c,Mission,mission-c|Other Engineering Systems,Mission|Other Engineering Systems,0.2524502549587138,0.8575498796561434
Mission,C,FVR,2024,Other Tangible Capital Assets,10415970.0,4993838.0,5422132.0,1165857.0,13117181.0,2550485.0,N/A,mission-c,Mission,mission-c|Other Tangible Capital Assets,Mission|Other Tangible Capital Assets,0.5205594870184918,0.8055614998375031
Mission,C,FVR,2024,Work In Progress,60190217.0,,60190217.0,10750695.0,60190217.0,,N/A,mission-c,Mission,mission-c|Work In Progress,Mission|Work In Progress,1.0,
Mission,C,FVR,2024,Total TCA,842257794.0,217201375.0,625056419.0,35069852.0,1546000700.0,43045140.0,,mission-c,Mission,mission-c|Total TCA,Mission|Total TCA,0.7421200770746444,0.9721571018693588
Montrose,V,KOO,2024,Land,881313.0,,881313.0,0.0,881313.0,,N/A,montrose-v,Montrose,montrose-v|Land,Montrose|Land,1.0,
Montrose,V,KOO,2024,Buildings,1176882.0,588302.0,588580.0,81076.0,1177000.0,28794.0,Yes,montrose-v,Montrose,montrose-v|Buildings,Montrose|Buildings,0.5001181086973885,0.975536108751062
Montrose,V,KOO,2024,Fleet,1413866.0,825974.0,587892.0,85097.0,731600.0,59400.0,Yes,montrose-v,Montrose,montrose-v|Fleet,Montrose|Fleet,0.41580460948915954,0.9188080918534718
Montrose,V,KOO,2024,Parks and Recreation,251591.0,154120.0,97471.0,0.0,251591.0,16000.0,Yes,montrose-v,Montrose,montrose-v|Parks and Recreation,Montrose|Parks and Recreation,0.38741846886414855,0.9364047203596313
Montrose,V,KOO,2024,Water System,3951582.0,1574131.0,2377451.0,0.0,3951000.0,90000.0,Yes,montrose-v,Montrose,montrose-v|Water System,Montrose|Water System,0.6016453663368241,0.9772209567198178
Montrose,V,KOO,2024,Sewer System,2806529.0,1309838.0,1496691.0,134464.0,2806000.0,49300.0,Yes,montrose-v,Montrose,montrose-v|Sewer System,Montrose|Sewer System,0.5332889843646725,0.9824305060584462
Montrose,V,KOO,2024,Drainage System,694971.0,514886.0,180085.0,0.0,695000.0,9500.0,Yes,montrose-v,Montrose,montrose-v|Drainage System,Montrose|Drainage System,0.2591259203621446,0.9863309352517986
Montrose,V,KOO,2024,Transportation System,4813188.0,2488825.0,2324363.0,0.0,4813000.0,0.0,Yes,montrose-v,Montrose,montrose-v|Transportation System,Montrose|Transportation System,0.4829154813815708,1.0
Montrose,V,KOO,2024,Other Engineering Systems,0.0,0.0,0.0,0.0,0.0,0.0,,montrose-v,Montrose,montrose-v|Other Engineering Systems,Montrose|Other Engineering Systems,,
Montrose,V,KOO,2024,Other Tangible Capital Assets,0.0,0.0,0.0,0.0,0.0,0.0,N/A,montrose-v,Montrose,montrose-v|Other Tangible Capital Assets,Montrose|Other Tangible Capital Assets,,
Montrose,V,KOO,2024,Work In Progress,3257081.0,,3257081.0,615850.0,3257081.0,,N/A,montrose-v,Montrose,montrose-v|Work In Progress,Montrose|Work In Progress,1.0,
Montrose,V,KOO,2024,Total TCA,19247003.0,7456076.0,11790927.0,916487.0,18563585.0,252994.0,,montrose-v,Montrose,montrose-v|Total TCA,Montrose|Total TCA,0.6126110646940721,0.9863714902051517
Nakusp,V,CKO,2024,Land,1342412.0,,1342412.0,0.0,1342412.0,,N/A,nakusp-v,Nakusp,nakusp-v|Land,Nakusp|Land,1.0,
Nakusp,V,CKO,2024,Buildings,12164743.0,6920020.0,5244723.0,1363962.0,21610370.0,0.0,In_Progress,nakusp-v,Nakusp,nakusp-v|Buildings,Nakusp|Buildings,0.43114129085998776,1.0
Nakusp,V,CKO,2024,Fleet,3055207.0,1883641.0,1171566.0,421321.0,0.0,0.0,Yes,nakusp-v,Nakusp,nakusp-v|Fleet,Nakusp|Fleet,0.38346534293748347,
Nakusp,V,CKO,2024,Parks and Recreation,3742731.0,743358.0,2999373.0,309144.0,0.0,0.0,Yes,nakusp-v,Nakusp,nakusp-v|Parks and Recreation,Nakusp|Parks and Recreation,0.8013862070236947,
Nakusp,V,CKO,2024,Water System,9070594.0,3658511.0,5412083.0,27344.0,20450641.0,0.0,Yes,nakusp-v,Nakusp,nakusp-v|Water System,Nakusp|Water System,0.5966624677501826,1.0
Nakusp,V,CKO,2024,Sewer System,5661207.0,3258486.0,2402721.0,0.0,20665528.0,0.0,Yes,nakusp-v,Nakusp,nakusp-v|Sewer System,Nakusp|Sewer System,0.4244185029800182,1.0
Nakusp,V,CKO,2024,Drainage System,0.0,0.0,0.0,0.0,0.0,0.0,,nakusp-v,Nakusp,nakusp-v|Drainage System,Nakusp|Drainage System,,
Nakusp,V,CKO,2024,Transportation System,5615211.0,2440668.0,3174543.0,133413.0,9581968.0,0.0,Yes,nakusp-v,Nakusp,nakusp-v|Transportation System,Nakusp|Transportation System,0.5653470546342783,1.0
Nakusp,V,CKO,2024,Other Engineering Systems,0.0,0.0,0.0,0.0,0.0,0.0,,nakusp-v,Nakusp,nakusp-v|Other Engineering Systems,Nakusp|Other Engineering Systems,,
Nakusp,V,CKO,2024,Other Tangible Capital Assets,1184218.0,910590.0,273628.0,0.0,5057026.0,0.0,N/A,nakusp-v,Nakusp,nakusp-v|Other Tangible Capital Assets,Nakusp|Other Tangible Capital Assets,0.23106218618531385,1.0
Nakusp,V,CKO,2024,Work In Progress,1073064.0,,1073064.0,795358.0,1073064.0,,N/A,nakusp-v,Nakusp,nakusp-v|Work In Progress,Nakusp|Work In Progress,1.0,
Nakusp,V,CKO,2024,Total TCA,42909387.0,19815274.0,23094113.0,3050542.0,79781009.0,0.0,,nakusp-v,Nakusp,nakusp-v|Total TCA,Nakusp|Total TCA,0.5382065467399942,1.0
Nanaimo,C,NAN,2024,Land,123809981.0,,123809981.0,7363835.0,123809981.0,,N/A,nanaimo-c,Nanaimo,nanaimo-c|Land,Nanaimo|Land,1.0,
Nanaimo,C,NAN,2024,Buildings,238148693.0,115986167.0,122162526.0,3476089.0,804000000.0,26800000.0,Yes,nanaimo-c,Nanaimo,nanaimo-c|Buildings,Nanaimo|Buildings,0.5129674425716878,0.9666666666666667
Nanaimo,C,NAN,2024,Fleet,69543945.0,41035721.0,28508224.0,4210367.0,31000000.0,2583333.0,Yes,nanaimo-c,Nanaimo,nanaimo-c|Fleet,Nanaimo|Fleet,0.40993107307904375,0.9166666774193548
Nanaimo,C,NAN,2024,Parks and Recreation,55302327.0,20561705.0,34740622.0,7079755.0,94000000.0,4248428.0,Yes,nanaimo-c,Nanaimo,nanaimo-c|Parks and Recreation,Nanaimo|Parks and Recreation,0.6281945785029986,0.9548039574468085
Nanaimo,C,NAN,2024,Water System,345255765.0,98226456.0,247029309.0,21339808.0,1481000000.0,25148822.0,Yes,nanaimo-c,Nanaimo,nanaimo-c|Water System,Nanaimo|Water System,0.7154965507961902,0.9830190263335584
Nanaimo,C,NAN,2024,Sewer System,80804299.0,18932648.0,61871651.0,4050890.0,854000000.0,14233333.0,Yes,nanaimo-c,Nanaimo,nanaimo-c|Sewer System,Nanaimo|Sewer System,0.7656975156730214,0.9833333337236534
Nanaimo,C,NAN,2024,Drainage System,129862551.0,41030688.0,88831863.0,2800057.0,917000000.0,12391892.0,Yes,nanaimo-c,Nanaimo,nanaimo-c|Drainage System,Nanaimo|Drainage System,0.6840452641346927,0.9864864863685933
Nanaimo,C,NAN,2024,Transportation System,371867881.0,216908934.0,154958947.0,13301744.0,632000000.0,12534865.0,Yes,nanaimo-c,Nanaimo,nanaimo-c|Transportation System,Nanaimo|Transportation System,0.4167043052583506,0.9801663528481013
Nanaimo,C,NAN,2024,Other Engineering Systems,0.0,0.0,0.0,0.0,0.0,0.0,,nanaimo-c,Nanaimo,nanaimo-c|Other Engineering Systems,Nanaimo|Other Engineering Systems,,
Nanaimo,C,NAN,2024,Other Tangible Capital Assets,30945516.0,16806700.0,14138816.0,2285107.0,2000000.0,100000.0,N/A,nanaimo-c,Nanaimo,nanaimo-c|Other Tangible Capital Assets,Nanaimo|Other Tangible Capital Assets,0.456893851761916,0.95
Nanaimo,C,NAN,2024,Work In Progress,25207990.0,,25207990.0,9773743.0,25207990.0,,N/A,nanaimo-c,Nanaimo,nanaimo-c|Work In Progress,Nanaimo|Work In Progress,1.0,
Nanaimo,C,NAN,2024,Total TCA,1470748948.0,569489019.0,901259929.0,75681395.0,4964017971.0,98040673.0,,nanaimo-c,Nanaimo,nanaimo-c|Total TCA,Nanaimo|Total TCA,0.6127897832091463,0.9802497344746216
Nelson,C,CKO,2024,Land,8801152.0,,8801152.0,0.0,8801152.0,,N/A,nelson-c,Nelson,nelson-c|Land,Nelson|Land,1.0,
Nelson,C,CKO,2024,Buildings,40398116.0,32093046.0,8305070.0,324086.0,210425275.0,2104000.0,In_Progress,nelson-c,Nelson,nelson-c|Buildings,Nelson|Buildings,0.20558062658169504,0.9900012011389792
Nelson,C,CKO,2024,Fleet,13184630.0,7031529.0,6153101.0,355731.0,10393457.0,520000.0,Yes,nelson-c,Nelson,nelson-c|Fleet,Nelson|Fleet,0.46668742315863243,0.9499685234662538
Nelson,C,CKO,2024,Parks and Recreation,15295313.0,4695742.0,10599571.0,5319483.0,12101228.0,242000.0,In_Progress,nelson-c,Nelson,nelson-c|Parks and Recreation,Nelson|Parks and Recreation,0.6929947102095917,0.9800020295460924
Nelson,C,CKO,2024,Water System,63340114.0,18591473.0,44748641.0,4377756.0,93951221.0,1252000.0,Yes,nelson-c,Nelson,nelson-c|Water System,Nelson|Water System,0.7064818512956892,0.9866739358288915
Nelson,C,CKO,2024,Sewer System,35904861.0,16522438.0,19382423.0,867388.0,114069788.0,1521000.0,Yes,nelson-c,Nelson,nelson-c|Sewer System,Nelson|Sewer System,0.5398272673998097,0.9866660574489715
Nelson,C,CKO,2024,Drainage System,21279995.0,8864905.0,12415090.0,392776.0,78486086.0,1046000.0,Yes,nelson-c,Nelson,nelson-c|Drainage System,Nelson|Drainage System,0.5834160205394785,0.9866727970101605
Nelson,C,CKO,2024,Transportation System,42574809.0,16874010.0,25700799.0,2840783.0,49940000.0,778448.0,In_Progress,nelson-c,Nelson,nelson-c|Transportation System,Nelson|Transportation System,0.6036621092064088,0.9844123348017622
Nelson,C,CKO,2024,Other Engineering Systems,80495157.0,22657673.0,57837484.0,11488844.0,134023864.0,2587000.0,In_Progress,nelson-c,Nelson,nelson-c|Other Engineering Systems,Nelson|Other Engineering Systems,0.7185212894236606,0.9806974674301288
Nelson,C,CKO,2024,Other Tangible Capital Assets,6439642.0,3556743.0,2882899.0,473246.0,3401510.0,227000.0,N/A,nelson-c,Nelson,nelson-c|Other Tangible Capital Assets,Nelson|Other Tangible Capital Assets,0.4476800107832081,0.9332649323388731
Nelson,C,CKO,2024,Work In Progress,7293241.0,,7293241.0,-9569502.0,7293241.0,,N/A,nelson-c,Nelson,nelson-c|Work In Progress,Nelson|Work In Progress,1.0,
Nelson,C,CKO,2024,Total TCA,335007030.0,130887559.0,204119471.0,16870591.0,722886822.0,10277448.0,,nelson-c,Nelson,nelson-c|Total TCA,Nelson|Total TCA,0.6092990675449408,0.9857827702937432
New Denver,V,CKO,2024,Land,1221201.0,,1221201.0,0.0,1221201.0,,N/A,new-denver-v,New Denver,new-denver-v|Land,New Denver|Land,1.0,
New Denver,V,CKO,2024,Buildings,2239727.0,713573.0,1526154.0,0.0,3758192.0,56989.0,In_Progress,new-denver-v,New Denver,new-denver-v|Buildings,New Denver|Buildings,0.6814017958438685,0.9848360594668926
New Denver,V,CKO,2024,Fleet,1999849.0,932590.0,1067259.0,246008.0,1314549.0,100124.0,In_Progress,new-denver-v,New Denver,new-denver-v|Fleet,New Denver|Fleet,0.5336697920693012,0.9238339536981885
New Denver,V,CKO,2024,Parks and Recreation,0.0,0.0,0.0,0.0,0.0,0.0,,new-denver-v,New Denver,new-denver-v|Parks and Recreation,New Denver|Parks and Recreation,,
New Denver,V,CKO,2024,Water System,2084669.0,904805.0,1179864.0,0.0,7688988.0,35654.0,In_Progress,new-denver-v,New Denver,new-denver-v|Water System,New Denver|Water System,0.5659718641184763,0.9953629788471513
New Denver,V,CKO,2024,Sewer System,0.0,0.0,0.0,0.0,0.0,0.0,,new-denver-v,New Denver,new-denver-v|Sewer System,New Denver|Sewer System,,
New Denver,V,CKO,2024,Drainage System,0.0,0.0,0.0,0.0,0.0,0.0,,new-denver-v,New Denver,new-denver-v|Drainage System,New Denver|Drainage System,,
New Denver,V,CKO,2024,Transportation System,781674.0,379517.0,402157.0,0.0,3732819.0,0.0,In_Progress,new-denver-v,New Denver,new-denver-v|Transportation System,New Denver|Transportation System,0.5144817404698122,1.0
New Denver,V,CKO,2024,Other Engineering Systems,1494473.0,224051.0,1270422.0,48213.0,1447260.0,42049.0,In_Progress,new-denver-v,New Denver,new-denver-v|Other Engineering Systems,New Denver|Other Engineering Systems,0.8500802624068818,0.9709457872116966
New Denver,V,CKO,2024,Other Tangible Capital Assets,55459.0,52350.0,3109.0,0.0,2051658.0,32360.0,N/A,new-denver-v,New Denver,new-denver-v|Other Tangible Capital Assets,New Denver|Other Tangible Capital Assets,0.05605943129158478,0.9842273907249649
New Denver,V,CKO,2024,Work In Progress,2135551.0,,2135551.0,731853.0,2135551.0,,N/A,new-denver-v,New Denver,new-denver-v|Work In Progress,New Denver|Work In Progress,1.0,
New Denver,V,CKO,2024,Total TCA,12012603.0,3206886.0,8805717.0,1026074.0,23350218.0,267176.0,,new-denver-v,New Denver,new-denver-v|Total TCA,New Denver|Total TCA,0.7330398748714163,0.9885578798450618
New Hazelton,D,KIT,2024,Land,643281.0,,643281.0,1373.0,643281.0,,N/A,new-hazelton-d,New Hazelton,new-hazelton-d|Land,New Hazelton|Land,1.0,
New Hazelton,D,KIT,2024,Buildings,7882567.0,2092532.0,5790035.0,46872.0,5790035.0,0.0,In_Progress,new-hazelton-d,New Hazelton,new-hazelton-d|Buildings,New Hazelton|Buildings,0.7345367314987618,1.0
New Hazelton,D,KIT,2024,Fleet,0.0,0.0,0.0,0.0,0.0,0.0,,new-hazelton-d,New Hazelton,new-hazelton-d|Fleet,New Hazelton|Fleet,,
New Hazelton,D,KIT,2024,Parks and Recreation,0.0,0.0,0.0,0.0,0.0,0.0,,new-hazelton-d,New Hazelton,new-hazelton-d|Parks and Recreation,New Hazelton|Parks and Recreation,,
New Hazelton,D,KIT,2024,Water System,3873872.0,1655929.0,2217943.0,0.0,2217941.0,0.0,In_Progress,new-hazelton-d,New Hazelton,new-hazelton-d|Water System,New Hazelton|Water System,0.5725390513677272,1.0
New Hazelton,D,KIT,2024,Sewer System,1274880.0,940922.0,333958.0,25828.0,333959.0,0.0,In_Progress,new-hazelton-d,New Hazelton,new-hazelton-d|Sewer System,New Hazelton|Sewer System,0.26195249748995986,1.0
New Hazelton,D,KIT,2024,Drainage System,0.0,0.0,0.0,0.0,0.0,0.0,,new-hazelton-d,New Hazelton,new-hazelton-d|Drainage System,New Hazelton|Drainage System,,
New Hazelton,D,KIT,2024,Transportation System,4323410.0,2282118.0,2041292.0,522031.0,2041292.0,0.0,In_Progress,new-hazelton-d,New Hazelton,new-hazelton-d|Transportation System,New Hazelton|Transportation System,0.4721486049206529,1.0
New Hazelton,D,KIT,2024,Other Engineering Systems,0.0,0.0,0.0,0.0,0.0,0.0,,new-hazelton-d,New Hazelton,new-hazelton-d|Other Engineering Systems,New Hazelton|Other Engineering Systems,,
New Hazelton,D,KIT,2024,Other Tangible Capital Assets,3032600.0,2247622.0,784978.0,0.0,784979.0,0.0,N/A,new-hazelton-d,New Hazelton,new-hazelton-d|Other Tangible Capital Assets,New Hazelton|Other Tangible Capital Assets,0.2588465343269801,1.0
New Hazelton,D,KIT,2024,Work In Progress,0.0,,0.0,0.0,0.0,,N/A,new-hazelton-d,New Hazelton,new-hazelton-d|Work In Progress,New Hazelton|Work In Progress,,
New Hazelton,D,KIT,2024,Total TCA,21030610.0,9219123.0,11811487.0,596104.0,11811487.0,0.0,,new-hazelton-d,New Hazelton,new-hazelton-d|Total TCA,New Hazelton|Total TCA,0.5616331147788866,1.0
New Westminster,C,MVRD,2024,Land,215358551.0,,215358551.0,2420273.0,215358551.0,,N/A,new-westminster-c,New Westminster,new-westminster-c|Land,New Westminster|Land,1.0,
New Westminster,C,MVRD,2024,Buildings,304216336.0,103195501.0,201020835.0,108348216.0,506456896.0,18775704.0,Yes,new-westminster-c,New Westminster,new-westminster-c|Buildings,New Westminster|Buildings,0.660782513007454,0.9629273406122206
New Westminster,C,MVRD,2024,Fleet,26358934.0,16609986.0,9748948.0,3180577.0,79076802.0,8460182.0,No,new-westminster-c,New Westminster,new-westminster-c|Fleet,New Westminster|Fleet,0.36985365189654484,0.8930130988352311
New Westminster,C,MVRD,2024,Parks and Recreation,80683125.0,44381002.0,36302123.0,2435959.0,242049375.0,8745190.0,No,new-westminster-c,New Westminster,new-westminster-c|Parks and Recreation,New Westminster|Parks and Recreation,0.44993451852540417,0.9638702227593027
New Westminster,C,MVRD,2024,Water System,73220449.0,17558686.0,55661763.0,416397.0,346620000.0,4158988.0,Yes,new-westminster-c,New Westminster,new-westminster-c|Water System,New Westminster|Water System,0.7601942320785277,0.9880013040216953
New Westminster,C,MVRD,2024,Sewer System,66703426.0,18217012.0,48486414.0,2899829.0,529502400.0,6050720.0,Yes,new-westminster-c,New Westminster,new-westminster-c|Sewer System,New Westminster|Sewer System,0.7268954071414563,0.9885728185556855
New Westminster,C,MVRD,2024,Drainage System,86436689.0,18607640.0,67829049.0,634565.0,416037600.0,5415061.0,Yes,new-westminster-c,New Westminster,new-westminster-c|Drainage System,New Westminster|Drainage System,0.7847252108418915,0.9869842028701252
New Westminster,C,MVRD,2024,Transportation System,273193840.0,147434453.0,125759387.0,8898911.0,480700000.0,15795401.0,Yes,new-westminster-c,New Westminster,new-westminster-c|Transportation System,New Westminster|Transportation System,0.4603302439030104,0.9671408342001249
New Westminster,C,MVRD,2024,Other Engineering Systems,143292060.0,40679261.0,102612799.0,5393558.0,429876179.0,6561171.0,No,new-westminster-c,New Westminster,new-westminster-c|Other Engineering Systems,New Westminster|Other Engineering Systems,0.716109455052848,0.9847370677406156
New Westminster,C,MVRD,2024,Other Tangible Capital Assets,23278413.0,12390902.0,10887511.0,4628290.0,69835230.0,6803371.0,N/A,new-westminster-c,New Westminster,new-westminster-c|Other Tangible Capital Assets,New Westminster|Other Tangible Capital Assets,0.4677084730819064,0.9025796721797866
New Westminster,C,MVRD,2024,Work In Progress,29432569.0,,29432569.0,-86321088.0,29432569.0,,N/A,new-westminster-c,New Westminster,new-westminster-c|Work In Progress,New Westminster|Work In Progress,1.0,
New Westminster,C,MVRD,2024,Total TCA,1322174392.0,419074443.0,903099949.0,52935487.0,3344945602.0,80765788.0,,new-westminster-c,New Westminster,new-westminster-c|Total TCA,New Westminster|Total TCA,0.683041476573992,0.9758543792306491
North Cowichan,D,COW,2024,Land,62563529.0,,62563529.0,3696761.0,62563529.0,,N/A,north-cowichan-d,North Cowichan,north-cowichan-d|Land,North Cowichan|Land,1.0,
North Cowichan,D,COW,2024,Buildings,100346928.0,27978385.0,72368543.0,3822118.0,155507200.0,4092295.0,Yes,north-cowichan-d,North Cowichan,north-cowichan-d|Buildings,North Cowichan|Buildings,0.7211834427058893,0.9736842088340604
North Cowichan,D,COW,2024,Fleet,16255782.0,9769211.0,6486571.0,653433.0,20287083.0,1448382.0,In_Progress,north-cowichan-d,North Cowichan,north-cowichan-d|Fleet,North Cowichan|Fleet,0.3990316184112213,0.9286057044277879
North Cowichan,D,COW,2024,Parks and Recreation,14867531.0,9215663.0,5651868.0,567488.0,22913455.0,1450780.0,In_Progress,north-cowichan-d,North Cowichan,north-cowichan-d|Parks and Recreation,North Cowichan|Parks and Recreation,0.3801483918210764,0.9366843629649042
North Cowichan,D,COW,2024,Water System,59550852.0,26445491.0,33105361.0,1258658.0,260911155.0,4006791.0,In_Progress,north-cowichan-d,North Cowichan,north-cowichan-d|Water System,North Cowichan|Water System,0.5559175039174923,0.9846430828149145
North Cowichan,D,COW,2024,Sewer System,64557159.0,22602971.0,41954188.0,403780.0,195843634.0,2757661.0,In_Progress,north-cowichan-d,North Cowichan,north-cowichan-d|Sewer System,North Cowichan|Sewer System,0.6498766155431345,0.9859190674535788
North Cowichan,D,COW,2024,Drainage System,55769307.0,23908300.0,31861007.0,1351333.0,247116142.0,3688301.0,In_Progress,north-cowichan-d,North Cowichan,north-cowichan-d|Drainage System,North Cowichan|Drainage System,0.5713000342643669,0.9850746253557163
North Cowichan,D,COW,2024,Transportation System,185170213.0,101326496.0,83843717.0,941698.0,633036565.0,10158562.0,In_Progress,north-cowichan-d,North Cowichan,north-cowichan-d|Transportation System,North Cowichan|Transportation System,0.4527926799976193,0.9839526457685742
North Cowichan,D,COW,2024,Other Engineering Systems,0.0,0.0,0.0,0.0,0.0,0.0,,north-cowichan-d,North Cowichan,north-cowichan-d|Other Engineering Systems,North Cowichan|Other Engineering Systems,,
North Cowichan,D,COW,2024,Other Tangible Capital Assets,30096838.0,11900823.0,18196015.0,2428884.0,37993867.0,1310133.0,N/A,north-cowichan-d,North Cowichan,north-cowichan-d|Other Tangible Capital Assets,North Cowichan|Other Tangible Capital Assets,0.6045822820324182,0.9655172504551853
North Cowichan,D,COW,2024,Work In Progress,12053392.0,,12053392.0,7213415.0,12053392.0,,N/A,north-cowichan-d,North Cowichan,north-cowichan-d|Work In Progress,North Cowichan|Work In Progress,1.0,
North Cowichan,D,COW,2024,Total TCA,601231531.0,233147340.0,368084191.0,22337568.0,1648226022.0,28912905.0,,north-cowichan-d,North Cowichan,north-cowichan-d|Total TCA,North Cowichan|Total TCA,0.6122170445515107,0.9824581673786971
North Saanich,D,CAP,2024,Land,23991326.0,,23991326.0,0.0,23991326.0,,N/A,north-saanich-d,North Saanich,north-saanich-d|Land,North Saanich|Land,1.0,
North Saanich,D,CAP,2024,Buildings,9421195.0,3542530.0,5878665.0,243709.0,0.0,0.0,In_Progress,north-saanich-d,North Saanich,north-saanich-d|Buildings,North Saanich|Buildings,0.6239829448387386,
North Saanich,D,CAP,2024,Fleet,11026098.0,5214077.0,5812021.0,1251332.0,0.0,0.0,In_Progress,north-saanich-d,North Saanich,north-saanich-d|Fleet,North Saanich|Fleet,0.5271149412965493,
North Saanich,D,CAP,2024,Parks and Recreation,4786323.0,1593150.0,3193173.0,170034.0,0.0,0.0,In_Progress,north-saanich-d,North Saanich,north-saanich-d|Parks and Recreation,North Saanich|Parks and Recreation,0.6671453222024506,
North Saanich,D,CAP,2024,Water System,18436593.0,6544135.0,11892458.0,24100.0,0.0,0.0,In_Progress,north-saanich-d,North Saanich,north-saanich-d|Water System,North Saanich|Water System,0.645046403096277,
North Saanich,D,CAP,2024,Sewer System,28431633.0,10366584.0,18065049.0,9500.0,0.0,0.0,In_Progress,north-saanich-d,North Saanich,north-saanich-d|Sewer System,North Saanich|Sewer System,0.635385558050781,
North Saanich,D,CAP,2024,Drainage System,9323116.0,2543454.0,6779662.0,516947.0,0.0,0.0,In_Progress,north-saanich-d,North Saanich,north-saanich-d|Drainage System,North Saanich|Drainage System,0.7271884206953984,
North Saanich,D,CAP,2024,Transportation System,44379112.0,27908002.0,16471110.0,444815.0,0.0,0.0,In_Progress,north-saanich-d,North Saanich,north-saanich-d|Transportation System,North Saanich|Transportation System,0.3711455515378496,
North Saanich,D,CAP,2024,Other Engineering Systems,65381.0,51205.0,14176.0,0.0,0.0,0.0,In_Progress,north-saanich-d,North Saanich,north-saanich-d|Other Engineering Systems,North Saanich|Other Engineering Systems,0.2168214007127453,
North Saanich,D,CAP,2024,Other Tangible Capital Assets,0.0,0.0,0.0,0.0,0.0,0.0,N/A,north-saanich-d,North Saanich,north-saanich-d|Other Tangible Capital Assets,North Saanich|Other Tangible Capital Assets,,
North Saanich,D,CAP,2024,Work In Progress,313296.0,,313296.0,209847.0,313296.0,,N/A,north-saanich-d,North Saanich,north-saanich-d|Work In Progress,North Saanich|Work In Progress,1.0,
North Saanich,D,CAP,2024,Total TCA,150174073.0,57763137.0,92410936.0,2870284.0,24304622.0,0.0,,north-saanich-d,North Saanich,north-saanich-d|Total TCA,North Saanich|Total TCA,0.6153587909945014,1.0
North Vancouver,C,MVRD,2024,Land,46228159.0,,46228159.0,0.0,46228159.0,,N/A,north-vancouver-c,North Vancouver (City),north-vancouver-c|Land,North Vancouver (City)|Land,1.0,
North Vancouver,C,MVRD,2024,Buildings,153991298.0,86347323.0,67643975.0,1202737.0,335979563.0,14082819.0,No,north-vancouver-c,North Vancouver (City),north-vancouver-c|Buildings,North Vancouver (City)|Buildings,0.43927141259631436,0.958084298716705
North Vancouver,C,MVRD,2024,Fleet,14997283.0,6539461.0,8457822.0,975811.0,17969811.0,1829033.0,No,north-vancouver-c,North Vancouver (City),north-vancouver-c|Fleet,North Vancouver (City)|Fleet,0.563956951402464,0.8982163474062137
North Vancouver,C,MVRD,2024,Parks and Recreation,145506001.0,50267277.0,95238724.0,45130.0,201133633.0,7529518.0,No,north-vancouver-c,North Vancouver (City),north-vancouver-c|Parks and Recreation,North Vancouver (City)|Parks and Recreation,0.6545346813565441,0.9625646000239055
North Vancouver,C,MVRD,2024,Water System,71644185.0,19616324.0,52027861.0,3480545.0,199337980.0,2548208.0,Yes,north-vancouver-c,North Vancouver (City),north-vancouver-c|Water System,North Vancouver (City)|Water System,0.7261979600996229,0.9872166458193266
North Vancouver,C,MVRD,2024,Sewer System,26882438.0,9688203.0,17194235.0,1255983.0,147793367.0,1628446.0,Yes,north-vancouver-c,North Vancouver (City),north-vancouver-c|Sewer System,North Vancouver (City)|Sewer System,0.639608468547384,0.9889816029429792
North Vancouver,C,MVRD,2024,Drainage System,40663168.0,13193386.0,27469782.0,2582924.0,145394414.0,1684177.0,Yes,north-vancouver-c,North Vancouver (City),north-vancouver-c|Drainage System,North Vancouver (City)|Drainage System,0.6755445616042508,0.9884164944603717
North Vancouver,C,MVRD,2024,Transportation System,157398119.0,67205268.0,90192851.0,8496367.0,467991226.0,10338639.0,In_Progress,north-vancouver-c,North Vancouver (City),north-vancouver-c|Transportation System,North Vancouver (City)|Transportation System,0.5730236903275826,0.9779084768567862
North Vancouver,C,MVRD,2024,Other Engineering Systems,0.0,0.0,0.0,0.0,0.0,0.0,,north-vancouver-c,North Vancouver (City),north-vancouver-c|Other Engineering Systems,North Vancouver (City)|Other Engineering Systems,,
North Vancouver,C,MVRD,2024,Other Tangible Capital Assets,27847172.0,22810001.0,5037171.0,245279.0,39939044.0,4425688.0,N/A,north-vancouver-c,North Vancouver (City),north-vancouver-c|Other Tangible Capital Assets,North Vancouver (City)|Other Tangible Capital Assets,0.18088626737393657,0.8891889350180741
North Vancouver,C,MVRD,2024,Work In Progress,190162589.0,,190162589.0,71681243.0,190162589.0,,N/A,north-vancouver-c,North Vancouver (City),north-vancouver-c|Work In Progress,North Vancouver (City)|Work In Progress,1.0,
North Vancouver,C,MVRD,2024,Total TCA,875320412.0,275667243.0,599653169.0,89966019.0,1791929786.0,44066528.0,,north-vancouver-c,North Vancouver (City),north-vancouver-c|Total TCA,North Vancouver (City)|Total TCA,0.6850670460544452,0.9754083400229835
North Vancouver,D,MVRD,2024,Land,177788391.0,,177788391.0,5047996.0,177788391.0,,N/A,north-vancouver-d,North Vancouver (District),north-vancouver-d|Land,North Vancouver (District)|Land,1.0,
North Vancouver,D,MVRD,2024,Buildings,233571249.0,104297565.0,129273684.0,3375929.0,859166759.0,20636805.0,Yes,north-vancouver-d,North Vancouver (District),north-vancouver-d|Buildings,North Vancouver (District)|Buildings,0.5534657392699903,0.9759804429305208
North Vancouver,D,MVRD,2024,Fleet,37833076.0,17703791.0,20129285.0,9645494.0,59350500.0,5520852.0,Yes,north-vancouver-d,North Vancouver (District),north-vancouver-d|Fleet,North Vancouver (District)|Fleet,0.5320552048160186,0.906978846008037
North Vancouver,D,MVRD,2024,Parks and Recreation,86121767.0,47017212.0,39104555.0,11592013.0,178411075.0,7742594.0,Yes,north-vancouver-d,North Vancouver (District),north-vancouver-d|Parks and Recreation,North Vancouver (District)|Parks and Recreation,0.4540612247307931,0.9566025035161074
North Vancouver,D,MVRD,2024,Water System,186188893.0,37752867.0,148436026.0,8056536.0,657389862.0,7820429.0,Yes,north-vancouver-d,North Vancouver (District),north-vancouver-d|Water System,North Vancouver (District)|Water System,0.7972335170390642,0.9881038186743439
North Vancouver,D,MVRD,2024,Sewer System,80735541.0,35570399.0,45165142.0,1695006.0,410268509.0,6514356.0,Yes,north-vancouver-d,North Vancouver (District),north-vancouver-d|Sewer System,North Vancouver (District)|Sewer System,0.559420813195517,0.984121725511231
North Vancouver,D,MVRD,2024,Drainage System,148747098.0,51175956.0,97571142.0,14044714.0,541091190.0,8815270.0,Yes,north-vancouver-d,North Vancouver (District),north-vancouver-d|Drainage System,North Vancouver (District)|Drainage System,0.6559532475719291,0.9837083468315202
North Vancouver,D,MVRD,2024,Transportation System,293712366.0,130411801.0,163300565.0,17920426.0,961945721.0,7316267.0,Yes,north-vancouver-d,North Vancouver (District),north-vancouver-d|Transportation System,North Vancouver (District)|Transportation System,0.5559880478440598,0.9923943037114461
North Vancouver,D,MVRD,2024,Other Engineering Systems,0.0,0.0,0.0,0.0,0.0,0.0,,north-vancouver-d,North Vancouver (District),north-vancouver-d|Other Engineering Systems,North Vancouver (District)|Other Engineering Systems,,
North Vancouver,D,MVRD,2024,Other Tangible Capital Assets,41668034.0,23955565.0,17712469.0,2888781.0,24825374.0,2252188.0,N/A,north-vancouver-d,North Vancouver (District),north-vancouver-d|Other Tangible Capital Assets,North Vancouver (District)|Other Tangible Capital Assets,0.4250853064005852,0.9092787887102929
North Vancouver,D,MVRD,2024,Work In Progress,119915616.0,,119915616.0,2130906.0,119915616.0,,N/A,north-vancouver-d,North Vancouver (District),north-vancouver-d|Work In Progress,North Vancouver (District)|Work In Progress,1.0,
North Vancouver,D,MVRD,2024,Total TCA,1406282031.0,447885156.0,958396875.0,76397801.0,3990152997.0,66618761.0,,north-vancouver-d,North Vancouver (District),north-vancouver-d|Total TCA,North Vancouver (District)|Total TCA,0.681511143478445,0.9833042088736729
Northern Rockies,D,,2024,Land,5627730.0,,5627730.0,0.0,5627730.0,,N/A,northern-rockies-d,Northern Rockies,northern-rockies-d|Land,Northern Rockies|Land,1.0,
Northern Rockies,D,,2024,Buildings,110379210.0,32930188.0,77449022.0,0.0,104000000.0,2080000.0,Yes,northern-rockies-d,Northern Rockies,northern-rockies-d|Buildings,Northern Rockies|Buildings,0.7016631302217148,0.98
Northern Rockies,D,,2024,Fleet,23211054.0,17377264.0,5833790.0,779404.0,14000000.0,933333.0,Yes,northern-rockies-d,Northern Rockies,northern-rockies-d|Fleet,Northern Rockies|Fleet,0.2513367122406419,0.9333333571428571
Northern Rockies,D,,2024,Parks and Recreation,5457777.0,2370249.0,3087528.0,0.0,1700000.0,42500.0,Yes,northern-rockies-d,Northern Rockies,northern-rockies-d|Parks and Recreation,Northern Rockies|Parks and Recreation,0.5657116441364314,0.975
Northern Rockies,D,,2024,Water System,55008805.0,21761030.0,33247775.0,0.0,119000000.0,2766666.0,Yes,northern-rockies-d,Northern Rockies,northern-rockies-d|Water System,Northern Rockies|Water System,0.6044082397354387,0.9767507058823529
Northern Rockies,D,,2024,Sewer System,41368677.0,16545696.0,24822981.0,608984.0,57000000.0,1131818.0,Yes,northern-rockies-d,Northern Rockies,northern-rockies-d|Sewer System,Northern Rockies|Sewer System,0.6000429020246405,0.9801435438596491
Northern Rockies,D,,2024,Drainage System,0.0,0.0,0.0,0.0,0.0,0.0,,northern-rockies-d,Northern Rockies,northern-rockies-d|Drainage System,Northern Rockies|Drainage System,,
Northern Rockies,D,,2024,Transportation System,70337106.0,35696836.0,34640270.0,2513528.0,175200000.0,6008000.0,Yes,northern-rockies-d,Northern Rockies,northern-rockies-d|Transportation System,Northern Rockies|Transportation System,0.4924892701727023,0.9657077625570776
Northern Rockies,D,,2024,Other Engineering Systems,40543210.0,20533797.0,20009413.0,0.0,137000000.0,3425000.0,Yes,northern-rockies-d,Northern Rockies,northern-rockies-d|Other Engineering Systems,Northern Rockies|Other Engineering Systems,0.4935330231622015,0.975
Northern Rockies,D,,2024,Other Tangible Capital Assets,0.0,0.0,0.0,0.0,0.0,0.0,N/A,northern-rockies-d,Northern Rockies,northern-rockies-d|Other Tangible Capital Assets,Northern Rockies|Other Tangible Capital Assets,,
Northern Rockies,D,,2024,Work In Progress,11904851.0,,11904851.0,5687857.0,11904851.0,,N/A,northern-rockies-d,Northern Rockies,northern-rockies-d|Work In Progress,Northern Rockies|Work In Progress,1.0,
Northern Rockies,D,,2024,Total TCA,363838420.0,147215060.0,216623360.0,9589773.0,625432581.0,16387317.0,,northern-rockies-d,Northern Rockies,northern-rockies-d|Total TCA,Northern Rockies|Total TCA,0.5953834122300773,0.9737984276837666
Oak Bay,D,CAP,2024,Land,2852877.0,,2852877.0,0.0,2852877.0,,N/A,oak-bay-d,Oak Bay,oak-bay-d|Land,Oak Bay|Land,1.0,
Oak Bay,D,CAP,2024,Buildings,31677785.0,12262505.0,19415280.0,1343358.0,0.0,0.0,In_Progress,oak-bay-d,Oak Bay,oak-bay-d|Buildings,Oak Bay|Buildings,0.6128989132289394,
Oak Bay,D,CAP,2024,Fleet,11574261.0,4837965.0,6736296.0,3469371.0,0.0,0.0,In_Progress,oak-bay-d,Oak Bay,oak-bay-d|Fleet,Oak Bay|Fleet,0.582006574761015,
Oak Bay,D,CAP,2024,Parks and Recreation,2972791.0,901901.0,2070890.0,214549.0,0.0,0.0,In_Progress,oak-bay-d,Oak Bay,oak-bay-d|Parks and Recreation,Oak Bay|Parks and Recreation,0.696614730063432,
Oak Bay,D,CAP,2024,Water System,22324100.0,7415528.0,14908572.0,62710.0,0.0,0.0,In_Progress,oak-bay-d,Oak Bay,oak-bay-d|Water System,Oak Bay|Water System,0.6678241004116627,
Oak Bay,D,CAP,2024,Sewer System,15499983.0,5199324.0,10300659.0,1838434.0,0.0,0.0,In_Progress,oak-bay-d,Oak Bay,oak-bay-d|Sewer System,Oak Bay|Sewer System,0.6645593740328618,
Oak Bay,D,CAP,2024,Drainage System,16595076.0,6444191.0,10150885.0,2999798.0,0.0,0.0,In_Progress,oak-bay-d,Oak Bay,oak-bay-d|Drainage System,Oak Bay|Drainage System,0.6116805370460491,
Oak Bay,D,CAP,2024,Transportation System,35669345.0,17556448.0,18112897.0,1095247.0,0.0,0.0,In_Progress,oak-bay-d,Oak Bay,oak-bay-d|Transportation System,Oak Bay|Transportation System,0.507800101179318,
Oak Bay,D,CAP,2024,Other Engineering Systems,0.0,0.0,0.0,0.0,0.0,0.0,,oak-bay-d,Oak Bay,oak-bay-d|Other Engineering Systems,Oak Bay|Other Engineering Systems,,
Oak Bay,D,CAP,2024,Other Tangible Capital Assets,7505542.0,5473175.0,2032367.0,698758.0,0.0,0.0,N/A,oak-bay-d,Oak Bay,oak-bay-d|Other Tangible Capital Assets,Oak Bay|Other Tangible Capital Assets,0.2707821766902377,
Oak Bay,D,CAP,2024,Work In Progress,14075950.0,,14075950.0,5031365.0,14075950.0,,N/A,oak-bay-d,Oak Bay,oak-bay-d|Work In Progress,Oak Bay|Work In Progress,1.0,
Oak Bay,D,CAP,2024,Total TCA,160747710.0,60091037.0,100656673.0,16753590.0,16928827.0,0.0,,oak-bay-d,Oak Bay,oak-bay-d|Total TCA,Oak Bay|Total TCA,0.6261779592381129,1.0
Oliver,T,OKS,2024,Land,10703975.0,,10703975.0,0.0,10703975.0,,N/A,oliver-t,Oliver,oliver-t|Land,Oliver|Land,1.0,
Oliver,T,OKS,2024,Buildings,3806077.0,2201730.0,1604347.0,281297.0,7000000.0,97670.0,No,oliver-t,Oliver,oliver-t|Buildings,Oliver|Buildings,0.42152247576704305,0.9860471428571429
Oliver,T,OKS,2024,Fleet,4883484.0,2689761.0,2193723.0,436493.0,5500000.0,269117.0,No,oliver-t,Oliver,oliver-t|Fleet,Oliver|Fleet,0.449212693232946,0.9510696363636364
Oliver,T,OKS,2024,Parks and Recreation,0.0,0.0,0.0,0.0,0.0,0.0,,oliver-t,Oliver,oliver-t|Parks and Recreation,Oliver|Parks and Recreation,,
Oliver,T,OKS,2024,Water System,44147150.0,11791064.0,32356086.0,1609861.0,100000000.0,770702.0,In_Progress,oliver-t,Oliver,oliver-t|Water System,Oliver|Water System,0.7329144916489513,0.99229298
Oliver,T,OKS,2024,Sewer System,13428265.0,4989326.0,8438939.0,407908.0,40000000.0,220973.0,In_Progress,oliver-t,Oliver,oliver-t|Sewer System,Oliver|Sewer System,0.6284459682617226,0.994475675
Oliver,T,OKS,2024,Drainage System,1062859.0,364363.0,698496.0,0.0,2000000.0,17097.0,In_Progress,oliver-t,Oliver,oliver-t|Drainage System,Oliver|Drainage System,0.6571859484654127,0.9914515
Oliver,T,OKS,2024,Transportation System,22090181.0,10050611.0,12039570.0,1498566.0,35000000.0,480668.0,In_Progress,oliver-t,Oliver,oliver-t|Transportation System,Oliver|Transportation System,0.5450190743117949,0.9862666285714285
Oliver,T,OKS,2024,Other Engineering Systems,0.0,0.0,0.0,0.0,0.0,0.0,,oliver-t,Oliver,oliver-t|Other Engineering Systems,Oliver|Other Engineering Systems,,
Oliver,T,OKS,2024,Other Tangible Capital Assets,2092580.0,1467117.0,625463.0,118540.0,2250000.0,121547.0,N/A,oliver-t,Oliver,oliver-t|Other Tangible Capital Assets,Oliver|Other Tangible Capital Assets,0.29889562167276756,0.9459791111111111
Oliver,T,OKS,2024,Work In Progress,1669260.0,,1669260.0,1234692.0,1669260.0,,N/A,oliver-t,Oliver,oliver-t|Work In Progress,Oliver|Work In Progress,1.0,
Oliver,T,OKS,2024,Total TCA,103883831.0,33553972.0,70329859.0,5587357.0,204123235.0,1977774.0,,oliver-t,Oliver,oliver-t|Total TCA,Oliver|Total TCA,0.6770048651748317,0.9903108825411276
Osoyoos,T,OKS,2024,Land,9277408.0,,9277408.0,1459779.0,9277408.0,,N/A,osoyoos-t,Osoyoos,osoyoos-t|Land,Osoyoos|Land,1.0,
Osoyoos,T,OKS,2024,Buildings,14912679.0,6495201.0,8417478.0,55477.0,14912679.0,6495201.0,Yes,osoyoos-t,Osoyoos,osoyoos-t|Buildings,Osoyoos|Buildings,0.5644510956079722,0.5644510956079722
Osoyoos,T,OKS,2024,Fleet,8333522.0,3483952.0,4849570.0,2371444.0,8333522.0,3483952.0,Yes,osoyoos-t,Osoyoos,osoyoos-t|Fleet,Osoyoos|Fleet,0.5819352249865063,0.5819352249865063
Osoyoos,T,OKS,2024,Parks and Recreation,11949524.0,3514697.0,8434827.0,0.0,11949524.0,3514697.0,In_Progress,osoyoos-t,Osoyoos,osoyoos-t|Parks and Recreation,Osoyoos|Parks and Recreation,0.7058713803160694,0.7058713803160694
Osoyoos,T,OKS,2024,Water System,23391823.0,6384104.0,17007719.0,1416801.0,23391823.0,6384104.0,Yes,osoyoos-t,Osoyoos,osoyoos-t|Water System,Osoyoos|Water System,0.727079672242732,0.727079672242732
Osoyoos,T,OKS,2024,Sewer System,31899196.0,9668162.0,22231034.0,169716.0,31899196.0,9668162.0,Yes,osoyoos-t,Osoyoos,osoyoos-t|Sewer System,Osoyoos|Sewer System,0.6969151824390809,0.6969151824390809
Osoyoos,T,OKS,2024,Drainage System,5432978.0,1510572.0,3922406.0,0.0,5432978.0,1510572.0,In_Progress,osoyoos-t,Osoyoos,osoyoos-t|Drainage System,Osoyoos|Drainage System,0.7219624301810168,0.7219624301810168
Osoyoos,T,OKS,2024,Transportation System,21306220.0,10998806.0,10307414.0,0.0,21306220.0,0.0,In_Progress,osoyoos-t,Osoyoos,osoyoos-t|Transportation System,Osoyoos|Transportation System,0.4837748788851331,1.0
Osoyoos,T,OKS,2024,Other Engineering Systems,1772002.0,172376.0,1599626.0,925646.0,1772002.0,172376.0,Yes,osoyoos-t,Osoyoos,osoyoos-t|Other Engineering Systems,Osoyoos|Other Engineering Systems,0.9027224574238629,0.9027224574238629
Osoyoos,T,OKS,2024,Other Tangible Capital Assets,0.0,0.0,0.0,0.0,0.0,0.0,N/A,osoyoos-t,Osoyoos,osoyoos-t|Other Tangible Capital Assets,Osoyoos|Other Tangible Capital Assets,,
Osoyoos,T,OKS,2024,Work In Progress,0.0,,0.0,0.0,0.0,,N/A,osoyoos-t,Osoyoos,osoyoos-t|Work In Progress,Osoyoos|Work In Progress,,
Osoyoos,T,OKS,2024,Total TCA,128275352.0,42227870.0,86047482.0,6398863.0,128275352.0,31229064.0,,osoyoos-t,Osoyoos,osoyoos-t|Total TCA,Osoyoos|Total TCA,0.6708029302464904,0.7565466513005554
Parksville,C,NAN,2024,Land,60038725.0,,60038725.0,0.0,60038725.0,,N/A,parksville-c,Parksville,parksville-c|Land,Parksville|Land,1.0,
Parksville,C,NAN,2024,Buildings,31442408.0,6343784.0,25098624.0,367246.0,74063393.0,2058308.0,In_Progress,parksville-c,Parksville,parksville-c|Buildings,Parksville|Buildings,0.7982411525224149,0.9722088346668104
Parksville,C,NAN,2024,Fleet,6255061.0,3110001.0,3145060.0,287914.0,11797881.0,858054.0,No,parksville-c,Parksville,parksville-c|Fleet,Parksville|Fleet,0.5028024506875313,0.9272704988294085
Parksville,C,NAN,2024,Parks and Recreation,11690796.0,5141744.0,6549052.0,295426.0,17609000.0,949000.0,In_Progress,parksville-c,Parksville,parksville-c|Parks and Recreation,Parksville|Parks and Recreation,0.5601887159779368,0.9461071043216537
Parksville,C,NAN,2024,Water System,60882533.0,20439991.0,40442542.0,28407.0,222010785.0,2941978.0,Yes,parksville-c,Parksville,parksville-c|Water System,Parksville|Water System,0.6642716721395281,0.9867484906194985
Parksville,C,NAN,2024,Sewer System,19491029.0,8562276.0,10928753.0,0.0,175212610.0,2311166.0,Yes,parksville-c,Parksville,parksville-c|Sewer System,Parksville|Sewer System,0.5607068256888849,0.9868093626366276
Parksville,C,NAN,2024,Drainage System,35575893.0,12786116.0,22789777.0,252064.0,267654496.0,4178119.0,In_Progress,parksville-c,Parksville,parksville-c|Drainage System,Parksville|Drainage System,0.6405960631824478,0.984389879256876
Parksville,C,NAN,2024,Transportation System,75626724.0,35890376.0,39736348.0,113631.0,342851852.0,6601836.0,In_Progress,parksville-c,Parksville,parksville-c|Transportation System,Parksville|Transportation System,0.52542733439042,0.9807443478531946
Parksville,C,NAN,2024,Other Engineering Systems,0.0,0.0,0.0,0.0,0.0,0.0,,parksville-c,Parksville,parksville-c|Other Engineering Systems,Parksville|Other Engineering Systems,,
Parksville,C,NAN,2024,Other Tangible Capital Assets,6313243.0,3704880.0,2608363.0,353256.0,9841000.0,808000.0,N/A,parksville-c,Parksville,parksville-c|Other Tangible Capital Assets,Parksville|Other Tangible Capital Assets,0.4131573899499829,0.9178945229143379
Parksville,C,NAN,2024,Work In Progress,700274.0,,700274.0,247433.0,700274.0,,N/A,parksville-c,Parksville,parksville-c|Work In Progress,Parksville|Work In Progress,1.0,
Parksville,C,NAN,2024,Total TCA,308016686.0,95979168.0,212037518.0,1945377.0,1181780016.0,20706461.0,,parksville-c,Parksville,parksville-c|Total TCA,Parksville|Total TCA,0.6883962059120394,0.9824785825452645
Peachland,D,COK,2024,Land,21932616.0,,21932616.0,2324908.0,21932616.0,,N/A,peachland-d,Peachland,peachland-d|Land,Peachland|Land,1.0,
Peachland,D,COK,2024,Buildings,6631641.0,3214251.0,3417390.0,478043.0,6631641.0,3214251.0,In_Progress,peachland-d,Peachland,peachland-d|Buildings,Peachland|Buildings,0.5153158924012925,0.5153158924012926
Peachland,D,COK,2024,Fleet,6016258.0,4244393.0,1771865.0,521362.0,6016258.0,4244393.0,In_Progress,peachland-d,Peachland,peachland-d|Fleet,Peachland|Fleet,0.29451280181135847,0.2945128018113585
Peachland,D,COK,2024,Parks and Recreation,0.0,0.0,0.0,0.0,0.0,0.0,,peachland-d,Peachland,peachland-d|Parks and Recreation,Peachland|Parks and Recreation,,
Peachland,D,COK,2024,Water System,55463776.0,12632537.0,42831239.0,1510647.0,55463776.0,12632537.0,In_Progress,peachland-d,Peachland,peachland-d|Water System,Peachland|Water System,0.772238063993335,0.772238063993335
Peachland,D,COK,2024,Sewer System,19282517.0,5592705.0,13689812.0,0.0,19282517.0,12632537.0,In_Progress,peachland-d,Peachland,peachland-d|Sewer System,Peachland|Sewer System,0.7099598045213703,0.3448709522724652
Peachland,D,COK,2024,Drainage System,0.0,0.0,0.0,0.0,0.0,0.0,,peachland-d,Peachland,peachland-d|Drainage System,Peachland|Drainage System,,
Peachland,D,COK,2024,Transportation System,33038288.0,17157653.0,15880635.0,1423546.0,33038288.0,0.0,In_Progress,peachland-d,Peachland,peachland-d|Transportation System,Peachland|Transportation System,0.48067366565725195,1.0
Peachland,D,COK,2024,Other Engineering Systems,0.0,0.0,0.0,0.0,0.0,0.0,,peachland-d,Peachland,peachland-d|Other Engineering Systems,Peachland|Other Engineering Systems,,
Peachland,D,COK,2024,Other Tangible Capital Assets,0.0,0.0,0.0,0.0,0.0,0.0,N/A,peachland-d,Peachland,peachland-d|Other Tangible Capital Assets,Peachland|Other Tangible Capital Assets,,
Peachland,D,COK,2024,Work In Progress,2382447.0,,2382447.0,1472417.0,2382447.0,,N/A,peachland-d,Peachland,peachland-d|Work In Progress,Peachland|Work In Progress,1.0,
Peachland,D,COK,2024,Total TCA,144747543.0,42841539.0,101906004.0,7730923.0,144747543.0,32723718.0,,peachland-d,Peachland,peachland-d|Total TCA,Peachland|Total TCA,0.7040257947590862,0.7739255719179979
Pemberton,V,SQL,2024,Land,2743232.0,,2743232.0,0.0,2743232.0,,N/A,pemberton-v,Pemberton,pemberton-v|Land,Pemberton|Land,1.0,
Pemberton,V,SQL,2024,Buildings,2778098.0,1020572.0,1757526.0,470407.0,2778098.0,85914.0,In_Progress,pemberton-v,Pemberton,pemberton-v|Buildings,Pemberton|Buildings,0.6326364296723873,0.9690745250887478
Pemberton,V,SQL,2024,Fleet,5994866.0,4519762.0,1475104.0,231314.0,5994866.0,173097.0,In_Progress,pemberton-v,Pemberton,pemberton-v|Fleet,Pemberton|Fleet,0.24606121304462852,0.9711257933038037
Pemberton,V,SQL,2024,Parks and Recreation,0.0,0.0,0.0,0.0,0.0,0.0,,pemberton-v,Pemberton,pemberton-v|Parks and Recreation,Pemberton|Parks and Recreation,,
Pemberton,V,SQL,2024,Water System,7577934.0,2643944.0,4933990.0,114734.0,7577934.0,201003.0,In_Progress,pemberton-v,Pemberton,pemberton-v|Water System,Pemberton|Water System,0.6510996268903899,0.9734752242497757
Pemberton,V,SQL,2024,Sewer System,13955703.0,6330990.0,7624713.0,12128.0,13955703.0,303235.0,In_Progress,pemberton-v,Pemberton,pemberton-v|Sewer System,Pemberton|Sewer System,0.5463510508929575,0.9782716069552354
Pemberton,V,SQL,2024,Drainage System,0.0,0.0,0.0,0.0,0.0,0.0,,pemberton-v,Pemberton,pemberton-v|Drainage System,Pemberton|Drainage System,,
Pemberton,V,SQL,2024,Transportation System,0.0,0.0,0.0,0.0,0.0,0.0,,pemberton-v,Pemberton,pemberton-v|Transportation System,Pemberton|Transportation System,,
Pemberton,V,SQL,2024,Other Engineering Systems,20422452.0,6189207.0,14233245.0,177331.0,20422452.0,565637.0,In_Progress,pemberton-v,Pemberton,pemberton-v|Other Engineering Systems,Pemberton|Other Engineering Systems,0.6969410431225398,0.9723031788739178
Pemberton,V,SQL,2024,Other Tangible Capital Assets,0.0,0.0,0.0,0.0,0.0,0.0,N/A,pemberton-v,Pemberton,pemberton-v|Other Tangible Capital Assets,Pemberton|Other Tangible Capital Assets,,
Pemberton,V,SQL,2024,Work In Progress,8692408.0,,8692408.0,4812719.0,8692408.0,,N/A,pemberton-v,Pemberton,pemberton-v|Work In Progress,Pemberton|Work In Progress,1.0,
Pemberton,V,SQL,2024,Total TCA,62164693.0,20704475.0,41460218.0,5818633.0,62164693.0,1328886.0,,pemberton-v,Pemberton,pemberton-v|Total TCA,Pemberton|Total TCA,0.6669415708366806,0.9786231390220169
Penticton,C,OKS,2024,Land,55957078.0,,55957078.0,609779.0,55957078.0,,N/A,penticton-c,Penticton,penticton-c|Land,Penticton|Land,1.0,
Penticton,C,OKS,2024,Buildings,177714394.0,106382483.0,71331911.0,1973026.0,647639316.0,9251990.0,Yes,penticton-c,Penticton,penticton-c|Buildings,Penticton|Buildings,0.4013851067122903,0.9857142860672159
Penticton,C,OKS,2024,Fleet,12260166.0,6906420.0,5353746.0,1258982.0,14047050.0,1080542.0,Yes,penticton-c,Penticton,penticton-c|Fleet,Penticton|Fleet,0.4366781004433382,0.9230769449813306
Penticton,C,OKS,2024,Parks and Recreation,19639956.0,15276647.0,4363309.0,672360.0,741058974.0,1744402.0,Yes,penticton-c,Penticton,penticton-c|Parks and Recreation,Penticton|Parks and Recreation,0.22216490709042322,0.9976460685840098
Penticton,C,OKS,2024,Water System,63739335.0,24077735.0,39661600.0,1477697.0,216455127.0,2241775.0,Yes,penticton-c,Penticton,penticton-c|Water System,Penticton|Water System,0.6222468433346535,0.989643234461247
Penticton,C,OKS,2024,Sewer System,48389402.0,14577749.0,33811653.0,1440823.0,255533455.0,2320404.0,Yes,penticton-c,Penticton,penticton-c|Sewer System,Penticton|Sewer System,0.6987408730531532,0.9909193729642954
Penticton,C,OKS,2024,Drainage System,13948678.0,4256165.0,9692513.0,0.0,76340736.0,774927.0,Yes,penticton-c,Penticton,penticton-c|Drainage System,Penticton|Drainage System,0.6948696500127108,0.9898491023193698
Penticton,C,OKS,2024,Transportation System,116278805.0,71272994.0,45005811.0,7460147.0,430548697.0,3972840.0,Yes,penticton-c,Penticton,penticton-c|Transportation System,Penticton|Transportation System,0.38705085591479893,0.9907726117215494
Penticton,C,OKS,2024,Other Engineering Systems,91696118.0,51567482.0,40128636.0,5205824.0,210031914.0,4390383.0,Yes,penticton-c,Penticton,penticton-c|Other Engineering Systems,Penticton|Other Engineering Systems,0.43762633441036186,0.979096591006641
Penticton,C,OKS,2024,Other Tangible Capital Assets,34743619.0,21854940.0,12888679.0,3055103.0,0.0,0.0,N/A,penticton-c,Penticton,penticton-c|Other Tangible Capital Assets,Penticton|Other Tangible Capital Assets,0.3709653562572166,
Penticton,C,OKS,2024,Work In Progress,22840643.0,,22840643.0,10525666.0,22840643.0,,N/A,penticton-c,Penticton,penticton-c|Work In Progress,Penticton|Work In Progress,1.0,
Penticton,C,OKS,2024,Total TCA,657208194.0,316172615.0,341035579.0,33679407.0,2670452990.0,25777263.0,,penticton-c,Penticton,penticton-c|Total TCA,Penticton|Total TCA,0.5189155919136333,0.9903472320626772
Pitt Meadows,C,MVRD,2024,Land,57676622.0,,57676622.0,0.0,57676622.0,,N/A,pitt-meadows-c,Pitt Meadows,pitt-meadows-c|Land,Pitt Meadows|Land,1.0,
Pitt Meadows,C,MVRD,2024,Buildings,53374933.0,21849826.0,31525107.0,2764139.0,89686126.0,3112030.0,Yes,pitt-meadows-c,Pitt Meadows,pitt-meadows-c|Buildings,Pitt Meadows|Buildings,0.590635064591088,0.9653008760797629
Pitt Meadows,C,MVRD,2024,Fleet,8363257.0,4607027.0,3756230.0,982293.0,8900996.0,761005.0,Yes,pitt-meadows-c,Pitt Meadows,pitt-meadows-c|Fleet,Pitt Meadows|Fleet,0.44913482869174054,0.9145033881601564
Pitt Meadows,C,MVRD,2024,Parks and Recreation,10404439.0,6121033.0,4283406.0,189211.0,18180348.0,687525.0,Yes,pitt-meadows-c,Pitt Meadows,pitt-meadows-c|Parks and Recreation,Pitt Meadows|Parks and Recreation,0.4116902410596093,0.9621830671228075
Pitt Meadows,C,MVRD,2024,Water System,41279636.0,16625665.0,24653971.0,353007.0,133991561.0,1755796.0,Yes,pitt-meadows-c,Pitt Meadows,pitt-meadows-c|Water System,Pitt Meadows|Water System,0.5972429359599973,0.9868962195313181
Pitt Meadows,C,MVRD,2024,Sewer System,16152264.0,6819832.0,9332432.0,104699.0,59917226.0,826253.0,Yes,pitt-meadows-c,Pitt Meadows,pitt-meadows-c|Sewer System,Pitt Meadows|Sewer System,0.5777785702363458,0.9862100925700399
Pitt Meadows,C,MVRD,2024,Drainage System,58241157.0,15941676.0,42299481.0,717260.0,124035864.0,2098264.0,Yes,pitt-meadows-c,Pitt Meadows,pitt-meadows-c|Drainage System,Pitt Meadows|Drainage System,0.7262816052915981,0.9830834088437518
Pitt Meadows,C,MVRD,2024,Transportation System,57421398.0,30974650.0,26446748.0,2057674.0,194156829.0,4105229.0,Yes,pitt-meadows-c,Pitt Meadows,pitt-meadows-c|Transportation System,Pitt Meadows|Transportation System,0.4605730428228167,0.9788561184216703
Pitt Meadows,C,MVRD,2024,Other Engineering Systems,0.0,0.0,0.0,0.0,0.0,0.0,,pitt-meadows-c,Pitt Meadows,pitt-meadows-c|Other Engineering Systems,Pitt Meadows|Other Engineering Systems,,
Pitt Meadows,C,MVRD,2024,Other Tangible Capital Assets,18132989.0,9616633.0,8516356.0,1086441.0,27551958.0,1896491.0,N/A,pitt-meadows-c,Pitt Meadows,pitt-meadows-c|Other Tangible Capital Assets,Pitt Meadows|Other Tangible Capital Assets,0.4696609036712039,0.9311667432129506
Pitt Meadows,C,MVRD,2024,Work In Progress,11177953.0,,11177953.0,8164798.0,11177953.0,,N/A,pitt-meadows-c,Pitt Meadows,pitt-meadows-c|Work In Progress,Pitt Meadows|Work In Progress,1.0,
Pitt Meadows,C,MVRD,2024,Total TCA,332224648.0,112556342.0,219668306.0,16419522.0,725275483.0,15242593.0,,pitt-meadows-c,Pitt Meadows,pitt-meadows-c|Total TCA,Pitt Meadows|Total TCA,0.6612041199303189,0.9789837194869029
Port Alberni,C,ALB,2024,Land,10133430.0,,10133430.0,0.0,10133430.0,,N/A,port-alberni-c,Port Alberni,port-alberni-c|Land,Port Alberni|Land,1.0,
Port Alberni,C,ALB,2024,Buildings,48348881.0,24118845.0,24230036.0,424794.0,62288506.0,1557213.0,No,port-alberni-c,Port Alberni,port-alberni-c|Buildings,Port Alberni|Buildings,0.5011498818349074,0.9749999943809858
Port Alberni,C,ALB,2024,Fleet,21462805.0,11997440.0,9465365.0,3599213.0,24124089.0,1608272.0,No,port-alberni-c,Port Alberni,port-alberni-c|Fleet,Port Alberni|Fleet,0.4410124864853406,0.9333333582047388
Port Alberni,C,ALB,2024,Parks and Recreation,20622088.0,9335589.0,11286499.0,7434653.0,31964233.0,1065474.0,No,port-alberni-c,Port Alberni,port-alberni-c|Parks and Recreation,Port Alberni|Parks and Recreation,0.5473014662724744,0.966666680223486
Port Alberni,C,ALB,2024,Water System,45002444.0,19907500.0,25094944.0,277717.0,323758800.0,4316784.0,No,port-alberni-c,Port Alberni,port-alberni-c|Water System,Port Alberni|Water System,0.5576351364383677,0.9866666666666667
Port Alberni,C,ALB,2024,Sewer System,92016941.0,20159283.0,71857658.0,124759.0,322886126.0,4305148.0,No,port-alberni-c,Port Alberni,port-alberni-c|Sewer System,Port Alberni|Sewer System,0.7809177007959871,0.9866666677403166
Port Alberni,C,ALB,2024,Drainage System,27160041.0,10110962.0,17049079.0,873783.0,208182814.0,2775771.0,No,port-alberni-c,Port Alberni,port-alberni-c|Drainage System,Port Alberni|Drainage System,0.6277265560828866,0.9866666659621577
Port Alberni,C,ALB,2024,Transportation System,46947688.0,38851565.0,8096123.0,655184.0,0.0,0.0,No,port-alberni-c,Port Alberni,port-alberni-c|Transportation System,Port Alberni|Transportation System,0.1724498765519614,
Port Alberni,C,ALB,2024,Other Engineering Systems,0.0,0.0,0.0,0.0,0.0,0.0,,port-alberni-c,Port Alberni,port-alberni-c|Other Engineering Systems,Port Alberni|Other Engineering Systems,,
Port Alberni,C,ALB,2024,Other Tangible Capital Assets,5696879.0,2771368.0,2925511.0,232070.0,0.0,0.0,N/A,port-alberni-c,Port Alberni,port-alberni-c|Other Tangible Capital Assets,Port Alberni|Other Tangible Capital Assets,0.5135287233588778,
Port Alberni,C,ALB,2024,Work In Progress,5044902.0,,5044902.0,0.0,5044902.0,,N/A,port-alberni-c,Port Alberni,port-alberni-c|Work In Progress,Port Alberni|Work In Progress,1.0,
Port Alberni,C,ALB,2024,Total TCA,322436099.0,137252552.0,185183547.0,13622173.0,988382900.0,15628662.0,,port-alberni-c,Port Alberni,port-alberni-c|Total TCA,Port Alberni|Total TCA,0.5743263473734063,0.984187644282393
Port Alice,V,MW,2024,Land,841186.0,,841186.0,0.0,841186.0,,N/A,port-alice-v,Port Alice,port-alice-v|Land,Port Alice|Land,1.0,
Port Alice,V,MW,2024,Buildings,4737008.0,3086899.0,1650109.0,24435.0,15097000.0,3086899.0,No,port-alice-v,Port Alice,port-alice-v|Buildings,Port Alice|Buildings,0.3483441446584004,0.7955289792674041
Port Alice,V,MW,2024,Fleet,1415024.0,1118628.0,296396.0,0.0,5500000.0,1118628.0,No,port-alice-v,Port Alice,port-alice-v|Fleet,Port Alice|Fleet,0.2094635850699352,0.7966130909090909
Port Alice,V,MW,2024,Parks and Recreation,0.0,0.0,0.0,0.0,0.0,0.0,,port-alice-v,Port Alice,port-alice-v|Parks and Recreation,Port Alice|Parks and Recreation,,
Port Alice,V,MW,2024,Water System,1694224.0,501373.0,1192851.0,110308.0,7585000.0,501373.0,Yes,port-alice-v,Port Alice,port-alice-v|Water System,Port Alice|Water System,0.7040692375978619,0.933899406723797
Port Alice,V,MW,2024,Sewer System,3331122.0,1294137.0,2036985.0,10148.0,12000000.0,1294137.0,Yes,port-alice-v,Port Alice,port-alice-v|Sewer System,Port Alice|Sewer System,0.6115011698760958,0.89215525
Port Alice,V,MW,2024,Drainage System,330869.0,247088.0,83781.0,0.0,3000000.0,247088.0,No,port-alice-v,Port Alice,port-alice-v|Drainage System,Port Alice|Drainage System,0.2532150186327519,0.9176373333333333
Port Alice,V,MW,2024,Transportation System,4026978.0,2852005.0,1174973.0,23336.0,20000000.0,2852005.0,No,port-alice-v,Port Alice,port-alice-v|Transportation System,Port Alice|Transportation System,0.29177537101022155,0.85739975
Port Alice,V,MW,2024,Other Engineering Systems,0.0,0.0,0.0,0.0,0.0,0.0,,port-alice-v,Port Alice,port-alice-v|Other Engineering Systems,Port Alice|Other Engineering Systems,,
Port Alice,V,MW,2024,Other Tangible Capital Assets,1633180.0,576549.0,1056631.0,624.0,1000000.0,576549.0,N/A,port-alice-v,Port Alice,port-alice-v|Other Tangible Capital Assets,Port Alice|Other Tangible Capital Assets,0.6469776754552469,0.423451
Port Alice,V,MW,2024,Work In Progress,284961.0,,284961.0,124671.0,284961.0,,N/A,port-alice-v,Port Alice,port-alice-v|Work In Progress,Port Alice|Work In Progress,1.0,
Port Alice,V,MW,2024,Total TCA,18294552.0,9676679.0,8617873.0,293522.0,65308147.0,9676679.0,,port-alice-v,Port Alice,port-alice-v|Total TCA,Port Alice|Total TCA,0.4710622594092493,0.8518304462075765
Port Clements,V,NCRD,2024,Land,466958.0,,466958.0,0.0,466958.0,,N/A,port-clements-v,Port Clements,port-clements-v|Land,Port Clements|Land,1.0,
Port Clements,V,NCRD,2024,Buildings,3864107.0,776951.0,3087156.0,10698.0,7917658.0,52784.0,Yes,port-clements-v,Port Clements,port-clements-v|Buildings,Port Clements|Buildings,0.7989312925340836,0.9933333821693233
Port Clements,V,NCRD,2024,Fleet,678591.0,116683.0,561908.0,482402.0,2046626.0,107171.0,Yes,port-clements-v,Port Clements,port-clements-v|Fleet,Port Clements|Fleet,0.8280510646324517,0.9476352787465809
Port Clements,V,NCRD,2024,Parks and Recreation,1243449.0,412819.0,830630.0,6752.0,2494175.0,30325.0,Yes,port-clements-v,Port Clements,port-clements-v|Parks and Recreation,Port Clements|Parks and Recreation,0.6680048799749728,0.9878416710936482
Port Clements,V,NCRD,2024,Water System,2595142.0,435810.0,2159332.0,136920.0,2595142.0,34602.0,Yes,port-clements-v,Port Clements,port-clements-v|Water System,Port Clements|Water System,0.832066992865901,0.9866666255642274
Port Clements,V,NCRD,2024,Sewer System,1620533.0,343845.0,1276688.0,0.0,1620533.0,12466.0,Yes,port-clements-v,Port Clements,port-clements-v|Sewer System,Port Clements|Sewer System,0.7878198099020507,0.9923074692092047
Port Clements,V,NCRD,2024,Drainage System,0.0,0.0,0.0,0.0,0.0,0.0,,port-clements-v,Port Clements,port-clements-v|Drainage System,Port Clements|Drainage System,,
Port Clements,V,NCRD,2024,Transportation System,471067.0,289513.0,181554.0,0.0,596275.0,11926.0,No,port-clements-v,Port Clements,port-clements-v|Transportation System,Port Clements|Transportation System,0.3854101433554038,0.9799991614607354
Port Clements,V,NCRD,2024,Other Engineering Systems,566048.0,184832.0,381216.0,0.0,566047.0,14151.0,Yes,port-clements-v,Port Clements,port-clements-v|Other Engineering Systems,Port Clements|Other Engineering Systems,0.673469387755102,0.9750003091616067
Port Clements,V,NCRD,2024,Other Tangible Capital Assets,585142.0,505982.0,79160.0,2787.0,1013811.0,40552.0,N/A,port-clements-v,Port Clements,port-clements-v|Other Tangible Capital Assets,Port Clements|Other Tangible Capital Assets,0.13528340129404487,0.9600004340059439
Port Clements,V,NCRD,2024,Work In Progress,0.0,,0.0,0.0,0.0,,N/A,port-clements-v,Port Clements,port-clements-v|Work In Progress,Port Clements|Work In Progress,,
Port Clements,V,NCRD,2024,Total TCA,12091037.0,3066435.0,9024602.0,639559.0,19317225.0,303977.0,,port-clements-v,Port Clements,port-clements-v|Total TCA,Port Clements|Total TCA,0.7463877581385285,0.9842639406022345
Port Coquitlam,C,MVRD,2024,Land,273226795.0,,273226795.0,3766203.0,273226795.0,,N/A,port-coquitlam-c,Port Coquitlam,port-coquitlam-c|Land,Port Coquitlam|Land,1.0,
Port Coquitlam,C,MVRD,2024,Buildings,164364475.0,29076796.0,135287679.0,1644291.0,146168924.0,2923378.0,In_Progress,port-coquitlam-c,Port Coquitlam,port-coquitlam-c|Buildings,Port Coquitlam|Buildings,0.8230956172250725,0.9800000032838717
Port Coquitlam,C,MVRD,2024,Fleet,44584092.0,22582273.0,22001819.0,5119797.0,25726500.0,514530.0,In_Progress,port-coquitlam-c,Port Coquitlam,port-coquitlam-c|Fleet,Port Coquitlam|Fleet,0.49349034628764,0.98
Port Coquitlam,C,MVRD,2024,Parks and Recreation,47599458.0,23495616.0,24103842.0,2223944.0,63758976.0,1274615.0,In_Progress,port-coquitlam-c,Port Coquitlam,port-coquitlam-c|Parks and Recreation,Port Coquitlam|Parks and Recreation,0.5063890013201411,0.9800088539690475
Port Coquitlam,C,MVRD,2024,Water System,93539094.0,44724359.0,48814735.0,4462437.0,166537300.0,3330746.0,In_Progress,port-coquitlam-c,Port Coquitlam,port-coquitlam-c|Water System,Port Coquitlam|Water System,0.5218645265048216,0.98
Port Coquitlam,C,MVRD,2024,Sewer System,70194103.0,28353195.0,41840908.0,4801376.0,138610130.0,2772203.0,In_Progress,port-coquitlam-c,Port Coquitlam,port-coquitlam-c|Sewer System,Port Coquitlam|Sewer System,0.5960744024323524,0.979999997114208
Port Coquitlam,C,MVRD,2024,Drainage System,117780860.0,42148542.0,75632318.0,6884887.0,185746798.0,3714936.0,In_Progress,port-coquitlam-c,Port Coquitlam,port-coquitlam-c|Drainage System,Port Coquitlam|Drainage System,0.6421443857686215,0.9799999997846531
Port Coquitlam,C,MVRD,2024,Transportation System,311299279.0,91562631.0,219736648.0,11891344.0,374526416.0,0.0,In_Progress,port-coquitlam-c,Port Coquitlam,port-coquitlam-c|Transportation System,Port Coquitlam|Transportation System,0.7058694408347794,1.0
Port Coquitlam,C,MVRD,2024,Other Engineering Systems,0.0,0.0,0.0,0.0,0.0,0.0,,port-coquitlam-c,Port Coquitlam,port-coquitlam-c|Other Engineering Systems,Port Coquitlam|Other Engineering Systems,,
Port Coquitlam,C,MVRD,2024,Other Tangible Capital Assets,0.0,0.0,0.0,0.0,0.0,0.0,N/A,port-coquitlam-c,Port Coquitlam,port-coquitlam-c|Other Tangible Capital Assets,Port Coquitlam|Other Tangible Capital Assets,,
Port Coquitlam,C,MVRD,2024,Work In Progress,33632060.0,,33632060.0,4849841.0,33632060.0,,N/A,port-coquitlam-c,Port Coquitlam,port-coquitlam-c|Work In Progress,Port Coquitlam|Work In Progress,1.0,
Port Coquitlam,C,MVRD,2024,Total TCA,1156220216.0,281943412.0,874276804.0,45644120.0,1407933899.0,14530408.0,,port-coquitlam-c,Port Coquitlam,port-coquitlam-c|Total TCA,Port Coquitlam|Total TCA,0.7561507677357546,0.9896796234465834
Port Edward,D,NCRD,2024,Land,3599691.0,,3599691.0,0.0,3599691.0,,N/A,port-edward-d,Port Edward,port-edward-d|Land,Port Edward|Land,1.0,
Port Edward,D,NCRD,2024,Buildings,4791666.0,3001958.0,1789708.0,125862.0,4791666.0,189149.0,Yes,port-edward-d,Port Edward,port-edward-d|Buildings,Port Edward|Buildings,0.37350433022668944,0.9605254205948411
Port Edward,D,NCRD,2024,Fleet,3961808.0,2861977.0,1099831.0,514642.0,3961808.0,123295.0,Yes,port-edward-d,Port Edward,port-edward-d|Fleet,Port Edward|Fleet,0.2776083545694289,0.9688791077205154
Port Edward,D,NCRD,2024,Parks and Recreation,12710627.0,3256534.0,9454093.0,305037.0,12710627.0,317516.0,Yes,port-edward-d,Port Edward,port-edward-d|Parks and Recreation,Port Edward|Parks and Recreation,0.7437943855956123,0.9750196430121032
Port Edward,D,NCRD,2024,Water System,4098644.0,3320973.0,777671.0,0.0,4098644.0,197819.0,Yes,port-edward-d,Port Edward,port-edward-d|Water System,Port Edward|Water System,0.18973860623171956,0.9517355008144157
Port Edward,D,NCRD,2024,Sewer System,5199984.0,2339182.0,2860802.0,0.0,5199984.0,130110.0,Yes,port-edward-d,Port Edward,port-edward-d|Sewer System,Port Edward|Sewer System,0.5501559235566879,0.9749787691654436
Port Edward,D,NCRD,2024,Drainage System,0.0,0.0,0.0,0.0,0.0,0.0,,port-edward-d,Port Edward,port-edward-d|Drainage System,Port Edward|Drainage System,,
Port Edward,D,NCRD,2024,Transportation System,127363.0,69810.0,57553.0,0.0,419263.0,26337.0,Yes,port-edward-d,Port Edward,port-edward-d|Transportation System,Port Edward|Transportation System,0.4518816296726679,0.9371826276108314
Port Edward,D,NCRD,2024,Other Engineering Systems,0.0,0.0,0.0,0.0,0.0,0.0,,port-edward-d,Port Edward,port-edward-d|Other Engineering Systems,Port Edward|Other Engineering Systems,,
Port Edward,D,NCRD,2024,Other Tangible Capital Assets,404291.0,291900.0,112391.0,0.0,0.0,0.0,N/A,port-edward-d,Port Edward,port-edward-d|Other Tangible Capital Assets,Port Edward|Other Tangible Capital Assets,0.277995305361732,
Port Edward,D,NCRD,2024,Work In Progress,0.0,,0.0,0.0,0.0,,N/A,port-edward-d,Port Edward,port-edward-d|Work In Progress,Port Edward|Work In Progress,,
Port Edward,D,NCRD,2024,Total TCA,34894074.0,15142334.0,19751740.0,945541.0,34781683.0,984226.0,,port-edward-d,Port Edward,port-edward-d|Total TCA,Port Edward|Total TCA,0.5660485502495352,0.971702749404047
Port Hardy,D,MW,2024,Land,3006027.0,,3006027.0,88576.0,3006027.0,,N/A,port-hardy-d,Port Hardy,port-hardy-d|Land,Port Hardy|Land,1.0,
Port Hardy,D,MW,2024,Buildings,21219857.0,8864618.0,12355239.0,2280212.0,71104348.0,1777608.0,In_Progress,port-hardy-d,Port Hardy,port-hardy-d|Buildings,Port Hardy|Buildings,0.582248928444711,0.9750000098446863
Port Hardy,D,MW,2024,Fleet,6596002.0,4349659.0,2246343.0,259275.0,8615331.0,215384.0,In_Progress,port-hardy-d,Port Hardy,port-hardy-d|Fleet,Port Hardy|Fleet,0.34056129758602255,0.9749999158476906
Port Hardy,D,MW,2024,Parks and Recreation,4180506.0,2999297.0,1181209.0,0.0,3675335.0,91883.0,In_Progress,port-hardy-d,Port Hardy,port-hardy-d|Parks and Recreation,Port Hardy|Parks and Recreation,0.2825516815428563,0.9750001020315155
Port Hardy,D,MW,2024,Water System,20137607.0,11332229.0,8805378.0,0.0,7231893.0,183862.0,In_Progress,port-hardy-d,Port Hardy,port-hardy-d|Water System,Port Hardy|Water System,0.43726039543824646,0.974576227828592
Port Hardy,D,MW,2024,Sewer System,18017335.0,10368823.0,7648512.0,0.0,7769358.0,194235.0,In_Progress,port-hardy-d,Port Hardy,port-hardy-d|Sewer System,Port Hardy|Sewer System,0.42450850805626916,0.9749998648536984
Port Hardy,D,MW,2024,Drainage System,0.0,0.0,0.0,0.0,0.0,0.0,No,port-hardy-d,Port Hardy,port-hardy-d|Drainage System,Port Hardy|Drainage System,,
Port Hardy,D,MW,2024,Transportation System,27481822.0,17694785.0,9787037.0,0.0,38253595.0,71811.0,In_Progress,port-hardy-d,Port Hardy,port-hardy-d|Transportation System,Port Hardy|Transportation System,0.35612766140469143,0.998122764670876
Port Hardy,D,MW,2024,Other Engineering Systems,0.0,0.0,0.0,0.0,0.0,0.0,No,port-hardy-d,Port Hardy,port-hardy-d|Other Engineering Systems,Port Hardy|Other Engineering Systems,,
Port Hardy,D,MW,2024,Other Tangible Capital Assets,752179.0,627533.0,124646.0,0.0,0.0,0.0,N/A,port-hardy-d,Port Hardy,port-hardy-d|Other Tangible Capital Assets,Port Hardy|Other Tangible Capital Assets,0.1657132145406878,
Port Hardy,D,MW,2024,Work In Progress,1128606.0,,1128606.0,0.0,1128606.0,,N/A,port-hardy-d,Port Hardy,port-hardy-d|Work In Progress,Port Hardy|Work In Progress,1.0,
Port Hardy,D,MW,2024,Total TCA,102519941.0,56236944.0,46282997.0,2628063.0,140784493.0,2534783.0,,port-hardy-d,Port Hardy,port-hardy-d|Total TCA,Port Hardy|Total TCA,0.45145360549905117,0.9819952968825906
Port McNeill,T,MW,2024,Land,1717069.0,,1717069.0,0.0,1717069.0,,N/A,port-mcneill-t,Port McNeill,port-mcneill-t|Land,Port McNeill|Land,1.0,
Port McNeill,T,MW,2024,Buildings,21266346.0,17931050.0,3335296.0,106400.0,20000000.0,540500.0,In_Progress,port-mcneill-t,Port McNeill,port-mcneill-t|Buildings,Port McNeill|Buildings,0.15683446512155874,0.972975
Port McNeill,T,MW,2024,Fleet,3285410.0,1723819.0,1561591.0,138148.0,2000000.0,111111.0,Yes,port-mcneill-t,Port McNeill,port-mcneill-t|Fleet,Port McNeill|Fleet,0.4753108440042491,0.9444445
Port McNeill,T,MW,2024,Parks and Recreation,0.0,0.0,0.0,0.0,0.0,0.0,,port-mcneill-t,Port McNeill,port-mcneill-t|Parks and Recreation,Port McNeill|Parks and Recreation,,
Port McNeill,T,MW,2024,Water System,12443970.0,4165962.0,8278008.0,0.0,17000000.0,246377.0,In_Progress,port-mcneill-t,Port McNeill,port-mcneill-t|Water System,Port McNeill|Water System,0.6652224330338309,0.9855072352941177
Port McNeill,T,MW,2024,Sewer System,10256877.0,6607390.0,3649487.0,117033.0,15000000.0,230769.0,In_Progress,port-mcneill-t,Port McNeill,port-mcneill-t|Sewer System,Port McNeill|Sewer System,0.3558087905314649,0.9846154
Port McNeill,T,MW,2024,Drainage System,5812097.0,1002972.0,4809125.0,466668.0,8000000.0,106667.0,In_Progress,port-mcneill-t,Port McNeill,port-mcneill-t|Drainage System,Port McNeill|Drainage System,0.8274337128234439,0.986666625
Port McNeill,T,MW,2024,Transportation System,29623851.0,28110233.0,1513618.0,41695.0,200000000.0,5000000.0,In_Progress,port-mcneill-t,Port McNeill,port-mcneill-t|Transportation System,Port McNeill|Transportation System,0.05109457241058902,0.975
Port McNeill,T,MW,2024,Other Engineering Systems,0.0,0.0,0.0,0.0,0.0,0.0,,port-mcneill-t,Port McNeill,port-mcneill-t|Other Engineering Systems,Port McNeill|Other Engineering Systems,,
Port McNeill,T,MW,2024,Other Tangible Capital Assets,5865419.0,1740919.0,4124500.0,380920.0,8500000.0,472000.0,N/A,port-mcneill-t,Port McNeill,port-mcneill-t|Other Tangible Capital Assets,Port McNeill|Other Tangible Capital Assets,0.7031893203196566,0.9444705882352942
Port McNeill,T,MW,2024,Work In Progress,0.0,,0.0,0.0,0.0,,N/A,port-mcneill-t,Port McNeill,port-mcneill-t|Work In Progress,Port McNeill|Work In Progress,,
Port McNeill,T,MW,2024,Total TCA,90271039.0,61282345.0,28988694.0,1250864.0,272217069.0,6707424.0,,port-mcneill-t,Port McNeill,port-mcneill-t|Total TCA,Port McNeill|Total TCA,0.3211295042256022,0.9753600168253961
Port Moody,C,MVRD,2024,Land,465283841.0,,465283841.0,2897200.0,465283841.0,,N/A,port-moody-c,Port Moody,port-moody-c|Land,Port Moody|Land,1.0,
Port Moody,C,MVRD,2024,Buildings,113699948.0,49698755.0,64001193.0,3550852.0,209631189.0,2390036.0,In_Progress,port-moody-c,Port Moody,port-moody-c|Buildings,Port Moody|Buildings,0.5628955344816868,0.9885988530075074
Port Moody,C,MVRD,2024,Fleet,17945260.0,7639713.0,10305547.0,1568726.0,19057855.0,2088645.0,Yes,port-moody-c,Port Moody,port-moody-c|Fleet,Port Moody|Fleet,0.5742768285329942,0.8904050324656159
Port Moody,C,MVRD,2024,Parks and Recreation,11995580.0,7424723.0,4570857.0,734405.0,41724290.0,1668972.0,In_Progress,port-moody-c,Port Moody,port-moody-c|Parks and Recreation,Port Moody|Parks and Recreation,0.3810451016124272,0.9599999904132581
Port Moody,C,MVRD,2024,Water System,40358052.0,13837003.0,26521049.0,0.0,146223150.0,1819315.0,In_Progress,port-moody-c,Port Moody,port-moody-c|Water System,Port Moody|Water System,0.6571439325168618,0.9875579550844036
Port Moody,C,MVRD,2024,Sewer System,49814994.0,14677225.0,35137769.0,0.0,165480646.0,2485459.0,In_Progress,port-moody-c,Port Moody,port-moody-c|Sewer System,Port Moody|Sewer System,0.7053653163142005,0.9849803644107118
Port Moody,C,MVRD,2024,Drainage System,41781205.0,15466910.0,26314295.0,0.0,150037937.0,2386277.0,In_Progress,port-moody-c,Port Moody,port-moody-c|Drainage System,Port Moody|Drainage System,0.6298117778077488,0.984095509124469
Port Moody,C,MVRD,2024,Transportation System,129218183.0,59561348.0,69656835.0,5210201.0,188659461.0,4100307.0,In_Progress,port-moody-c,Port Moody,port-moody-c|Transportation System,Port Moody|Transportation System,0.5390637244914672,0.978266093954334
Port Moody,C,MVRD,2024,Other Engineering Systems,0.0,0.0,0.0,0.0,0.0,0.0,,port-moody-c,Port Moody,port-moody-c|Other Engineering Systems,Port Moody|Other Engineering Systems,,
Port Moody,C,MVRD,2024,Other Tangible Capital Assets,30470842.0,18006766.0,12464076.0,1598683.0,30470842.0,4352977.0,N/A,port-moody-c,Port Moody,port-moody-c|Other Tangible Capital Assets,Port Moody|Other Tangible Capital Assets,0.4090492806204699,0.8571428712078255
Port Moody,C,MVRD,2024,Work In Progress,25600487.0,,25600487.0,14369815.0,25600487.0,,N/A,port-moody-c,Port Moody,port-moody-c|Work In Progress,Port Moody|Work In Progress,1.0,
Port Moody,C,MVRD,2024,Total TCA,926168392.0,186312443.0,739855949.0,29929882.0,1442169698.0,21291988.0,,port-moody-c,Port Moody,port-moody-c|Total TCA,Port Moody|Total TCA,0.7988352392401662,0.9852361424390432
Pouce Coupe,V,PEA,2024,Land,867983.0,,867983.0,0.0,867983.0,,N/A,pouce-coupe-v,Pouce Coupe,pouce-coupe-v|Land,Pouce Coupe|Land,1.0,
Pouce Coupe,V,PEA,2024,Buildings,5266765.0,2185350.0,3081415.0,0.0,6667602.0,133352.0,In_Progress,pouce-coupe-v,Pouce Coupe,pouce-coupe-v|Buildings,Pouce Coupe|Buildings,0.5850678737327373,0.9800000059991583
Pouce Coupe,V,PEA,2024,Fleet,3437589.0,2220279.0,1217310.0,231174.0,4194068.0,252772.0,In_Progress,pouce-coupe-v,Pouce Coupe,pouce-coupe-v|Fleet,Pouce Coupe|Fleet,0.35411737703372914,0.9397310677843087
Pouce Coupe,V,PEA,2024,Parks and Recreation,3222545.0,608445.0,2614100.0,1431310.0,1835523.0,122369.0,In_Progress,pouce-coupe-v,Pouce Coupe,pouce-coupe-v|Parks and Recreation,Pouce Coupe|Parks and Recreation,0.8111911548170778,0.9333328974902521
Pouce Coupe,V,PEA,2024,Water System,2450473.0,983394.0,1467079.0,0.0,25125000.0,413000.0,In_Progress,pouce-coupe-v,Pouce Coupe,pouce-coupe-v|Water System,Pouce Coupe|Water System,0.5986921708584424,0.9835621890547264
Pouce Coupe,V,PEA,2024,Sewer System,2331208.0,790498.0,1540710.0,0.0,10183000.0,157000.0,In_Progress,pouce-coupe-v,Pouce Coupe,pouce-coupe-v|Sewer System,Pouce Coupe|Sewer System,0.660906276917375,0.9845821467151135
Pouce Coupe,V,PEA,2024,Drainage System,597562.0,86380.0,511182.0,221302.0,1603000.0,41000.0,In_Progress,pouce-coupe-v,Pouce Coupe,pouce-coupe-v|Drainage System,Pouce Coupe|Drainage System,0.8554459620926365,0.974422956955708
Pouce Coupe,V,PEA,2024,Transportation System,5433451.0,2991574.0,2441877.0,0.0,19554000.0,0.0,In_Progress,pouce-coupe-v,Pouce Coupe,pouce-coupe-v|Transportation System,Pouce Coupe|Transportation System,0.4494154819837337,1.0
Pouce Coupe,V,PEA,2024,Other Engineering Systems,0.0,0.0,0.0,0.0,0.0,0.0,,pouce-coupe-v,Pouce Coupe,pouce-coupe-v|Other Engineering Systems,Pouce Coupe|Other Engineering Systems,,
Pouce Coupe,V,PEA,2024,Other Tangible Capital Assets,0.0,0.0,0.0,0.0,0.0,0.0,N/A,pouce-coupe-v,Pouce Coupe,pouce-coupe-v|Other Tangible Capital Assets,Pouce Coupe|Other Tangible Capital Assets,,
Pouce Coupe,V,PEA,2024,Work In Progress,0.0,,0.0,0.0,0.0,,N/A,pouce-coupe-v,Pouce Coupe,pouce-coupe-v|Work In Progress,Pouce Coupe|Work In Progress,,
Pouce Coupe,V,PEA,2024,Total TCA,23607576.0,9865920.0,13741656.0,1883786.0,70030176.0,1119493.0,,pouce-coupe-v,Pouce Coupe,pouce-coupe-v|Total TCA,Pouce Coupe|Total TCA,0.5820866996255778,0.9840141341355475
Powell River,C,qRD,2024,Land,17323585.0,,17323585.0,858199.0,17323585.0,,N/A,powell-river-c,Powell River,powell-river-c|Land,Powell River|Land,1.0,
Powell River,C,qRD,2024,Buildings,44097549.0,27385025.0,16712524.0,233072.0,139170515.0,2511804.0,Yes,powell-river-c,Powell River,powell-river-c|Buildings,Powell River|Buildings,0.3789898617721361,0.9819516080687062
Powell River,C,qRD,2024,Fleet,9515631.0,5394385.0,4121246.0,1368885.0,11435917.0,783656.0,Yes,powell-river-c,Powell River,powell-river-c|Fleet,Powell River|Fleet,0.43310275482519234,0.9314741441372826
Powell River,C,qRD,2024,Parks and Recreation,5079545.0,2765807.0,2313738.0,138202.0,7793576.0,284962.0,Yes,powell-river-c,Powell River,powell-river-c|Parks and Recreation,Powell River|Parks and Recreation,0.45550103404930953,0.9634362967654386
Powell River,C,qRD,2024,Water System,33444655.0,11234498.0,22210157.0,1327440.0,99623133.0,1433889.0,Yes,powell-river-c,Powell River,powell-river-c|Water System,Powell River|Water System,0.6640868922104295,0.9856068670315759
Powell River,C,qRD,2024,Sewer System,107385081.0,11008427.0,96376654.0,508473.0,132627653.0,2686023.0,Yes,powell-river-c,Powell River,powell-river-c|Sewer System,Powell River|Sewer System,0.8974864394803594,0.979747639807816
Powell River,C,qRD,2024,Drainage System,13244907.0,5133871.0,8111036.0,490191.0,87487544.0,948658.0,Yes,powell-river-c,Powell River,powell-river-c|Drainage System,Powell River|Drainage System,0.6123890488623287,0.9891566506884683
Powell River,C,qRD,2024,Transportation System,48203666.0,26681132.0,21522534.0,3036951.0,69817362.0,1074548.0,Yes,powell-river-c,Powell River,powell-river-c|Transportation System,Powell River|Transportation System,0.44649164235765804,0.984609157819512
Powell River,C,qRD,2024,Other Engineering Systems,0.0,0.0,0.0,0.0,0.0,0.0,,powell-river-c,Powell River,powell-river-c|Other Engineering Systems,Powell River|Other Engineering Systems,,
Powell River,C,qRD,2024,Other Tangible Capital Assets,38083323.0,11616664.0,26466659.0,7745468.0,54431550.0,1696695.0,N/A,powell-river-c,Powell River,powell-river-c|Other Tangible Capital Assets,Powell River|Other Tangible Capital Assets,0.6949671644987492,0.9688288318080231
Powell River,C,qRD,2024,Work In Progress,643089.0,,643089.0,-1750035.0,643089.0,,N/A,powell-river-c,Powell River,powell-river-c|Work In Progress,Powell River|Work In Progress,1.0,
Powell River,C,qRD,2024,Total TCA,317021031.0,101219809.0,215801222.0,13956846.0,620353924.0,11420235.0,,powell-river-c,Powell River,powell-river-c|Total TCA,Powell River|Total TCA,0.6807157913759987,0.9815907749460774
Prince George,C,FFG,2024,Land,109557000.0,,109557000.0,2349000.0,109557000.0,,N/A,prince-george-c,Prince George,prince-george-c|Land,Prince George|Land,1.0,
Prince George,C,FFG,2024,Buildings,330662000.0,178148000.0,152514000.0,6845000.0,755368000.0,17566698.0,In_Progress,prince-george-c,Prince George,prince-george-c|Buildings,Prince George|Buildings,0.46123836425110837,0.976744185615488
Prince George,C,FFG,2024,Fleet,36975000.0,18762000.0,18213000.0,3976000.0,45430000.0,4543000.0,No,prince-george-c,Prince George,prince-george-c|Fleet,Prince George|Fleet,0.49257606490872213,0.9
Prince George,C,FFG,2024,Parks and Recreation,53798000.0,23648000.0,30150000.0,1707000.0,100119000.0,3128719.0,In_Progress,prince-george-c,Prince George,prince-george-c|Parks and Recreation,Prince George|Parks and Recreation,0.560429755753002,0.9687499975029714
Prince George,C,FFG,2024,Water System,207729000.0,71961000.0,135768000.0,5873000.0,1430662000.0,18689105.0,In_Progress,prince-george-c,Prince George,prince-george-c|Water System,Prince George|Water System,0.6535823115694005,0.9869367432698988
Prince George,C,FFG,2024,Sewer System,153713000.0,66857000.0,86856000.0,3409000.0,996969000.0,11236382.0,In_Progress,prince-george-c,Prince George,prince-george-c|Sewer System,Prince George|Sewer System,0.565053053417733,0.9887294569841188
Prince George,C,FFG,2024,Drainage System,95284000.0,24644000.0,70640000.0,3104000.0,683518000.0,6701157.0,Yes,prince-george-c,Prince George,prince-george-c|Drainage System,Prince George|Drainage System,0.7413626631963394,0.990196078230566
Prince George,C,FFG,2024,Transportation System,371654000.0,189486000.0,182168000.0,12780000.0,1027713000.0,26754948.0,In_Progress,prince-george-c,Prince George,prince-george-c|Transportation System,Prince George|Transportation System,0.49015482141992284,0.9739665178897221
Prince George,C,FFG,2024,Other Engineering Systems,20188000.0,7413000.0,12775000.0,0.0,26359000.0,470696.0,No,prince-george-c,Prince George,prince-george-c|Other Engineering Systems,Prince George|Other Engineering Systems,0.6328016643550625,0.9821428734018741
Prince George,C,FFG,2024,Other Tangible Capital Assets,38638000.0,30018000.0,8620000.0,2299000.0,34262000.0,4894589.0,N/A,prince-george-c,Prince George,prince-george-c|Other Tangible Capital Assets,Prince George|Other Tangible Capital Assets,0.2230964335628138,0.8571423442881326
Prince George,C,FFG,2024,Work In Progress,26802000.0,,26802000.0,14842000.0,26802000.0,,N/A,prince-george-c,Prince George,prince-george-c|Work In Progress,Prince George|Work In Progress,1.0,
Prince George,C,FFG,2024,Total TCA,1445000000.0,610937000.0,834063000.0,57184000.0,5236759000.0,93985294.0,,prince-george-c,Prince George,prince-george-c|Total TCA,Prince George|Total TCA,0.5772062283737024,0.9820527746264436
Prince Rupert,C,NCRD,2024,Land,19590789.0,,19590789.0,8408495.0,19590789.0,,N/A,prince-rupert-c,Prince Rupert,prince-rupert-c|Land,Prince Rupert|Land,1.0,
Prince Rupert,C,NCRD,2024,Buildings,21892516.0,11240834.0,10651682.0,1072218.0,94353531.0,0.0,No,prince-rupert-c,Prince Rupert,prince-rupert-c|Buildings,Prince Rupert|Buildings,0.48654444285892035,1.0
Prince Rupert,C,NCRD,2024,Fleet,15763094.0,8839953.0,6923141.0,3449028.0,11425000.0,1113200.0,No,prince-rupert-c,Prince Rupert,prince-rupert-c|Fleet,Prince Rupert|Fleet,0.4391993729149874,0.9025645514223195
Prince Rupert,C,NCRD,2024,Parks and Recreation,3749401.0,1260749.0,2488652.0,100637.0,0.0,0.0,No,prince-rupert-c,Prince Rupert,prince-rupert-c|Parks and Recreation,Prince Rupert|Parks and Recreation,0.6637465557831771,
Prince Rupert,C,NCRD,2024,Water System,65694665.0,9592633.0,56102032.0,721329.0,394000000.0,0.0,In_Progress,prince-rupert-c,Prince Rupert,prince-rupert-c|Water System,Prince Rupert|Water System,0.8539815523832871,1.0
Prince Rupert,C,NCRD,2024,Sewer System,37089059.0,16849208.0,20239851.0,1506571.0,66870023.0,0.0,In_Progress,prince-rupert-c,Prince Rupert,prince-rupert-c|Sewer System,Prince Rupert|Sewer System,0.5457094772881674,1.0
Prince Rupert,C,NCRD,2024,Drainage System,3942968.0,393844.0,3549124.0,0.0,73303146.0,0.0,No,prince-rupert-c,Prince Rupert,prince-rupert-c|Drainage System,Prince Rupert|Drainage System,0.9001148373509499,1.0
Prince Rupert,C,NCRD,2024,Transportation System,40198560.0,20330116.0,19868444.0,2981233.0,147812996.0,0.0,Yes,prince-rupert-c,Prince Rupert,prince-rupert-c|Transportation System,Prince Rupert|Transportation System,0.49425760524755114,1.0
Prince Rupert,C,NCRD,2024,Other Engineering Systems,33616222.0,16650582.0,16965640.0,2087641.0,44477783.0,0.0,Yes,prince-rupert-c,Prince Rupert,prince-rupert-c|Other Engineering Systems,Prince Rupert|Other Engineering Systems,0.5046861006569983,1.0
Prince Rupert,C,NCRD,2024,Other Tangible Capital Assets,38454.0,38454.0,0.0,0.0,0.0,0.0,N/A,prince-rupert-c,Prince Rupert,prince-rupert-c|Other Tangible Capital Assets,Prince Rupert|Other Tangible Capital Assets,0.0,
Prince Rupert,C,NCRD,2024,Work In Progress,47762446.0,,47762446.0,31478814.0,47762446.0,,N/A,prince-rupert-c,Prince Rupert,prince-rupert-c|Work In Progress,Prince Rupert|Work In Progress,1.0,
Prince Rupert,C,NCRD,2024,Total TCA,289338174.0,85196373.0,204141801.0,51805966.0,899595714.0,1113200.0,,prince-rupert-c,Prince Rupert,prince-rupert-c|Total TCA,Prince Rupert|Total TCA,0.7055474159451909,0.9987625552426765
Princeton,T,OKS,2024,Land,4073844.0,,4073844.0,0.0,4073844.0,,N/A,princeton-t,Princeton,princeton-t|Land,Princeton|Land,1.0,
Princeton,T,OKS,2024,Buildings,14677762.0,2921010.0,11756752.0,5486946.0,29862804.0,597256.0,No,princeton-t,Princeton,princeton-t|Buildings,Princeton|Buildings,0.8009907777493599,0.9800000026789178
Princeton,T,OKS,2024,Fleet,5899611.0,3218742.0,2680869.0,803514.0,9258858.0,617566.0,No,princeton-t,Princeton,princeton-t|Fleet,Princeton|Fleet,0.45441453682285154,0.9332999814879978
Princeton,T,OKS,2024,Parks and Recreation,5238384.0,2588679.0,2649705.0,1041850.0,7603966.0,507185.0,No,princeton-t,Princeton,princeton-t|Parks and Recreation,Princeton|Parks and Recreation,0.5058248879807208,0.9332999384794725
Princeton,T,OKS,2024,Water System,13018183.0,3310081.0,9708102.0,5824232.0,36940928.0,589647.0,No,princeton-t,Princeton,princeton-t|Water System,Princeton|Water System,0.7457340244794531,0.9840381107913694
Princeton,T,OKS,2024,Sewer System,4704348.0,1766453.0,2937895.0,0.0,159405571.0,228876.0,No,princeton-t,Princeton,princeton-t|Sewer System,Princeton|Sewer System,0.6245063077816522,0.9985641907082407
Princeton,T,OKS,2024,Drainage System,657557.0,0.0,657557.0,0.0,4125511.0,103138.0,No,princeton-t,Princeton,princeton-t|Drainage System,Princeton|Drainage System,1.0,0.9749999454613016
Princeton,T,OKS,2024,Transportation System,12207970.0,8856546.0,3351424.0,589145.0,219216006.0,0.0,No,princeton-t,Princeton,princeton-t|Transportation System,Princeton|Transportation System,0.27452754225313464,1.0
Princeton,T,OKS,2024,Other Engineering Systems,835193.0,0.0,835193.0,0.0,1495464.0,14955.0,No,princeton-t,Princeton,princeton-t|Other Engineering Systems,Princeton|Other Engineering Systems,1.0,0.9899997592720386
Princeton,T,OKS,2024,Other Tangible Capital Assets,1456114.0,0.0,1456114.0,1132549.0,2213316.0,147628.0,N/A,princeton-t,Princeton,princeton-t|Other Tangible Capital Assets,Princeton|Other Tangible Capital Assets,1.0,0.933300080060868
Princeton,T,OKS,2024,Work In Progress,1140329.0,,1140329.0,-5411481.0,1140329.0,,N/A,princeton-t,Princeton,princeton-t|Work In Progress,Princeton|Work In Progress,1.0,
Princeton,T,OKS,2024,Total TCA,63909295.0,22661511.0,41247784.0,9466755.0,475336597.0,2806251.0,,princeton-t,Princeton,princeton-t|Total TCA,Princeton|Total TCA,0.6454113443122789,0.994096286678301
Qualicum Beach,T,NAN,2024,Land,38432522.0,,38432522.0,0.0,38432522.0,,N/A,qualicum-beach-t,Qualicum Beach,qualicum-beach-t|Land,Qualicum Beach|Land,1.0,
Qualicum Beach,T,NAN,2024,Buildings,36269862.0,14072469.0,22197393.0,231215.0,46164000.0,1004000.0,No,qualicum-beach-t,Qualicum Beach,qualicum-beach-t|Buildings,Qualicum Beach|Buildings,0.6120065469231727,0.9782514513473702
Qualicum Beach,T,NAN,2024,Fleet,11139209.0,4806387.0,6332822.0,1659630.0,8536000.0,548000.0,No,qualicum-beach-t,Qualicum Beach,qualicum-beach-t|Fleet,Qualicum Beach|Fleet,0.5685163102694276,0.9358013120899719
Qualicum Beach,T,NAN,2024,Parks and Recreation,2034346.0,1295031.0,739315.0,0.0,5846000.0,119000.0,No,qualicum-beach-t,Qualicum Beach,qualicum-beach-t|Parks and Recreation,Qualicum Beach|Parks and Recreation,0.36341654762759135,0.9796442011631885
Qualicum Beach,T,NAN,2024,Water System,16990336.0,7240111.0,9750225.0,451417.0,109080000.0,1558000.0,No,qualicum-beach-t,Qualicum Beach,qualicum-beach-t|Water System,Qualicum Beach|Water System,0.5738688746355576,0.9857169050238357
Qualicum Beach,T,NAN,2024,Sewer System,11635821.0,6410345.0,5225476.0,386660.0,66974000.0,1119000.0,No,qualicum-beach-t,Qualicum Beach,qualicum-beach-t|Sewer System,Qualicum Beach|Sewer System,0.449085285859932,0.9832920237704184
Qualicum Beach,T,NAN,2024,Drainage System,22815230.0,9549963.0,13265267.0,0.0,39460000.0,681000.0,No,qualicum-beach-t,Qualicum Beach,qualicum-beach-t|Drainage System,Qualicum Beach|Drainage System,0.5814215767274754,0.9827420172326407
Qualicum Beach,T,NAN,2024,Transportation System,50333741.0,33250099.0,17083642.0,522258.0,62300000.0,761000.0,No,qualicum-beach-t,Qualicum Beach,qualicum-beach-t|Transportation System,Qualicum Beach|Transportation System,0.3394073569854464,0.9877849117174959
Qualicum Beach,T,NAN,2024,Other Engineering Systems,0.0,0.0,0.0,0.0,0.0,0.0,,qualicum-beach-t,Qualicum Beach,qualicum-beach-t|Other Engineering Systems,Qualicum Beach|Other Engineering Systems,,
Qualicum Beach,T,NAN,2024,Other Tangible Capital Assets,30501404.0,12521334.0,17980070.0,1004281.0,21702000.0,442000.0,N/A,qualicum-beach-t,Qualicum Beach,qualicum-beach-t|Other Tangible Capital Assets,Qualicum Beach|Other Tangible Capital Assets,0.5894833562415684,0.979633213528707
Qualicum Beach,T,NAN,2024,Work In Progress,8783938.0,,8783938.0,5306339.0,8783938.0,,N/A,qualicum-beach-t,Qualicum Beach,qualicum-beach-t|Work In Progress,Qualicum Beach|Work In Progress,1.0,
Qualicum Beach,T,NAN,2024,Total TCA,228936409.0,89145739.0,139790670.0,9561800.0,407278460.0,6232000.0,,qualicum-beach-t,Qualicum Beach,qualicum-beach-t|Total TCA,Qualicum Beach|Total TCA,0.6106091670198251,0.9846984296689788
Quesnel,C,CAR,2024,Land,11384702.0,,11384702.0,198000.0,11384702.0,,N/A,quesnel-c,Quesnel,quesnel-c|Land,Quesnel|Land,1.0,
Quesnel,C,CAR,2024,Buildings,42781065.0,12016872.0,30764193.0,648243.0,57000000.0,927400.0,Yes,quesnel-c,Quesnel,quesnel-c|Buildings,Quesnel|Buildings,0.719107694023045,0.9837298245614035
Quesnel,C,CAR,2024,Fleet,18319662.0,10326965.0,7992697.0,447036.0,24000000.0,900000.0,Yes,quesnel-c,Quesnel,quesnel-c|Fleet,Quesnel|Fleet,0.4362906368032336,0.9625
Quesnel,C,CAR,2024,Parks and Recreation,11149172.0,3655836.0,7493336.0,1070360.0,14118000.0,418000.0,Yes,quesnel-c,Quesnel,quesnel-c|Parks and Recreation,Quesnel|Parks and Recreation,0.6720979818052857,0.9703924068564953
Quesnel,C,CAR,2024,Water System,35368093.0,19029223.0,16338870.0,888439.0,144569000.0,2133000.0,Yes,quesnel-c,Quesnel,quesnel-c|Water System,Quesnel|Water System,0.4619663830899789,0.9852457995835898
Quesnel,C,CAR,2024,Sewer System,10571848.0,9286771.0,1285077.0,1002525.0,42508000.0,624000.0,Yes,quesnel-c,Quesnel,quesnel-c|Sewer System,Quesnel|Sewer System,0.12155651500097239,0.9853204102757128
Quesnel,C,CAR,2024,Drainage System,17126333.0,8868657.0,8257676.0,0.0,46289000.0,1659000.0,Yes,quesnel-c,Quesnel,quesnel-c|Drainage System,Quesnel|Drainage System,0.4821625271446024,0.9641599516083734
Quesnel,C,CAR,2024,Transportation System,40212242.0,16189097.0,24023145.0,1092477.0,241104000.0,4548000.0,Yes,quesnel-c,Quesnel,quesnel-c|Transportation System,Quesnel|Transportation System,0.5974087443321364,0.9811367708540712
Quesnel,C,CAR,2024,Other Engineering Systems,0.0,0.0,0.0,0.0,0.0,0.0,Yes,quesnel-c,Quesnel,quesnel-c|Other Engineering Systems,Quesnel|Other Engineering Systems,,
Quesnel,C,CAR,2024,Other Tangible Capital Assets,43870789.0,16852597.0,27018192.0,1841929.0,27940000.0,735000.0,N/A,quesnel-c,Quesnel,quesnel-c|Other Tangible Capital Assets,Quesnel|Other Tangible Capital Assets,0.6158583562287882,0.9736936292054402
Quesnel,C,CAR,2024,Work In Progress,1471635.0,,1471635.0,291817.0,1471635.0,,N/A,quesnel-c,Quesnel,quesnel-c|Work In Progress,Quesnel|Work In Progress,1.0,
Quesnel,C,CAR,2024,Total TCA,232255541.0,96226018.0,136029523.0,7480826.0,610384337.0,11944400.0,,quesnel-c,Quesnel,quesnel-c|Total TCA,Quesnel|Total TCA,0.5856890320649013,0.9804313458325193
Radium Hot Springs,V,EKO,2024,Land,1935454.0,,1935454.0,0.0,1935454.0,,N/A,radium-hot-springs-v,Radium Hot Springs,radium-hot-springs-v|Land,Radium Hot Springs|Land,1.0,
Radium Hot Springs,V,EKO,2024,Buildings,14205826.0,3620320.0,10585506.0,107033.0,20000000.0,400000.0,Yes,radium-hot-springs-v,Radium Hot Springs,radium-hot-springs-v|Buildings,Radium Hot Springs|Buildings,0.7451524466088773,0.98
Radium Hot Springs,V,EKO,2024,Fleet,2610449.0,771603.0,1838846.0,268687.0,3500000.0,195000.0,Yes,radium-hot-springs-v,Radium Hot Springs,radium-hot-springs-v|Fleet,Radium Hot Springs|Fleet,0.704417515913929,0.9442857142857143
Radium Hot Springs,V,EKO,2024,Parks and Recreation,2630365.0,1173281.0,1457084.0,22050.0,3000000.0,100000.0,Yes,radium-hot-springs-v,Radium Hot Springs,radium-hot-springs-v|Parks and Recreation,Radium Hot Springs|Parks and Recreation,0.553947455961435,0.9666666666666667
Radium Hot Springs,V,EKO,2024,Water System,10822878.0,3459002.0,7363876.0,0.0,15000000.0,150000.0,Yes,radium-hot-springs-v,Radium Hot Springs,radium-hot-springs-v|Water System,Radium Hot Springs|Water System,0.6803990583650671,0.99
Radium Hot Springs,V,EKO,2024,Sewer System,4131060.0,1193231.0,2937829.0,0.0,7500000.0,75000.0,Yes,radium-hot-springs-v,Radium Hot Springs,radium-hot-springs-v|Sewer System,Radium Hot Springs|Sewer System,0.7111562165642716,0.99
Radium Hot Springs,V,EKO,2024,Drainage System,930980.0,235846.0,695134.0,0.0,1000000.0,10000.0,No,radium-hot-springs-v,Radium Hot Springs,radium-hot-springs-v|Drainage System,Radium Hot Springs|Drainage System,0.7466691013770436,0.99
Radium Hot Springs,V,EKO,2024,Transportation System,11705923.0,5428718.0,6277205.0,1508487.0,15000000.0,0.0,Yes,radium-hot-springs-v,Radium Hot Springs,radium-hot-springs-v|Transportation System,Radium Hot Springs|Transportation System,0.536241781190599,1.0
Radium Hot Springs,V,EKO,2024,Other Engineering Systems,0.0,0.0,0.0,0.0,0.0,0.0,,radium-hot-springs-v,Radium Hot Springs,radium-hot-springs-v|Other Engineering Systems,Radium Hot Springs|Other Engineering Systems,,
Radium Hot Springs,V,EKO,2024,Other Tangible Capital Assets,5973634.0,3583926.0,2389708.0,89392.0,6000000.0,240000.0,N/A,radium-hot-springs-v,Radium Hot Springs,radium-hot-springs-v|Other Tangible Capital Assets,Radium Hot Springs|Other Tangible Capital Assets,0.4000425871420981,0.96
Radium Hot Springs,V,EKO,2024,Work In Progress,404975.0,,404975.0,235321.0,404975.0,,N/A,radium-hot-springs-v,Radium Hot Springs,radium-hot-springs-v|Work In Progress,Radium Hot Springs|Work In Progress,1.0,
Radium Hot Springs,V,EKO,2024,Total TCA,55351544.0,19465927.0,35885617.0,2230970.0,73340429.0,1170000.0,,radium-hot-springs-v,Radium Hot Springs,radium-hot-springs-v|Total TCA,Radium Hot Springs|Total TCA,0.6483218787898671,0.9840469981434115
Revelstoke,C,COL,2024,Land,16635772.0,,16635772.0,1350000.0,16635772.0,,N/A,revelstoke-c,Revelstoke,revelstoke-c|Land,Revelstoke|Land,1.0,
Revelstoke,C,COL,2024,Buildings,22689380.0,7524416.0,15164964.0,2071136.0,40000000.0,570000.0,No,revelstoke-c,Revelstoke,revelstoke-c|Buildings,Revelstoke|Buildings,0.668372780569588,0.98575
Revelstoke,C,COL,2024,Fleet,30275509.0,16086680.0,14188829.0,1770715.0,50000000.0,3000000.0,No,revelstoke-c,Revelstoke,revelstoke-c|Fleet,Revelstoke|Fleet,0.46865699268672906,0.94
Revelstoke,C,COL,2024,Parks and Recreation,0.0,0.0,0.0,0.0,0.0,0.0,,revelstoke-c,Revelstoke,revelstoke-c|Parks and Recreation,Revelstoke|Parks and Recreation,,
Revelstoke,C,COL,2024,Water System,33812536.0,11569678.0,22242858.0,1844055.0,60000000.0,2000000.0,In_Progress,revelstoke-c,Revelstoke,revelstoke-c|Water System,Revelstoke|Water System,0.6578287413875138,0.9666666666666667
Revelstoke,C,COL,2024,Sewer System,19913916.0,7305656.0,12608260.0,1462070.0,80000000.0,2000000.0,In_Progress,revelstoke-c,Revelstoke,revelstoke-c|Sewer System,Revelstoke|Sewer System,0.633138153239172,0.975
Revelstoke,C,COL,2024,Drainage System,0.0,0.0,0.0,0.0,0.0,0.0,,revelstoke-c,Revelstoke,revelstoke-c|Drainage System,Revelstoke|Drainage System,,
Revelstoke,C,COL,2024,Transportation System,52220154.0,25340847.0,26879307.0,3267986.0,100000000.0,0.0,In_Progress,revelstoke-c,Revelstoke,revelstoke-c|Transportation System,Revelstoke|Transportation System,0.5147305195614704,1.0
Revelstoke,C,COL,2024,Other Engineering Systems,0.0,0.0,0.0,0.0,0.0,0.0,,revelstoke-c,Revelstoke,revelstoke-c|Other Engineering Systems,Revelstoke|Other Engineering Systems,,
Revelstoke,C,COL,2024,Other Tangible Capital Assets,0.0,0.0,0.0,0.0,0.0,0.0,N/A,revelstoke-c,Revelstoke,revelstoke-c|Other Tangible Capital Assets,Revelstoke|Other Tangible Capital Assets,,
Revelstoke,C,COL,2024,Work In Progress,3265763.0,,3265763.0,678185.0,3265763.0,,N/A,revelstoke-c,Revelstoke,revelstoke-c|Work In Progress,Revelstoke|Work In Progress,1.0,
Revelstoke,C,COL,2024,Total TCA,178813030.0,67827277.0,110985753.0,12444147.0,349901535.0,7570000.0,,revelstoke-c,Revelstoke,revelstoke-c|Total TCA,Revelstoke|Total TCA,0.6206804560048002,0.978365342124035
Richmond,C,MVRD,2024,Land,1285311769.0,,1285311769.0,93570320.0,1285311769.0,,N/A,richmond-c,Richmond,richmond-c|Land,Richmond|Land,1.0,
Richmond,C,MVRD,2024,Buildings,651967102.0,286911529.0,365055573.0,31170632.0,1991066042.0,72683718.0,Yes,richmond-c,Richmond,richmond-c|Buildings,Richmond|Buildings,0.5599294379733902,0.9634950742633378
Richmond,C,MVRD,2024,Fleet,37146314.0,23518096.0,13628218.0,5477799.0,44439379.0,4909598.0,Yes,richmond-c,Richmond,richmond-c|Fleet,Richmond|Fleet,0.36687941635339644,0.8895214534838571
Richmond,C,MVRD,2024,Parks and Recreation,143134798.0,82373419.0,60761379.0,1485359.0,1634302234.0,61433480.0,Yes,richmond-c,Richmond,richmond-c|Parks and Recreation,Richmond|Parks and Recreation,0.42450459181840605,0.9624099638843179
Richmond,C,MVRD,2024,Water System,316481691.0,132763191.0,183718500.0,6262106.0,947724000.0,20081086.0,Yes,richmond-c,Richmond,richmond-c|Water System,Richmond|Water System,0.5805027754354358,0.9788112509549194
Richmond,C,MVRD,2024,Sewer System,269395896.0,130098257.0,139297639.0,1761235.0,1189522000.0,20337481.0,Yes,richmond-c,Richmond,richmond-c|Sewer System,Richmond|Sewer System,0.5170740945511657,0.9829028122220522
Richmond,C,MVRD,2024,Drainage System,596323364.0,260317071.0,336006293.0,9586133.0,1862616000.0,27983153.0,Yes,richmond-c,Richmond,richmond-c|Drainage System,Richmond|Drainage System,0.5634632370366088,0.984976424018692
Richmond,C,MVRD,2024,Transportation System,760041290.0,437749889.0,322291401.0,21708114.0,1240542149.0,31908127.0,Yes,richmond-c,Richmond,richmond-c|Transportation System,Richmond|Transportation System,0.4240445949982533,0.974278885223109
Richmond,C,MVRD,2024,Other Engineering Systems,0.0,0.0,0.0,0.0,0.0,0.0,,richmond-c,Richmond,richmond-c|Other Engineering Systems,Richmond|Other Engineering Systems,,
Richmond,C,MVRD,2024,Other Tangible Capital Assets,120956468.0,93772695.0,27183773.0,5483757.0,130423860.0,18502587.0,N/A,richmond-c,Richmond,richmond-c|Other Tangible Capital Assets,Richmond|Other Tangible Capital Assets,0.2247401354345102,0.8581349532209828
Richmond,C,MVRD,2024,Work In Progress,107673230.0,,107673230.0,41937659.0,107673230.0,,N/A,richmond-c,Richmond,richmond-c|Work In Progress,Richmond|Work In Progress,1.0,
Richmond,C,MVRD,2024,Total TCA,4288431922.0,1447504147.0,2840927775.0,218443114.0,10433620663.0,257839230.0,,richmond-c,Richmond,richmond-c|Total TCA,Richmond|Total TCA,0.6624630696422654,0.9752876553280917
Rossland,C,KOO,2024,Land,9487525.0,,9487525.0,81380.0,9487525.0,,N/A,rossland-c,Rossland,rossland-c|Land,Rossland|Land,1.0,
Rossland,C,KOO,2024,Buildings,21536006.0,10552958.0,10983048.0,273462.0,40400000.0,1400000.0,In_Progress,rossland-c,Rossland,rossland-c|Buildings,Rossland|Buildings,0.5099853705464235,0.9653465346534653
Rossland,C,KOO,2024,Fleet,6056266.0,3320873.0,2735393.0,1225100.0,6100000.0,458000.0,In_Progress,rossland-c,Rossland,rossland-c|Fleet,Rossland|Fleet,0.45166328559544777,0.9249180327868852
Rossland,C,KOO,2024,Parks and Recreation,0.0,0.0,0.0,0.0,0.0,0.0,,rossland-c,Rossland,rossland-c|Parks and Recreation,Rossland|Parks and Recreation,,
Rossland,C,KOO,2024,Water System,29418829.0,10934015.0,18484814.0,521821.0,104000000.0,2400000.0,In_Progress,rossland-c,Rossland,rossland-c|Water System,Rossland|Water System,0.6283327592678825,0.9769230769230769
Rossland,C,KOO,2024,Sewer System,12045859.0,4605732.0,7440127.0,128427.0,62000000.0,426000.0,In_Progress,rossland-c,Rossland,rossland-c|Sewer System,Rossland|Sewer System,0.6176501816931446,0.9931290322580645
Rossland,C,KOO,2024,Drainage System,0.0,0.0,0.0,0.0,0.0,0.0,,rossland-c,Rossland,rossland-c|Drainage System,Rossland|Drainage System,,
Rossland,C,KOO,2024,Transportation System,37783933.0,15843676.0,21940257.0,4643160.0,57500000.0,0.0,In_Progress,rossland-c,Rossland,rossland-c|Transportation System,Rossland|Transportation System,0.5806768977702771,1.0
Rossland,C,KOO,2024,Other Engineering Systems,0.0,0.0,0.0,0.0,0.0,0.0,,rossland-c,Rossland,rossland-c|Other Engineering Systems,Rossland|Other Engineering Systems,,
Rossland,C,KOO,2024,Other Tangible Capital Assets,0.0,0.0,0.0,0.0,0.0,0.0,N/A,rossland-c,Rossland,rossland-c|Other Tangible Capital Assets,Rossland|Other Tangible Capital Assets,,
Rossland,C,KOO,2024,Work In Progress,336892.0,,336892.0,239850.0,336892.0,,N/A,rossland-c,Rossland,rossland-c|Work In Progress,Rossland|Work In Progress,1.0,
Rossland,C,KOO,2024,Total TCA,116665310.0,45257254.0,71408056.0,7113200.0,279824417.0,4684000.0,,rossland-c,Rossland,rossland-c|Total TCA,Rossland|Total TCA,0.6120761690000224,0.9832609318006728
Saanich,D,CAP,2024,Land,343097348.0,,343097348.0,22181537.0,343097348.0,,N/A,saanich-d,Saanich,saanich-d|Land,Saanich|Land,1.0,
Saanich,D,CAP,2024,Buildings,169086044.0,62738242.0,106347802.0,8834002.0,278000000.0,6400000.0,No,saanich-d,Saanich,saanich-d|Buildings,Saanich|Buildings,0.6289567103480167,0.9769784172661871
Saanich,D,CAP,2024,Fleet,95452254.0,61149608.0,34302646.0,10303998.0,76000000.0,7000000.0,No,saanich-d,Saanich,saanich-d|Fleet,Saanich|Fleet,0.3593696802592006,0.9078947368421053
Saanich,D,CAP,2024,Parks and Recreation,48224152.0,36694689.0,11529463.0,767073.0,173000000.0,6500000.0,No,saanich-d,Saanich,saanich-d|Parks and Recreation,Saanich|Parks and Recreation,0.2390806789096053,0.9624277456647399
Saanich,D,CAP,2024,Water System,177034980.0,67204527.0,109830453.0,4091145.0,835000000.0,13200000.0,No,saanich-d,Saanich,saanich-d|Water System,Saanich|Water System,0.6203884283207759,0.984191616766467
Saanich,D,CAP,2024,Sewer System,184832057.0,80800880.0,104031177.0,3794330.0,1106000000.0,15800000.0,No,saanich-d,Saanich,saanich-d|Sewer System,Saanich|Sewer System,0.5628416341219424,0.9857142857142858
Saanich,D,CAP,2024,Drainage System,229805349.0,100638949.0,129166400.0,2971525.0,1185000000.0,16900000.0,No,saanich-d,Saanich,saanich-d|Drainage System,Saanich|Drainage System,0.5620687271295848,0.9857383966244726
Saanich,D,CAP,2024,Transportation System,241756053.0,122151593.0,119604460.0,4572043.0,1527000000.0,26500000.0,No,saanich-d,Saanich,saanich-d|Transportation System,Saanich|Transportation System,0.4947320181472354,0.9826457105435494
Saanich,D,CAP,2024,Other Engineering Systems,0.0,0.0,0.0,0.0,0.0,0.0,,saanich-d,Saanich,saanich-d|Other Engineering Systems,Saanich|Other Engineering Systems,,
Saanich,D,CAP,2024,Other Tangible Capital Assets,0.0,0.0,0.0,0.0,0.0,0.0,N/A,saanich-d,Saanich,saanich-d|Other Tangible Capital Assets,Saanich|Other Tangible Capital Assets,,
Saanich,D,CAP,2024,Work In Progress,103275824.0,,103275824.0,38901914.0,103275824.0,,N/A,saanich-d,Saanich,saanich-d|Work In Progress,Saanich|Work In Progress,1.0,
Saanich,D,CAP,2024,Total TCA,1592564061.0,531378488.0,1061185573.0,96417567.0,5626373172.0,92300000.0,,saanich-d,Saanich,saanich-d|Total TCA,Saanich|Total TCA,0.6663377624719612,0.9835951158626774
Salmo,V,CKO,2024,Land,1256899.0,,1256899.0,0.0,1256899.0,,N/A,salmo-v,Salmo,salmo-v|Land,Salmo|Land,1.0,
Salmo,V,CKO,2024,Buildings,3473821.0,1380577.0,2093244.0,96819.0,2950000.0,75750.0,No,salmo-v,Salmo,salmo-v|Buildings,Salmo|Buildings,0.6025768167098996,0.9743220338983051
Salmo,V,CKO,2024,Fleet,2526904.0,1915998.0,610906.0,31586.0,2527000.0,168467.0,No,salmo-v,Salmo,salmo-v|Fleet,Salmo|Fleet,0.24176066839104296,0.9333332014246142
Salmo,V,CKO,2024,Parks and Recreation,0.0,0.0,0.0,0.0,0.0,0.0,,salmo-v,Salmo,salmo-v|Parks and Recreation,Salmo|Parks and Recreation,,
Salmo,V,CKO,2024,Water System,2599309.0,1062326.0,1536983.0,98441.0,2228380.0,37140.0,No,salmo-v,Salmo,salmo-v|Water System,Salmo|Water System,0.5913044582233201,0.9833331837478347
Salmo,V,CKO,2024,Sewer System,4051326.0,1714886.0,2336440.0,47989.0,6382000.0,127640.0,No,salmo-v,Salmo,salmo-v|Sewer System,Salmo|Sewer System,0.5767099463237468,0.98
Salmo,V,CKO,2024,Drainage System,0.0,0.0,0.0,0.0,0.0,0.0,,salmo-v,Salmo,salmo-v|Drainage System,Salmo|Drainage System,,
Salmo,V,CKO,2024,Transportation System,3845603.0,2045702.0,1799901.0,68564.0,12390000.0,0.0,No,salmo-v,Salmo,salmo-v|Transportation System,Salmo|Transportation System,0.4680412928739654,1.0
Salmo,V,CKO,2024,Other Engineering Systems,0.0,0.0,0.0,0.0,0.0,0.0,,salmo-v,Salmo,salmo-v|Other Engineering Systems,Salmo|Other Engineering Systems,,
Salmo,V,CKO,2024,Other Tangible Capital Assets,0.0,0.0,0.0,0.0,0.0,0.0,N/A,salmo-v,Salmo,salmo-v|Other Tangible Capital Assets,Salmo|Other Tangible Capital Assets,,
Salmo,V,CKO,2024,Work In Progress,0.0,,0.0,0.0,0.0,,N/A,salmo-v,Salmo,salmo-v|Work In Progress,Salmo|Work In Progress,,
Salmo,V,CKO,2024,Total TCA,17753862.0,8119489.0,9634373.0,343399.0,27734279.0,408997.0,,salmo-v,Salmo,salmo-v|Total TCA,Salmo|Total TCA,0.5426635061148949,0.985253014870154
Salmon Arm,C,COL,2024,Land,40060338.0,,40060338.0,0.0,40060338.0,,N/A,salmon-arm-c,Salmon Arm,salmon-arm-c|Land,Salmon Arm|Land,1.0,
Salmon Arm,C,COL,2024,Buildings,81766456.0,32943426.0,48823030.0,3353045.0,120826702.0,18771.0,No,salmon-arm-c,Salmon Arm,salmon-arm-c|Buildings,Salmon Arm|Buildings,0.5971034136541273,0.9998446452672357
Salmon Arm,C,COL,2024,Fleet,6712725.0,4055501.0,2657224.0,644049.0,13050484.0,7926.0,No,salmon-arm-c,Salmon Arm,salmon-arm-c|Fleet,Salmon Arm|Fleet,0.3958487797429509,0.9993926662030312
Salmon Arm,C,COL,2024,Parks and Recreation,13156569.0,7439671.0,5716898.0,19810.0,0.0,0.0,In_Progress,salmon-arm-c,Salmon Arm,salmon-arm-c|Parks and Recreation,Salmon Arm|Parks and Recreation,0.4345280293061208,
Salmon Arm,C,COL,2024,Water System,36461845.0,13709185.0,22752660.0,1587959.0,292195000.0,4125400.0,Yes,salmon-arm-c,Salmon Arm,salmon-arm-c|Water System,Salmon Arm|Water System,0.6240128550817985,0.9858813463611629
Salmon Arm,C,COL,2024,Sewer System,25541721.0,10846796.0,14694925.0,477716.0,72162000.0,1402000.0,Yes,salmon-arm-c,Salmon Arm,salmon-arm-c|Sewer System,Salmon Arm|Sewer System,0.5753302606351389,0.9805714919209556
Salmon Arm,C,COL,2024,Drainage System,21310874.0,8933593.0,12377281.0,0.0,170372000.0,2052000.0,Yes,salmon-arm-c,Salmon Arm,salmon-arm-c|Drainage System,Salmon Arm|Drainage System,0.5807964985387273,0.9879557673796163
Salmon Arm,C,COL,2024,Transportation System,171613731.0,81795462.0,89818269.0,4728323.0,256298000.0,6472000.0,In_Progress,salmon-arm-c,Salmon Arm,salmon-arm-c|Transportation System,Salmon Arm|Transportation System,0.5233746068955286,0.9747481447377662
Salmon Arm,C,COL,2024,Other Engineering Systems,0.0,0.0,0.0,0.0,0.0,0.0,,salmon-arm-c,Salmon Arm,salmon-arm-c|Other Engineering Systems,Salmon Arm|Other Engineering Systems,,
Salmon Arm,C,COL,2024,Other Tangible Capital Assets,17058358.0,8390509.0,8667849.0,992002.0,0.0,0.0,N/A,salmon-arm-c,Salmon Arm,salmon-arm-c|Other Tangible Capital Assets,Salmon Arm|Other Tangible Capital Assets,0.5081291528762616,
Salmon Arm,C,COL,2024,Work In Progress,4775876.0,,4775876.0,-987672.0,4775876.0,,N/A,salmon-arm-c,Salmon Arm,salmon-arm-c|Work In Progress,Salmon Arm|Work In Progress,1.0,
Salmon Arm,C,COL,2024,Total TCA,418458493.0,168114143.0,250344350.0,10815232.0,969740400.0,14078097.0,,salmon-arm-c,Salmon Arm,salmon-arm-c|Total TCA,Salmon Arm|Total TCA,0.5982537197542314,0.9854826126662352
Sayward,V,STR,2024,Land,2122436.0,,2122436.0,0.0,2122436.0,,N/A,sayward-v,Sayward,sayward-v|Land,Sayward|Land,1.0,
Sayward,V,STR,2024,Buildings,3698804.0,1364579.0,2334225.0,28800.0,10607000.0,151529.0,Yes,sayward-v,Sayward,sayward-v|Buildings,Sayward|Buildings,0.6310756125493537,0.9857142453097011
Sayward,V,STR,2024,Fleet,1048850.0,753190.0,295660.0,31268.0,3516000.0,140640.0,Yes,sayward-v,Sayward,sayward-v|Fleet,Sayward|Fleet,0.28188968870667874,0.96
Sayward,V,STR,2024,Parks and Recreation,789531.0,141598.0,647933.0,0.0,0.0,0.0,Yes,sayward-v,Sayward,sayward-v|Parks and Recreation,Sayward|Parks and Recreation,0.8206555537401318,
Sayward,V,STR,2024,Water System,5098153.0,846619.0,4251534.0,0.0,5679000.0,113580.0,Yes,sayward-v,Sayward,sayward-v|Water System,Sayward|Water System,0.8339361333408393,0.98
Sayward,V,STR,2024,Sewer System,3233190.0,1265306.0,1967884.0,36858.0,12342000.0,246840.0,Yes,sayward-v,Sayward,sayward-v|Sewer System,Sayward|Sewer System,0.6086508989573765,0.98
Sayward,V,STR,2024,Drainage System,0.0,0.0,0.0,0.0,0.0,0.0,,sayward-v,Sayward,sayward-v|Drainage System,Sayward|Drainage System,,
Sayward,V,STR,2024,Transportation System,506386.0,455600.0,50786.0,0.0,14086000.0,0.0,Yes,sayward-v,Sayward,sayward-v|Transportation System,Sayward|Transportation System,0.10029108229690395,1.0
Sayward,V,STR,2024,Other Engineering Systems,0.0,0.0,0.0,0.0,0.0,0.0,,sayward-v,Sayward,sayward-v|Other Engineering Systems,Sayward|Other Engineering Systems,,
Sayward,V,STR,2024,Other Tangible Capital Assets,0.0,0.0,0.0,0.0,0.0,0.0,N/A,sayward-v,Sayward,sayward-v|Other Tangible Capital Assets,Sayward|Other Tangible Capital Assets,,
Sayward,V,STR,2024,Work In Progress,0.0,,0.0,0.0,0.0,,N/A,sayward-v,Sayward,sayward-v|Work In Progress,Sayward|Work In Progress,,
Sayward,V,STR,2024,Total TCA,16497350.0,4826892.0,11670458.0,96926.0,48352436.0,652589.0,,sayward-v,Sayward,sayward-v|Total TCA,Sayward|Total TCA,0.7074140998402774,0.9865034928126475
Sechelt,D,SUN,2024,Land,71167476.0,,71167476.0,0.0,71167476.0,,N/A,sechelt-d,Sechelt,sechelt-d|Land,Sechelt|Land,1.0,
Sechelt,D,SUN,2024,Buildings,46951906.0,18945646.0,28006260.0,795513.0,54000000.0,1080000.0,In_Progress,sechelt-d,Sechelt,sechelt-d|Buildings,Sechelt|Buildings,0.5964882448009672,0.98
Sechelt,D,SUN,2024,Fleet,12974164.0,7427013.0,5547151.0,590576.0,3800000.0,379073.0,In_Progress,sechelt-d,Sechelt,sechelt-d|Fleet,Sechelt|Fleet,0.42755363659654677,0.9002439473684211
Sechelt,D,SUN,2024,Parks and Recreation,0.0,0.0,0.0,0.0,0.0,0.0,,sechelt-d,Sechelt,sechelt-d|Parks and Recreation,Sechelt|Parks and Recreation,,
Sechelt,D,SUN,2024,Water System,0.0,0.0,0.0,0.0,0.0,0.0,,sechelt-d,Sechelt,sechelt-d|Water System,Sechelt|Water System,,
Sechelt,D,SUN,2024,Sewer System,23441633.0,11946400.0,11495233.0,0.0,351000000.0,4866667.0,Yes,sechelt-d,Sechelt,sechelt-d|Sewer System,Sechelt|Sewer System,0.49037680096774827,0.9861348518518519
Sechelt,D,SUN,2024,Drainage System,10922268.0,5077022.0,5845246.0,0.0,230000000.0,2875000.0,In_Progress,sechelt-d,Sechelt,sechelt-d|Drainage System,Sechelt|Drainage System,0.53516778749615,0.9875
Sechelt,D,SUN,2024,Transportation System,61293750.0,36872150.0,24421600.0,231079.0,29760000.0,654000.0,In_Progress,sechelt-d,Sechelt,sechelt-d|Transportation System,Sechelt|Transportation System,0.398435403283369,0.9780241935483871
Sechelt,D,SUN,2024,Other Engineering Systems,8179486.0,2431497.0,5747989.0,119794.0,12500000.0,416667.0,In_Progress,sechelt-d,Sechelt,sechelt-d|Other Engineering Systems,Sechelt|Other Engineering Systems,0.702732298826601,0.96666664
Sechelt,D,SUN,2024,Other Tangible Capital Assets,52974.0,42381.0,10593.0,0.0,0.0,0.0,N/A,sechelt-d,Sechelt,sechelt-d|Other Tangible Capital Assets,Sechelt|Other Tangible Capital Assets,0.1999660210669385,
Sechelt,D,SUN,2024,Work In Progress,18311000.0,,18311000.0,5177487.0,18311000.0,,N/A,sechelt-d,Sechelt,sechelt-d|Work In Progress,Sechelt|Work In Progress,1.0,
Sechelt,D,SUN,2024,Total TCA,253294657.0,82742109.0,170552548.0,6914449.0,770538476.0,10271407.0,,sechelt-d,Sechelt,sechelt-d|Total TCA,Sechelt|Total TCA,0.6733365402176643,0.9866698324354669
shíshálh Nation Government District,D,SUN,2024,Land,0.0,,0.0,0.0,0.0,,N/A,shishalh-nation-government-district-d,shíshálh Nation Government District,shishalh-nation-government-district-d|Land,shíshálh Nation Government District|Land,,
shíshálh Nation Government District,D,SUN,2024,Buildings,136555.0,25536.0,111019.0,0.0,100000.0,2000.0,No,shishalh-nation-government-district-d,shíshálh Nation Government District,shishalh-nation-government-district-d|Buildings,shíshálh Nation Government District|Buildings,0.8129984255428215,0.98
shíshálh Nation Government District,D,SUN,2024,Fleet,124270.0,59461.0,64809.0,81011.0,60000.0,12000.0,No,shishalh-nation-government-district-d,shíshálh Nation Government District,shishalh-nation-government-district-d|Fleet,shíshálh Nation Government District|Fleet,0.5215176631528124,0.8
shíshálh Nation Government District,D,SUN,2024,Parks and Recreation,214588.0,4292.0,210296.0,0.0,200000.0,2000.0,No,shishalh-nation-government-district-d,shíshálh Nation Government District,shishalh-nation-government-district-d|Parks and Recreation,shíshálh Nation Government District|Parks and Recreation,0.9799988815777211,0.99
shíshálh Nation Government District,D,SUN,2024,Water System,878257.0,569524.0,308733.0,35300.0,250000.0,6000.0,No,shishalh-nation-government-district-d,shíshálh Nation Government District,shishalh-nation-government-district-d|Water System,shíshálh Nation Government District|Water System,0.3515292220841963,0.976
shíshálh Nation Government District,D,SUN,2024,Sewer System,6233934.0,626961.0,5606973.0,0.0,5000000.0,125000.0,No,shishalh-nation-government-district-d,shíshálh Nation Government District,shishalh-nation-government-district-d|Sewer System,shíshálh Nation Government District|Sewer System,0.8994277129016766,0.975
shíshálh Nation Government District,D,SUN,2024,Drainage System,878866.0,487897.0,390969.0,0.0,300000.0,7500.0,No,shishalh-nation-government-district-d,shíshálh Nation Government District,shishalh-nation-government-district-d|Drainage System,shíshálh Nation Government District|Drainage System,0.44485621243739093,0.975
shíshálh Nation Government District,D,SUN,2024,Transportation System,1623731.0,880362.0,743369.0,0.0,740000.0,0.0,No,shishalh-nation-government-district-d,shíshálh Nation Government District,shishalh-nation-government-district-d|Transportation System,shíshálh Nation Government District|Transportation System,0.45781536473713935,1.0
shíshálh Nation Government District,D,SUN,2024,Other Engineering Systems,1882664.0,1216452.0,666212.0,0.0,600000.0,20000.0,No,shishalh-nation-government-district-d,shíshálh Nation Government District,shishalh-nation-government-district-d|Other Engineering Systems,shíshálh Nation Government District|Other Engineering Systems,0.3538666485363294,0.9666666666666667
shíshálh Nation Government District,D,SUN,2024,Other Tangible Capital Assets,20432.0,18267.0,2165.0,0.0,0.0,0.0,N/A,shishalh-nation-government-district-d,shíshálh Nation Government District,shishalh-nation-government-district-d|Other Tangible Capital Assets,shíshálh Nation Government District|Other Tangible Capital Assets,0.10596123727486297,
shíshálh Nation Government District,D,SUN,2024,Work In Progress,3106944.0,,3106944.0,658883.0,3106944.0,,N/A,shishalh-nation-government-district-d,shíshálh Nation Government District,shishalh-nation-government-district-d|Work In Progress,shíshálh Nation Government District|Work In Progress,1.0,
shíshálh Nation Government District,D,SUN,2024,Total TCA,15100241.0,3888752.0,11211489.0,775194.0,10356944.0,174500.0,,shishalh-nation-government-district-d,shíshálh Nation Government District,shishalh-nation-government-district-d|Total TCA,shíshálh Nation Government District|Total TCA,0.7424708652000984,0.9831514006448234
Sicamous,D,COL,2024,Land,12817786.0,,12817786.0,0.0,12817786.0,,N/A,sicamous-d,Sicamous,sicamous-d|Land,Sicamous|Land,1.0,
Sicamous,D,COL,2024,Buildings,18661458.0,2371725.0,16289733.0,8930928.0,42068000.0,805400.0,In_Progress,sicamous-d,Sicamous,sicamous-d|Buildings,Sicamous|Buildings,0.8729078403198721,0.9808548065037558
Sicamous,D,COL,2024,Fleet,6604517.0,3196394.0,3408123.0,822286.0,6917000.0,382700.0,In_Progress,sicamous-d,Sicamous,sicamous-d|Fleet,Sicamous|Fleet,0.5160291055348938,0.9446725459014024
Sicamous,D,COL,2024,Parks and Recreation,5120504.0,2614466.0,2506038.0,561039.0,7504000.0,184900.0,In_Progress,sicamous-d,Sicamous,sicamous-d|Parks and Recreation,Sicamous|Parks and Recreation,0.4894123703447942,0.9753598081023455
Sicamous,D,COL,2024,Water System,23679310.0,4573206.0,19106104.0,391666.0,63087000.0,1019500.0,In_Progress,sicamous-d,Sicamous,sicamous-d|Water System,Sicamous|Water System,0.8068691190748379,0.9838397768161428
Sicamous,D,COL,2024,Sewer System,27319723.0,5534997.0,21784726.0,216448.0,27000000.0,450000.0,In_Progress,sicamous-d,Sicamous,sicamous-d|Sewer System,Sicamous|Sewer System,0.7973992269248118,0.9833333333333333
Sicamous,D,COL,2024,Drainage System,2366397.0,490482.0,1875915.0,63595.0,7000000.0,107700.0,In_Progress,sicamous-d,Sicamous,sicamous-d|Drainage System,Sicamous|Drainage System,0.7927304674574892,0.9846142857142857
Sicamous,D,COL,2024,Transportation System,22304691.0,10785865.0,11518826.0,1536678.0,34500000.0,55000.0,In_Progress,sicamous-d,Sicamous,sicamous-d|Transportation System,Sicamous|Transportation System,0.5164306468087811,0.9984057971014493
Sicamous,D,COL,2024,Other Engineering Systems,0.0,0.0,0.0,0.0,0.0,0.0,,sicamous-d,Sicamous,sicamous-d|Other Engineering Systems,Sicamous|Other Engineering Systems,,
Sicamous,D,COL,2024,Other Tangible Capital Assets,0.0,0.0,0.0,0.0,0.0,0.0,N/A,sicamous-d,Sicamous,sicamous-d|Other Tangible Capital Assets,Sicamous|Other Tangible Capital Assets,,
Sicamous,D,COL,2024,Work In Progress,0.0,,0.0,0.0,0.0,,N/A,sicamous-d,Sicamous,sicamous-d|Work In Progress,Sicamous|Work In Progress,,
Sicamous,D,COL,2024,Total TCA,118874386.0,29567135.0,89307251.0,12522640.0,200893786.0,3005200.0,,sicamous-d,Sicamous,sicamous-d|Total TCA,Sicamous|Total TCA,0.7512741306609146,0.9850408513880066
Sidney,T,CAP,2024,Land,15818726.0,,15818726.0,1526871.0,15818726.0,,N/A,sidney-t,Sidney,sidney-t|Land,Sidney|Land,1.0,
Sidney,T,CAP,2024,Buildings,31928833.0,10891793.0,21037040.0,913048.0,85087200.0,2836240.0,No,sidney-t,Sidney,sidney-t|Buildings,Sidney|Buildings,0.6588728125453254,0.9666666666666667
Sidney,T,CAP,2024,Fleet,14546863.0,6973190.0,7573673.0,1215582.0,10254871.0,946458.0,No,sidney-t,Sidney,sidney-t|Fleet,Sidney|Fleet,0.5206396045662903,0.9077064938213265
Sidney,T,CAP,2024,Parks and Recreation,17356054.0,7964522.0,9391532.0,391332.0,10495000.0,655937.0,No,sidney-t,Sidney,sidney-t|Parks and Recreation,Sidney|Parks and Recreation,0.5411098628755131,0.9375000476417341
Sidney,T,CAP,2024,Water System,21305365.0,7315704.0,13989661.0,2850623.0,69101617.0,2422493.0,In_Progress,sidney-t,Sidney,sidney-t|Water System,Sidney|Water System,0.6566262065916261,0.9649430345457762
Sidney,T,CAP,2024,Sewer System,10525274.0,4618756.0,5906518.0,151613.0,74267967.0,1550716.0,In_Progress,sidney-t,Sidney,sidney-t|Sewer System,Sidney|Sewer System,0.5611747494649545,0.9791199885678842
Sidney,T,CAP,2024,Drainage System,22232500.0,7962083.0,14270417.0,1604755.0,76009885.0,2014495.0,In_Progress,sidney-t,Sidney,sidney-t|Drainage System,Sidney|Drainage System,0.6418718992465985,0.97349693398431
Sidney,T,CAP,2024,Transportation System,42944048.0,13604577.0,29339471.0,7163556.0,97079269.0,10785589.0,In_Progress,sidney-t,Sidney,sidney-t|Transportation System,Sidney|Transportation System,0.6832022682165407,0.888899153124031
Sidney,T,CAP,2024,Other Engineering Systems,0.0,0.0,0.0,0.0,0.0,0.0,,sidney-t,Sidney,sidney-t|Other Engineering Systems,Sidney|Other Engineering Systems,,
Sidney,T,CAP,2024,Other Tangible Capital Assets,0.0,0.0,0.0,0.0,0.0,0.0,N/A,sidney-t,Sidney,sidney-t|Other Tangible Capital Assets,Sidney|Other Tangible Capital Assets,,
Sidney,T,CAP,2024,Work In Progress,1859803.0,,1859803.0,-4350608.0,1859803.0,,N/A,sidney-t,Sidney,sidney-t|Work In Progress,Sidney|Work In Progress,1.0,
Sidney,T,CAP,2024,Total TCA,178517466.0,59330625.0,119186841.0,11466772.0,439974338.0,21211928.0,,sidney-t,Sidney,sidney-t|Total TCA,Sidney|Total TCA,0.6676480664362556,0.9517882608871611
Silverton,V,CKO,2024,Land,93916.0,,93916.0,0.0,93916.0,,N/A,silverton-v,Silverton,silverton-v|Land,Silverton|Land,1.0,
Silverton,V,CKO,2024,Buildings,1892596.0,701738.0,1190858.0,23033.0,0.0,0.0,In_Progress,silverton-v,Silverton,silverton-v|Buildings,Silverton|Buildings,0.6292193368262429,
Silverton,V,CKO,2024,Fleet,370486.0,300960.0,69526.0,0.0,0.0,0.0,In_Progress,silverton-v,Silverton,silverton-v|Fleet,Silverton|Fleet,0.18766161204471965,
Silverton,V,CKO,2024,Parks and Recreation,0.0,0.0,0.0,0.0,0.0,0.0,,silverton-v,Silverton,silverton-v|Parks and Recreation,Silverton|Parks and Recreation,,
Silverton,V,CKO,2024,Water System,2402244.0,1021551.0,1380693.0,99411.0,0.0,0.0,In_Progress,silverton-v,Silverton,silverton-v|Water System,Silverton|Water System,0.5747513574807555,
Silverton,V,CKO,2024,Sewer System,0.0,0.0,0.0,0.0,0.0,0.0,,silverton-v,Silverton,silverton-v|Sewer System,Silverton|Sewer System,,
Silverton,V,CKO,2024,Drainage System,0.0,0.0,0.0,0.0,0.0,0.0,,silverton-v,Silverton,silverton-v|Drainage System,Silverton|Drainage System,,
Silverton,V,CKO,2024,Transportation System,425131.0,244366.0,180765.0,0.0,0.0,0.0,In_Progress,silverton-v,Silverton,silverton-v|Transportation System,Silverton|Transportation System,0.42519835062604233,
Silverton,V,CKO,2024,Other Engineering Systems,842438.0,382079.0,460359.0,13859.0,0.0,0.0,In_Progress,silverton-v,Silverton,silverton-v|Other Engineering Systems,Silverton|Other Engineering Systems,0.5464603923374777,
Silverton,V,CKO,2024,Other Tangible Capital Assets,0.0,0.0,0.0,0.0,0.0,0.0,N/A,silverton-v,Silverton,silverton-v|Other Tangible Capital Assets,Silverton|Other Tangible Capital Assets,,
Silverton,V,CKO,2024,Work In Progress,0.0,,0.0,0.0,0.0,,N/A,silverton-v,Silverton,silverton-v|Work In Progress,Silverton|Work In Progress,,
Silverton,V,CKO,2024,Total TCA,6026811.0,2650694.0,3376117.0,136303.0,93916.0,0.0,,silverton-v,Silverton,silverton-v|Total TCA,Silverton|Total TCA,0.5601829889804077,1.0
Slocan,V,CKO,2024,Land,2306312.0,,2306312.0,5224.0,2306312.0,,N/A,slocan-v,Slocan,slocan-v|Land,Slocan|Land,1.0,
Slocan,V,CKO,2024,Buildings,952136.0,420645.0,531491.0,0.0,2244000.0,32057.0,No,slocan-v,Slocan,slocan-v|Buildings,Slocan|Buildings,0.5582091213860205,0.9857143493761141
Slocan,V,CKO,2024,Fleet,623559.0,478067.0,145492.0,33779.0,1020000.0,68000.0,No,slocan-v,Slocan,slocan-v|Fleet,Slocan|Fleet,0.23332515447616023,0.9333333333333333
Slocan,V,CKO,2024,Parks and Recreation,0.0,0.0,0.0,0.0,0.0,0.0,,slocan-v,Slocan,slocan-v|Parks and Recreation,Slocan|Parks and Recreation,,
Slocan,V,CKO,2024,Water System,2012774.0,878831.0,1133943.0,37607.0,8000000.0,133333.0,No,slocan-v,Slocan,slocan-v|Water System,Slocan|Water System,0.5633732351471153,0.983333375
Slocan,V,CKO,2024,Sewer System,0.0,0.0,0.0,0.0,0.0,0.0,,slocan-v,Slocan,slocan-v|Sewer System,Slocan|Sewer System,,
Slocan,V,CKO,2024,Drainage System,0.0,0.0,0.0,0.0,0.0,0.0,,slocan-v,Slocan,slocan-v|Drainage System,Slocan|Drainage System,,
Slocan,V,CKO,2024,Transportation System,556633.0,218397.0,338236.0,578.0,4500000.0,0.0,No,slocan-v,Slocan,slocan-v|Transportation System,Slocan|Transportation System,0.6076463307062283,1.0
Slocan,V,CKO,2024,Other Engineering Systems,1657310.0,602160.0,1055150.0,78311.0,1579000.0,39475.0,No,slocan-v,Slocan,slocan-v|Other Engineering Systems,Slocan|Other Engineering Systems,0.6366642330040849,0.975
Slocan,V,CKO,2024,Other Tangible Capital Assets,0.0,0.0,0.0,0.0,0.0,0.0,N/A,slocan-v,Slocan,slocan-v|Other Tangible Capital Assets,Slocan|Other Tangible Capital Assets,,
Slocan,V,CKO,2024,Work In Progress,0.0,,0.0,0.0,0.0,,N/A,slocan-v,Slocan,slocan-v|Work In Progress,Slocan|Work In Progress,,
Slocan,V,CKO,2024,Total TCA,8108724.0,2598100.0,5510624.0,155499.0,19649312.0,272865.0,,slocan-v,Slocan,slocan-v|Total TCA,Slocan|Total TCA,0.6795920048579777,0.9861132542452377
Smithers,T,BUL,2024,Land,8479021.0,,8479021.0,511116.0,8479021.0,,N/A,smithers-t,Smithers,smithers-t|Land,Smithers|Land,1.0,
Smithers,T,BUL,2024,Buildings,37283149.0,17930710.0,19352439.0,549816.0,110000000.0,2200000.0,No,smithers-t,Smithers,smithers-t|Buildings,Smithers|Buildings,0.5190666432172883,0.98
Smithers,T,BUL,2024,Fleet,14409403.0,9623832.0,4785571.0,2383859.0,25000000.0,1250000.0,No,smithers-t,Smithers,smithers-t|Fleet,Smithers|Fleet,0.3321144533191278,0.95
Smithers,T,BUL,2024,Parks and Recreation,0.0,0.0,0.0,0.0,0.0,0.0,,smithers-t,Smithers,smithers-t|Parks and Recreation,Smithers|Parks and Recreation,,
Smithers,T,BUL,2024,Water System,13282405.0,8326833.0,4955572.0,704887.0,41000000.0,1490000.0,No,smithers-t,Smithers,smithers-t|Water System,Smithers|Water System,0.3730929752556107,0.9636585365853658
Smithers,T,BUL,2024,Sewer System,12178836.0,7928470.0,4250366.0,805597.0,33000000.0,330000.0,No,smithers-t,Smithers,smithers-t|Sewer System,Smithers|Sewer System,0.3489960781145259,0.99
Smithers,T,BUL,2024,Drainage System,11895797.0,7395356.0,4500441.0,225000.0,36000000.0,360000.0,No,smithers-t,Smithers,smithers-t|Drainage System,Smithers|Drainage System,0.3783219400936314,0.99
Smithers,T,BUL,2024,Transportation System,60726011.0,32514097.0,28211914.0,797620.0,180000000.0,2400000.0,No,smithers-t,Smithers,smithers-t|Transportation System,Smithers|Transportation System,0.464577098601125,0.9866666666666667
Smithers,T,BUL,2024,Other Engineering Systems,0.0,0.0,0.0,0.0,0.0,0.0,,smithers-t,Smithers,smithers-t|Other Engineering Systems,Smithers|Other Engineering Systems,,
Smithers,T,BUL,2024,Other Tangible Capital Assets,1087077.0,870527.0,216550.0,169891.0,2000000.0,200000.0,N/A,smithers-t,Smithers,smithers-t|Other Tangible Capital Assets,Smithers|Other Tangible Capital Assets,0.19920392023748087,0.9
Smithers,T,BUL,2024,Work In Progress,7201467.0,,7201467.0,5934907.0,7201467.0,,N/A,smithers-t,Smithers,smithers-t|Work In Progress,Smithers|Work In Progress,1.0,
Smithers,T,BUL,2024,Total TCA,166543166.0,84589825.0,81953341.0,12082693.0,442680488.0,8230000.0,,smithers-t,Smithers,smithers-t|Total TCA,Smithers|Total TCA,0.49208468271823297,0.9814087130038585
Sooke,D,CAP,2024,Land,49850250.0,,49850250.0,10382.0,49850250.0,,N/A,sooke-d,Sooke,sooke-d|Land,Sooke|Land,1.0,
Sooke,D,CAP,2024,Buildings,5458182.0,3500069.0,1958113.0,99347.0,14350000.0,730000.0,Yes,sooke-d,Sooke,sooke-d|Buildings,Sooke|Buildings,0.35874820590445683,0.9491289198606272
Sooke,D,CAP,2024,Fleet,9193801.0,4863337.0,4330464.0,1259247.0,5040000.0,240000.0,Yes,sooke-d,Sooke,sooke-d|Fleet,Sooke|Fleet,0.47101998400879025,0.9523809523809523
Sooke,D,CAP,2024,Parks and Recreation,11102468.0,5220876.0,5881592.0,418157.0,3590000.0,550000.0,Yes,sooke-d,Sooke,sooke-d|Parks and Recreation,Sooke|Parks and Recreation,0.5297553661041852,0.8467966573816156
Sooke,D,CAP,2024,Water System,0.0,0.0,0.0,0.0,0.0,0.0,,sooke-d,Sooke,sooke-d|Water System,Sooke|Water System,,
Sooke,D,CAP,2024,Sewer System,36415276.0,9298528.0,27116748.0,1187136.0,99350000.0,1200000.0,Yes,sooke-d,Sooke,sooke-d|Sewer System,Sooke|Sewer System,0.74465309558549,0.9879214896829391
Sooke,D,CAP,2024,Drainage System,17432553.0,3068650.0,14363903.0,532126.0,79040000.0,2820000.0,Yes,sooke-d,Sooke,sooke-d|Drainage System,Sooke|Drainage System,0.8239701322003725,0.9643218623481782
Sooke,D,CAP,2024,Transportation System,77978394.0,33318718.0,44659676.0,8682613.0,87030000.0,1720000.0,Yes,sooke-d,Sooke,sooke-d|Transportation System,Sooke|Transportation System,0.5727185917678684,0.9802366999885097
Sooke,D,CAP,2024,Other Engineering Systems,0.0,0.0,0.0,0.0,0.0,0.0,,sooke-d,Sooke,sooke-d|Other Engineering Systems,Sooke|Other Engineering Systems,,
Sooke,D,CAP,2024,Other Tangible Capital Assets,0.0,0.0,0.0,0.0,0.0,0.0,N/A,sooke-d,Sooke,sooke-d|Other Tangible Capital Assets,Sooke|Other Tangible Capital Assets,,
Sooke,D,CAP,2024,Work In Progress,4248706.0,,4248706.0,3063246.0,4248706.0,,N/A,sooke-d,Sooke,sooke-d|Work In Progress,Sooke|Work In Progress,1.0,
Sooke,D,CAP,2024,Total TCA,211679630.0,59270178.0,152409452.0,15252254.0,342498956.0,7260000.0,,sooke-d,Sooke,sooke-d|Total TCA,Sooke|Total TCA,0.7200005593358227,0.9788028550954182
Spallumcheen,D,NOK,2024,Land,4614032.0,,4614032.0,0.0,4614032.0,,N/A,spallumcheen-d,Spallumcheen,spallumcheen-d|Land,Spallumcheen|Land,1.0,
Spallumcheen,D,NOK,2024,Buildings,9277181.0,3688615.0,5588566.0,0.0,1500000.0,187500.0,In_Progress,spallumcheen-d,Spallumcheen,spallumcheen-d|Buildings,Spallumcheen|Buildings,0.6023991555193329,0.875
Spallumcheen,D,NOK,2024,Fleet,7700725.0,4375901.0,3324824.0,735688.0,8123000.0,710000.0,In_Progress,spallumcheen-d,Spallumcheen,spallumcheen-d|Fleet,Spallumcheen|Fleet,0.431754672449672,0.9125938692601255
Spallumcheen,D,NOK,2024,Parks and Recreation,0.0,0.0,0.0,0.0,0.0,0.0,,spallumcheen-d,Spallumcheen,spallumcheen-d|Parks and Recreation,Spallumcheen|Parks and Recreation,,
Spallumcheen,D,NOK,2024,Water System,11755657.0,921734.0,10833923.0,0.0,36300000.0,470000.0,In_Progress,spallumcheen-d,Spallumcheen,spallumcheen-d|Water System,Spallumcheen|Water System,0.9215923023272965,0.9870523415977961
Spallumcheen,D,NOK,2024,Sewer System,0.0,0.0,0.0,0.0,0.0,0.0,,spallumcheen-d,Spallumcheen,spallumcheen-d|Sewer System,Spallumcheen|Sewer System,,
Spallumcheen,D,NOK,2024,Drainage System,0.0,0.0,0.0,0.0,0.0,0.0,,spallumcheen-d,Spallumcheen,spallumcheen-d|Drainage System,Spallumcheen|Drainage System,,
Spallumcheen,D,NOK,2024,Transportation System,78941256.0,62843153.0,16098103.0,0.0,101100000.0,1163333.0,In_Progress,spallumcheen-d,Spallumcheen,spallumcheen-d|Transportation System,Spallumcheen|Transportation System,0.20392509336309522,0.9884932443125618
Spallumcheen,D,NOK,2024,Other Engineering Systems,0.0,0.0,0.0,0.0,0.0,0.0,,spallumcheen-d,Spallumcheen,spallumcheen-d|Other Engineering Systems,Spallumcheen|Other Engineering Systems,,
Spallumcheen,D,NOK,2024,Other Tangible Capital Assets,5781752.0,1479535.0,4302217.0,0.0,0.0,0.0,N/A,spallumcheen-d,Spallumcheen,spallumcheen-d|Other Tangible Capital Assets,Spallumcheen|Other Tangible Capital Assets,0.7441026526215583,
Spallumcheen,D,NOK,2024,Work In Progress,6578671.0,,6578671.0,6340346.0,6578671.0,,N/A,spallumcheen-d,Spallumcheen,spallumcheen-d|Work In Progress,Spallumcheen|Work In Progress,1.0,
Spallumcheen,D,NOK,2024,Total TCA,124649274.0,73308938.0,51340336.0,7076034.0,158215703.0,2530833.0,,spallumcheen-d,Spallumcheen,spallumcheen-d|Total TCA,Spallumcheen|Total TCA,0.41187833954010833,0.984003907627298
Sparwood,D,EKO,2024,Land,3774928.0,,3774928.0,0.0,3774928.0,,N/A,sparwood-d,Sparwood,sparwood-d|Land,Sparwood|Land,1.0,
Sparwood,D,EKO,2024,Buildings,23452485.0,10333197.0,13119288.0,562570.0,32833479.0,887391.0,In_Progress,sparwood-d,Sparwood,sparwood-d|Buildings,Sparwood|Buildings,0.5593986308913533,0.9729729828508273
Sparwood,D,EKO,2024,Fleet,11791864.0,5051328.0,6740536.0,1419861.0,16508610.0,917145.0,In_Progress,sparwood-d,Sparwood,sparwood-d|Fleet,Sparwood|Fleet,0.5716259956865174,0.9444444444444444
Sparwood,D,EKO,2024,Parks and Recreation,7574643.0,2185161.0,5389482.0,74692.0,10604500.0,623794.0,In_Progress,sparwood-d,Sparwood,sparwood-d|Parks and Recreation,Sparwood|Parks and Recreation,0.7115163051248752,0.9411764816823047
Sparwood,D,EKO,2024,Water System,21962334.0,5817858.0,16144476.0,53041.0,30747268.0,637503.0,In_Progress,sparwood-d,Sparwood,sparwood-d|Water System,Sparwood|Water System,0.7350983734242453,0.9792663530301293
Sparwood,D,EKO,2024,Sewer System,12176580.0,5856356.0,6320224.0,122850.0,17047212.0,347570.0,In_Progress,sparwood-d,Sparwood,sparwood-d|Sewer System,Sparwood|Sewer System,0.5190475486548768,0.97961132882022
Sparwood,D,EKO,2024,Drainage System,6813495.0,3071580.0,3741915.0,63181.0,9538893.0,123882.0,In_Progress,sparwood-d,Sparwood,sparwood-d|Drainage System,Sparwood|Drainage System,0.5491917143844679,0.987012958421905
Sparwood,D,EKO,2024,Transportation System,48940439.0,16614740.0,32325699.0,1529526.0,70577682.0,1237871.0,In_Progress,sparwood-d,Sparwood,sparwood-d|Transportation System,Sparwood|Transportation System,0.6605110142146456,0.982460871979332
Sparwood,D,EKO,2024,Other Engineering Systems,1197727.0,719315.0,478412.0,0.0,1676818.0,55894.0,In_Progress,sparwood-d,Sparwood,sparwood-d|Other Engineering Systems,Sparwood|Other Engineering Systems,0.3994332598330003,0.9666666269088238
Sparwood,D,EKO,2024,Other Tangible Capital Assets,2221601.0,688706.0,1532895.0,124617.0,3110241.0,107250.0,N/A,sparwood-d,Sparwood,sparwood-d|Other Tangible Capital Assets,Sparwood|Other Tangible Capital Assets,0.6899956382806813,0.965517141597709
Sparwood,D,EKO,2024,Work In Progress,2021175.0,,2021175.0,1053999.0,2021175.0,,N/A,sparwood-d,Sparwood,sparwood-d|Work In Progress,Sparwood|Work In Progress,1.0,
Sparwood,D,EKO,2024,Total TCA,141927271.0,50338241.0,91589030.0,5004337.0,198440806.0,4938300.0,,sparwood-d,Sparwood,sparwood-d|Total TCA,Sparwood|Total TCA,0.6453236883558481,0.9751144933366175
Squamish,D,SQL,2024,Land,71656990.0,,71656990.0,0.0,71656990.0,,N/A,squamish-d,Squamish,squamish-d|Land,Squamish|Land,1.0,
Squamish,D,SQL,2024,Buildings,74230088.0,23469439.0,50760649.0,17051796.0,79210000.0,1878750.0,Yes,squamish-d,Squamish,squamish-d|Buildings,Squamish|Buildings,0.683828490140009,0.9762814038631485
Squamish,D,SQL,2024,Fleet,10928886.0,5701673.0,5227213.0,1595086.0,13400000.0,1014721.0,Yes,squamish-d,Squamish,squamish-d|Fleet,Squamish|Fleet,0.47829330455089386,0.924274552238806
Squamish,D,SQL,2024,Parks and Recreation,58795676.0,14785580.0,44010096.0,10324978.0,4560000.0,175990.0,Yes,squamish-d,Squamish,squamish-d|Parks and Recreation,Squamish|Parks and Recreation,0.748526065080024,0.961405701754386
Squamish,D,SQL,2024,Water System,79660174.0,26333278.0,53326896.0,4407480.0,173460000.0,2905063.0,Yes,squamish-d,Squamish,squamish-d|Water System,Squamish|Water System,0.6694298207282349,0.9832522598870056
Squamish,D,SQL,2024,Sewer System,84478795.0,29851407.0,54627388.0,10256143.0,222436227.0,4139588.0,Yes,squamish-d,Squamish,squamish-d|Sewer System,Squamish|Sewer System,0.6466402367600058,0.9813897760457877
Squamish,D,SQL,2024,Drainage System,19089389.0,6753887.0,12335502.0,484023.0,188280000.0,2559500.0,Yes,squamish-d,Squamish,squamish-d|Drainage System,Squamish|Drainage System,0.6461967955077033,0.9864058848523476
Squamish,D,SQL,2024,Transportation System,124548551.0,48458028.0,76090523.0,19073609.0,187365852.0,3299596.0,Yes,squamish-d,Squamish,squamish-d|Transportation System,Squamish|Transportation System,0.6109306161257548,0.9823895551682491
Squamish,D,SQL,2024,Other Engineering Systems,13901597.0,7948452.0,5953145.0,377975.0,10700000.0,190585.0,Yes,squamish-d,Squamish,squamish-d|Other Engineering Systems,Squamish|Other Engineering Systems,0.42823461218160763,0.9821883177570093
Squamish,D,SQL,2024,Other Tangible Capital Assets,17068907.0,11699381.0,5369526.0,471230.0,0.0,0.0,N/A,squamish-d,Squamish,squamish-d|Other Tangible Capital Assets,Squamish|Other Tangible Capital Assets,0.31457936937614106,
Squamish,D,SQL,2024,Work In Progress,46016635.0,,46016635.0,4774946.0,46016635.0,,N/A,squamish-d,Squamish,squamish-d|Work In Progress,Squamish|Work In Progress,1.0,
Squamish,D,SQL,2024,Total TCA,600375688.0,175001125.0,425374563.0,68817266.0,997085704.0,16163793.0,,squamish-d,Squamish,squamish-d|Total TCA,Squamish|Total TCA,0.7085139713385596,0.9837889632404156
Stewart,D,KIT,2024,Land,1133958.0,,1133958.0,0.0,1133958.0,,N/A,stewart-d,Stewart,stewart-d|Land,Stewart|Land,1.0,
Stewart,D,KIT,2024,Buildings,6004817.0,3169140.0,2835677.0,138275.0,8000000.0,153000.0,In_Progress,stewart-d,Stewart,stewart-d|Buildings,Stewart|Buildings,0.4722337083711294,0.980875
Stewart,D,KIT,2024,Fleet,3425311.0,2202706.0,1222605.0,0.0,5700000.0,233505.0,In_Progress,stewart-d,Stewart,stewart-d|Fleet,Stewart|Fleet,0.3569325529856997,0.9590342105263158
Stewart,D,KIT,2024,Parks and Recreation,2570989.0,1354460.0,1216529.0,0.0,2200000.0,55500.0,In_Progress,stewart-d,Stewart,stewart-d|Parks and Recreation,Stewart|Parks and Recreation,0.47317549783371304,0.9747727272727272
Stewart,D,KIT,2024,Water System,4949932.0,813845.0,4136087.0,37010.0,7800000.0,94000.0,Yes,stewart-d,Stewart,stewart-d|Water System,Stewart|Water System,0.8355846100512088,0.987948717948718
Stewart,D,KIT,2024,Sewer System,497365.0,303059.0,194306.0,71356.0,5200000.0,16000.0,Yes,stewart-d,Stewart,stewart-d|Sewer System,Stewart|Sewer System,0.3906708353020418,0.9969230769230769
Stewart,D,KIT,2024,Drainage System,634799.0,251117.0,383682.0,0.0,1500000.0,1100.0,In_Progress,stewart-d,Stewart,stewart-d|Drainage System,Stewart|Drainage System,0.6044149407922823,0.9992666666666666
Stewart,D,KIT,2024,Transportation System,5971958.0,2492280.0,3479678.0,286321.0,7400000.0,120000.0,In_Progress,stewart-d,Stewart,stewart-d|Transportation System,Stewart|Transportation System,0.582669536523867,0.9837837837837837
Stewart,D,KIT,2024,Other Engineering Systems,0.0,0.0,0.0,0.0,0.0,0.0,,stewart-d,Stewart,stewart-d|Other Engineering Systems,Stewart|Other Engineering Systems,,
Stewart,D,KIT,2024,Other Tangible Capital Assets,1349288.0,938980.0,410308.0,179519.0,1200000.0,70000.0,N/A,stewart-d,Stewart,stewart-d|Other Tangible Capital Assets,Stewart|Other Tangible Capital Assets,0.3040922323477271,0.9416666666666667
Stewart,D,KIT,2024,Work In Progress,0.0,,0.0,0.0,0.0,,N/A,stewart-d,Stewart,stewart-d|Work In Progress,Stewart|Work In Progress,,
Stewart,D,KIT,2024,Total TCA,26538417.0,11525587.0,15012830.0,712481.0,40133958.0,743105.0,,stewart-d,Stewart,stewart-d|Total TCA,Stewart|Total TCA,0.5657017899748881,0.9814843828759675
Summerland,D,OKS,2024,Land,15711429.0,,15711429.0,0.0,15711429.0,,N/A,summerland-d,Summerland,summerland-d|Land,Summerland|Land,1.0,
Summerland,D,OKS,2024,Buildings,15457951.0,8569161.0,6888790.0,398812.0,41121530.0,913812.0,Yes,summerland-d,Summerland,summerland-d|Buildings,Summerland|Buildings,0.44564703303820796,0.977777772373742
Summerland,D,OKS,2024,Fleet,13264781.0,5158897.0,8105884.0,1782662.0,16035458.0,697194.0,Yes,summerland-d,Summerland,summerland-d|Fleet,Summerland|Fleet,0.6110831381234262,0.9565217282849046
Summerland,D,OKS,2024,Parks and Recreation,14899003.0,1096231.0,13802772.0,928270.0,37633971.0,1176062.0,Yes,summerland-d,Summerland,summerland-d|Parks and Recreation,Summerland|Parks and Recreation,0.926422526393209,0.9687499892052316
Summerland,D,OKS,2024,Water System,64884995.0,21986821.0,42898174.0,4532246.0,199360473.0,3384935.0,Yes,summerland-d,Summerland,summerland-d|Water System,Summerland|Water System,0.6611416707360461,0.9830210324591274
Summerland,D,OKS,2024,Sewer System,40522167.0,19193083.0,21329084.0,314101.0,48186959.0,757058.0,Yes,summerland-d,Summerland,summerland-d|Sewer System,Summerland|Sewer System,0.5263559572221298,0.9842891517599192
Summerland,D,OKS,2024,Drainage System,0.0,0.0,0.0,0.0,0.0,0.0,,summerland-d,Summerland,summerland-d|Drainage System,Summerland|Drainage System,,
Summerland,D,OKS,2024,Transportation System,43154984.0,26764886.0,16390098.0,5398727.0,89953002.0,974556.0,Yes,summerland-d,Summerland,summerland-d|Transportation System,Summerland|Transportation System,0.3797961783510336,0.9891659424551501
Summerland,D,OKS,2024,Other Engineering Systems,23617446.0,4331598.0,19285848.0,7611235.0,93765999.0,1704836.0,Yes,summerland-d,Summerland,summerland-d|Other Engineering Systems,Summerland|Other Engineering Systems,0.8165932929411588,0.9818181855024015
Summerland,D,OKS,2024,Other Tangible Capital Assets,11754495.0,4954628.0,6799867.0,2203779.0,16318570.0,388537.0,N/A,summerland-d,Summerland,summerland-d|Other Tangible Capital Assets,Summerland|Other Tangible Capital Assets,0.5784907816116303,0.9761904995351921
Summerland,D,OKS,2024,Work In Progress,8926340.0,,8926340.0,-8881881.0,8926340.0,,N/A,summerland-d,Summerland,summerland-d|Work In Progress,Summerland|Work In Progress,1.0,
Summerland,D,OKS,2024,Total TCA,252193591.0,92055305.0,160138286.0,14287951.0,567013731.0,9996990.0,,summerland-d,Summerland,summerland-d|Total TCA,Summerland|Total TCA,0.6349815844447847,0.9823690513060962
Sun Peaks,V,TNR,2024,Land,6486897.0,,6486897.0,100273.0,6486897.0,,N/A,sun-peaks-v,Sun Peaks,sun-peaks-v|Land,Sun Peaks|Land,1.0,
Sun Peaks,V,TNR,2024,Buildings,19968611.0,3781390.0,16187221.0,37871.0,22023145.0,22023145.0,Yes,sun-peaks-v,Sun Peaks,sun-peaks-v|Buildings,Sun Peaks|Buildings,0.8106332984302214,0.0
Sun Peaks,V,TNR,2024,Fleet,1523359.0,740702.0,782657.0,354213.0,6852391.0,6852391.0,Yes,sun-peaks-v,Sun Peaks,sun-peaks-v|Fleet,Sun Peaks|Fleet,0.5137705557258663,0.0
Sun Peaks,V,TNR,2024,Parks and Recreation,2309299.0,674727.0,1634572.0,111094.0,2505849.0,2505849.0,No,sun-peaks-v,Sun Peaks,sun-peaks-v|Parks and Recreation,Sun Peaks|Parks and Recreation,0.7078217242548497,0.0
Sun Peaks,V,TNR,2024,Water System,21860114.0,4186042.0,17674072.0,678596.0,17048586.0,29090902.0,Yes,sun-peaks-v,Sun Peaks,sun-peaks-v|Water System,Sun Peaks|Water System,0.8085077689896768,-0.7063527731859991
Sun Peaks,V,TNR,2024,Sewer System,14954937.0,3342826.0,11612111.0,219186.0,22578577.0,22578577.0,Yes,sun-peaks-v,Sun Peaks,sun-peaks-v|Sewer System,Sun Peaks|Sewer System,0.7764734147659733,0.0
Sun Peaks,V,TNR,2024,Drainage System,5028076.0,961056.0,4067020.0,0.0,7948011.0,7948011.0,Yes,sun-peaks-v,Sun Peaks,sun-peaks-v|Drainage System,Sun Peaks|Drainage System,0.8088620776615151,0.0
Sun Peaks,V,TNR,2024,Transportation System,4810339.0,2118016.0,2692323.0,205164.0,6296724.0,6296724.0,Yes,sun-peaks-v,Sun Peaks,sun-peaks-v|Transportation System,Sun Peaks|Transportation System,0.559695065150294,0.0
Sun Peaks,V,TNR,2024,Other Engineering Systems,0.0,0.0,0.0,0.0,0.0,0.0,,sun-peaks-v,Sun Peaks,sun-peaks-v|Other Engineering Systems,Sun Peaks|Other Engineering Systems,,
Sun Peaks,V,TNR,2024,Other Tangible Capital Assets,1693061.0,891256.0,801805.0,488713.0,1902274.0,1902274.0,N/A,sun-peaks-v,Sun Peaks,sun-peaks-v|Other Tangible Capital Assets,Sun Peaks|Other Tangible Capital Assets,0.4735830545975603,0.0
Sun Peaks,V,TNR,2024,Work In Progress,1456171.0,,1456171.0,1181292.0,1456171.0,,N/A,sun-peaks-v,Sun Peaks,sun-peaks-v|Work In Progress,Sun Peaks|Work In Progress,1.0,
Sun Peaks,V,TNR,2024,Total TCA,80090864.0,16696015.0,63394849.0,3376402.0,95098625.0,99197873.0,,sun-peaks-v,Sun Peaks,sun-peaks-v|Total TCA,Sun Peaks|Total TCA,0.7915365852464771,-0.043105228913667304
Surrey,C,MVRD,2024,Land,2176780000.0,,2176780000.0,54714000.0,2176780000.0,,N/A,surrey-c,Surrey,surrey-c|Land,Surrey|Land,1.0,
Surrey,C,MVRD,2024,Buildings,816248000.0,384790000.0,431458000.0,2900000.0,1184754133.0,36907126.0,No,surrey-c,Surrey,surrey-c|Buildings,Surrey|Buildings,0.5285869000597857,0.9688482825491017
Surrey,C,MVRD,2024,Fleet,342277000.0,210388000.0,131889000.0,31294000.0,445040862.0,31230938.0,No,surrey-c,Surrey,surrey-c|Fleet,Surrey|Fleet,0.38532825752241606,0.9298245606939347
Surrey,C,MVRD,2024,Parks and Recreation,0.0,0.0,0.0,0.0,0.0,0.0,,surrey-c,Surrey,surrey-c|Parks and Recreation,Surrey|Parks and Recreation,,
Surrey,C,MVRD,2024,Water System,933161000.0,263647000.0,669514000.0,36716000.0,1653825100.0,22720394.0,No,surrey-c,Surrey,surrey-c|Water System,Surrey|Water System,0.717468904079789,0.9862619124597879
Surrey,C,MVRD,2024,Sewer System,967510000.0,343822000.0,623688000.0,32277000.0,1701634586.0,28250518.0,No,surrey-c,Surrey,surrey-c|Sewer System,Surrey|Sewer System,0.6446320968258726,0.9833980113989056
Surrey,C,MVRD,2024,Drainage System,1677042000.0,567572000.0,1109470000.0,26821000.0,2997893306.0,44950809.0,No,surrey-c,Surrey,surrey-c|Drainage System,Surrey|Drainage System,0.6615636340652172,0.985005867650448
Surrey,C,MVRD,2024,Transportation System,5841779000.0,952973000.0,4888806000.0,221568000.0,11768056231.0,0.0,No,surrey-c,Surrey,surrey-c|Transportation System,Surrey|Transportation System,0.8368693851650327,1.0
Surrey,C,MVRD,2024,Other Engineering Systems,87369000.0,32741000.0,54628000.0,6294000.0,123594145.0,3601727.0,No,surrey-c,Surrey,surrey-c|Other Engineering Systems,Surrey|Other Engineering Systems,0.6252560977005575,0.9708584334638182
Surrey,C,MVRD,2024,Other Tangible Capital Assets,206476000.0,116125000.0,90351000.0,2418000.0,338070272.0,10094203.0,N/A,surrey-c,Surrey,surrey-c|Other Tangible Capital Assets,Surrey|Other Tangible Capital Assets,0.4375859664077181,0.9701417017820484
Surrey,C,MVRD,2024,Work In Progress,413965000.0,,413965000.0,81031000.0,413965000.0,,N/A,surrey-c,Surrey,surrey-c|Work In Progress,Surrey|Work In Progress,1.0,
Surrey,C,MVRD,2024,Total TCA,13462607000.0,2872058000.0,10590549000.0,496033000.0,22803613635.0,177755715.0,,surrey-c,Surrey,surrey-c|Total TCA,Surrey|Total TCA,0.7866640539978623,0.9922049321723653
Tahsis,V,STR,2024,Land,1377931.0,,1377931.0,0.0,1377931.0,,N/A,tahsis-v,Tahsis,tahsis-v|Land,Tahsis|Land,1.0,
Tahsis,V,STR,2024,Buildings,4818601.0,3800142.0,1018459.0,189907.0,60891404.0,1217828.0,Yes,tahsis-v,Tahsis,tahsis-v|Buildings,Tahsis|Buildings,0.21135989470802832,0.9800000013138144
Tahsis,V,STR,2024,Fleet,2421198.0,1956408.0,464790.0,136164.0,2500000.0,166666.0,Yes,tahsis-v,Tahsis,tahsis-v|Fleet,Tahsis|Fleet,0.1919669518973665,0.9333336
Tahsis,V,STR,2024,Parks and Recreation,106740.0,13110.0,93630.0,33418.0,3323000.0,65000.0,Yes,tahsis-v,Tahsis,tahsis-v|Parks and Recreation,Tahsis|Parks and Recreation,0.8771781899943789,0.980439362022269
Tahsis,V,STR,2024,Water System,3650066.0,1491366.0,2158700.0,296317.0,7782000.0,216400.0,Yes,tahsis-v,Tahsis,tahsis-v|Water System,Tahsis|Water System,0.5914139634735371,0.9721922384991005
Tahsis,V,STR,2024,Sewer System,4163117.0,3127536.0,1035581.0,0.0,12407000.0,252500.0,Yes,tahsis-v,Tahsis,tahsis-v|Sewer System,Tahsis|Sewer System,0.2487513562554211,0.979648585475941
Tahsis,V,STR,2024,Drainage System,2552349.0,375352.0,2176997.0,46527.0,3125000.0,57000.0,Yes,tahsis-v,Tahsis,tahsis-v|Drainage System,Tahsis|Drainage System,0.8529386067500957,0.98176
Tahsis,V,STR,2024,Transportation System,7514841.0,4509419.0,3005422.0,171775.0,17598000.0,475555.0,No,tahsis-v,Tahsis,tahsis-v|Transportation System,Tahsis|Transportation System,0.39993154878459836,0.9729767587225822
Tahsis,V,STR,2024,Other Engineering Systems,0.0,0.0,0.0,0.0,0.0,0.0,,tahsis-v,Tahsis,tahsis-v|Other Engineering Systems,Tahsis|Other Engineering Systems,,
Tahsis,V,STR,2024,Other Tangible Capital Assets,192623.0,192623.0,0.0,0.0,400000.0,26667.0,N/A,tahsis-v,Tahsis,tahsis-v|Other Tangible Capital Assets,Tahsis|Other Tangible Capital Assets,0.0,0.9333325
Tahsis,V,STR,2024,Work In Progress,3399050.0,,3399050.0,2389099.0,3399050.0,,N/A,tahsis-v,Tahsis,tahsis-v|Work In Progress,Tahsis|Work In Progress,1.0,
Tahsis,V,STR,2024,Total TCA,30196516.0,15465956.0,14730560.0,3263207.0,112803385.0,2477616.0,,tahsis-v,Tahsis,tahsis-v|Total TCA,Tahsis|Total TCA,0.48782316476510074,0.9780359782643048
Taylor,D,PEA,2024,Land,2304355.0,,2304355.0,0.0,2304355.0,,N/A,taylor-d,Taylor,taylor-d|Land,Taylor|Land,1.0,
Taylor,D,PEA,2024,Buildings,24043376.0,11475825.0,12567551.0,391067.0,26564000.0,444000.0,In_Progress,taylor-d,Taylor,taylor-d|Buildings,Taylor|Buildings,0.5227032593093416,0.9832856497515434
Taylor,D,PEA,2024,Fleet,9761909.0,5474805.0,4287104.0,490761.0,5952000.0,304000.0,In_Progress,taylor-d,Taylor,taylor-d|Fleet,Taylor|Fleet,0.43916656055695663,0.9489247311827957
Taylor,D,PEA,2024,Parks and Recreation,0.0,0.0,0.0,0.0,0.0,0.0,,taylor-d,Taylor,taylor-d|Parks and Recreation,Taylor|Parks and Recreation,,
Taylor,D,PEA,2024,Water System,8977233.0,3809514.0,5167719.0,23937.0,52433000.0,1167000.0,In_Progress,taylor-d,Taylor,taylor-d|Water System,Taylor|Water System,0.5756471955222728,0.9777430244311789
Taylor,D,PEA,2024,Sewer System,6917334.0,1727409.0,5189925.0,0.0,13806000.0,585000.0,In_Progress,taylor-d,Taylor,taylor-d|Sewer System,Taylor|Sewer System,0.7502782141212206,0.9576271186440678
Taylor,D,PEA,2024,Drainage System,0.0,0.0,0.0,0.0,0.0,0.0,,taylor-d,Taylor,taylor-d|Drainage System,Taylor|Drainage System,,
Taylor,D,PEA,2024,Transportation System,19168163.0,9832888.0,9335275.0,0.0,96276000.0,1411000.0,In_Progress,taylor-d,Taylor,taylor-d|Transportation System,Taylor|Transportation System,0.48701980466255423,0.9853442187045577
Taylor,D,PEA,2024,Other Engineering Systems,0.0,0.0,0.0,0.0,0.0,0.0,,taylor-d,Taylor,taylor-d|Other Engineering Systems,Taylor|Other Engineering Systems,,
Taylor,D,PEA,2024,Other Tangible Capital Assets,0.0,0.0,0.0,0.0,0.0,0.0,N/A,taylor-d,Taylor,taylor-d|Other Tangible Capital Assets,Taylor|Other Tangible Capital Assets,,
Taylor,D,PEA,2024,Work In Progress,951984.0,,951984.0,874855.0,951984.0,,N/A,taylor-d,Taylor,taylor-d|Work In Progress,Taylor|Work In Progress,1.0,
Taylor,D,PEA,2024,Total TCA,72124354.0,32320441.0,39803913.0,1780620.0,198287339.0,3911000.0,,taylor-d,Taylor,taylor-d|Total TCA,Taylor|Total TCA,0.5518789533976277,0.9802760982132097
Telkwa,V,BUL,2024,Land,259687.0,,259687.0,0.0,259687.0,,N/A,telkwa-v,Telkwa,telkwa-v|Land,Telkwa|Land,1.0,
Telkwa,V,BUL,2024,Buildings,2164168.0,745942.0,1418226.0,14200.0,11735684.0,249293.0,Yes,telkwa-v,Telkwa,telkwa-v|Buildings,Telkwa|Buildings,0.6553215831672957,0.9787576932030548
Telkwa,V,BUL,2024,Fleet,1843687.0,1350582.0,493105.0,18000.0,4382265.0,336663.0,Yes,telkwa-v,Telkwa,telkwa-v|Fleet,Telkwa|Fleet,0.2674559184937573,0.9231760288344041
Telkwa,V,BUL,2024,Parks and Recreation,2381689.0,784872.0,1596817.0,0.0,1716459.0,54977.0,Yes,telkwa-v,Telkwa,telkwa-v|Parks and Recreation,Telkwa|Parks and Recreation,0.6704557144110755,0.9679706884929964
Telkwa,V,BUL,2024,Water System,15575153.0,4768586.0,10806567.0,80755.0,36003195.0,587756.0,Yes,telkwa-v,Telkwa,telkwa-v|Water System,Telkwa|Water System,0.6938337620182607,0.9836748932976642
Telkwa,V,BUL,2024,Sewer System,8890331.0,3878725.0,5011606.0,277264.0,30209611.0,391523.0,Yes,telkwa-v,Telkwa,telkwa-v|Sewer System,Telkwa|Sewer System,0.5637142194143278,0.9870397867751425
Telkwa,V,BUL,2024,Drainage System,223283.0,76709.0,146574.0,0.0,5321767.0,81716.0,No,telkwa-v,Telkwa,telkwa-v|Drainage System,Telkwa|Drainage System,0.6564494386048199,0.9846449496943402
Telkwa,V,BUL,2024,Transportation System,1877119.0,1787598.0,89521.0,12468.0,663750.0,37654.0,No,telkwa-v,Telkwa,telkwa-v|Transportation System,Telkwa|Transportation System,0.047690636555274335,0.9432708097928437
Telkwa,V,BUL,2024,Other Engineering Systems,1433130.0,495920.0,937210.0,0.0,850000.0,28663.0,No,telkwa-v,Telkwa,telkwa-v|Other Engineering Systems,Telkwa|Other Engineering Systems,0.6539602129604433,0.9662788235294117
Telkwa,V,BUL,2024,Other Tangible Capital Assets,159117.0,149861.0,9256.0,0.0,200000.0,20000.0,N/A,telkwa-v,Telkwa,telkwa-v|Other Tangible Capital Assets,Telkwa|Other Tangible Capital Assets,0.058171031379425205,0.9
Telkwa,V,BUL,2024,Work In Progress,522532.0,,522532.0,50536.0,522532.0,,N/A,telkwa-v,Telkwa,telkwa-v|Work In Progress,Telkwa|Work In Progress,1.0,
Telkwa,V,BUL,2024,Total TCA,35329896.0,14038795.0,21291101.0,453223.0,91864950.0,1788245.0,,telkwa-v,Telkwa,telkwa-v|Total TCA,Telkwa|Total TCA,0.602636956531092,0.980533979499254
Terrace,C,KIT,2024,Land,10524327.0,,10524327.0,0.0,10524327.0,,N/A,terrace-c,Terrace,terrace-c|Land,Terrace|Land,1.0,
Terrace,C,KIT,2024,Buildings,37680234.0,20308606.0,17371628.0,468450.0,69475527.0,2171110.0,No,terrace-c,Terrace,terrace-c|Buildings,Terrace|Buildings,0.46102760402177967,0.9687500031485907
Terrace,C,KIT,2024,Fleet,9471067.0,3494415.0,5976652.0,613549.0,11361473.0,757432.0,No,terrace-c,Terrace,terrace-c|Fleet,Terrace|Fleet,0.6310431549053555,0.9333332922588471
Terrace,C,KIT,2024,Parks and Recreation,9817158.0,4071568.0,5745590.0,1966757.0,12543845.0,627192.0,No,terrace-c,Terrace,terrace-c|Parks and Recreation,Terrace|Parks and Recreation,0.5852600110948607,0.9500000199300932
Terrace,C,KIT,2024,Water System,18840573.0,9704046.0,9136527.0,209724.0,59503287.0,883244.0,No,terrace-c,Terrace,terrace-c|Water System,Terrace|Water System,0.48493891348208995,0.9851563830414949
Terrace,C,KIT,2024,Sewer System,18314643.0,10641013.0,7673630.0,242573.0,56517223.0,875410.0,In_Progress,terrace-c,Terrace,terrace-c|Sewer System,Terrace|Sewer System,0.41898878400195955,0.9845107393192337
Terrace,C,KIT,2024,Drainage System,15004009.0,7682119.0,7321890.0,0.0,32952284.0,470747.0,No,terrace-c,Terrace,terrace-c|Drainage System,Terrace|Drainage System,0.48799557504930846,0.985714283113122
Terrace,C,KIT,2024,Transportation System,61546137.0,35152430.0,26393707.0,0.0,112881604.0,1866217.0,No,terrace-c,Terrace,terrace-c|Transportation System,Terrace|Transportation System,0.42884425061478676,0.983467483328816
Terrace,C,KIT,2024,Other Engineering Systems,0.0,0.0,0.0,0.0,0.0,0.0,,terrace-c,Terrace,terrace-c|Other Engineering Systems,Terrace|Other Engineering Systems,,
Terrace,C,KIT,2024,Other Tangible Capital Assets,2893412.0,1499068.0,1394344.0,483471.0,3477727.0,248409.0,N/A,terrace-c,Terrace,terrace-c|Other Tangible Capital Assets,Terrace|Other Tangible Capital Assets,0.4819030265997376,0.9285714491102953
Terrace,C,KIT,2024,Work In Progress,7078023.0,,7078023.0,1382952.0,7078023.0,,N/A,terrace-c,Terrace,terrace-c|Work In Progress,Terrace|Work In Progress,1.0,
Terrace,C,KIT,2024,Total TCA,191169583.0,92553265.0,98616318.0,5367476.0,376315320.0,7899761.0,,terrace-c,Terrace,terrace-c|Total TCA,Terrace|Total TCA,0.5158577868530476,0.9790076019227705
Tofino,D,ALB,2024,Land,7032143.0,,7032143.0,1889672.0,7032143.0,,N/A,tofino-d,Tofino,tofino-d|Land,Tofino|Land,1.0,
Tofino,D,ALB,2024,Buildings,9181403.0,2307922.0,6873481.0,2354448.0,9181403.0,2307922.0,No,tofino-d,Tofino,tofino-d|Buildings,Tofino|Buildings,0.7486307920477949,0.7486307920477948
Tofino,D,ALB,2024,Fleet,2853492.0,1589490.0,1264002.0,308056.0,2853492.0,1589490.0,Yes,tofino-d,Tofino,tofino-d|Fleet,Tofino|Fleet,0.44296672287849415,0.44296672287849415
Tofino,D,ALB,2024,Parks and Recreation,594989.0,0.0,594989.0,230594.0,594989.0,0.0,No,tofino-d,Tofino,tofino-d|Parks and Recreation,Tofino|Parks and Recreation,1.0,1.0
Tofino,D,ALB,2024,Water System,16135355.0,5670696.0,10464659.0,994081.0,16135355.0,5670696.0,No,tofino-d,Tofino,tofino-d|Water System,Tofino|Water System,0.648554618104157,0.648554618104157
Tofino,D,ALB,2024,Sewer System,80112570.0,2648212.0,77464358.0,15451475.0,80112570.0,2648212.0,No,tofino-d,Tofino,tofino-d|Sewer System,Tofino|Sewer System,0.9669438641152069,0.9669438641152069
Tofino,D,ALB,2024,Drainage System,0.0,0.0,0.0,0.0,0.0,0.0,,tofino-d,Tofino,tofino-d|Drainage System,Tofino|Drainage System,,
Tofino,D,ALB,2024,Transportation System,16869990.0,4771880.0,12098110.0,2956432.0,16869990.0,4771880.0,No,tofino-d,Tofino,tofino-d|Transportation System,Tofino|Transportation System,0.7171379473253985,0.7171379473253985
Tofino,D,ALB,2024,Other Engineering Systems,0.0,0.0,0.0,0.0,0.0,0.0,,tofino-d,Tofino,tofino-d|Other Engineering Systems,Tofino|Other Engineering Systems,,
Tofino,D,ALB,2024,Other Tangible Capital Assets,5279458.0,2690884.0,2588574.0,400254.0,5279458.0,2690884.0,N/A,tofino-d,Tofino,tofino-d|Other Tangible Capital Assets,Tofino|Other Tangible Capital Assets,0.49031055839444126,0.49031055839444126
Tofino,D,ALB,2024,Work In Progress,1235333.0,,1235333.0,116053.0,1235333.0,,N/A,tofino-d,Tofino,tofino-d|Work In Progress,Tofino|Work In Progress,1.0,
Tofino,D,ALB,2024,Total TCA,139294733.0,19679084.0,119615649.0,24701065.0,139294733.0,19679084.0,,tofino-d,Tofino,tofino-d|Total TCA,Tofino|Total TCA,0.8587234163405159,0.858723416340516
Trail,C,KOO,2024,Land,11594587.0,,11594587.0,399884.0,11594587.0,,N/A,trail-c,Trail,trail-c|Land,Trail|Land,1.0,
Trail,C,KOO,2024,Buildings,47597232.0,22723336.0,24873896.0,0.0,148436000.0,1855450.0,No,trail-c,Trail,trail-c|Buildings,Trail|Buildings,0.5225912296748685,0.9875
Trail,C,KOO,2024,Fleet,18406461.0,15189815.0,3216646.0,817431.0,7753000.0,516867.0,No,trail-c,Trail,trail-c|Fleet,Trail|Fleet,0.1747563532174925,0.9333332903392235
Trail,C,KOO,2024,Parks and Recreation,6740820.0,2584736.0,4156084.0,530522.0,6465656.0,156915.0,No,trail-c,Trail,trail-c|Parks and Recreation,Trail|Parks and Recreation,0.6165546624891334,0.9757310008450806
Trail,C,KOO,2024,Water System,40872662.0,15245413.0,25627249.0,1664012.0,112021300.0,1769466.0,In_Progress,trail-c,Trail,trail-c|Water System,Trail|Water System,0.6270022001503107,0.9842042004511642
Trail,C,KOO,2024,Sewer System,14032097.0,4195865.0,9836232.0,1059450.0,85525000.0,1221786.0,In_Progress,trail-c,Trail,trail-c|Sewer System,Trail|Sewer System,0.7009809011439987,0.985714282373575
Trail,C,KOO,2024,Drainage System,12348812.0,4518946.0,7829866.0,281218.0,54000000.0,675000.0,In_Progress,trail-c,Trail,trail-c|Drainage System,Trail|Drainage System,0.6340582397723765,0.9875
Trail,C,KOO,2024,Transportation System,57707582.0,36519165.0,21188417.0,2448937.0,104896004.0,2445650.0,In_Progress,trail-c,Trail,trail-c|Transportation System,Trail|Transportation System,0.3671686850438474,0.9766850031770514
Trail,C,KOO,2024,Other Engineering Systems,1768831.0,1071084.0,697747.0,-53114.0,697746.0,18000.0,No,trail-c,Trail,trail-c|Other Engineering Systems,Trail|Other Engineering Systems,0.39446787171866615,0.9742026468084375
Trail,C,KOO,2024,Other Tangible Capital Assets,0.0,0.0,0.0,0.0,0.0,0.0,N/A,trail-c,Trail,trail-c|Other Tangible Capital Assets,Trail|Other Tangible Capital Assets,,
Trail,C,KOO,2024,Work In Progress,1910546.0,,1910546.0,927397.0,1910546.0,,N/A,trail-c,Trail,trail-c|Work In Progress,Trail|Work In Progress,1.0,
Trail,C,KOO,2024,Total TCA,212979630.0,102048360.0,110931270.0,8075737.0,533299839.0,8659134.0,,trail-c,Trail,trail-c|Total TCA,Trail|Total TCA,0.5208538957458044,0.9837631040424897
Tumbler Ridge,D,PEA,2024,Land,7241464.0,,7241464.0,0.0,7241464.0,,N/A,tumbler-ridge-d,Tumbler Ridge,tumbler-ridge-d|Land,Tumbler Ridge|Land,1.0,
Tumbler Ridge,D,PEA,2024,Buildings,40105823.0,28188412.0,11917411.0,0.0,89643200.0,63005800.0,No,tumbler-ridge-d,Tumbler Ridge,tumbler-ridge-d|Buildings,Tumbler Ridge|Buildings,0.2971491446516382,0.2971491423777821
Tumbler Ridge,D,PEA,2024,Fleet,13431811.0,9277239.0,4154572.0,102118.0,13431811.0,9277239.0,No,tumbler-ridge-d,Tumbler Ridge,tumbler-ridge-d|Fleet,Tumbler Ridge|Fleet,0.3093084022698056,0.3093084022698056
Tumbler Ridge,D,PEA,2024,Parks and Recreation,4888643.0,3196760.0,1691883.0,0.0,4888643.0,3196760.0,No,tumbler-ridge-d,Tumbler Ridge,tumbler-ridge-d|Parks and Recreation,Tumbler Ridge|Parks and Recreation,0.34608438374411876,0.34608438374411876
Tumbler Ridge,D,PEA,2024,Water System,13052787.0,6194840.0,6857947.0,0.0,156176400.0,77301313.0,No,tumbler-ridge-d,Tumbler Ridge,tumbler-ridge-d|Water System,Tumbler Ridge|Water System,0.5254009737537279,0.5050384501115406
Tumbler Ridge,D,PEA,2024,Sewer System,8204278.0,4829791.0,3374487.0,0.0,112693500.0,58867738.0,No,tumbler-ridge-d,Tumbler Ridge,tumbler-ridge-d|Sewer System,Tumbler Ridge|Sewer System,0.4113082223688666,0.47762969470288885
Tumbler Ridge,D,PEA,2024,Drainage System,2663142.0,1227495.0,1435647.0,0.0,62370000.0,31185000.0,No,tumbler-ridge-d,Tumbler Ridge,tumbler-ridge-d|Drainage System,Tumbler Ridge|Drainage System,0.5390801541938056,0.5
Tumbler Ridge,D,PEA,2024,Transportation System,23233281.0,11900796.0,11332485.0,0.0,268850880.0,86181000.0,No,tumbler-ridge-d,Tumbler Ridge,tumbler-ridge-d|Transportation System,Tumbler Ridge|Transportation System,0.4877694631249026,0.6794468368487394
Tumbler Ridge,D,PEA,2024,Other Engineering Systems,196168.0,82653.0,113515.0,0.0,0.0,0.0,No,tumbler-ridge-d,Tumbler Ridge,tumbler-ridge-d|Other Engineering Systems,Tumbler Ridge|Other Engineering Systems,0.5786621671220586,
Tumbler Ridge,D,PEA,2024,Other Tangible Capital Assets,1280849.0,772109.0,508740.0,374668.0,0.0,0.0,N/A,tumbler-ridge-d,Tumbler Ridge,tumbler-ridge-d|Other Tangible Capital Assets,Tumbler Ridge|Other Tangible Capital Assets,0.39718967653486087,
Tumbler Ridge,D,PEA,2024,Work In Progress,1065639.0,,1065639.0,1045310.0,1065639.0,,N/A,tumbler-ridge-d,Tumbler Ridge,tumbler-ridge-d|Work In Progress,Tumbler Ridge|Work In Progress,1.0,
Tumbler Ridge,D,PEA,2024,Total TCA,115363885.0,65670095.0,49693790.0,1522096.0,716361537.0,329014850.0,,tumbler-ridge-d,Tumbler Ridge,tumbler-ridge-d|Total TCA,Tumbler Ridge|Total TCA,0.430756904554662,0.5407139649375117
Ucluelet,D,ALB,2024,Land,14718568.0,,14718568.0,0.0,14718568.0,,N/A,ucluelet-d,Ucluelet,ucluelet-d|Land,Ucluelet|Land,1.0,
Ucluelet,D,ALB,2024,Buildings,11353268.0,3993823.0,7359445.0,120758.0,18000000.0,230784.0,In_Progress,ucluelet-d,Ucluelet,ucluelet-d|Buildings,Ucluelet|Buildings,0.6482226086797211,0.9871786666666666
Ucluelet,D,ALB,2024,Fleet,4414331.0,2699686.0,1714645.0,511371.0,5500000.0,164656.0,In_Progress,ucluelet-d,Ucluelet,ucluelet-d|Fleet,Ucluelet|Fleet,0.38842692131604994,0.9700625454545455
Ucluelet,D,ALB,2024,Parks and Recreation,5767870.0,2906190.0,2861680.0,175907.0,9000000.0,184449.0,In_Progress,ucluelet-d,Ucluelet,ucluelet-d|Parks and Recreation,Ucluelet|Parks and Recreation,0.4961415565884807,0.9795056666666667
Ucluelet,D,ALB,2024,Water System,6710742.0,3937117.0,2773625.0,0.0,20099930.0,218341.0,In_Progress,ucluelet-d,Ucluelet,ucluelet-d|Water System,Ucluelet|Water System,0.41331122549488564,0.9891372258510353
Ucluelet,D,ALB,2024,Sewer System,12229735.0,6180859.0,6048876.0,94020.0,15000000.0,294090.0,In_Progress,ucluelet-d,Ucluelet,ucluelet-d|Sewer System,Ucluelet|Sewer System,0.49460401227009415,0.980394
Ucluelet,D,ALB,2024,Drainage System,1936660.0,914678.0,1021982.0,46373.0,3000000.0,38211.0,In_Progress,ucluelet-d,Ucluelet,ucluelet-d|Drainage System,Ucluelet|Drainage System,0.5277033655881775,0.987263
Ucluelet,D,ALB,2024,Transportation System,15479495.0,5087361.0,10392134.0,6230727.0,19000000.0,0.0,In_Progress,ucluelet-d,Ucluelet,ucluelet-d|Transportation System,Ucluelet|Transportation System,0.6713483870113334,1.0
Ucluelet,D,ALB,2024,Other Engineering Systems,0.0,0.0,0.0,0.0,0.0,0.0,,ucluelet-d,Ucluelet,ucluelet-d|Other Engineering Systems,Ucluelet|Other Engineering Systems,,
Ucluelet,D,ALB,2024,Other Tangible Capital Assets,0.0,0.0,0.0,0.0,0.0,0.0,N/A,ucluelet-d,Ucluelet,ucluelet-d|Other Tangible Capital Assets,Ucluelet|Other Tangible Capital Assets,,
Ucluelet,D,ALB,2024,Work In Progress,2534081.0,,2534081.0,1136766.0,2534081.0,,N/A,ucluelet-d,Ucluelet,ucluelet-d|Work In Progress,Ucluelet|Work In Progress,1.0,
Ucluelet,D,ALB,2024,Total TCA,75144750.0,25719714.0,49425036.0,8315922.0,106852579.0,1130531.0,,ucluelet-d,Ucluelet,ucluelet-d|Total TCA,Ucluelet|Total TCA,0.6577310590560219,0.9894197125555575
Valemount,V,FFG,2024,Land,1153267.0,,1153267.0,0.0,1153267.0,,N/A,valemount-v,Valemount,valemount-v|Land,Valemount|Land,1.0,
Valemount,V,FFG,2024,Buildings,7666945.0,3145017.0,4521928.0,0.0,7666945.0,175000.0,In_Progress,valemount-v,Valemount,valemount-v|Buildings,Valemount|Buildings,0.5897952835190549,0.9771747416995948
Valemount,V,FFG,2024,Fleet,2985564.0,1660619.0,1324945.0,45000.0,2985564.0,155000.0,In_Progress,valemount-v,Valemount,valemount-v|Fleet,Valemount|Fleet,0.44378382108037207,0.9480835111891757
Valemount,V,FFG,2024,Parks and Recreation,0.0,0.0,0.0,0.0,0.0,0.0,,valemount-v,Valemount,valemount-v|Parks and Recreation,Valemount|Parks and Recreation,,
Valemount,V,FFG,2024,Water System,6830713.0,2857403.0,3973310.0,0.0,6830713.0,135000.0,In_Progress,valemount-v,Valemount,valemount-v|Water System,Valemount|Water System,0.581683054170187,0.98023632379226
Valemount,V,FFG,2024,Sewer System,6101272.0,2978269.0,3123003.0,0.0,6101272.0,120000.0,In_Progress,valemount-v,Valemount,valemount-v|Sewer System,Valemount|Sewer System,0.5118609693191846,0.980331970120329
Valemount,V,FFG,2024,Drainage System,0.0,0.0,0.0,0.0,0.0,0.0,,valemount-v,Valemount,valemount-v|Drainage System,Valemount|Drainage System,,
Valemount,V,FFG,2024,Transportation System,7327257.0,3597394.0,3729863.0,565533.0,7327257.0,0.0,In_Progress,valemount-v,Valemount,valemount-v|Transportation System,Valemount|Transportation System,0.5090394672931494,1.0
Valemount,V,FFG,2024,Other Engineering Systems,0.0,0.0,0.0,0.0,676945.0,667103.0,,valemount-v,Valemount,valemount-v|Other Engineering Systems,Valemount|Other Engineering Systems,,0.014538847321421966
Valemount,V,FFG,2024,Other Tangible Capital Assets,0.0,0.0,0.0,0.0,0.0,0.0,N/A,valemount-v,Valemount,valemount-v|Other Tangible Capital Assets,Valemount|Other Tangible Capital Assets,,
Valemount,V,FFG,2024,Work In Progress,7196765.0,,7196765.0,3284235.0,7196765.0,,N/A,valemount-v,Valemount,valemount-v|Work In Progress,Valemount|Work In Progress,1.0,
Valemount,V,FFG,2024,Total TCA,39261783.0,14238702.0,25023081.0,3894768.0,39938728.0,1252103.0,,valemount-v,Valemount,valemount-v|Total TCA,Valemount|Total TCA,0.637339394392761,0.9686494021542198
Vancouver,C,MVRD,2024,Land,2821570000.0,,2821570000.0,199637000.0,2821570000.0,,N/A,vancouver-c,Vancouver,vancouver-c|Land,Vancouver|Land,1.0,
Vancouver,C,MVRD,2024,Buildings,2557785000.0,871528000.0,1686257000.0,177109000.0,8200000000.0,2800000000.0,In_Progress,vancouver-c,Vancouver,vancouver-c|Buildings,Vancouver|Buildings,0.6592645589836519,0.6585365853658536
Vancouver,C,MVRD,2024,Fleet,538805000.0,329075000.0,209730000.0,61544000.0,800000000.0,500000000.0,Yes,vancouver-c,Vancouver,vancouver-c|Fleet,Vancouver|Fleet,0.3892502853536994,0.375
Vancouver,C,MVRD,2024,Parks and Recreation,394561000.0,242828000.0,151733000.0,20509000.0,1300000000.0,800000000.0,In_Progress,vancouver-c,Vancouver,vancouver-c|Parks and Recreation,Vancouver|Parks and Recreation,0.38456157603006885,0.3846153846153846
Vancouver,C,MVRD,2024,Water System,994749000.0,268598000.0,726151000.0,41997000.0,3700000000.0,1000000000.0,Yes,vancouver-c,Vancouver,vancouver-c|Water System,Vancouver|Water System,0.7299841467546084,0.7297297297297297
Vancouver,C,MVRD,2024,Sewer System,1959293000.0,529296000.0,1429997000.0,119763000.0,7300000000.0,2000000000.0,Yes,vancouver-c,Vancouver,vancouver-c|Sewer System,Vancouver|Sewer System,0.7298535747333349,0.726027397260274
Vancouver,C,MVRD,2024,Drainage System,0.0,0.0,0.0,0.0,0.0,0.0,,vancouver-c,Vancouver,vancouver-c|Drainage System,Vancouver|Drainage System,,
Vancouver,C,MVRD,2024,Transportation System,3673079000.0,2249500000.0,1423579000.0,93769000.0,9500000000.0,5300000000.0,In_Progress,vancouver-c,Vancouver,vancouver-c|Transportation System,Vancouver|Transportation System,0.38757102692318895,0.4421052631578948
Vancouver,C,MVRD,2024,Other Engineering Systems,190284000.0,47225000.0,143059000.0,14325000.0,245000000.0,130000000.0,Yes,vancouver-c,Vancouver,vancouver-c|Other Engineering Systems,Vancouver|Other Engineering Systems,0.751818334699712,0.4693877551020408
Vancouver,C,MVRD,2024,Other Tangible Capital Assets,445203000.0,345543000.0,99660000.0,32238000.0,540000000.0,420000000.0,N/A,vancouver-c,Vancouver,vancouver-c|Other Tangible Capital Assets,Vancouver|Other Tangible Capital Assets,0.22385293899636796,0.2222222222222222
Vancouver,C,MVRD,2024,Work In Progress,233301000.0,,233301000.0,118232000.0,233301000.0,,N/A,vancouver-c,Vancouver,vancouver-c|Work In Progress,Vancouver|Work In Progress,1.0,
Vancouver,C,MVRD,2024,Total TCA,13808630000.0,4883593000.0,8925037000.0,879123000.0,34639871000.0,12950000000.0,,vancouver-c,Vancouver,vancouver-c|Total TCA,Vancouver|Total TCA,0.6463376164036548,0.6261533421992247
Vanderhoof,D,BUL,2024,Land,2270382.0,,2270382.0,458157.0,2270382.0,,N/A,vanderhoof-d,Vanderhoof,vanderhoof-d|Land,Vanderhoof|Land,1.0,
Vanderhoof,D,BUL,2024,Buildings,30062081.0,7942838.0,22119243.0,1104450.0,40000000.0,800000.0,No,vanderhoof-d,Vanderhoof,vanderhoof-d|Buildings,Vanderhoof|Buildings,0.7357854900331084,0.98
Vanderhoof,D,BUL,2024,Fleet,8634330.0,4962869.0,3671461.0,122999.0,14000000.0,1750000.0,No,vanderhoof-d,Vanderhoof,vanderhoof-d|Fleet,Vanderhoof|Fleet,0.42521666417660664,0.875
Vanderhoof,D,BUL,2024,Parks and Recreation,12498346.0,7250337.0,5248009.0,0.0,8000000.0,400000.0,No,vanderhoof-d,Vanderhoof,vanderhoof-d|Parks and Recreation,Vanderhoof|Parks and Recreation,0.41989628067585905,0.95
Vanderhoof,D,BUL,2024,Water System,16184820.0,6371937.0,9812883.0,490167.0,32000000.0,490000.0,In_Progress,vanderhoof-d,Vanderhoof,vanderhoof-d|Water System,Vanderhoof|Water System,0.6063016456160772,0.9846875
Vanderhoof,D,BUL,2024,Sewer System,10496898.0,5635355.0,4861543.0,857788.0,20000000.0,287500.0,In_Progress,vanderhoof-d,Vanderhoof,vanderhoof-d|Sewer System,Vanderhoof|Sewer System,0.46314092029854914,0.985625
Vanderhoof,D,BUL,2024,Drainage System,2884637.0,1657220.0,1227417.0,0.0,5000000.0,62500.0,No,vanderhoof-d,Vanderhoof,vanderhoof-d|Drainage System,Vanderhoof|Drainage System,0.425501371576389,0.9875
Vanderhoof,D,BUL,2024,Transportation System,44108079.0,26992789.0,17115290.0,947335.0,39000000.0,790000.0,Yes,vanderhoof-d,Vanderhoof,vanderhoof-d|Transportation System,Vanderhoof|Transportation System,0.3880307278854742,0.9797435897435898
Vanderhoof,D,BUL,2024,Other Engineering Systems,2377894.0,810195.0,1567699.0,586805.0,5000000.0,100000.0,No,vanderhoof-d,Vanderhoof,vanderhoof-d|Other Engineering Systems,Vanderhoof|Other Engineering Systems,0.6592804389093879,0.98
Vanderhoof,D,BUL,2024,Other Tangible Capital Assets,0.0,0.0,0.0,0.0,0.0,0.0,N/A,vanderhoof-d,Vanderhoof,vanderhoof-d|Other Tangible Capital Assets,Vanderhoof|Other Tangible Capital Assets,,
Vanderhoof,D,BUL,2024,Work In Progress,319398.0,,319398.0,150832.0,319398.0,,N/A,vanderhoof-d,Vanderhoof,vanderhoof-d|Work In Progress,Vanderhoof|Work In Progress,1.0,
Vanderhoof,D,BUL,2024,Total TCA,129836865.0,61623540.0,68213325.0,4718533.0,165589780.0,4680000.0,,vanderhoof-d,Vanderhoof,vanderhoof-d|Total TCA,Vanderhoof|Total TCA,0.5253771723462362,0.9717373862082551
Vernon,C,NOK,2024,Land,291360000.0,,291360000.0,2798000.0,291360000.0,,N/A,vernon-c,Vernon,vernon-c|Land,Vernon|Land,1.0,
Vernon,C,NOK,2024,Buildings,117451000.0,40129000.0,77322000.0,4980000.0,210780000.0,2087000.0,In_Progress,vernon-c,Vernon,vernon-c|Buildings,Vernon|Buildings,0.6583341138006488,0.9900986810892874
Vernon,C,NOK,2024,Fleet,21828000.0,10923000.0,10905000.0,2376000.0,19545000.0,1629000.0,Yes,vernon-c,Vernon,vernon-c|Fleet,Vernon|Fleet,0.49958768554150634,0.9166538756715272
Vernon,C,NOK,2024,Parks and Recreation,0.0,0.0,0.0,0.0,0.0,0.0,,vernon-c,Vernon,vernon-c|Parks and Recreation,Vernon|Parks and Recreation,,
Vernon,C,NOK,2024,Water System,0.0,0.0,0.0,0.0,0.0,0.0,,vernon-c,Vernon,vernon-c|Water System,Vernon|Water System,,
Vernon,C,NOK,2024,Sewer System,120007000.0,39462000.0,80545000.0,3746000.0,797833000.0,12595000.0,Yes,vernon-c,Vernon,vernon-c|Sewer System,Vernon|Sewer System,0.6711691817977284,0.9842134882863958
Vernon,C,NOK,2024,Drainage System,95375000.0,30728000.0,64647000.0,2738000.0,572454000.0,7246000.0,Yes,vernon-c,Vernon,vernon-c|Drainage System,Vernon|Drainage System,0.6778191349934469,0.9873422143962659
Vernon,C,NOK,2024,Transportation System,268895000.0,144974000.0,123921000.0,7185000.0,1224997000.0,8879000.0,Yes,vernon-c,Vernon,vernon-c|Transportation System,Vernon|Transportation System,0.46085274921437736,0.9927518189840465
Vernon,C,NOK,2024,Other Engineering Systems,0.0,0.0,0.0,0.0,0.0,0.0,,vernon-c,Vernon,vernon-c|Other Engineering Systems,Vernon|Other Engineering Systems,,
Vernon,C,NOK,2024,Other Tangible Capital Assets,16518000.0,6686000.0,9832000.0,2032000.0,14406000.0,720000.0,N/A,vernon-c,Vernon,vernon-c|Other Tangible Capital Assets,Vernon|Other Tangible Capital Assets,0.595229446664245,0.9500208246563931
Vernon,C,NOK,2024,Work In Progress,40693000.0,,40693000.0,29578000.0,40693000.0,,N/A,vernon-c,Vernon,vernon-c|Work In Progress,Vernon|Work In Progress,1.0,
Vernon,C,NOK,2024,Total TCA,972127000.0,272902000.0,699225000.0,55433000.0,3172068000.0,33156000.0,,vernon-c,Vernon,vernon-c|Total TCA,Vernon|Total TCA,0.7192733048253983,0.989547512852814
Victoria,C,CAP,2024,Land,159456360.0,,159456360.0,11753605.0,159456360.0,,N/A,victoria-c,Victoria,victoria-c|Land,Victoria|Land,1.0,
Victoria,C,CAP,2024,Buildings,170625092.0,70891498.0,99733594.0,8425351.0,628116500.0,16426534.0,In_Progress,victoria-c,Victoria,victoria-c|Buildings,Victoria|Buildings,0.5845189170652579,0.9738479501812164
Victoria,C,CAP,2024,Fleet,120697145.0,87607763.0,33089382.0,10716034.0,99077000.0,7587529.0,In_Progress,victoria-c,Victoria,victoria-c|Fleet,Victoria|Fleet,0.27415215165197154,0.9234178568184341
Victoria,C,CAP,2024,Parks and Recreation,37236291.0,1940047.0,35296244.0,7692983.0,58970653.0,540978.0,Yes,victoria-c,Victoria,victoria-c|Parks and Recreation,Victoria|Parks and Recreation,0.9478990267854551,0.9908263183044624
Victoria,C,CAP,2024,Water System,106404985.0,16236726.0,90168259.0,10467162.0,336329280.0,3365705.0,Yes,victoria-c,Victoria,victoria-c|Water System,Victoria|Water System,0.847406340971713,0.9899928278620286
Victoria,C,CAP,2024,Sewer System,57614159.0,9206166.0,48407993.0,6514191.0,387654560.0,4053729.0,Yes,victoria-c,Victoria,victoria-c|Sewer System,Victoria|Sewer System,0.8402100080988772,0.9895429348232097
Victoria,C,CAP,2024,Drainage System,57596107.0,6210437.0,51385670.0,9841824.0,967000000.0,9447255.0,Yes,victoria-c,Victoria,victoria-c|Drainage System,Victoria|Drainage System,0.8921726254866497,0.9902303464322647
Victoria,C,CAP,2024,Transportation System,334291450.0,95309795.0,238981655.0,21215490.0,1122237100.0,7029664.0,Yes,victoria-c,Victoria,victoria-c|Transportation System,Victoria|Transportation System,0.7148901205819054,0.993736026014467
Victoria,C,CAP,2024,Other Engineering Systems,0.0,0.0,0.0,0.0,0.0,0.0,,victoria-c,Victoria,victoria-c|Other Engineering Systems,Victoria|Other Engineering Systems,,
Victoria,C,CAP,2024,Other Tangible Capital Assets,0.0,0.0,0.0,0.0,0.0,0.0,N/A,victoria-c,Victoria,victoria-c|Other Tangible Capital Assets,Victoria|Other Tangible Capital Assets,,
Victoria,C,CAP,2024,Work In Progress,16966448.0,,16966448.0,-9402174.0,16966448.0,,N/A,victoria-c,Victoria,victoria-c|Work In Progress,Victoria|Work In Progress,1.0,
Victoria,C,CAP,2024,Total TCA,1060888037.0,287402432.0,773485605.0,77224466.0,3775807901.0,48451394.0,,victoria-c,Victoria,victoria-c|Total TCA,Victoria|Total TCA,0.729092588495274,0.9871679398766108
View Royal,T,CAP,2024,Land,43479637.0,,43479637.0,0.0,43479637.0,,N/A,view-royal-t,View Royal,view-royal-t|Land,View Royal|Land,1.0,
View Royal,T,CAP,2024,Buildings,10756142.0,3789554.0,6966588.0,51051.0,26000000.0,700000.0,In_Progress,view-royal-t,View Royal,view-royal-t|Buildings,View Royal|Buildings,0.6476846438063015,0.9730769230769231
View Royal,T,CAP,2024,Fleet,4374468.0,2409856.0,1964612.0,515336.0,8000000.0,380000.0,Yes,view-royal-t,View Royal,view-royal-t|Fleet,View Royal|Fleet,0.44910878305659113,0.9525
View Royal,T,CAP,2024,Parks and Recreation,16585523.0,7460777.0,9124746.0,302277.0,12800000.0,312000.0,In_Progress,view-royal-t,View Royal,view-royal-t|Parks and Recreation,View Royal|Parks and Recreation,0.5501632960262995,0.975625
View Royal,T,CAP,2024,Water System,0.0,0.0,0.0,0.0,0.0,0.0,No,view-royal-t,View Royal,view-royal-t|Water System,View Royal|Water System,,
View Royal,T,CAP,2024,Sewer System,12854266.0,3950177.0,8904089.0,30007.0,70000000.0,925000.0,In_Progress,view-royal-t,View Royal,view-royal-t|Sewer System,View Royal|Sewer System,0.6926952499660424,0.9867857142857143
View Royal,T,CAP,2024,Drainage System,23192562.0,6236394.0,16956168.0,366947.0,66600000.0,814000.0,In_Progress,view-royal-t,View Royal,view-royal-t|Drainage System,View Royal|Drainage System,0.731103704713606,0.9877777777777778
View Royal,T,CAP,2024,Transportation System,66680697.0,34704367.0,31976330.0,2399721.0,122000000.0,2096000.0,In_Progress,view-royal-t,View Royal,view-royal-t|Transportation System,View Royal|Transportation System,0.4795440275616795,0.9828196721311475
View Royal,T,CAP,2024,Other Engineering Systems,0.0,0.0,0.0,0.0,0.0,0.0,,view-royal-t,View Royal,view-royal-t|Other Engineering Systems,View Royal|Other Engineering Systems,,
View Royal,T,CAP,2024,Other Tangible Capital Assets,6265067.0,3127467.0,3137600.0,807086.0,0.0,0.0,N/A,view-royal-t,View Royal,view-royal-t|Other Tangible Capital Assets,View Royal|Other Tangible Capital Assets,0.5008086904737012,
View Royal,T,CAP,2024,Work In Progress,768661.0,,768661.0,281444.0,768661.0,,N/A,view-royal-t,View Royal,view-royal-t|Work In Progress,View Royal|Work In Progress,1.0,
View Royal,T,CAP,2024,Total TCA,184957023.0,61678592.0,123278431.0,4753869.0,349648298.0,5227000.0,,view-royal-t,View Royal,view-royal-t|Total TCA,View Royal|Total TCA,0.6665247363978172,0.9850506922816481
Warfield,V,KOO,2024,Land,392136.0,,392136.0,0.0,392136.0,,N/A,warfield-v,Warfield,warfield-v|Land,Warfield|Land,1.0,
Warfield,V,KOO,2024,Buildings,1283695.0,454537.0,829158.0,0.0,3681100.0,85115.0,Yes,warfield-v,Warfield,warfield-v|Buildings,Warfield|Buildings,0.645915112234604,0.976877835429627
Warfield,V,KOO,2024,Fleet,2350030.0,1470649.0,879381.0,0.0,1825000.0,107300.0,No,warfield-v,Warfield,warfield-v|Fleet,Warfield|Fleet,0.3741999038310149,0.9412054794520548
Warfield,V,KOO,2024,Parks and Recreation,1250952.0,852779.0,398173.0,25076.0,3773000.0,79514.0,Yes,warfield-v,Warfield,warfield-v|Parks and Recreation,Warfield|Parks and Recreation,0.31829598577723206,0.9789255234561357
Warfield,V,KOO,2024,Water System,6538577.0,2325757.0,4212820.0,424199.0,25623898.0,352578.0,Yes,warfield-v,Warfield,warfield-v|Water System,Warfield|Water System,0.6443022694387479,0.9862402668009371
Warfield,V,KOO,2024,Sewer System,1333325.0,630706.0,702619.0,29165.0,15492252.0,222000.0,Yes,warfield-v,Warfield,warfield-v|Sewer System,Warfield|Sewer System,0.5269675435471471,0.9856702563320039
Warfield,V,KOO,2024,Drainage System,685069.0,403636.0,281433.0,0.0,27308348.0,54243.0,Yes,warfield-v,Warfield,warfield-v|Drainage System,Warfield|Drainage System,0.410809714058,0.9980136843136758
Warfield,V,KOO,2024,Transportation System,2652207.0,1965640.0,686567.0,119065.0,8565000.0,131850.0,Yes,warfield-v,Warfield,warfield-v|Transportation System,Warfield|Transportation System,0.25886629512703946,0.9846059544658494
Warfield,V,KOO,2024,Other Engineering Systems,0.0,0.0,0.0,0.0,0.0,0.0,,warfield-v,Warfield,warfield-v|Other Engineering Systems,Warfield|Other Engineering Systems,,
Warfield,V,KOO,2024,Other Tangible Capital Assets,32319.0,32319.0,0.0,0.0,75000.0,15000.0,N/A,warfield-v,Warfield,warfield-v|Other Tangible Capital Assets,Warfield|Other Tangible Capital Assets,0.0,0.8
Warfield,V,KOO,2024,Work In Progress,0.0,,0.0,0.0,0.0,,N/A,warfield-v,Warfield,warfield-v|Work In Progress,Warfield|Work In Progress,,
Warfield,V,KOO,2024,Total TCA,16518310.0,8136023.0,8382287.0,597505.0,86735734.0,1047600.0,,warfield-v,Warfield,warfield-v|Total TCA,Warfield|Total TCA,0.5074542734698646,0.9879219330754727
Wells,D,CAR,2024,Land,,,,,,,,wells-d,Wells,wells-d|Land,Wells|Land,,
Wells,D,CAR,2024,Buildings,,,,,,,,wells-d,Wells,wells-d|Buildings,Wells|Buildings,,
Wells,D,CAR,2024,Fleet,,,,,,,,wells-d,Wells,wells-d|Fleet,Wells|Fleet,,
Wells,D,CAR,2024,Parks and Recreation,,,,,,,,wells-d,Wells,wells-d|Parks and Recreation,Wells|Parks and Recreation,,
Wells,D,CAR,2024,Water System,,,,,,,,wells-d,Wells,wells-d|Water System,Wells|Water System,,
Wells,D,CAR,2024,Sewer System,,,,,,,,wells-d,Wells,wells-d|Sewer System,Wells|Sewer System,,
Wells,D,CAR,2024,Drainage System,,,,,,,,wells-d,Wells,wells-d|Drainage System,Wells|Drainage System,,
Wells,D,CAR,2024,Transportation System,,,,,,,,wells-d,Wells,wells-d|Transportation System,Wells|Transportation System,,
Wells,D,CAR,2024,Other Engineering Systems,,,,,,,,wells-d,Wells,wells-d|Other Engineering Systems,Wells|Other Engineering Systems,,
Wells,D,CAR,2024,Other Tangible Capital Assets,,,,,,,,wells-d,Wells,wells-d|Other Tangible Capital Assets,Wells|Other Tangible Capital Assets,,
Wells,D,CAR,2024,Work In Progress,,,,,,,,wells-d,Wells,wells-d|Work In Progress,Wells|Work In Progress,,
Wells,D,CAR,2024,Total TCA,,,,,,,,wells-d,Wells,wells-d|Total TCA,Wells|Total TCA,,
West Kelowna,C,COK,2024,Land,111243279.0,,111243279.0,0.0,111243279.0,,N/A,west-kelowna-c,West Kelowna,west-kelowna-c|Land,West Kelowna|Land,1.0,
West Kelowna,C,COK,2024,Buildings,71376184.0,19592351.0,51783833.0,24568765.0,51783833.0,1263900.0,Yes,west-kelowna-c,West Kelowna,west-kelowna-c|Buildings,West Kelowna|Buildings,0.7255057653404391,0.9755927684997748
West Kelowna,C,COK,2024,Fleet,29698819.0,17912812.0,11786007.0,1807448.0,11786007.0,1854317.0,In_Progress,west-kelowna-c,West Kelowna,west-kelowna-c|Fleet,West Kelowna|Fleet,0.39685103303266034,0.8426679196779707
West Kelowna,C,COK,2024,Parks and Recreation,20353637.0,8866336.0,11487301.0,1143007.0,11487301.0,986486.0,Yes,west-kelowna-c,West Kelowna,west-kelowna-c|Parks and Recreation,West Kelowna|Parks and Recreation,0.5643856672888486,0.9141237789451151
West Kelowna,C,COK,2024,Water System,160820461.0,43445426.0,117375035.0,0.0,117375035.0,2722628.0,In_Progress,west-kelowna-c,West Kelowna,west-kelowna-c|Water System,West Kelowna|Water System,0.7298513775557453,0.9768040282160513
West Kelowna,C,COK,2024,Sewer System,70983079.0,22402944.0,48580135.0,36223.0,48580135.0,1139577.0,In_Progress,west-kelowna-c,West Kelowna,west-kelowna-c|Sewer System,West Kelowna|Sewer System,0.6843903601307574,0.9765423253764116
West Kelowna,C,COK,2024,Drainage System,8067801.0,3189394.0,4878407.0,86267.0,4878407.0,361928.0,In_Progress,west-kelowna-c,West Kelowna,west-kelowna-c|Drainage System,West Kelowna|Drainage System,0.6046761688841854,0.9258102081273661
West Kelowna,C,COK,2024,Transportation System,282120746.0,180401703.0,101719043.0,6492718.0,101719043.0,5520170.0,Yes,west-kelowna-c,West Kelowna,west-kelowna-c|Transportation System,West Kelowna|Transportation System,0.36055144629455926,0.9457312039398562
West Kelowna,C,COK,2024,Other Engineering Systems,0.0,0.0,0.0,0.0,0.0,0.0,,west-kelowna-c,West Kelowna,west-kelowna-c|Other Engineering Systems,West Kelowna|Other Engineering Systems,,
West Kelowna,C,COK,2024,Other Tangible Capital Assets,0.0,0.0,0.0,0.0,0.0,0.0,N/A,west-kelowna-c,West Kelowna,west-kelowna-c|Other Tangible Capital Assets,West Kelowna|Other Tangible Capital Assets,,
West Kelowna,C,COK,2024,Work In Progress,45856666.0,,45856666.0,1887971.0,45856666.0,,N/A,west-kelowna-c,West Kelowna,west-kelowna-c|Work In Progress,West Kelowna|Work In Progress,1.0,
West Kelowna,C,COK,2024,Total TCA,800520672.0,295810966.0,504709706.0,36022399.0,504709706.0,13849006.0,,west-kelowna-c,West Kelowna,west-kelowna-c|Total TCA,West Kelowna|Total TCA,0.6304767929840542,0.9725604524039012
West Vancouver,D,MVRD,2024,Land,150704194.0,,150704194.0,0.0,150704194.0,,N/A,west-vancouver-d,West Vancouver,west-vancouver-d|Land,West Vancouver|Land,1.0,
West Vancouver,D,MVRD,2024,Buildings,166965759.0,65356946.0,101608813.0,2501409.0,281495982.0,11259839.0,Yes,west-vancouver-d,West Vancouver,west-vancouver-d|Buildings,West Vancouver|Buildings,0.6085607828129599,0.9600000009946856
West Vancouver,D,MVRD,2024,Fleet,36446909.0,20849394.0,15597515.0,4360921.0,60880132.0,4683087.0,Yes,west-vancouver-d,West Vancouver,west-vancouver-d|Fleet,West Vancouver|Fleet,0.42795165428157433,0.92307692434044
West Vancouver,D,MVRD,2024,Parks and Recreation,40404088.0,22445587.0,17958501.0,7419927.0,47963113.0,1598770.0,Yes,west-vancouver-d,West Vancouver,west-vancouver-d|Parks and Recreation,West Vancouver|Parks and Recreation,0.4444723761615409,0.9666666757013874
West Vancouver,D,MVRD,2024,Water System,132729240.0,36611464.0,96117776.0,3483639.0,156350759.0,2842741.0,Yes,west-vancouver-d,West Vancouver,west-vancouver-d|Water System,West Vancouver|Water System,0.7241642911539311,0.9818181822833364
West Vancouver,D,MVRD,2024,Sewer System,245870596.0,159524631.0,86345965.0,4513236.0,265540244.0,4741790.0,Yes,west-vancouver-d,West Vancouver,west-vancouver-d|Sewer System,West Vancouver|Sewer System,0.3511845922397325,0.9821428574118506
West Vancouver,D,MVRD,2024,Drainage System,0.0,0.0,0.0,0.0,0.0,0.0,,west-vancouver-d,West Vancouver,west-vancouver-d|Drainage System,West Vancouver|Drainage System,,
West Vancouver,D,MVRD,2024,Transportation System,96242572.0,25507083.0,70735489.0,4214176.0,103941978.0,0.0,Yes,west-vancouver-d,West Vancouver,west-vancouver-d|Transportation System,West Vancouver|Transportation System,0.7349708920912879,1.0
West Vancouver,D,MVRD,2024,Other Engineering Systems,0.0,0.0,0.0,0.0,0.0,0.0,No,west-vancouver-d,West Vancouver,west-vancouver-d|Other Engineering Systems,West Vancouver|Other Engineering Systems,,
West Vancouver,D,MVRD,2024,Other Tangible Capital Assets,0.0,0.0,0.0,0.0,5016320.0,0.0,N/A,west-vancouver-d,West Vancouver,west-vancouver-d|Other Tangible Capital Assets,West Vancouver|Other Tangible Capital Assets,,1.0
West Vancouver,D,MVRD,2024,Work In Progress,31867985.0,,31867985.0,5253184.0,31867985.0,,N/A,west-vancouver-d,West Vancouver,west-vancouver-d|Work In Progress,West Vancouver|Work In Progress,1.0,
West Vancouver,D,MVRD,2024,Total TCA,901231343.0,330295105.0,570936238.0,31746492.0,1103760707.0,25126227.0,,west-vancouver-d,West Vancouver,west-vancouver-d|Total TCA,West Vancouver|Total TCA,0.6335068597364573,0.977235802252562
Whistler,D,SQL,2024,Land,113025562.0,,113025562.0,0.0,113025562.0,,N/A,whistler-d,Whistler,whistler-d|Land,Whistler|Land,1.0,
Whistler,D,SQL,2024,Buildings,263885728.0,104143601.0,159742127.0,34967133.0,441949000.0,11049000.0,No,whistler-d,Whistler,whistler-d|Buildings,Whistler|Buildings,0.605345837422477,0.9749993777562569
Whistler,D,SQL,2024,Fleet,17172152.0,11659355.0,5512797.0,992889.0,22059000.0,1838000.0,No,whistler-d,Whistler,whistler-d|Fleet,Whistler|Fleet,0.3210312254398866,0.9166779999093341
Whistler,D,SQL,2024,Parks and Recreation,55454198.0,18087561.0,37366637.0,747738.0,76091000.0,2235000.0,No,whistler-d,Whistler,whistler-d|Parks and Recreation,Whistler|Parks and Recreation,0.673828823563547,0.9706272752362303
Whistler,D,SQL,2024,Water System,99555880.0,29107563.0,70448317.0,3331929.0,116377000.0,2095000.0,No,whistler-d,Whistler,whistler-d|Water System,Whistler|Water System,0.7076258780495939,0.9819981611486805
Whistler,D,SQL,2024,Sewer System,74963694.0,20682807.0,54280887.0,1407300.0,173725000.0,3833000.0,No,whistler-d,Whistler,whistler-d|Sewer System,Whistler|Sewer System,0.7240956802368891,0.977936393725716
Whistler,D,SQL,2024,Drainage System,29577631.0,9302491.0,20275140.0,94272.0,53314000.0,982000.0,No,whistler-d,Whistler,whistler-d|Drainage System,Whistler|Drainage System,0.6854889764498042,0.981580823048355
Whistler,D,SQL,2024,Transportation System,98361840.0,41946993.0,56414847.0,2015211.0,121729000.0,3075000.0,No,whistler-d,Whistler,whistler-d|Transportation System,Whistler|Transportation System,0.5735440390297701,0.9747389693499495
Whistler,D,SQL,2024,Other Engineering Systems,0.0,0.0,0.0,0.0,0.0,0.0,,whistler-d,Whistler,whistler-d|Other Engineering Systems,Whistler|Other Engineering Systems,,
Whistler,D,SQL,2024,Other Tangible Capital Assets,64691273.0,31364718.0,33326555.0,2085326.0,67162000.0,2239000.0,N/A,whistler-d,Whistler,whistler-d|Other Tangible Capital Assets,Whistler|Other Tangible Capital Assets,0.5151630730778787,0.9666626961674757
Whistler,D,SQL,2024,Work In Progress,28660880.0,,28660880.0,232690.0,28660880.0,,N/A,whistler-d,Whistler,whistler-d|Work In Progress,Whistler|Work In Progress,1.0,
Whistler,D,SQL,2024,Total TCA,845348838.0,266295089.0,579053749.0,45874488.0,1214092442.0,27346000.0,,whistler-d,Whistler,whistler-d|Total TCA,Whistler|Total TCA,0.6849879280250457,0.9774761796927486
White Rock,C,MVRD,2024,Land,27575365.0,,27575365.0,0.0,27575365.0,,N/A,white-rock-c,White Rock,white-rock-c|Land,White Rock|Land,1.0,
White Rock,C,MVRD,2024,Buildings,45453195.0,22557742.0,22895453.0,368529.0,0.0,0.0,In_Progress,white-rock-c,White Rock,white-rock-c|Buildings,White Rock|Buildings,0.5037149313706111,
White Rock,C,MVRD,2024,Fleet,7841558.0,3257065.0,4584493.0,132503.0,0.0,0.0,In_Progress,white-rock-c,White Rock,white-rock-c|Fleet,White Rock|Fleet,0.5846405778035436,
White Rock,C,MVRD,2024,Parks and Recreation,31111291.0,12601170.0,18510121.0,565835.0,0.0,0.0,In_Progress,white-rock-c,White Rock,white-rock-c|Parks and Recreation,White Rock|Parks and Recreation,0.5949647348289082,
White Rock,C,MVRD,2024,Water System,40832296.0,7786369.0,33045927.0,1241422.0,0.0,0.0,In_Progress,white-rock-c,White Rock,white-rock-c|Water System,White Rock|Water System,0.8093085679041904,
White Rock,C,MVRD,2024,Sewer System,24546628.0,8709922.0,15836706.0,1549511.0,0.0,0.0,In_Progress,white-rock-c,White Rock,white-rock-c|Sewer System,White Rock|Sewer System,0.6451682895100704,
White Rock,C,MVRD,2024,Drainage System,26572232.0,10971794.0,15600438.0,1409795.0,0.0,0.0,In_Progress,white-rock-c,White Rock,white-rock-c|Drainage System,White Rock|Drainage System,0.5870955063165186,
White Rock,C,MVRD,2024,Transportation System,52860057.0,26221732.0,26638325.0,2693179.0,0.0,0.0,In_Progress,white-rock-c,White Rock,white-rock-c|Transportation System,White Rock|Transportation System,0.5039405273437371,
White Rock,C,MVRD,2024,Other Engineering Systems,0.0,0.0,0.0,0.0,0.0,0.0,,white-rock-c,White Rock,white-rock-c|Other Engineering Systems,White Rock|Other Engineering Systems,,
White Rock,C,MVRD,2024,Other Tangible Capital Assets,9488776.0,6439491.0,3049285.0,363014.0,0.0,0.0,N/A,white-rock-c,White Rock,white-rock-c|Other Tangible Capital Assets,White Rock|Other Tangible Capital Assets,0.3213570433109602,
White Rock,C,MVRD,2024,Work In Progress,4425085.0,,4425085.0,2196771.0,4425085.0,,N/A,white-rock-c,White Rock,white-rock-c|Work In Progress,White Rock|Work In Progress,1.0,
White Rock,C,MVRD,2024,Total TCA,270706483.0,98545285.0,172161198.0,10520559.0,32000450.0,0.0,,white-rock-c,White Rock,white-rock-c|Total TCA,White Rock|Total TCA,0.6359699852478228,1.0
Williams Lake,C,CAR,2024,Land,28733483.0,,28733483.0,405000.0,28733483.0,,N/A,williams-lake-c,Williams Lake,williams-lake-c|Land,Williams Lake|Land,1.0,
Williams Lake,C,CAR,2024,Buildings,23493706.0,10188965.0,13304741.0,683930.0,48994687.0,740364.0,No,williams-lake-c,Williams Lake,williams-lake-c|Buildings,Williams Lake|Buildings,0.5663108664082201,0.9848888921364065
Williams Lake,C,CAR,2024,Fleet,23270798.0,15755064.0,7515734.0,1722378.0,10049830.0,1004983.0,No,williams-lake-c,Williams Lake,williams-lake-c|Fleet,Williams Lake|Fleet,0.32296846889393305,0.9
Williams Lake,C,CAR,2024,Parks and Recreation,21735466.0,17275135.0,4460331.0,48989.0,484280176.0,11175696.0,No,williams-lake-c,Williams Lake,williams-lake-c|Parks and Recreation,Williams Lake|Parks and Recreation,0.2052098169875907,0.976923077685509
Williams Lake,C,CAR,2024,Water System,23136219.0,14259332.0,8876887.0,0.0,230251269.0,3658952.0,No,williams-lake-c,Williams Lake,williams-lake-c|Water System,Williams Lake|Water System,0.38367924335432685,0.9841088736844269
Williams Lake,C,CAR,2024,Sewer System,28583013.0,14308308.0,14274705.0,0.0,350085371.0,5108707.0,No,williams-lake-c,Williams Lake,williams-lake-c|Sewer System,Williams Lake|Sewer System,0.49941218583219343,0.9854072537066966
Williams Lake,C,CAR,2024,Drainage System,0.0,0.0,0.0,0.0,0.0,0.0,,williams-lake-c,Williams Lake,williams-lake-c|Drainage System,Williams Lake|Drainage System,,
Williams Lake,C,CAR,2024,Transportation System,61720917.0,30587680.0,31133237.0,7353784.0,161581700.0,0.0,No,williams-lake-c,Williams Lake,williams-lake-c|Transportation System,Williams Lake|Transportation System,0.5044195471042662,1.0
Williams Lake,C,CAR,2024,Other Engineering Systems,16543187.0,11377417.0,5165770.0,585232.0,825319.0,35214.0,No,williams-lake-c,Williams Lake,williams-lake-c|Other Engineering Systems,Williams Lake|Other Engineering Systems,0.3122596631471312,0.9573328615965463
Williams Lake,C,CAR,2024,Other Tangible Capital Assets,335322.0,335322.0,0.0,0.0,4595667.0,130805.0,N/A,williams-lake-c,Williams Lake,williams-lake-c|Other Tangible Capital Assets,Williams Lake|Other Tangible Capital Assets,0.0,0.971537319827568
Williams Lake,C,CAR,2024,Work In Progress,3693402.0,,3693402.0,-4834402.0,3693402.0,,N/A,williams-lake-c,Williams Lake,williams-lake-c|Work In Progress,Williams Lake|Work In Progress,1.0,
Williams Lake,C,CAR,2024,Total TCA,231245513.0,114087223.0,117158290.0,5964911.0,1323090904.0,21854721.0,,williams-lake-c,Williams Lake,williams-lake-c|Total TCA,Williams Lake|Total TCA,0.5066402737077108,0.9834820714631713
Zeballos,V,STR,2024,Land,357742.0,,357742.0,0.0,357742.0,,N/A,zeballos-v,Zeballos,zeballos-v|Land,Zeballos|Land,1.0,
Zeballos,V,STR,2024,Buildings,2238918.0,913921.0,1324997.0,25445.0,12000000.0,387096.0,Yes,zeballos-v,Zeballos,zeballos-v|Buildings,Zeballos|Buildings,0.591802379542261,0.967742
Zeballos,V,STR,2024,Fleet,1066386.0,560499.0,505887.0,151689.0,1500000.0,107142.0,Yes,zeballos-v,Zeballos,zeballos-v|Fleet,Zeballos|Fleet,0.4743938873916199,0.928572
Zeballos,V,STR,2024,Parks and Recreation,1770265.0,473798.0,1296467.0,646604.0,2000000.0,43478.0,Yes,zeballos-v,Zeballos,zeballos-v|Parks and Recreation,Zeballos|Parks and Recreation,0.7323575848813596,0.978261
Zeballos,V,STR,2024,Water System,1023790.0,502788.0,521002.0,0.0,10000000.0,232558.0,Yes,zeballos-v,Zeballos,zeballos-v|Water System,Zeballos|Water System,0.5088953789351331,0.9767442
Zeballos,V,STR,2024,Sewer System,1151407.0,624712.0,526695.0,55962.0,7800000.0,169565.0,Yes,zeballos-v,Zeballos,zeballos-v|Sewer System,Zeballos|Sewer System,0.45743598918540535,0.9782608974358974
Zeballos,V,STR,2024,Drainage System,0.0,0.0,0.0,0.0,0.0,0.0,No,zeballos-v,Zeballos,zeballos-v|Drainage System,Zeballos|Drainage System,,
Zeballos,V,STR,2024,Transportation System,4060571.0,1439396.0,2621175.0,-10315.0,10000000.0,0.0,Yes,zeballos-v,Zeballos,zeballos-v|Transportation System,Zeballos|Transportation System,0.6455188198901091,1.0
Zeballos,V,STR,2024,Other Engineering Systems,0.0,0.0,0.0,0.0,0.0,0.0,No,zeballos-v,Zeballos,zeballos-v|Other Engineering Systems,Zeballos|Other Engineering Systems,,
Zeballos,V,STR,2024,Other Tangible Capital Assets,0.0,0.0,0.0,0.0,0.0,0.0,N/A,zeballos-v,Zeballos,zeballos-v|Other Tangible Capital Assets,Zeballos|Other Tangible Capital Assets,,
Zeballos,V,STR,2024,Work In Progress,0.0,,0.0,0.0,0.0,,N/A,zeballos-v,Zeballos,zeballos-v|Work In Progress,Zeballos|Work In Progress,,
Zeballos,V,STR,2024,Total TCA,11669079.0,4515114.0,7153965.0,869385.0,43657742.0,939839.0,,zeballos-v,Zeballos,zeballos-v|Total TCA,Zeballos|Total TCA,0.6130702345917788,0.9784725696532817
