municipality_name,municipality_type,regional_district,year,population,land_area_ha,road_km,cash_and_investments,taxes_receivable,total_financial_assets,accounts_payable,long_term_debt,total_liabilities,net_financial_assets,total_non_financial_assets,water_reserves,sewer_reserves,other_reserves,equity_in_tca,accumulated_surplus,taxation_revenue,sale_of_services,federal_transfers,provincial_transfers,regional_transfers,investment_income,government_business_income,developer_contributions,gain_on_sale_assets,other_revenue,total_revenue,general_government_expense,protective_services_expense,solid_waste_expense,health_social_housing_expense,development_services_expense,transportation_expense,parks_recreation_expense,water_expense,sewer_expense,other_services_expense,amortization,asset_retirement_accretion,loss_on_disposition,other_adjustments_expense,total_expenses,total_tca_nbv,total_non_financial_assets_502,opening_debt,new_debt,debt_repayment,closing_debt,interest_expense,debt_financing_cost,revenue_for_limit,liability_servicing_limit,actual_debt_servicing,debt_servicing_capacity,tax_levy,taxes_imposed,current_taxes_collected,arrears_collected,total_taxes_collected,ending_taxes_receivable,tca_historical_cost,tca_accumulated_amortization,tca_net_book_value,tca_asset_additions,tca_replacement_value,tca_replacement_value_amortization,municipality_id,selection_label,key,selection_year_key,population_band,total_reserves,government_transfers,investment_and_other_revenue,cash_operating_expense,annual_surplus,operating_margin,revenue_per_capita,expense_per_capita,net_financial_assets_per_capita,reserves_per_capita,debt_per_capita,cash_to_liabilities,capital_reinvestment_rate,asset_condition_ratio,debt_service_headroom_pct,tax_collection_rate,peer_median_revenue_per_capita,bc_median_revenue_per_capita,peer_median_expense_per_capita,bc_median_expense_per_capita,peer_median_net_financial_assets_per_capita,bc_median_net_financial_assets_per_capita,peer_median_reserves_per_capita,bc_median_reserves_per_capita,peer_median_debt_per_capita,bc_median_debt_per_capita,peer_median_cash_to_liabilities,bc_median_cash_to_liabilities,peer_median_capital_reinvestment_rate,bc_median_capital_reinvestment_rate,peer_median_asset_condition_ratio,bc_median_asset_condition_ratio,peer_median_debt_service_headroom_pct,bc_median_debt_service_headroom_pct,peer_median_tax_collection_rate,bc_median_tax_collection_rate,peer_median_operating_margin,bc_median_operating_margin
100 Mile House,D,CAR,2019,2019.0,5189.0,57.0,13607758.0,55775.0,15328455.0,440953.0,77230.0,2620228.0,12708227.0,35881937.0,0.0,0.0,11914045.0,35686438.0,48590164.0,3072768.0,1474865.0,0.0,2136844.0,446756.0,288672.0,735827.0,0.0,1055.0,1668899.0,9825686.0,2052239.0,676565.0,129164.0,29142.0,418669.0,1175011.0,111087.0,377162.0,341590.0,0.0,1231439.0,,0.0,0.0,6542068.0,35763667.0,35881937.0,1396752.0,0.0,1275179.0,77230.0,67131.0,1342310.0,6486834.0,1621709.0,1342310.0,279399.0,5317989.0,5400219.0,4877125.0,52316.0,5344444.0,55775.0,59738422.0,23974755.0,35763667.0,3371108.0,8315007.0,0.0,100-mile-house-d,100 Mile House,100-mile-house-d|2019,100 Mile House|2019,"Under 5,000",11914045.0,2583600.0,2694453.0,5243498.0,3283618.0,0.3341871498844966,4866.610203070827,3240.251609707776,6294.3174839029225,5900.963348192175,38.251609707776126,5.193348823079519,0.40542455346098927,1.0,0.17228676661472558,0.9896717151656257,,,,,,,,,,,,,,,,,,,,,,
100 Mile House,D,CAR,2020,2012.0,5189.0,57.0,14941418.0,69009.0,18568748.0,363195.0,49656.0,3032079.0,15536669.0,36155246.0,0.0,0.0,12077591.0,35983937.0,51691915.0,3142829.0,1404708.0,16347.0,1542168.0,521403.0,148610.0,1612428.0,0.0,3474.0,267312.0,8659279.0,837941.0,662178.0,108774.0,25592.0,588555.0,1100566.0,86655.0,330885.0,329261.0,0.0,1461608.0,,19501.0,0.0,5551516.0,36033593.0,36155246.0,77230.0,0.0,12637.0,49656.0,18158.0,30795.0,4962712.0,1240678.0,30795.0,1209883.0,5153464.0,5226415.0,4690291.0,34268.0,5157406.0,69009.0,61171690.0,25138097.0,36033593.0,1784403.0,2173346.0,0.0,100-mile-house-d,100 Mile House,100-mile-house-d|2020,100 Mile House|2020,"Under 5,000",12077591.0,2079918.0,2031824.0,4071750.0,3107763.0,0.35889396796199774,4303.816600397614,2759.202783300199,7722.002485089463,6002.778827037773,24.679920477137177,4.927779916024615,0.8210395399536015,1.0,0.9751788941207953,0.98679611167502,,,,,,,,,,,,,,,,,,,,,,
100 Mile House,D,CAR,2021,2016.0,5189.0,57.0,18059084.0,89172.0,19609973.0,374546.0,38135.0,3607461.0,16002512.0,38339708.0,0.0,0.0,14730990.0,36195867.0,54342220.0,3157660.0,1230930.0,14220.0,1070363.0,551120.0,109557.0,1196737.0,1133768.0,14666.0,213649.0,8692670.0,942337.0,821450.0,115331.0,39096.0,631863.0,1222655.0,127920.0,382800.0,266187.0,0.0,1493519.0,,0.0,5278.0,6048436.0,38218609.0,38339708.0,49656.0,0.0,5278.0,38135.0,5514.0,10792.0,4723454.0,1180864.0,10792.0,1170072.0,5515399.0,5602247.0,5419653.0,33844.0,5513075.0,89172.0,64722115.0,26503506.0,38218609.0,3678534.0,4301667.0,0.0,100-mile-house-d,100 Mile House,100-mile-house-d|2021,100 Mile House|2021,"Under 5,000",14730990.0,1635703.0,2668377.0,4549403.0,2644234.0,0.3041912323831458,4311.840277777777,3000.21626984127,7937.753968253968,7307.038690476191,18.916170634920636,5.006037210104281,0.8551415067693524,1.0,0.9908609289469406,0.9840828153417727,,,,,,,,,,,,,,,,,,,,,,
100 Mile House,D,CAR,2022,2026.0,5189.0,57.0,16969220.0,101129.0,18828241.0,296603.0,26038.0,3472711.0,15355530.0,41023615.0,0.0,0.0,15361537.0,40448019.0,56379145.0,3015003.0,1168318.0,40778.0,1953284.0,538160.0,349111.0,665340.0,389400.0,184109.0,261047.0,8564550.0,1076178.0,763297.0,112199.0,34981.0,594746.0,1390454.0,126143.0,484814.0,303072.0,0.0,1636460.0,,0.0,5280.0,6527624.0,40474057.0,41023615.0,38135.0,0.0,5278.0,26038.0,7409.0,12687.0,4977898.0,1244475.0,12687.0,1222838.0,5340722.0,5450827.0,4818923.0,64392.0,5349698.0,101129.0,68577975.0,28103918.0,40474057.0,3957800.0,4687182.0,0.0,100-mile-house-d,100 Mile House,100-mile-house-d|2022,100 Mile House|2022,"Under 5,000",15361537.0,2532222.0,1849007.0,4883755.0,2036926.0,0.2378322270288573,4227.319842053307,3221.9269496544916,7579.234945705824,7582.199901283317,12.851924975320829,4.886447504557679,0.844387949945191,1.0,0.9826135518993954,0.9814470354681959,,,,,,,,,,,,,,,,,,,,,,
100 Mile House,D,CAR,2023,2083.0,5189.0,57.0,19156595.0,223697.0,20435262.0,701279.0,13336.0,2504166.0,17931096.0,41613421.0,0.0,0.0,16863872.0,40064243.0,59544517.0,3138612.0,1569199.0,207500.0,2225223.0,557155.0,1004644.0,0.0,3000.0,0.0,0.0,8705333.0,981176.0,746542.0,127752.0,0.0,616960.0,1367718.0,141508.0,564248.0,263495.0,32527.0,1846957.0,41687.0,17618.0,0.0,6748188.0,40958042.0,41613421.0,26038.0,0.0,5278.0,13336.0,3927.0,9205.0,5789162.0,1447291.0,9205.0,1438086.0,5679811.0,5887993.0,5124158.0,85814.0,5664296.0,223697.0,70959253.0,30001211.0,40958042.0,2126824.0,3978488.0,0.0,100-mile-house-d,100 Mile House,100-mile-house-d|2023,100 Mile House|2023,"Under 5,000",16863872.0,2989878.0,1007644.0,4897304.0,1957145.0,0.22482138247899305,4179.22851656265,3239.648583773404,8608.303408545367,8095.953912626021,6.402304368698992,7.649890222932505,0.5345809764915717,1.0,0.9936398416075275,0.9620079371697623,,,,,,,,,,,,,,,,,,,,,,
100 Mile House,D,CAR,2024,2083.0,5189.0,57.0,18530754.0,213632.0,20027579.0,555947.0,0.0,2441445.0,17586134.0,42664765.0,0.0,0.0,15647339.0,41323040.0,60250899.0,3195706.0,2293313.0,151201.0,1150703.0,128926.0,982855.0,0.0,13846.0,25805.0,0.0,7942355.0,1171774.0,762724.0,132598.0,0.0,380190.0,1439756.0,190018.0,688128.0,376261.0,121402.0,1860712.0,39510.0,72901.0,0.0,7235974.0,42417550.0,42664765.0,13337.0,0.0,5278.0,0.0,3615.0,8893.0,6665880.0,1666470.0,8893.0,1657577.0,5965744.0,6313425.0,5373659.0,238591.0,6099793.0,213632.0,73302743.0,30885193.0,42417550.0,3338540.0,176317528.0,4471702.0,100-mile-house-d,100 Mile House,100-mile-house-d|2024,100 Mile House|2024,"Under 5,000",15647339.0,1430830.0,1022506.0,5371647.0,706381.0,0.08893848235189689,3812.940470475276,3473.8233317330773,8442.695151224196,7511.924627940471,0.0,7.590076368707876,0.0189348162821339,0.974638358133061,0.9946635703012956,0.9661622653314168,4486.511144130758,3546.5079302077975,3557.844717668488,2783.665107049771,5496.677373974208,2437.8724475115623,3386.4506393861893,1604.3462673977224,624.7436119532265,518.5374381567245,3.324657351485151,1.7099330852451193,0.02521828600111612,0.02529861000232605,0.9816336034641139,0.9815511712696461,0.8531878894527055,0.8619101997275483,0.9614729661922712,0.9623635142836453,0.23352896680225554,0.19976549769108282
Abbotsford,C,FVR,2019,158457.0,37893.0,954.0,498953000.0,5739000.0,541951000.0,24662000.0,51810000.0,271773000.0,270178000.0,1441653000.0,50433000.0,55385000.0,118414000.0,1387757000.0,1711831000.0,152032000.0,90482000.0,12001000.0,13831000.0,0.0,9618000.0,0.0,23239000.0,653000.0,3864000.0,305720000.0,16427000.0,76897000.0,8683000.0,510000.0,3631000.0,32367000.0,38241000.0,10445000.0,8026000.0,10722000.0,38251000.0,,0.0,1000.0,244201000.0,1439567000.0,1441653000.0,55325000.0,0.0,2328000.0,51810000.0,4250000.0,6578000.0,257700000.0,64425000.0,6578000.0,57847000.0,227841000.0,234626000.0,201795000.0,4189000.0,228887000.0,5739000.0,2399793000.0,960226000.0,1439567000.0,55381000.0,499674000.0,0.0,abbotsford-c,Abbotsford,abbotsford-c|2019,Abbotsford|2019,"100,000 and over",224232000.0,25832000.0,37374000.0,201700000.0,61519000.0,0.20122661258668062,1929.356229134718,1541.118410672927,1705.05563023407,1415.096840152218,326.9656752305042,1.8359182111541617,0.11083426394008894,1.0,0.8978967792006208,0.9755397952486085,,,,,,,,,,,,,,,,,,,,,,
Abbotsford,C,FVR,2020,161581.0,37893.0,955.0,558499000.0,5365000.0,598494000.0,21756000.0,47804000.0,285609000.0,312885000.0,1437358000.0,58760000.0,61048000.0,134392000.0,1387256000.0,1750243000.0,158120000.0,78997000.0,6397000.0,23484000.0,0.0,10224000.0,0.0,27925000.0,0.0,0.0,305147000.0,18466000.0,82152000.0,9865000.0,1129000.0,3503000.0,30699000.0,31586000.0,10861000.0,8397000.0,10623000.0,37562000.0,,22023000.0,0.0,266866000.0,1435060000.0,1437358000.0,51675000.0,0.0,2543000.0,47804000.0,4250000.0,6793000.0,248618343.0,62154586.0,6793000.0,55361586.0,224937000.0,231787000.0,198561700.0,4638000.0,226422000.0,5365000.0,2427385000.0,992325000.0,1435060000.0,56169000.0,483710000.0,0.0,abbotsford-c,Abbotsford,abbotsford-c|2020,Abbotsford|2020,"100,000 and over",254200000.0,29881000.0,38149000.0,225054000.0,38281000.0,0.12545101213513488,1888.5079310067397,1651.5926996367148,1936.397224921247,1573.204770362852,295.85161621725325,1.955467089622526,0.11612122966240103,1.0,0.8907079841220404,0.9768537493474613,,,,,,,,,,,,,,,,,,,,,,
Abbotsford,C,FVR,2021,165070.0,37893.0,955.0,617689000.0,4796000.0,669825000.0,33396000.0,43965000.0,320720000.0,349105000.0,1454171000.0,66222000.0,65785000.0,147227000.0,1407539000.0,1803276000.0,163829000.0,97940000.0,15867000.0,22671000.0,108000.0,9040000.0,0.0,14903000.0,0.0,0.0,324358000.0,18812000.0,100111000.0,10903000.0,2226000.0,3223000.0,31435000.0,33909000.0,10201000.0,8431000.0,11175000.0,42767000.0,,-1868000.0,0.0,271325000.0,1451504000.0,1454171000.0,47804000.0,0.0,2365000.0,43965000.0,4250000.0,6615000.0,272265105.0,68066276.0,6615000.0,61451276.0,251341000.0,257786000.0,225176000.0,4441000.0,252990000.0,4796000.0,2479090000.0,1027586000.0,1451504000.0,60881000.0,503954000.0,0.0,abbotsford-c,Abbotsford,abbotsford-c|2021,Abbotsford|2021,"100,000 and over",279234000.0,38646000.0,23943000.0,224308000.0,53033000.0,0.16350143976717085,1964.9724359362694,1643.6966135578846,2114.8906524504755,1691.6096201611438,266.3415520688193,1.9259447493140434,0.12080666092540192,1.0,0.9028153090085316,0.981395421008123,,,,,,,,,,,,,,,,,,,,,,
Abbotsford,C,FVR,2022,168478.0,37893.0,955.0,646833000.0,6255000.0,703340000.0,44832000.0,39972000.0,343825000.0,359515000.0,1498692000.0,69688000.0,70736000.0,150933000.0,1453920000.0,1858207000.0,173268000.0,114012000.0,1435000.0,31799000.0,7001000.0,10168000.0,0.0,10644000.0,188000.0,0.0,348515000.0,21978000.0,89077000.0,10100000.0,3066000.0,3675000.0,55371000.0,36877000.0,11014000.0,9341000.0,11187000.0,41898000.0,,0.0,0.0,293584000.0,1493892000.0,1498692000.0,43965000.0,0.0,2316000.0,39972000.0,4250000.0,6566000.0,298439000.0,74609750.0,6566000.0,64821750.0,267701000.0,273758000.0,240425000.0,3694000.0,267503000.0,6255000.0,2559654000.0,1065762000.0,1493892000.0,85181000.0,551952000.0,0.0,abbotsford-c,Abbotsford,abbotsford-c|2022,Abbotsford|2022,"100,000 and over",291357000.0,40235000.0,21000000.0,247436000.0,54931000.0,0.157614449880206,2068.608364296822,1742.5657949405856,2133.8987879723168,1729.3474518928288,237.25352865062501,1.8812855377008653,0.1543268255210598,1.0,0.8688107117367369,0.9771513526545343,,,,,,,,,,,,,,,,,,,,,,
Abbotsford,C,FVR,2023,175589.0,37893.0,955.0,780043000.0,7649000.0,846726000.0,58989000.0,35784000.0,466758000.0,379968000.0,1561341000.0,74030000.0,76339000.0,159300000.0,1514845000.0,1941309000.0,187277000.0,111247000.0,8425000.0,46368000.0,7249000.0,19501000.0,0.0,9551000.0,1151000.0,0.0,390769000.0,27801000.0,99867000.0,10193000.0,3024000.0,4316000.0,41662000.0,40236000.0,16021000.0,11722000.0,12585000.0,40207000.0,33000.0,0.0,0.0,307667000.0,1554791000.0,1561341000.0,39972000.0,0.0,2521000.0,35784000.0,4252000.0,6773000.0,318367000.0,79591750.0,6773000.0,69510350.0,292289500.0,300163000.0,264788300.0,4731700.0,22994000.0,7649000.0,2659431000.0,1104640000.0,1554791000.0,101378000.0,638703000.0,0.0,abbotsford-c,Abbotsford,abbotsford-c|2023,Abbotsford|2023,"100,000 and over",309669000.0,62042000.0,30203000.0,263208000.0,83102000.0,0.21266272401341968,2225.4753999396316,1752.199739163615,2163.9624350044705,1763.6013645501712,203.7940873289329,1.6711936378165988,0.15872479070867054,1.0,0.8733361183791034,0.07660504459243811,,,,,,,,,,,,,,,,,,,,,,
Abbotsford,C,FVR,2024,175589.0,37893.0,957.0,824233000.0,9657000.0,886274000.0,49196000.0,31436000.0,503881000.0,382393000.0,1625148000.0,74530000.0,85195000.0,160028000.0,1581190000.0,2007541000.0,200014000.0,121396000.0,18923000.0,21017000.0,0.0,25999000.0,0.0,33507000.0,1024000.0,0.0,421880000.0,28548000.0,111034000.0,9667000.0,387000.0,5108000.0,79733000.0,42859000.0,15091000.0,10459000.0,14461000.0,38214000.0,87000.0,0.0,0.0,355648000.0,1616892000.0,1625148000.0,35784000.0,0.0,2482000.0,31436000.0,4184000.0,6666000.0,347715000.0,86928750.0,6666000.0,76983150.0,311495300.0,321159560.0,282594300.0,5586436.0,311378736.0,9657000.0,2758390000.0,1141498000.0,1616892000.0,100669000.0,4514715000.0,29599000.0,abbotsford-c,Abbotsford,abbotsford-c|2024,Abbotsford|2024,"100,000 and over",319753000.0,39940000.0,60530000.0,313250000.0,66232000.0,0.15699250971840334,2402.656202837308,2025.4571755633895,2177.773095125549,1821.0309301835537,179.0317161097791,1.6357691597817738,0.022297974512233885,0.9934438829472071,0.8855890600060394,0.9695452814793992,3003.390678329474,3546.5079302077975,2379.369597210911,2783.665107049771,2052.765446183268,2437.8724475115623,1093.3312652075697,1604.3462673977224,312.26099706744867,518.5374381567245,1.6357691597817738,1.7099330852451193,0.025378934003535983,0.02529861000232605,0.9802497344746216,0.9815511712696461,0.9023585311053542,0.8619101997275483,0.9669710895067201,0.9623635142836453,0.27009754429306687,0.19976549769108282
Alert Bay,V,MW,2019,473.0,179.0,9.0,2394534.0,67456.0,2622348.0,342835.0,367090.0,1207596.0,1414752.0,6378652.0,0.0,0.0,149380.0,5988343.0,7793404.0,450544.0,754269.0,0.0,657933.0,5091.0,46111.0,0.0,0.0,0.0,0.0,1913948.0,432296.0,50269.0,161122.0,0.0,74738.0,155589.0,62338.0,38956.0,134257.0,175868.0,351778.0,,0.0,0.0,1637211.0,6355433.0,6378652.0,421239.0,0.0,35291.0,367090.0,45120.0,80411.0,1661899.0,415475.0,80411.0,334169.0,576333.0,632246.0,409690.0,22103.0,564790.0,67456.0,12979305.0,6623872.0,6355433.0,222687.0,362518.0,0.0,alert-bay-v,Alert Bay,alert-bay-v|2019,Alert Bay|2019,"Under 5,000",149380.0,663024.0,46111.0,1240313.0,276737.0,0.14458961267495252,4046.4016913319238,3461.3340380549685,2991.019027484144,315.8139534883721,776.0887949260042,1.9828932855027674,0.6142784634142304,1.0,0.8043059149166617,0.893307351885184,,,,,,,,,,,,,,,,,,,,,,
Alert Bay,V,MW,2020,441.0,179.0,9.0,2618157.0,44635.0,2832140.0,116181.0,311047.0,876479.0,1955661.0,6394658.0,0.0,0.0,184380.0,6060243.0,8350319.0,447704.0,722056.0,174125.0,808784.0,11549.0,52426.0,0.0,0.0,0.0,0.0,2216644.0,472410.0,59358.0,194915.0,0.0,78334.0,156208.0,35515.0,41216.0,138523.0,129932.0,353318.0,,0.0,0.0,1659729.0,6371290.0,6394658.0,367090.0,0.0,35291.0,311047.0,45120.0,80411.0,1655434.0,413859.0,80411.0,330521.0,593792.0,655169.0,440565.0,43977.0,610534.0,44635.0,13348480.0,6977190.0,6371290.0,369175.0,185981.0,0.0,alert-bay-v,Alert Bay,alert-bay-v|2020,Alert Bay|2020,"Under 5,000",184380.0,994458.0,52426.0,1261291.0,556915.0,0.2512424187194696,5026.403628117914,3763.5578231292516,4434.60544217687,418.0952380952381,705.3219954648526,2.9871303248566137,1.9850145982654142,1.0,0.7986319012030667,0.9318725397569176,,,,,,,,,,,,,,,,,,,,,,
Alert Bay,V,MW,2021,434.0,179.0,9.0,3296427.0,49698.0,3502935.0,122868.0,252460.0,1136098.0,2366837.0,6095500.0,0.0,0.0,219380.0,5820086.0,8462337.0,447466.0,742075.0,0.0,516823.0,4982.0,48375.0,0.0,0.0,0.0,0.0,1759721.0,412127.0,57470.0,182534.0,0.0,71130.0,214348.0,44685.0,35311.0,164116.0,135775.0,330207.0,,0.0,0.0,1647703.0,6072546.0,6095500.0,311047.0,0.0,39119.0,252460.0,54193.0,93312.0,1662266.0,415567.0,93312.0,319256.0,621363.0,673785.0,465889.0,29901.0,624087.0,49698.0,13379943.0,7307397.0,6072546.0,31463.0,217444.0,0.0,alert-bay-v,Alert Bay,alert-bay-v|2021,Alert Bay|2021,"Under 5,000",219380.0,521805.0,48375.0,1263303.0,112018.0,0.06365668193992116,4054.65668202765,3796.5506912442397,5453.541474654377,505.48387096774195,581.705069124424,2.9015340225931214,0.14469472599841798,1.0,0.7682419441389716,0.9262405663527683,,,,,,,,,,,,,,,,,,,,,,
Alert Bay,V,MW,2022,466.0,179.0,9.0,3683284.0,90519.0,3980896.0,181680.0,192115.0,1077235.0,2903661.0,5984402.0,0.0,0.0,254380.0,5782688.0,8888063.0,505010.0,779622.0,50242.0,815108.0,17863.0,87938.0,0.0,0.0,0.0,0.0,2255783.0,464177.0,33997.0,200336.0,0.0,137090.0,254988.0,52927.0,56552.0,174452.0,137904.0,317634.0,,0.0,0.0,1830057.0,5974804.0,5984402.0,252460.0,0.0,39119.0,192115.0,54920.0,94039.0,1872264.0,468066.0,94039.0,370956.0,743792.0,802684.0,560525.0,19503.0,712165.0,90519.0,13599835.0,7625031.0,5974804.0,219892.0,353220.0,0.0,alert-bay-v,Alert Bay,alert-bay-v|2022,Alert Bay|2022,"Under 5,000",254380.0,883213.0,87938.0,1457503.0,425726.0,0.1887264865459133,4840.7360515021455,3927.1609442060085,6231.032188841202,545.8798283261802,412.2639484978541,3.4192019382957293,0.6225355302644244,1.0,0.7925292586942867,0.8872295947097488,,,,,,,,,,,,,,,,,,,,,,
Alert Bay,V,MW,2023,463.0,179.0,9.0,4473978.0,73271.0,4715309.0,207049.0,129959.0,2431217.0,2284092.0,7314157.0,0.0,0.0,972514.0,5795495.0,9598249.0,541509.0,823226.0,0.0,1389375.0,12547.0,196322.0,0.0,0.0,0.0,0.0,2962979.0,465859.0,33432.0,335897.0,0.0,143595.0,171502.0,65107.0,50009.0,166551.0,453468.0,367373.0,0.0,0.0,0.0,2252793.0,7281642.0,7314157.0,192115.0,0.0,39119.0,129959.0,57792.0,96911.0,1917434.0,479359.0,96911.0,382448.0,761202.0,862717.0,579259.0,75472.0,789446.0,73271.0,15274046.0,7992404.0,7281642.0,318022.0,275374.0,0.0,alert-bay-v,Alert Bay,alert-bay-v|2023,Alert Bay|2023,"Under 5,000",972514.0,1401922.0,196322.0,1827628.0,710186.0,0.23968647769693946,6399.5226781857455,4865.643628509719,4933.244060475162,2100.4622030237583,280.6889848812095,1.8402215844986276,1.1548730090712993,1.0,0.7978321049568278,0.915069483967512,,,,,,,,,,,,,,,,,,,,,,
Alert Bay,V,MW,2024,463.0,179.0,9.0,4691492.0,74720.0,4961576.0,114421.0,65940.0,2232617.0,2728959.0,7450498.0,0.0,0.0,1057512.0,5964573.0,10179457.0,537383.0,895852.0,330559.0,705855.0,18280.0,220500.0,0.0,0.0,0.0,0.0,2708429.0,480010.0,65117.0,202397.0,0.0,235778.0,145185.0,78800.0,78788.0,150954.0,286958.0,403232.0,0.0,0.0,0.0,2127219.0,7419248.0,7450498.0,129959.0,0.0,39119.0,65940.0,58179.0,97298.0,2042640.0,510660.0,97298.0,410636.0,809151.0,888072.0,615701.0,61002.0,813352.0,74720.0,15814884.0,8395636.0,7419248.0,508290.0,31702564.0,744828.0,alert-bay-v,Alert Bay,alert-bay-v|2024,Alert Bay|2024,"Under 5,000",1057512.0,1054694.0,220500.0,1665808.0,581210.0,0.21459303529832238,5849.738660907127,4594.425485961123,5894.079913606912,2284.0431965442763,142.41900647948165,2.1013420573255512,0.016033088049282072,0.9765057488725517,0.8041279912270395,0.915862677800899,4648.097865362712,3546.5079302077975,3428.422456291105,2783.665107049771,5030.364110900993,2437.8724475115623,2420.45,1604.3462673977224,224.31236112962716,518.5374381567245,2.204313821553219,1.7099330852451193,0.030042455998363887,0.02529861000232605,0.9786113537119745,0.9815511712696461,0.9039920521842442,0.8619101997275483,0.9333160528846489,0.9623635142836453,0.20869205825466772,0.19976549769108282
Anmore,V,GVR,2019,2515.0,2775.0,20.0,12187658.0,301625.0,12913392.0,199220.0,0.0,4275948.0,8637444.0,59196111.0,474750.0,0.0,5983674.0,59132243.0,67833555.0,2360944.0,1198418.0,0.0,396925.0,366816.0,240042.0,0.0,177188.0,0.0,0.0,4740333.0,967222.0,168858.0,175582.0,0.0,260623.0,333045.0,0.0,597330.0,0.0,0.0,996736.0,,39081.0,0.0,3538477.0,59132244.0,59196111.0,0.0,0.0,0.0,0.0,0.0,0.0,4519696.0,1129924.0,0.0,1129924.0,5753930.0,5936186.0,5542585.0,91976.0,5634561.0,301625.0,73837562.0,14705318.0,59132244.0,166964.0,37790548.0,0.0,anmore-v,Anmore,anmore-v|2019,Anmore|2019,"Under 5,000",6458424.0,763741.0,417230.0,2541741.0,1201856.0,0.25353830627510765,1884.824254473161,1406.9491053677932,3434.3713717693836,2567.961829025845,0.0,2.8502820894922016,0.004418141806252717,1.0,1.0,0.9491887552040991,,,,,,,,,,,,,,,,,,,,,,
Anmore,V,GVR,2020,2412.0,2775.0,20.0,13234805.0,404765.0,14619240.0,871591.0,0.0,4839174.0,9780066.0,59593176.0,427749.0,0.0,6714556.0,59486253.0,69373242.0,2516820.0,1145258.0,61738.0,1248841.0,525575.0,162560.0,0.0,52518.0,0.0,0.0,5713310.0,1023730.0,189186.0,204998.0,0.0,237121.0,433174.0,0.0,663372.0,0.0,0.0,1396555.0,,24871.0,0.0,4173007.0,59486252.0,59593176.0,0.0,0.0,0.0,0.0,0.0,0.0,4215024.0,1053756.0,0.0,1053756.0,6065177.0,6413533.0,5733876.0,156653.0,6008768.0,404765.0,73509862.0,14023610.0,59486252.0,1775434.0,58501685.0,887465.0,anmore-v,Anmore,anmore-v|2020,Anmore|2020,"Under 5,000",7142305.0,1836154.0,215078.0,2776452.0,1540303.0,0.26959905903933096,2368.7023217247097,1730.1024046434495,4054.7537313432836,2961.1546434494194,0.0,2.7349305893939753,0.030348425006903646,0.9848300950647831,1.0,0.9368889191027785,,,,,,,,,,,,,,,,,,,,,,
Anmore,V,MVRD,2021,2632.0,2775.0,20.0,15780723.0,199276.0,16732984.0,657150.0,0.0,4543791.0,12189193.0,59087495.0,404424.0,0.0,7854784.0,59014948.0,71276688.0,2592650.0,1302082.0,0.0,356110.0,440796.0,85326.0,0.0,1093500.0,44416.0,0.0,5914880.0,1138867.0,245057.0,200660.0,0.0,223899.0,488791.0,0.0,636565.0,0.0,0.0,1077595.0,,0.0,0.0,4011434.0,59014948.0,59087495.0,0.0,0.0,0.0,0.0,0.0,0.0,4597281.0,1149320.0,0.0,1149320.0,6531548.0,6981926.0,6245552.0,381765.0,6782650.0,199276.0,73909419.0,14894471.0,59014948.0,606290.0,55447430.0,1076029.0,anmore-v,Anmore,anmore-v|2021,Anmore|2021,"Under 5,000",8259208.0,796906.0,1223242.0,2933839.0,1903446.0,0.32180635955420905,2247.2948328267476,1524.1010638297873,4631.1523556231,3137.996960486322,0.0,3.4730301195631577,0.010934501382661018,0.9805937083107369,1.0,0.9714583053443993,,,,,,,,,,,,,,,,,,,,,,
Anmore,V,MVRD,2022,2485.0,2775.0,20.0,16848672.0,205779.0,19941529.0,3100400.0,0.0,7155494.0,12786035.0,61730070.0,412312.0,0.0,8015897.0,61662424.0,74516105.0,2669828.0,1409069.0,0.0,456000.0,2392611.0,278870.0,0.0,0.0,0.0,0.0,7206378.0,1177075.0,252526.0,214482.0,0.0,93165.0,585180.0,0.0,573399.0,0.0,0.0,1071135.0,,0.0,0.0,3966962.0,61662424.0,61730070.0,0.0,0.0,0.0,0.0,0.0,0.0,4813767.0,1203442.0,0.0,1203442.0,6675047.0,6926009.0,6387307.0,165283.0,6720230.0,205779.0,77628027.0,15965603.0,61662424.0,3718611.0,61662423.0,1071135.0,anmore-v,Anmore,anmore-v|2022,Anmore|2022,"Under 5,000",8428209.0,2848611.0,278870.0,2895827.0,3239416.0,0.4495206884790112,2899.9509054325954,1596.3629778672032,5145.285714285715,3391.6334004024143,0.0,2.3546483303598604,0.060305950027296204,0.9826290478400436,1.0,0.9702889499566056,,,,,,,,,,,,,,,,,,,,,,
Anmore,V,MVRD,2023,2533.0,2775.0,20.0,15609983.0,283849.0,18438044.0,2774277.0,2500000.0,9185794.0,9252250.0,70184412.0,432683.0,0.0,7869812.0,67576710.0,79436662.0,2890637.0,1396627.0,1395994.0,2090000.0,415671.0,624280.0,0.0,450000.0,0.0,0.0,9263209.0,1249508.0,277453.0,235830.0,0.0,119222.0,664239.0,0.0,638085.0,0.0,0.0,1153853.0,0.0,4461.0,0.0,4342651.0,70076710.0,70184412.0,0.0,2500000.0,0.0,2500000.0,0.0,0.0,5271544.0,1317886.0,0.0,1317886.0,7203536.0,7466037.0,6904579.0,141841.0,7182188.0,283849.0,87187302.0,17110592.0,70076710.0,9602077.0,49117013.0,0.0,anmore-v,Anmore,anmore-v|2023,Anmore|2023,"Under 5,000",8302495.0,3901665.0,1074280.0,3188798.0,4920558.0,0.5311936716530956,3657.011054086064,1714.4299249901303,3652.6845637583892,3277.731938412949,986.9719699960522,1.6993613181397276,0.19549391165134575,1.0,1.0,0.9619813027982583,,,,,,,,,,,,,,,,,,,,,,
Anmore,V,MVRD,2024,2533.0,2775.0,20.0,16476469.0,410070.0,18480016.0,1397023.0,2436997.0,7667449.0,10812567.0,71000880.0,453223.0,0.0,8576825.0,68563883.0,81813447.0,3154395.0,1742974.0,835175.0,401400.0,626155.0,630664.0,0.0,150000.0,0.0,0.0,7540763.0,1661908.0,191896.0,254887.0,0.0,288471.0,629698.0,0.0,637859.0,0.0,0.0,1499260.0,0.0,0.0,0.0,5163979.0,70895253.0,71000880.0,2500000.0,0.0,62496.0,2436997.0,123743.0,186239.0,5928926.0,1482232.0,186239.0,1295993.0,7738920.0,8091410.0,7393608.0,142930.0,7681340.0,410070.0,89505104.0,18609851.0,70895253.0,2317801.0,112640548.0,1906000.0,anmore-v,Anmore,anmore-v|2024,Anmore|2024,"Under 5,000",9030048.0,1862730.0,780664.0,3540976.0,2376784.0,0.3151914468071732,2977.0086853533357,2038.6810106592973,4268.680221081721,3564.9617054875644,962.0990919857876,2.148885372436126,0.020576968428811265,0.9830789175493003,0.8743523281105792,0.949320328595387,4648.097865362712,3546.5079302077975,3428.422456291105,2783.665107049771,5030.364110900993,2437.8724475115623,2420.45,1604.3462673977224,224.31236112962716,518.5374381567245,2.204313821553219,1.7099330852451193,0.030042455998363887,0.02529861000232605,0.9786113537119745,0.9815511712696461,0.9039920521842442,0.8619101997275483,0.9333160528846489,0.9623635142836453,0.20869205825466772,0.19976549769108282
Armstrong,C,NOK,2019,5499.0,523.0,36.0,8494855.0,189073.0,9752717.0,938074.0,846510.0,2647453.0,7105264.0,46189442.0,679998.0,2070489.0,3549660.0,45268657.0,53294706.0,2917289.0,3314663.0,0.0,777647.0,538269.0,187869.0,0.0,9000.0,0.0,0.0,7744737.0,738155.0,1100089.0,200959.0,24778.0,123724.0,778649.0,1002487.0,635231.0,675889.0,64434.0,1318306.0,,0.0,0.0,6662701.0,46115167.0,46189442.0,932338.0,0.0,76686.0,846510.0,29850.0,106536.0,6996518.0,1749130.0,106536.0,1642594.0,5585946.0,5794043.0,3933959.0,149283.0,5604970.0,189073.0,74363691.0,28248524.0,46115167.0,1854036.0,1556927.0,0.0,armstrong-c,Armstrong,armstrong-c|2019,Armstrong|2019,"5,000 to 19,999",6300147.0,1315916.0,196869.0,5314545.0,1082036.0,0.1397124266453464,1408.3900709219859,1211.6204764502636,1292.1011092925987,1145.6895799236224,153.93889798145116,3.2086896349057,1.190830398599292,1.0,0.9390920057399964,0.9673676912649768,,,,,,,,,,,,,,,,,,,,,,
Armstrong,C,NOK,2020,5433.0,523.0,37.0,10522607.0,130253.0,12057347.0,1400685.0,781427.0,3572366.0,8484981.0,48423839.0,568262.0,1978251.0,4164235.0,47582440.0,56908820.0,3090497.0,3434756.0,270486.0,2248580.0,0.0,141892.0,0.0,1721884.0,7500.0,0.0,10915595.0,800680.0,1199764.0,206957.0,15362.0,183813.0,747391.0,788089.0,711165.0,1207771.0,48052.0,1373369.0,,19068.0,0.0,7301481.0,48338401.0,48423839.0,846510.0,0.0,54185.0,781427.0,29850.0,84035.0,7246851.0,1811713.0,84035.0,1727678.0,5798648.0,6215954.0,4162284.0,344007.0,6085701.0,130253.0,77687154.0,29348753.0,48338401.0,3615670.0,1556927.0,0.0,armstrong-c,Armstrong,armstrong-c|2020,Armstrong|2020,"5,000 to 19,999",6710748.0,2519066.0,1871276.0,5898262.0,3614114.0,0.33109638091189714,2009.1284741395177,1343.9133075648813,1561.7487575924904,1235.1827719491994,143.8297441560832,2.945556810248446,2.3223118360719543,1.0,0.9536157216954341,0.9790453726008912,,,,,,,,,,,,,,,,,,,,,,
Armstrong,C,NOK,2021,5529.0,523.0,37.0,11171415.0,193472.0,13196627.0,1153214.0,714522.0,3067393.0,10129234.0,48626541.0,1071193.0,2491699.0,4158188.0,47842646.0,58755775.0,3273690.0,4236702.0,0.0,650673.0,553443.0,123594.0,0.0,20120.0,0.0,165362.0,9023584.0,634559.0,1494218.0,296092.0,14116.0,117353.0,800587.0,919278.0,675380.0,802607.0,45445.0,1376994.0,,0.0,0.0,7176629.0,48557168.0,48626541.0,781427.0,0.0,54186.0,714522.0,29850.0,84036.0,8374069.0,2093517.0,84036.0,2009481.0,6247520.0,6429150.0,4535899.0,109472.0,6235678.0,193472.0,79282917.0,30725749.0,48557168.0,1595760.0,2194629.0,0.0,armstrong-c,Armstrong,armstrong-c|2021,Armstrong|2021,"5,000 to 19,999",7721080.0,1204116.0,309076.0,5769785.0,1846955.0,0.20468086738041116,1632.0463013203112,1297.997648761078,1832.0191716404413,1396.4695243262797,129.2316874660879,3.641990119948764,0.7271206203873183,1.0,0.9598589359436775,0.9699070639198027,,,,,,,,,,,,,,,,,,,,,,
Armstrong,C,NOK,2022,5677.0,523.0,37.0,11414080.0,218663.0,13940857.0,2579671.0,661728.0,6815508.0,7125349.0,52603363.0,2105231.0,3033789.0,4055255.0,49868604.0,59728712.0,3433125.0,4460041.0,330958.0,848470.0,0.0,252033.0,0.0,0.0,0.0,8600.0,9333227.0,713645.0,1394411.0,339332.0,8351.0,112843.0,919423.0,987211.0,1343011.0,863746.0,0.0,1568891.0,,109426.0,0.0,8360290.0,52530332.0,52603363.0,714522.0,0.0,38186.0,661728.0,67367.0,105553.0,8866593.0,2216648.0,105553.0,1753095.0,6515488.0,6914829.0,4774539.0,323137.0,6696166.0,218663.0,84780705.0,32250373.0,52530332.0,5901479.0,5953129.0,0.0,armstrong-c,Armstrong,armstrong-c|2022,Armstrong|2022,"5,000 to 19,999",9194275.0,1179428.0,260633.0,6724032.0,972937.0,0.10424443764198599,1644.042099700546,1472.6598555575129,1255.125770653514,1619.565791791439,116.56297340144442,1.6747218255777852,0.9913238903440527,1.0,0.7908765848253759,0.9683776706553409,,,,,,,,,,,,,,,,,,,,,,
Armstrong,C,NOK,2023,5899.0,523.0,37.0,28844410.0,171270.0,32021319.0,1088550.0,4606975.0,23430181.0,8591138.0,55026004.0,2351426.0,3001216.0,6067311.0,49328517.0,63617142.0,3774511.0,4631396.0,0.0,4094925.0,295599.0,617252.0,0.0,198383.0,46454.0,1600.0,13660120.0,926043.0,1781522.0,342560.0,0.0,364202.0,965082.0,1068429.0,848147.0,1189031.0,59618.0,1300069.0,40341.0,0.0,0.0,8885044.0,54920583.0,55026004.0,661728.0,2000000.0,38185.0,4606975.0,122584.0,-1839231.0,9575191.0,2393798.0,-1839231.0,4233029.0,7066339.0,7588172.0,5368626.0,423545.0,7416902.0,171270.0,88236543.0,33315960.0,54920583.0,3715759.0,2231536.0,0.0,armstrong-c,Armstrong,armstrong-c|2023,Armstrong|2023,"5,000 to 19,999",11419953.0,4390524.0,863689.0,7462391.0,4775076.0,0.3495632542027449,2315.6670622139345,1506.1949482963214,1456.3719274453297,1935.9133751483303,780.9755890828955,1.2310792648166056,1.6651127295280022,1.0,1.7683317472902893,0.9774293466199765,,,,,,,,,,,,,,,,,,,,,,
Armstrong,C,NOK,2024,5899.0,523.0,37.0,31010513.0,152717.0,34079923.0,1051583.0,4475220.0,24205820.0,9874103.0,55845302.0,3446629.0,2756987.0,7565506.0,51319625.0,65719405.0,4088217.0,4394163.0,305788.0,1341464.0,35000.0,789849.0,0.0,113288.0,29025.0,19100.0,11115894.0,935874.0,1685017.0,359250.0,0.0,568304.0,805574.0,1077010.0,933964.0,1087166.0,62409.0,1439707.0,37549.0,21807.0,0.0,9013631.0,55794845.0,55845302.0,4606975.0,0.0,113154.0,4475220.0,235639.0,348793.0,9889728.0,2472432.0,348793.0,2123639.0,7552124.0,8008631.0,5841630.0,375681.0,7855914.0,152717.0,90054897.0,34260052.0,55794845.0,2359607.0,211677072.0,3694000.0,armstrong-c,Armstrong,armstrong-c|2024,Armstrong|2024,"5,000 to 19,999",13769122.0,1682252.0,951262.0,7338285.0,2102263.0,0.18912226043177455,1884.369215121207,1527.9930496694355,1673.860484827937,2334.1451093405663,758.6404475334803,1.2811180534268205,0.011147201620400343,0.982548889376172,0.8589271615963553,0.9809309481233435,3601.3561989291247,3546.5079302077975,2957.8976990295423,2783.665107049771,1917.0647247750476,2437.8724475115623,987.5598464714869,1604.3462673977224,936.3446522221191,518.5374381567245,1.3967465323081123,1.7099330852451193,0.018327243000235003,0.02529861000232605,0.982034678745671,0.9815511712696461,0.7988058564062199,0.8619101997275483,0.970292410805516,0.9623635142836453,0.19624174475580758,0.19976549769108282
Ashcroft,V,TNR,2019,1575.0,5170.0,24.0,3712613.0,223979.0,5426102.0,379562.0,1000000.0,1773084.0,3653018.0,14723696.0,0.0,0.0,2056794.0,13243173.0,18376714.0,1500680.0,1096114.0,4595333.0,432339.0,336111.0,58934.0,0.0,30190.0,0.0,0.0,8049701.0,209913.0,154943.0,153096.0,17914.0,199601.0,533534.0,734365.0,406058.0,406032.0,0.0,287435.0,,0.0,0.0,3102891.0,14610962.0,14723696.0,382190.0,1000000.0,14401.0,1367789.0,9393.0,23794.0,3318457.0,829614.0,23794.0,499055.0,2444457.0,2611536.0,1819214.0,62950.0,2387557.0,223979.0,29027326.0,14416364.0,14610962.0,5620488.0,60788848.0,913775.0,ashcroft-v,Ashcroft,ashcroft-v|2019,Ashcroft|2019,"Under 5,000",2056794.0,5363783.0,89124.0,2806063.0,4946810.0,0.6145333845319224,5110.92126984127,1970.0895238095238,2319.376507936508,1305.9009523809523,868.4374603174604,2.0938731611136303,0.09245919580512531,0.9849680487447303,0.6015508417167502,0.914234764521722,,,,,,,,,,,,,,,,,,,,,,
Ashcroft,V,TNR,2020,1559.0,5170.0,24.0,4702696.0,162630.0,5338926.0,426567.0,0.0,734326.0,4604600.0,15259304.0,0.0,0.0,2253707.0,15234763.0,19863904.0,1497379.0,1220298.0,120735.0,1535704.0,436201.0,46017.0,0.0,0.0,0.0,0.0,4856334.0,233492.0,119714.0,108554.0,0.0,144810.0,563896.0,760340.0,563722.0,342585.0,17522.0,514509.0,,0.0,0.0,3369144.0,15234763.0,15259304.0,1367789.0,0.0,1367789.0,0.0,6940.0,1374729.0,3440616.0,860154.0,1374729.0,-841158.0,2463037.0,2712204.0,1813786.0,207192.0,2549574.0,162630.0,30147407.0,14912644.0,15234763.0,1138310.0,63836171.0,1317759.0,ashcroft-v,Ashcroft,ashcroft-v|2020,Ashcroft|2020,"Under 5,000",2253707.0,2092640.0,46017.0,2847695.0,1487190.0,0.30623717396702943,3115.0314304041053,2161.093008338679,2953.5599743425273,1445.6106478511867,0.0,6.404098452186086,0.0178317399394146,0.9793571735372412,-0.9779155825584721,0.9400376962794834,,,,,,,,,,,,,,,,,,,,,,
Ashcroft,V,TNR,2021,1578.0,5170.0,24.0,4101426.0,193407.0,4952642.0,541374.0,0.0,782121.0,4170521.0,17136183.0,0.0,0.0,2100786.0,17102225.0,21306704.0,1541797.0,1543690.0,299754.0,1443564.0,315353.0,24350.0,0.0,0.0,0.0,0.0,5168508.0,397811.0,218257.0,144729.0,0.0,114963.0,643895.0,759152.0,496743.0,354369.0,18680.0,577109.0,,0.0,0.0,3725708.0,17102225.0,17136183.0,0.0,0.0,0.0,0.0,0.0,0.0,3839920.0,959980.0,0.0,959980.0,2577242.0,2759739.0,1891403.0,134196.0,2566332.0,193407.0,32543980.0,15441755.0,17102225.0,2444573.0,1614600.0,0.0,ashcroft-v,Ashcroft,ashcroft-v|2021,Ashcroft|2021,"Under 5,000",2100786.0,2058671.0,24350.0,3148599.0,1442800.0,0.2791521266872374,3275.3536121673005,2361.0316856780737,2642.9157160963246,1331.2965779467681,0.0,5.243978872834255,1.5140424873033569,1.0,1.0,0.9299183727156807,,,,,,,,,,,,,,,,,,,,,,
Ashcroft,V,TNR,2022,1703.0,5170.0,24.0,4774880.0,257833.0,5479833.0,615074.0,0.0,622241.0,4857592.0,17698617.0,0.0,0.0,2331387.0,17649825.0,22556209.0,1733372.0,1434374.0,248228.0,1247204.0,395013.0,91592.0,0.0,0.0,0.0,0.0,5149783.0,339464.0,195138.0,152805.0,0.0,110693.0,695142.0,863101.0,533644.0,375849.0,20847.0,613595.0,,0.0,0.0,3900278.0,17649825.0,17698617.0,0.0,0.0,0.0,0.0,0.0,0.0,3800338.0,950085.0,0.0,950085.0,2896552.0,3114393.0,2163885.0,148843.0,2856560.0,257833.0,33705175.0,16055350.0,17649825.0,1161195.0,66458816.0,1252587.0,ashcroft-v,Ashcroft,ashcroft-v|2022,Ashcroft|2022,"Under 5,000",2331387.0,1890445.0,91592.0,3286683.0,1249505.0,0.24263255364352246,3023.947739283617,2290.2395772166765,2852.373458602466,1368.9882560187905,0.0,7.673682704932655,0.01747239974904157,0.9811524328089143,1.0,0.9172124391494587,,,,,,,,,,,,,,,,,,,,,,
Ashcroft,V,TNR,2023,1747.0,5170.0,24.0,5560641.0,283322.0,6651875.0,679145.0,0.0,993471.0,5658404.0,19373343.0,0.0,0.0,2608310.0,19110907.0,25031747.0,1923138.0,1491558.0,132611.0,2370142.0,407394.0,286182.0,0.0,0.0,0.0,0.0,6611025.0,327659.0,181017.0,140965.0,0.0,105347.0,752426.0,936163.0,555258.0,449486.0,21970.0,657687.0,7511.0,0.0,0.0,4135489.0,19343733.0,19373343.0,0.0,0.0,0.0,0.0,0.0,0.0,4115878.0,1028970.0,0.0,1028970.0,3217495.0,3509090.0,2492920.0,209095.0,3225768.0,283322.0,36024497.0,16680764.0,19343733.0,2126277.0,69601080.0,1365021.0,ashcroft-v,Ashcroft,ashcroft-v|2023,Ashcroft|2023,"Under 5,000",2608310.0,2910147.0,286182.0,3477802.0,2475536.0,0.37445570089358304,3784.215798511734,2367.1946193474528,3238.926159129937,1493.0223239839725,0.0,5.597185021002123,0.030549482852852285,0.9803879336355126,1.0,0.9192605490312303,,,,,,,,,,,,,,,,,,,,,,
Ashcroft,V,TNR,2024,1747.0,5170.0,24.0,7284473.0,308107.0,7884265.0,564429.0,0.0,1238117.0,6646148.0,19081162.0,0.0,0.0,3019872.0,18946226.0,25727310.0,2066172.0,1366509.0,0.0,902092.0,476512.0,332915.0,0.0,0.0,0.0,0.0,5144200.0,426216.0,190606.0,148067.0,0.0,171058.0,753640.0,959858.0,582012.0,470428.0,25568.0,713673.0,7511.0,0.0,0.0,4448637.0,18946226.0,19081162.0,0.0,0.0,0.0,0.0,0.0,0.0,4218896.0,1054724.0,0.0,1054724.0,3383417.0,3699936.0,2663654.0,229410.0,3391829.0,308107.0,36340661.0,17394435.0,18946226.0,316166.0,69731911.0,4170174.0,ashcroft-v,Ashcroft,ashcroft-v|2024,Ashcroft|2024,"Under 5,000",3019872.0,1378604.0,332915.0,3734964.0,695563.0,0.13521305547995802,2944.5907269605036,2546.4436176302233,3804.3205495134516,1728.6044647967944,0.0,5.8835093937002725,0.004534021733607731,0.9401970498126747,1.0,0.9167263974295772,4648.097865362712,3546.5079302077975,3428.422456291105,2783.665107049771,5030.364110900993,2437.8724475115623,2420.45,1604.3462673977224,224.31236112962716,518.5374381567245,2.204313821553219,1.7099330852451193,0.030042455998363887,0.02529861000232605,0.9786113537119745,0.9815511712696461,0.9039920521842442,0.8619101997275483,0.9333160528846489,0.9623635142836453,0.20869205825466772,0.19976549769108282
Barriere,D,TNR,2019,1867.0,1145.0,0.0,3325984.0,214010.0,4021069.0,609064.0,0.0,1229032.0,2792037.0,26657435.0,210071.0,0.0,1393956.0,26626314.0,29449472.0,940609.0,848310.0,0.0,473603.0,0.0,45032.0,0.0,0.0,600878.0,0.0,2908432.0,637964.0,186198.0,131349.0,0.0,265503.0,433229.0,119043.0,651432.0,237109.0,0.0,710599.0,,0.0,0.0,3372426.0,26626315.0,26657435.0,0.0,0.0,0.0,0.0,0.0,0.0,2286839.0,571710.0,0.0,571710.0,1875917.0,2081820.0,1227482.0,118431.0,1867810.0,214010.0,32935761.0,6309446.0,26626315.0,475725.0,4945629.0,0.0,barriere-d,Barriere,barriere-d|2019,Barriere|2019,"Under 5,000",1604027.0,473603.0,645910.0,2661827.0,-463994.0,-0.1595340719673006,1557.8103910016068,1806.3342260310658,1495.467059453669,859.1467595072309,0.0,2.706181775576226,0.09619100017409313,1.0,1.0,0.8972005264624223,,,,,,,,,,,,,,,,,,,,,,
Barriere,D,TNR,2020,1881.0,1145.0,0.0,3577633.0,226788.0,4295222.0,393306.0,0.0,1113242.0,3181980.0,26801873.0,147290.0,0.0,1329689.0,26640005.0,29983853.0,928923.0,1204612.0,0.0,1194758.0,62037.0,28122.0,0.0,0.0,0.0,0.0,3418452.0,631362.0,146394.0,158323.0,0.0,34701.0,359055.0,148178.0,571706.0,233219.0,0.0,601133.0,,0.0,0.0,2884071.0,26640005.0,26801873.0,0.0,0.0,0.0,0.0,0.0,0.0,2618085.0,654521.0,0.0,654521.0,1878651.0,1982466.0,1176204.0,48583.0,1755678.0,226788.0,33550585.0,6910580.0,26640005.0,614824.0,4945629.0,0.0,barriere-d,Barriere,barriere-d|2020,Barriere|2020,"Under 5,000",1476979.0,1256795.0,28122.0,2282938.0,534381.0,0.15632251089089447,1817.358851674641,1533.2647527910685,1691.6427432216906,785.2094630515683,0.0,3.2137064537629736,0.12431664405073652,1.0,1.0,0.8856030822218388,,,,,,,,,,,,,,,,,,,,,,
Barriere,D,TNR,2021,1892.0,1208.0,0.0,3775238.0,266333.0,4356925.0,428108.0,0.0,913126.0,3443799.0,27107890.0,103732.0,0.0,2105451.0,27071797.0,30551689.0,986547.0,2107277.0,0.0,1120383.0,0.0,31275.0,0.0,0.0,0.0,0.0,4245482.0,832340.0,283810.0,179022.0,0.0,59230.0,415909.0,320143.0,655449.0,297261.0,0.0,634482.0,,0.0,0.0,3677646.0,27071797.0,27107890.0,0.0,0.0,0.0,0.0,0.0,0.0,3588649.0,897162.0,0.0,897162.0,2008366.0,2222326.0,1278734.0,124854.0,1955993.0,266333.0,34616859.0,7545062.0,27071797.0,1066274.0,4945629.0,0.0,barriere-d,Barriere,barriere-d|2021,Barriere|2021,"Under 5,000",2209183.0,1120383.0,31275.0,3043164.0,567836.0,0.13375065540261388,2243.9122621564484,1943.7875264270613,1820.1897463002115,1167.644291754757,0.0,4.1344108042044585,0.2155992695772368,1.0,1.0,0.8801557467266279,,,,,,,,,,,,,,,,,,,,,,
Barriere,D,TNR,2022,1913.0,1208.0,0.0,4163928.0,306358.0,4861370.0,511738.0,0.0,1683965.0,3177405.0,27441498.0,172101.0,0.0,1950472.0,27392655.0,30618903.0,1043497.0,1330327.0,331678.0,715172.0,0.0,36555.0,0.0,0.0,0.0,0.0,3457229.0,1098552.0,158645.0,175822.0,0.0,46339.0,367146.0,332483.0,429542.0,250932.0,0.0,647862.0,,0.0,0.0,3507323.0,27392655.0,27441498.0,0.0,0.0,0.0,0.0,0.0,0.0,2984454.0,746114.0,0.0,746114.0,2165420.0,2645180.0,1637339.0,159238.0,2338822.0,306358.0,35468271.0,8075616.0,27392655.0,851412.0,4945629.0,0.0,barriere-d,Barriere,barriere-d|2022,Barriere|2022,"Under 5,000",2122573.0,1046850.0,36555.0,2859461.0,-50094.0,-0.01448963895651691,1807.228959749085,1833.4150548876112,1660.9539989545217,1109.5520125457397,0.0,2.4726927222359136,0.1721544418313626,1.0,1.0,0.8841825509039083,,,,,,,,,,,,,,,,,,,,,,
Barriere,D,TNR,2023,1982.0,1208.0,65.0,4706918.0,321361.0,5665884.0,422524.0,0.0,1233539.0,4432345.0,28668180.0,336954.0,0.0,554630.0,28535162.0,33100525.0,1082241.0,1256133.0,0.0,3243052.0,326163.0,53037.0,0.0,1125.0,0.0,0.0,5961751.0,1100173.0,296195.0,198829.0,0.0,49393.0,458255.0,209153.0,315242.0,219422.0,10047.0,623420.0,0.0,0.0,0.0,3480129.0,28614079.0,28668180.0,0.0,0.0,0.0,0.0,0.0,0.0,2822411.0,705603.0,0.0,705603.0,2306508.0,2676390.0,1581765.0,201308.0,2355029.0,321361.0,37461592.0,8847513.0,28614079.0,1934899.0,4945629.0,0.0,barriere-d,Barriere,barriere-d|2023,Barriere|2023,"Under 5,000",891584.0,3569215.0,54162.0,2856709.0,2481622.0,0.4162572371774668,3007.9470232088797,1755.8673057517658,2236.2991927346116,449.84056508577197,0.0,3.8157836922869888,0.39123415848621074,1.0,1.0,0.8799274395734553,,,,,,,,,,,,,,,,,,,,,,
Barriere,D,TNR,2024,1982.0,1208.0,,,,,,,,,,,,,,,,,,,,,,,,,,,,,,,,,,,,,,,,,,,,,,,,,,,,,,,,,,,,,,,,,barriere-d,Barriere,barriere-d|2024,Barriere|2024,"Under 5,000",0,0,0,,,,,,,0.0,,,,,,,4486.511144130758,3546.5079302077975,3557.844717668488,2783.665107049771,5496.677373974208,2437.8724475115623,3386.4506393861893,1604.3462673977224,624.7436119532265,518.5374381567245,3.324657351485151,1.7099330852451193,0.02521828600111612,0.02529861000232605,0.9816336034641139,0.9815511712696461,0.8531878894527055,0.8619101997275483,0.9614729661922712,0.9623635142836453,0.23352896680225554,0.19976549769108282
Belcarra,V,GVR,2019,693.0,532.0,11.0,1912134.0,14970.0,2062667.0,113392.0,3599016.0,4187710.0,-2125043.0,11112743.0,0.0,0.0,1164717.0,7469872.0,8987700.0,989977.0,515054.0,114196.0,256483.0,74128.0,64676.0,0.0,0.0,0.0,41106.0,2055620.0,697702.0,73830.0,115927.0,0.0,76332.0,280310.0,0.0,345137.0,0.0,5049.0,306282.0,,12330.0,0.0,1912899.0,11068888.0,11112743.0,3733956.0,0.0,106645.0,3599016.0,128799.0,235444.0,1839001.0,459750.0,235444.0,224306.0,2348514.0,2389308.0,2262309.0,30506.0,2374338.0,14970.0,14264988.0,3196100.0,11068888.0,74808.0,341987.0,0.0,belcarra-v,Belcarra,belcarra-v|2019,Belcarra|2019,"Under 5,000",1164717.0,444807.0,105782.0,1477818.0,142721.0,0.06942966112413773,2966.2626262626263,2760.316017316017,-3066.4401154401153,1680.6883116883116,5193.385281385282,0.45660611646938304,0.21874515697965127,1.0,0.4878868950516585,0.9937345875877032,,,,,,,,,,,,,,,,,,,,,,
Belcarra,V,GVR,2020,673.0,532.0,11.0,2420056.0,15058.0,2531737.0,110811.0,3449202.0,3962107.0,-1430370.0,10831563.0,151974.0,0.0,1350370.0,7355090.0,9401193.0,1097018.0,536132.0,57049.0,647720.0,78190.0,69702.0,0.0,0.0,0.0,0.0,2485811.0,754908.0,96440.0,117389.0,0.0,141308.0,337542.0,5703.0,311791.0,0.0,3303.0,312035.0,,0.0,0.0,2080419.0,10804292.0,10831563.0,3590915.0,0.0,106645.0,3449202.0,128799.0,235444.0,1925504.0,481376.0,235444.0,245932.0,2397763.0,2417260.0,2305506.0,13862.0,2402202.0,15058.0,14312427.0,3508135.0,10804292.0,47439.0,363330.0,0.0,belcarra-v,Belcarra,belcarra-v|2020,Belcarra|2020,"Under 5,000",1502344.0,782959.0,69702.0,1639585.0,405392.0,0.1630823904150396,3693.627043090639,3091.2615156017832,-2125.3640416047547,2232.309063893016,5125.11441307578,0.6108002635971215,0.13056725291057716,1.0,0.5108937711892575,0.9937706328653103,,,,,,,,,,,,,,,,,,,,,,
Belcarra,V,MVRD,2021,678.0,532.0,11.0,2749046.0,16898.0,2935156.0,134275.0,3301843.0,3899498.0,-964342.0,10580723.0,203664.0,0.0,1744250.0,7259362.0,9616381.0,1172197.0,539309.0,116941.0,260436.0,178966.0,71732.0,0.0,0.0,0.0,0.0,2339581.0,698404.0,124771.0,147037.0,0.0,94130.0,318515.0,91.0,397884.0,0.0,1884.0,304665.0,,37012.0,0.0,2124393.0,10561205.0,10580723.0,3449202.0,0.0,106645.0,3301843.0,128799.0,235444.0,2002960.0,500740.0,235444.0,265296.0,2547265.0,2563290.0,2447383.0,-841.0,2546392.0,16898.0,14351647.0,3790442.0,10561205.0,98590.0,21936318.0,0.0,belcarra-v,Belcarra,belcarra-v|2021,Belcarra|2021,"Under 5,000",1947914.0,556343.0,71732.0,1690929.0,215188.0,0.09197715317400851,3450.7094395280237,3133.3230088495575,-1422.3333333333333,2873.029498525074,4869.974926253687,0.70497433259358,0.004494373212496281,1.0,0.5298078843311899,0.9934076908972453,,,,,,,,,,,,,,,,,,,,,,
Belcarra,V,MVRD,2022,716.0,532.0,11.0,3098578.0,1855.0,3250786.0,108408.0,3150134.0,3848884.0,-598098.0,10544778.0,150339.0,0.0,2024193.0,7355857.0,9946680.0,1219691.0,666282.0,59891.0,330095.0,161665.0,114490.0,0.0,0.0,0.0,0.0,2552114.0,652249.0,99405.0,160344.0,0.0,148769.0,377605.0,978.0,475732.0,0.0,3277.0,303456.0,,0.0,0.0,2221815.0,10505991.0,10544778.0,3301843.0,0.0,106645.0,3150134.0,134045.0,240690.0,2285494.0,571374.0,240690.0,330684.0,2795773.0,2823386.0,2715514.0,17020.0,2821531.0,1855.0,14592988.0,4086997.0,10505991.0,248242.0,23284509.0,1132100.0,belcarra-v,Belcarra,belcarra-v|2022,Belcarra|2022,"Under 5,000",2174532.0,551651.0,114490.0,1784314.0,330299.0,0.12942172645892777,3564.405027932961,3103.0935754189945,-835.3324022346369,3037.0558659217877,4399.628491620112,0.8050588170493057,0.010661251220715026,0.9513796919660191,0.5787522708418654,0.9993429874625716,,,,,,,,,,,,,,,,,,,,,,
Belcarra,V,MVRD,2023,729.0,532.0,9.0,4088372.0,34947.0,4328787.0,171145.0,2984969.0,3735373.0,593414.0,10464165.0,120129.0,0.0,3090731.0,7444061.0,11057579.0,1290160.0,769436.0,62973.0,1021284.0,245545.0,229135.0,0.0,0.0,0.0,0.0,3618533.0,686336.0,106756.0,199720.0,0.0,194233.0,376896.0,17164.0,547126.0,0.0,6839.0,306857.0,0.0,65707.0,0.0,2507634.0,10429030.0,10464165.0,3150134.0,0.0,119002.0,2984969.0,150561.0,269563.0,2501568.0,625392.0,269563.0,355829.0,3138154.0,3154556.0,3044644.0,934.0,3123987.0,34947.0,14734961.0,4305931.0,10429030.0,295603.0,21885401.0,575737.0,belcarra-v,Belcarra,belcarra-v|2023,Belcarra|2023,"Under 5,000",3210860.0,1329802.0,229135.0,2050216.0,1110899.0,0.30700258917080486,4963.694101508916,3439.8271604938273,814.0109739368999,4404.471879286694,4094.60768175583,1.094501673594578,0.013506857836417984,0.9736931025389939,0.5689695423030675,0.9903095712994159,,,,,,,,,,,,,,,,,,,,,,
Belcarra,V,MVRD,2024,729.0,532.0,9.0,4276014.0,112983.0,4664205.0,220210.0,2813955.0,3723227.0,940978.0,10779102.0,173332.0,0.0,3227001.0,7924593.0,11720080.0,1390116.0,807593.0,65632.0,469633.0,248161.0,260948.0,0.0,0.0,0.0,0.0,3242083.0,718784.0,127284.0,223098.0,0.0,165105.0,421144.0,51.0,571507.0,0.0,7313.0,295396.0,0.0,7494.0,0.0,2537176.0,10738548.0,10779102.0,2984969.0,0.0,119002.0,2813955.0,150561.0,269563.0,2695245.0,673811.0,269563.0,404248.0,3464187.0,3511696.0,3300015.0,34494.0,3398713.0,112983.0,15322061.0,4583513.0,10738548.0,612408.0,22487952.0,601923.0,belcarra-v,Belcarra,belcarra-v|2024,Belcarra|2024,"Under 5,000",3400333.0,783426.0,260948.0,2091219.0,704907.0,0.21742410666229087,4447.3017832647465,3480.3511659807955,1290.7791495198903,4664.379972565158,3860.0205761316874,1.148469862299559,0.027232715544750364,0.9732335341164016,0.5999427139064218,0.9678266569771415,4648.097865362712,3546.5079302077975,3428.422456291105,2783.665107049771,5030.364110900993,2437.8724475115623,2420.45,1604.3462673977224,224.31236112962716,518.5374381567245,2.204313821553219,1.7099330852451193,0.030042455998363887,0.02529861000232605,0.9786113537119745,0.9815511712696461,0.9039920521842442,0.8619101997275483,0.9333160528846489,0.9623635142836453,0.20869205825466772,0.19976549769108282
Bowen Island,D,GVR,2019,3957.0,5012.0,46.0,12603968.0,347463.0,13499693.0,1997942.0,1957961.0,6215643.0,7284050.0,60931390.0,1779118.0,0.0,4449331.0,58888219.0,68215440.0,6491675.0,1703683.0,254167.0,837251.0,0.0,338819.0,0.0,571387.0,0.0,141038.0,10338020.0,1624763.0,806737.0,1000510.0,0.0,716906.0,873484.0,1202194.0,823317.0,207489.0,160200.0,1639294.0,,0.0,0.0,9054894.0,60867616.0,60931390.0,2076319.0,0.0,78649.0,1979397.0,103184.0,181833.0,9080973.0,2270243.0,181833.0,2088410.0,10472614.0,10966633.0,9553664.0,294138.0,10619170.0,347463.0,84716086.0,23848470.0,60867616.0,3774804.0,26964255.0,0.0,bowen-island-d,Bowen Island,bowen-island-d|2019,Bowen Island|2019,"Under 5,000",6228449.0,1091418.0,1051244.0,7312416.0,1283126.0,0.12411719071930602,2612.5903462218853,2288.3229719484457,1840.8011119535001,1574.0331058882991,500.226686884003,2.0277818401088994,0.13999289058792835,1.0,0.9199059307748113,0.9683163465030699,,,,,,,,,,,,,,,,,,,,,,
Bowen Island,D,GVR,2020,3982.0,5012.0,140.0,14224540.0,320215.0,16293281.0,2598011.0,4403593.0,7849637.0,8443644.0,69255658.0,1359822.0,0.0,3920305.0,64785211.0,77699302.0,7184031.0,1741649.0,1786970.0,3614398.0,0.0,446678.0,0.0,3206120.0,808977.0,270819.0,19059642.0,1710843.0,977738.0,1380121.0,0.0,734868.0,822801.0,1134378.0,686617.0,173531.0,202438.0,1752443.0,,0.0,0.0,9575778.0,69234134.0,69255658.0,1979397.0,2533000.0,107904.0,4404493.0,97455.0,205359.0,10070912.0,2517728.0,205359.0,2312369.0,11262625.0,11675806.0,10292727.0,284979.0,11355591.0,320215.0,94612148.0,25378014.0,69234134.0,10299644.0,37121494.0,0.0,bowen-island-d,Bowen Island,bowen-island-d|2020,Bowen Island|2020,"Under 5,000",5280127.0,5401368.0,4732594.0,7725880.0,9483864.0,0.49758877947445185,4786.449522852838,2404.7659467604217,2120.453038674033,1325.9987443495731,1106.1007031642391,1.8121271085529178,0.2774576906845398,1.0,0.9184347951804166,0.972574484365362,,,,,,,,,,,,,,,,,,,,,,
Bowen Island,D,MVRD,2021,4222.0,5012.0,140.0,13679602.0,294328.0,16263099.0,2728119.0,5839650.0,11936138.0,4326961.0,76166393.0,1473783.0,0.0,3768900.0,70269914.0,80493354.0,7880471.0,2341288.0,165569.0,1483227.0,0.0,-8777.0,0.0,293484.0,308407.0,147752.0,12611421.0,1889897.0,731566.0,1389626.0,0.0,681636.0,956013.0,1280156.0,839832.0,264819.0,0.0,1783825.0,,0.0,0.0,9817370.0,76108664.0,76166393.0,4448923.0,1500000.0,109273.0,5839650.0,119957.0,229230.0,10797615.0,2699404.0,229230.0,1992626.0,12655570.0,13058465.0,11679484.0,280565.0,12764137.0,294328.0,102682648.0,26573984.0,76108664.0,8694477.0,42018516.0,0.0,bowen-island-d,Bowen Island,bowen-island-d|2021,Bowen Island|2021,"Under 5,000",5242683.0,1648796.0,740866.0,7913588.0,2794051.0,0.22154926078512485,2987.072714353387,2325.2889625769776,1024.8604926575083,1241.7534343912837,1383.147797252487,1.1460660056041578,0.20692013492337522,1.0,0.7381725743904951,0.9774607505552911,,,,,,,,,,,,,,,,,,,,,,
Bowen Island,D,MVRD,2022,4058.0,5012.0,140.0,15190833.0,472906.0,18278199.0,3793766.0,11926532.0,18437862.0,-159663.0,85792250.0,1826424.0,0.0,2731025.0,73171999.0,85632587.0,8610504.0,2676343.0,2007212.0,1998042.0,0.0,29361.0,0.0,741385.0,0.0,329574.0,16392421.0,2311800.0,895240.0,1384731.0,0.0,692492.0,1373171.0,1051020.0,982787.0,292809.0,0.0,2269137.0,,0.0,0.0,11253187.0,85671258.0,85792250.0,5839650.0,8335530.0,1670774.0,12499259.0,270220.0,1940994.0,12192635.0,3048159.0,1940994.0,1107165.0,14114547.0,14510905.0,12981323.0,211038.0,14037999.0,472906.0,113540736.0,27869478.0,85671258.0,11831732.0,46195353.0,0.0,bowen-island-d,Bowen Island,bowen-island-d|2022,Bowen Island|2022,"Under 5,000",4557449.0,4005254.0,1100320.0,8713830.0,5139234.0,0.31351281180491886,4039.5320354854607,2773.086988664367,-39.34524396254312,1123.0776244455396,3080.1525381961555,0.8238934102012478,0.25612385730659964,1.0,0.3632241625190812,0.9674103028033055,,,,,,,,,,,,,,,,,,,,,,
Bowen Island,D,MVRD,2023,4181.0,5012.0,140.0,13441689.0,494343.0,17607518.0,3873438.0,11609129.0,16900609.0,706909.0,99763012.0,1999572.0,0.0,5696535.0,87343152.0,100469921.0,9575799.0,2682468.0,2517962.0,5227745.0,0.0,838115.0,0.0,5286238.0,90000.0,308506.0,26526833.0,2512741.0,935032.0,1399119.0,0.0,710743.0,1432825.0,1166349.0,1187740.0,307155.0,0.0,2037796.0,0.0,0.0,0.0,11689500.0,99693494.0,99763012.0,12499259.0,0.0,418483.0,12072978.0,469860.0,888343.0,13833090.0,3458273.0,888343.0,2224797.0,15386264.0,16286757.0,14309545.0,678825.0,15792414.0,494343.0,129268267.0,29574773.0,99693494.0,15822610.0,57006371.0,0.0,bowen-island-d,Bowen Island,bowen-island-d|2023,Bowen Island|2023,"Under 5,000",7696107.0,7745707.0,6522859.0,9181844.0,14837333.0,0.5593329968941261,6344.614446304712,2795.862233915331,169.07653671370485,1840.733556565415,2887.5814398469265,0.7953375526290206,0.27755862585955526,1.0,0.6433260185069253,0.969647548618795,,,,,,,,,,,,,,,,,,,,,,
Bowen Island,D,MVRD,2024,4181.0,5012.0,140.0,15548768.0,672879.0,18216037.0,1431499.0,11753793.0,18461318.0,-245281.0,105059122.0,2321394.0,0.0,5444326.0,92518820.0,104813841.0,10598738.0,2474238.0,578463.0,1228855.0,95910.0,796854.0,0.0,1116385.0,2477.0,77661.0,16969581.0,2746924.0,993444.0,1396395.0,0.0,742013.0,1628021.0,1397447.0,1280189.0,274888.0,0.0,2166340.0,0.0,0.0,0.0,12625661.0,104896577.0,105059122.0,12072978.0,500805.0,470045.0,12088448.0,471031.0,941076.0,14416501.0,3604125.0,941076.0,2136898.0,16484409.0,17463441.0,15363299.0,614649.0,16790562.0,672879.0,136397405.0,31500828.0,104896577.0,7374422.0,268938616.0,3387250.0,bowen-island-d,Bowen Island,bowen-island-d|2024,Bowen Island|2024,"Under 5,000",7765720.0,1903228.0,1993377.0,9988290.0,4343920.0,0.2559827493678247,4058.7373834011,3019.7706290361157,-58.66563023200192,1857.3834011002152,2891.2815116000957,0.8422349910228512,0.027420465345147756,0.9874051184973749,0.5929034092879687,0.9614692774465239,4486.511144130758,3546.5079302077975,3557.844717668488,2783.665107049771,5496.677373974208,2437.8724475115623,3386.4506393861893,1604.3462673977224,624.7436119532265,518.5374381567245,3.324657351485151,1.7099330852451193,0.02521828600111612,0.02529861000232605,0.9816336034641139,0.9815511712696461,0.8531878894527055,0.8619101997275483,0.9614729661922712,0.9623635142836453,0.23352896680225554,0.19976549769108282
Burnaby,C,GVR,2019,253007.0,9049.0,743.0,1777692583.0,6767631.0,1986264886.0,140964626.0,0.0,375563778.0,1610701108.0,2916833946.0,58001702.0,90078890.0,1346651381.0,2780997589.0,4527535054.0,303534244.0,122498768.0,3560695.0,17104133.0,10100836.0,56666253.0,0.0,16631761.0,418186.0,55407201.0,585922077.0,75375997.0,112906833.0,18369898.0,306811.0,6550952.0,24824679.0,98924615.0,36594428.0,33279522.0,0.0,64961015.0,,893014.0,0.0,472987764.0,2911454589.0,2916833946.0,0.0,0.0,0.0,0.0,0.0,0.0,540804689.0,135201172.0,0.0,135201172.0,543750815.0,553461415.0,507476815.0,6634219.0,546693784.0,6767631.0,4052634020.0,1141179431.0,2911454589.0,132547977.0,1783884301.0,0.0,burnaby-c,Burnaby,burnaby-c|2019,Burnaby|2019,"100,000 and over",1494731973.0,30765664.0,129123401.0,408026749.0,112934313.0,0.1927463009727145,2315.8334631057637,1869.4651294232965,6366.231400712233,5907.8680550340505,0.0,4.733397327257689,0.07430301221087993,1.0,1.0,0.9877721719769751,,,,,,,,,,,,,,,,,,,,,,
Burnaby,C,GVR,2020,257926.0,9049.0,743.0,1884996964.0,11427826.0,2114020438.0,247745022.0,0.0,461560977.0,1652459461.0,3014116806.0,60394742.0,87552744.0,454663431.0,3008301119.0,4666576267.0,306603981.0,107363048.0,1189889.0,16827341.0,10034071.0,51984393.0,0.0,36763786.0,34648508.0,53940519.0,619355536.0,68517509.0,120277532.0,20485111.0,612491.0,7351756.0,27207923.0,90037700.0,38124363.0,35957653.0,0.0,68623357.0,,3118928.0,0.0,480314323.0,3008301119.0,3014116806.0,0.0,0.0,0.0,0.0,0.0,0.0,523093496.0,130773374.0,0.0,130773374.0,486578901.0,495310370.0,445773027.0,3853019.0,483882544.0,11427826.0,4202326453.0,1194025334.0,3008301119.0,169998727.0,1866266569.0,0.0,burnaby-c,Burnaby,burnaby-c|2020,Burnaby|2020,"100,000 and over",602610917.0,28051301.0,177337206.0,411690966.0,139041213.0,0.22449337241412823,2401.2915952637577,1862.2175468932949,6406.719217915216,2336.371350697487,0.0,4.083960858762113,0.09109027071684099,1.0,1.0,0.9769279492371622,,,,,,,,,,,,,,,,,,,,,,
Burnaby,C,MVRD,2021,260918.0,9049.0,743.0,2021565206.0,6430898.0,2348510551.0,172606829.0,0.0,431421246.0,1917089305.0,3181845070.0,0.0,0.0,602550525.0,3176034592.0,5098934375.0,321606805.0,116849718.0,1586000.0,11802639.0,8255390.0,42263976.0,0.0,367774525.0,23450072.0,60926269.0,954515394.0,83604230.0,131097541.0,20854384.0,558954.0,8926738.0,26283514.0,98693477.0,39818071.0,38034244.0,0.0,73634140.0,,651993.0,0.0,522157286.0,3176034592.0,3181845070.0,0.0,0.0,0.0,0.0,0.0,0.0,544358576.0,136089644.0,0.0,136089644.0,574451786.0,587849535.0,535538510.0,10181719.0,581418637.0,6430898.0,4425659340.0,1249624748.0,3176034592.0,242200447.0,1961246269.0,0.0,burnaby-c,Burnaby,burnaby-c|2021,Burnaby|2021,"100,000 and over",602550525.0,21644029.0,494414842.0,448523146.0,432358108.0,0.4529608539765468,3658.2964532918386,2001.2313677093953,7347.478154056063,2309.348243509455,0.0,4.6858267290804685,0.12349313333480202,1.0,1.0,0.9890602992481741,,,,,,,,,,,,,,,,,,,,,,
Burnaby,C,MVRD,2022,270264.0,9049.0,743.0,2206434933.0,8692082.0,2602789540.0,210983524.0,0.0,471614609.0,2131174931.0,3371061101.0,0.0,0.0,574429932.0,3364432457.0,5502236032.0,340966120.0,131947031.0,13802534.0,16268512.0,11694217.0,62946483.0,0.0,314866584.0,3757196.0,92865366.0,989114043.0,109637051.0,135633202.0,21476419.0,586795.0,10415266.0,28920117.0,113205201.0,40990749.0,38079910.0,0.0,75276090.0,,11591586.0,0.0,585812386.0,3364432457.0,3371061101.0,0.0,0.0,0.0,0.0,0.0,0.0,631224359.0,157806090.0,0.0,157806090.0,607658203.0,615959215.0,565311503.0,5245263.0,607267133.0,8692082.0,4675479548.0,1311047091.0,3364432457.0,275735815.0,2041647549.0,0.0,burnaby-c,Burnaby,burnaby-c|2022,Burnaby|2022,"100,000 and over",574429932.0,41765263.0,474435629.0,510536296.0,403301657.0,0.4077403003770719,3659.8068666193058,2167.5561155018795,7885.530189000385,2125.4400586093598,0.0,4.6784702825013635,0.13505554136170836,1.0,1.0,0.9858885429614037,,,,,,,,,,,,,,,,,,,,,,
Burnaby,C,MVRD,2023,279948.0,9049.0,743.0,2242938806.0,10536246.0,2648330131.0,140235206.0,0.0,488383820.0,2159946311.0,3582221974.0,0.0,0.0,610928832.0,3565021567.0,5742168285.0,359758119.0,250140202.0,5192273.0,46091356.0,6281107.0,90777246.0,0.0,97464096.0,9165566.0,0.0,864869965.0,122564476.0,145212509.0,22982589.0,653065.0,11236360.0,30522815.0,126054006.0,42593772.0,41180318.0,0.0,78511042.0,103917.0,1495989.0,0.0,623110858.0,3573094579.0,3582221974.0,0.0,0.0,0.0,0.0,0.0,0.0,703176567.0,175794142.0,0.0,175794142.0,650799634.0,663937302.0,608302060.0,9003945.0,653045291.0,10536246.0,4948724586.0,1375630007.0,3573094579.0,282513314.0,2167866313.0,0.0,burnaby-c,Burnaby,burnaby-c|2023,Burnaby|2023,"100,000 and over",610928832.0,57564736.0,197406908.0,544599816.0,241759107.0,0.27953231905792914,3089.395048366125,2225.8092860102593,7715.526851415263,2182.2939688799347,0.0,4.592573943174449,0.13031860512147733,1.0,1.0,0.983594819921716,,,,,,,,,,,,,,,,,,,,,,
Burnaby,C,MVRD,2024,279948.0,9049.0,743.0,2215283071.0,11875280.0,2674413710.0,175497957.0,0.0,572579804.0,2101833906.0,3951659933.0,0.0,0.0,515892520.0,3942289557.0,6053493839.0,381984552.0,225369432.0,9604784.0,28603337.0,10192795.0,99707529.0,0.0,218581055.0,3381830.0,0.0,977425314.0,106808669.0,158760541.0,23961581.0,663538.0,14649556.0,35343904.0,137091647.0,45125487.0,51937196.0,0.0,87978985.0,46926.0,3731730.0,0.0,666099760.0,3942289557.0,3951659933.0,0.0,0.0,0.0,0.0,0.0,0.0,709572513.0,177393128.0,0.0,177393128.0,706408839.0,721356654.0,662628944.0,10625061.0,709141202.0,11875280.0,5380087868.0,1437798311.0,3942289557.0,461039449.0,10333556649.0,206006645.0,burnaby-c,Burnaby,burnaby-c|2024,Burnaby|2024,"100,000 and over",515892520.0,48400916.0,321670414.0,578120775.0,311325554.0,0.3185159515932079,3491.4531055767497,2379.369597210911,7507.943996742252,1842.8155228828211,0.0,3.8689507655076145,0.044615756671215014,0.9800643038987031,1.0,0.9830660021887038,3003.390678329474,3546.5079302077975,2379.369597210911,2783.665107049771,2052.765446183268,2437.8724475115623,1093.3312652075697,1604.3462673977224,312.26099706744867,518.5374381567245,1.6357691597817738,1.7099330852451193,0.025378934003535983,0.02529861000232605,0.9802497344746216,0.9815511712696461,0.9023585311053542,0.8619101997275483,0.9669710895067201,0.9623635142836453,0.27009754429306687,0.19976549769108282
Burns Lake,V,BUL,2019,1871.0,832.0,0.0,8481136.0,259168.0,18939123.0,478950.0,0.0,908126.0,18030997.0,20592874.0,0.0,0.0,3459559.0,20240005.0,38623871.0,1906886.0,1162765.0,0.0,4563394.0,982602.0,200395.0,739514.0,0.0,283646.0,312122.0,10151324.0,658262.0,403252.0,72237.0,16941.0,218528.0,857008.0,785189.0,322389.0,377854.0,0.0,940730.0,,92495.0,0.0,4744885.0,20519597.0,20592874.0,206322.0,187262.0,98761.0,279592.0,11299.0,110060.0,4073673.0,1018418.0,110060.0,770903.0,3122279.0,3421557.0,2611700.0,217810.0,3162389.0,259168.0,35250142.0,14730545.0,20519597.0,2735621.0,505211.0,0.0,burns-lake-v,Burns Lake,burns-lake-v|2019,Burns Lake|2019,"Under 5,000",3459559.0,5545996.0,1535677.0,3792856.0,5406439.0,0.5325846165485408,5425.61411010155,2536.015499732763,9637.090860502405,1849.0427578834847,149.43452699091395,9.33916218674501,5.414808862039821,1.0,0.756961287015744,0.9242543672369041,,,,,,,,,,,,,,,,,,,,,,
Burns Lake,V,BUL,2020,1869.0,832.0,0.0,8493359.0,362076.0,18895545.0,686602.0,0.0,1381883.0,17513662.0,25998951.0,0.0,0.0,3219039.0,25393193.0,43512613.0,1945386.0,1278386.0,0.0,5041630.0,1526077.0,168696.0,-405936.0,0.0,0.0,109486.0,9663725.0,608052.0,383312.0,55446.0,0.0,327913.0,974756.0,889641.0,424995.0,290294.0,16686.0,803888.0,,0.0,0.0,4774983.0,25907140.0,25998951.0,279592.0,297163.0,62808.0,513947.0,4376.0,67184.0,4025273.0,1006318.0,67184.0,939134.0,3061713.0,3353384.0,2462542.0,215659.0,2991308.0,362076.0,41414548.0,15507408.0,25907140.0,6191431.0,4847475.0,0.0,burns-lake-v,Burns Lake,burns-lake-v|2020,Burns Lake|2020,"Under 5,000",3219039.0,6567707.0,-127754.0,3966719.0,4888742.0,0.5058858773402596,5170.532370251472,2554.833065810594,9370.605671482075,1722.3322632423756,274.98501872659176,6.1462214963206,1.2772486706996942,1.0,0.933237803557126,0.8920266811078004,,,,,,,,,,,,,,,,,,,,,,
Burns Lake,V,BUL,2021,1880.0,832.0,0.0,8686910.0,380965.0,24351482.0,655439.0,491895.0,2062052.0,22289430.0,27315105.0,0.0,0.0,2634431.0,26679500.0,49604535.0,2046348.0,1490207.0,27786.0,2238570.0,836997.0,92868.0,4163731.0,0.0,0.0,78143.0,10974650.0,798946.0,351723.0,61847.0,0.0,343593.0,907258.0,844866.0,628157.0,335442.0,23472.0,987967.0,,0.0,0.0,5283271.0,27212698.0,27315105.0,513947.0,87469.0,68218.0,533198.0,4742.0,72960.0,4238387.0,1059597.0,72960.0,986637.0,3315406.0,3718386.0,2717333.0,308766.0,3337421.0,380965.0,43699931.0,16487233.0,27212698.0,2293525.0,564680.0,0.0,burns-lake-v,Burns Lake,burns-lake-v|2021,Burns Lake|2021,"Under 5,000",2634431.0,3103353.0,4334742.0,4290562.0,5691379.0,0.5185932125398076,5837.579787234043,2810.2505319148936,11856.079787234043,1401.293085106383,283.6159574468085,4.212750211924821,4.061636679181129,1.0,0.931143632909493,0.8975456017745334,,,,,,,,,,,,,,,,,,,,,,
Burns Lake,V,BUL,2022,1887.0,832.0,0.0,9553805.0,657199.0,24103990.0,578758.0,503304.0,1347055.0,22756935.0,29120909.0,0.0,0.0,1905052.0,28498557.0,51877844.0,2264755.0,1536504.0,113710.0,1723694.0,851541.0,180362.0,458343.0,0.0,0.0,1640922.0,8769831.0,867942.0,409292.0,66368.0,0.0,371996.0,877994.0,908127.0,522941.0,354155.0,20075.0,971042.0,,84610.0,0.0,5454542.0,29026872.0,29120909.0,533198.0,123080.0,127963.0,528315.0,11408.0,139371.0,6272543.0,1568136.0,139371.0,1263190.0,3532773.0,4037071.0,2775495.0,258615.0,3379872.0,657199.0,45975486.0,16948614.0,29026872.0,2869825.0,1890414.0,0.0,burns-lake-v,Burns Lake,burns-lake-v|2022,Burns Lake|2022,"Under 5,000",1905052.0,2688945.0,2279627.0,4472092.0,3315289.0,0.3780333965386562,4647.499205087441,2890.5892951775304,12059.848966613672,1009.5665076841548,279.9761526232114,7.092364454309586,1.5180933911830954,1.0,0.805535999428621,0.8372089566916212,,,,,,,,,,,,,,,,,,,,,,
Burns Lake,V,BUL,2023,1932.0,832.0,0.0,10644736.0,340510.0,27232350.0,1442225.0,431404.0,3178360.0,24053990.0,32608118.0,0.0,0.0,1645970.0,31842552.0,56662108.0,2476665.0,2046991.0,583727.0,3233161.0,380783.0,536507.0,742828.0,0.0,0.0,1128965.0,11129627.0,765532.0,654970.0,66085.0,0.0,573807.0,1047455.0,1065446.0,521632.0,408702.0,29211.0,1202378.0,4252.0,0.0,0.0,6339470.0,32445418.0,32608118.0,528315.0,0.0,88001.0,440314.0,25309.0,113310.0,6694128.0,1673532.0,113310.0,1390207.0,3755594.0,4543223.0,3276506.0,602909.0,4202713.0,340510.0,50503466.0,18058048.0,32445418.0,4464624.0,2665131.0,0.0,burns-lake-v,Burns Lake,burns-lake-v|2023,Burns Lake|2023,"Under 5,000",1645970.0,4197671.0,2408300.0,5111783.0,4790157.0,0.43039690368778755,5760.676501035196,3281.29917184265,12450.305383022775,851.9513457556936,227.90579710144928,3.3491284813551645,1.6751987050542732,1.0,0.8307023707942244,0.925051004540169,,,,,,,,,,,,,,,,,,,,,,
Burns Lake,V,BUL,2024,1932.0,832.0,22.0,9573723.0,455474.0,27457340.0,1675230.0,0.0,2182577.0,25274763.0,40298987.0,0.0,0.0,3085139.0,39944962.0,65573750.0,2459029.0,2336712.0,3009088.0,4813896.0,691154.0,492124.0,-230788.0,788573.0,0.0,0.0,14359788.0,954611.0,548644.0,60586.0,114162.0,552713.0,1187026.0,1216957.0,519863.0,425399.0,34809.0,1279955.0,6502.0,1497.0,0.0,6902724.0,40114016.0,40298987.0,440314.0,0.0,440314.0,0.0,14379.0,454693.0,5845065.0,1461266.0,454693.0,1006573.0,3865029.0,4361385.0,3260577.0,316773.0,3899201.0,455474.0,59452018.0,19338002.0,40114016.0,8950050.0,139952696.0,4980000.0,burns-lake-v,Burns Lake,burns-lake-v|2024,Burns Lake|2024,"Under 5,000",3085139.0,8514138.0,1049909.0,5608390.0,7457064.0,0.519301816990613,7432.60248447205,3572.8385093167703,13082.175465838509,1596.8628364389233,0.0,4.386430810917553,0.06395053654414774,0.9644165482885731,0.6888362556851387,0.8940281584863524,4648.097865362712,3546.5079302077975,3428.422456291105,2783.665107049771,5030.364110900993,2437.8724475115623,2420.45,1604.3462673977224,224.31236112962716,518.5374381567245,2.204313821553219,1.7099330852451193,0.030042455998363887,0.02529861000232605,0.9786113537119745,0.9815511712696461,0.9039920521842442,0.8619101997275483,0.9333160528846489,0.9623635142836453,0.20869205825466772,0.19976549769108282
Cache Creek,V,TNR,2019,1052.0,1080.0,0.0,2535139.0,45200.0,3484863.0,281519.0,0.0,624339.0,2860524.0,13791443.0,0.0,0.0,10383.0,13758986.0,16651967.0,803066.0,508997.0,1354647.0,582030.0,8400.0,78307.0,0.0,0.0,9168.0,0.0,3344615.0,619572.0,67792.0,206449.0,8700.0,31369.0,431975.0,286157.0,266919.0,302244.0,0.0,601648.0,,0.0,0.0,2822825.0,13758986.0,13791443.0,0.0,0.0,0.0,0.0,0.0,0.0,1781157.0,445289.0,0.0,445289.0,1391692.0,1635062.0,1495117.0,181344.0,1589862.0,45200.0,23529811.0,9770825.0,13758986.0,1596176.0,35565970.0,807500.0,cache-creek-v,Cache Creek,cache-creek-v|2019,Cache Creek|2019,"Under 5,000",10383.0,1945077.0,87475.0,2221177.0,521790.0,0.1560089875815303,3179.291825095057,2683.2937262357414,2719.1292775665397,9.86977186311787,0.0,4.060516802570398,0.04487930457119544,0.9772957127276438,1.0,0.9723557883431944,,,,,,,,,,,,,,,,,,,,,,
Cache Creek,V,TNR,2020,1058.0,1080.0,0.0,3111187.0,17004.0,3317745.0,278462.0,0.0,384047.0,2933698.0,13633637.0,0.0,0.0,10383.0,13635063.0,16567335.0,780180.0,614375.0,95679.0,1527015.0,0.0,30091.0,0.0,0.0,0.0,0.0,3047340.0,571599.0,68989.0,206793.0,5585.0,103096.0,827862.0,168103.0,250687.0,271309.0,0.0,612115.0,,45834.0,0.0,3131972.0,13589240.0,13633637.0,0.0,0.0,0.0,0.0,0.0,0.0,1827177.0,456794.0,0.0,456794.0,1307361.0,1369407.0,1056808.0,44192.0,1352403.0,17004.0,23972180.0,10382940.0,13589240.0,488193.0,35619052.0,647500.0,cache-creek-v,Cache Creek,cache-creek-v|2020,Cache Creek|2020,"Under 5,000",10383.0,1622694.0,30091.0,2519857.0,-84632.0,-0.027772417912015068,2880.2835538752365,2960.275992438563,2772.8714555765596,9.813799621928167,0.0,8.101057943428799,0.013705951522797407,0.9818215263000262,1.0,0.987582946487056,,,,,,,,,,,,,,,,,,,,,,
Cache Creek,V,TNR,2021,1064.0,1080.0,0.0,3179525.0,21199.0,3653947.0,363101.0,0.0,363801.0,3290146.0,14169317.0,0.0,0.0,10383.0,14118842.0,17459463.0,901823.0,962388.0,195942.0,1397819.0,0.0,17043.0,0.0,0.0,0.0,0.0,3475015.0,615707.0,102841.0,208904.0,9754.0,43868.0,337207.0,140090.0,200067.0,230216.0,67267.0,626966.0,,0.0,0.0,2582887.0,14118842.0,14169317.0,0.0,0.0,0.0,0.0,0.0,0.0,2292781.0,573195.0,0.0,573195.0,1502445.0,1540884.0,1235297.0,13558.0,1519685.0,21199.0,25128748.0,11009906.0,14118842.0,1156568.0,36597783.0,647500.0,cache-creek-v,Cache Creek,cache-creek-v|2021,Cache Creek|2021,"Under 5,000",10383.0,1593761.0,17043.0,1955921.0,892128.0,0.25672637384299063,3265.9915413533836,2427.5253759398497,3092.2424812030076,9.75845864661654,0.0,8.739736834148339,0.03160213283957665,0.9823076714783515,1.0,0.9862423128541798,,,,,,,,,,,,,,,,,,,,,,
Cache Creek,V,TNR,2022,1076.0,1080.0,0.0,3802151.0,68060.0,4761199.0,416106.0,0.0,482046.0,4279153.0,14682559.0,0.0,0.0,10383.0,14663050.0,18961712.0,1169745.0,1264725.0,1338725.0,634554.0,0.0,65306.0,0.0,0.0,0.0,0.0,4473055.0,683388.0,64812.0,331758.0,0.0,46736.0,334071.0,156954.0,217524.0,272244.0,10615.0,629330.0,,223373.0,0.0,2970805.0,14663050.0,14682559.0,0.0,0.0,0.0,0.0,0.0,0.0,3017776.0,754444.0,0.0,754444.0,1818354.0,1889778.0,1541425.0,10260.0,1821718.0,68060.0,26302286.0,11639236.0,14663050.0,1396908.0,14663050.0,670000.0,cache-creek-v,Cache Creek,cache-creek-v|2022,Cache Creek|2022,"Under 5,000",10383.0,1973279.0,65306.0,2341475.0,1502250.0,0.3358442943357504,4157.114312267658,2760.971189591078,3976.907992565056,9.649628252788103,0.0,7.8875273314165035,0.09526721930294174,0.9543069143186445,1.0,0.9639851876781294,,,,,,,,,,,,,,,,,,,,,,
Cache Creek,V,TNR,2023,1111.0,1080.0,35.0,5659355.0,129952.0,7193374.0,584433.0,0.0,1415933.0,5777441.0,15082363.0,0.0,0.0,10383.0,14569774.0,20859804.0,1301274.0,1397068.0,214098.0,2835147.0,0.0,250576.0,0.0,0.0,0.0,0.0,5998163.0,581661.0,85991.0,355388.0,0.0,47712.0,1120027.0,131628.0,259479.0,417582.0,3943.0,669144.0,18073.0,0.0,0.0,3690628.0,15021473.0,15082363.0,0.0,0.0,0.0,0.0,0.0,0.0,3350918.0,837730.0,0.0,837730.0,1979993.0,2152507.0,1641798.0,119139.0,2022555.0,129952.0,27361389.0,12339916.0,15021473.0,1003620.0,15021473.0,670000.0,cache-creek-v,Cache Creek,cache-creek-v|2023,Cache Creek|2023,"Under 5,000",10383.0,3049245.0,250576.0,3021484.0,2307535.0,0.38470695111153197,5398.886588658866,3321.8973897389737,5200.216921692169,9.345634563456345,0.0,3.996908752038409,0.06681235588547142,0.9553971837515536,1.0,0.9396276063213732,,,,,,,,,,,,,,,,,,,,,,
Cache Creek,V,TNR,2024,1111.0,1080.0,37.0,6464426.0,351263.0,8442054.0,471035.0,0.0,1172828.0,7269226.0,16503160.0,0.0,0.0,1057361.0,15958601.0,23772386.0,1434438.0,1699444.0,104734.0,2648075.0,0.0,334443.0,0.0,0.0,0.0,0.0,6221134.0,767708.0,121282.0,429655.0,0.0,89975.0,374416.0,131949.0,337507.0,305007.0,5916.0,726950.0,18187.0,0.0,0.0,3308552.0,16429941.0,16503160.0,0.0,0.0,0.0,0.0,0.0,0.0,3909525.0,977381.0,0.0,977381.0,2143328.0,2462724.0,1742712.0,102536.0,2111461.0,351263.0,29496813.0,13066872.0,16429941.0,2135424.0,26345066.0,9915125.0,cache-creek-v,Cache Creek,cache-creek-v|2024,Cache Creek|2024,"Under 5,000",1057361.0,2752809.0,334443.0,2581602.0,2912582.0,0.4681754162504778,5599.580558055805,2977.994599459946,6542.957695769577,951.7200720072008,0.0,5.51182782130031,0.08105593662206047,0.6236439491174552,1.0,0.857368101338193,4648.097865362712,3546.5079302077975,3428.422456291105,2783.665107049771,5030.364110900993,2437.8724475115623,2420.45,1604.3462673977224,224.31236112962716,518.5374381567245,2.204313821553219,1.7099330852451193,0.030042455998363887,0.02529861000232605,0.9786113537119745,0.9815511712696461,0.9039920521842442,0.8619101997275483,0.9333160528846489,0.9623635142836453,0.20869205825466772,0.19976549769108282
Campbell River,C,STR,2019,35849.0,14823.0,241.0,90738076.0,1588297.0,98352186.0,6294173.0,12552229.0,53503125.0,44849061.0,274980576.0,0.0,0.0,3727514.0,262034570.0,319829637.0,35733155.0,27305293.0,3327614.0,1584334.0,50000.0,1844826.0,0.0,10476156.0,0.0,338391.0,80659769.0,7663354.0,18173757.0,2590889.0,189994.0,2634950.0,8045251.0,7176015.0,4833709.0,2836749.0,0.0,9740160.0,,1561427.0,0.0,65446255.0,274586799.0,274980576.0,13135041.0,0.0,521856.0,12552229.0,525724.0,1047580.0,65879452.0,16469863.0,1047580.0,15422283.0,64011831.0,65912944.0,53609863.0,1185759.0,64324647.0,1588297.0,485578908.0,210992109.0,274586799.0,25542531.0,45263234.0,0.0,campbell-river-c,Campbell River,campbell-river-c|2019,Campbell River|2019,"20,000 to 99,999",3727514.0,4961948.0,12659373.0,55180371.0,15213514.0,0.18861340899699328,2249.9865826103937,1825.6089430667523,1251.0547295600993,103.97818628134677,350.1416775921225,1.6959397418375095,0.5643107825658238,1.0,0.9363941278685803,0.9759031094104976,,,,,,,,,,,,,,,,,,,,,,
Campbell River,C,STR,2020,36167.0,14823.0,241.0,99280783.0,1644822.0,107977634.0,12560650.0,11691943.0,56822868.0,51154766.0,286201562.0,0.0,0.0,3477059.0,274013399.0,337356328.0,37116850.0,25154974.0,7778104.0,5595528.0,50000.0,921336.0,0.0,3991202.0,0.0,285472.0,80893466.0,8870627.0,17719006.0,2609372.0,219272.0,2244067.0,7598943.0,6132341.0,4281471.0,2788966.0,0.0,10323551.0,,579160.0,0.0,63366776.0,285705342.0,286201562.0,12552229.0,0.0,779937.0,11691943.0,428411.0,1208348.0,63701429.0,15925357.0,1208348.0,14717009.0,65672141.0,67513306.0,54999673.0,1343335.0,65868484.0,1644822.0,506345107.0,220639765.0,285705342.0,22095440.0,50399399.0,0.0,campbell-river-c,Campbell River,campbell-river-c|2020,Campbell River|2020,"20,000 to 99,999",3477059.0,13423632.0,5198010.0,52614814.0,17526690.0,0.21666385267754507,2236.665081427821,1752.0606077363343,1414.4044571017778,96.13899411065336,323.27655044653966,1.7471976775265903,0.43840681512888674,1.0,0.9241242755185959,0.9756370692319526,,,,,,,,,,,,,,,,,,,,,,
Campbell River,C,STR,2021,36623.0,14823.0,241.0,106981305.0,1526378.0,113352086.0,9280137.0,10746957.0,55820140.0,57531946.0,290783028.0,0.0,0.0,2752286.0,279521758.0,348314974.0,38595055.0,28133556.0,2078652.0,1457964.0,50000.0,1177820.0,0.0,6217350.0,0.0,1014408.0,78724805.0,8846123.0,18276907.0,2600238.0,226617.0,2780745.0,5997194.0,7091549.0,4756253.0,3469240.0,1496857.0,11013762.0,,1210675.0,0.0,67766160.0,290325148.0,290783028.0,11691943.0,-56433.0,782314.0,10746957.0,412844.0,1195158.0,69213280.0,17303320.0,1195158.0,16108162.0,67678486.0,69749166.0,57035830.0,1278873.0,68222788.0,1526378.0,520935303.0,230610155.0,290325148.0,16931605.0,34727482.0,0.0,campbell-river-c,Campbell River,campbell-river-c|2021,Campbell River|2021,"20,000 to 99,999",2752286.0,3586616.0,8409578.0,56339554.0,10958645.0,0.13920193260561267,2149.6001146820304,1850.371624389045,1570.923900281244,75.15184446932255,293.4482975179532,1.9165359492111629,0.4875563681812577,1.0,0.9309289777915452,0.9781161827798772,,,,,,,,,,,,,,,,,,,,,,
Campbell River,C,STR,2022,37185.0,14823.0,241.0,110720934.0,1485024.0,119313172.0,9083634.0,9812720.0,56209450.0,63103722.0,293433347.0,0.0,0.0,3227105.0,283054051.0,356537069.0,40595645.0,29278304.0,6905857.0,2423087.0,50000.0,2669532.0,0.0,1286692.0,18262.0,776760.0,84004139.0,15063692.0,17617759.0,2766081.0,221508.0,2579250.0,6496778.0,7562375.0,4655255.0,3478476.0,3827208.0,11368854.0,,144807.0,0.0,75782043.0,292866771.0,293433347.0,10746957.0,0.0,784367.0,9812720.0,403071.0,1187438.0,73905034.0,18476259.0,1187438.0,17288821.0,70828440.0,72716765.0,60057046.0,1094939.0,71231741.0,1485024.0,534184045.0,241317274.0,292866771.0,14070986.0,41604629.0,0.0,campbell-river-c,Campbell River,campbell-river-c|2022,Campbell River|2022,"20,000 to 99,999",3227105.0,9378944.0,4751246.0,64010118.0,8222096.0,0.09787727245201573,2259.086701627,2037.9734570391288,1697.0208955223882,86.78512841199408,263.8892026354713,1.969792161282489,0.3382072220857924,1.0,0.935731686809543,0.9795779693994913,,,,,,,,,,,,,,,,,,,,,,
Campbell River,C,STR,2023,38658.0,14823.0,290.0,127713587.0,1903017.0,134800307.0,9008851.0,8859654.0,69345422.0,65454885.0,306130589.0,0.0,0.0,3161690.0,287392770.0,371585474.0,45235399.0,31157067.0,2999509.0,10979996.0,2879.0,5471221.0,0.0,4195613.0,0.0,515031.0,100556715.0,12028401.0,21912766.0,3337948.0,233521.0,3292808.0,6943050.0,8502437.0,5043440.0,4572185.0,3473486.0,11788784.0,0.0,557133.0,0.0,81685959.0,305478712.0,306130589.0,9812720.0,0.0,784367.0,8859654.0,400494.0,1184861.0,82835923.0,20708981.0,1184861.0,19524120.0,77905021.0,79815310.0,67108126.0,887586.0,77912293.0,1903017.0,561320683.0,255841971.0,305478712.0,19578789.0,1494710163.0,0.0,campbell-river-c,Campbell River,campbell-river-c|2023,Campbell River|2023,"20,000 to 99,999",3161690.0,13982384.0,10181865.0,69496681.0,18870756.0,0.18766281297076978,2601.187723110352,2113.041517926432,1693.178255471054,81.78617621190956,229.18035076827564,1.841701778092864,0.013098719393667493,1.0,0.9427851616648835,0.9761572435163128,,,,,,,,,,,,,,,,,,,,,,
Campbell River,C,STR,2024,38658.0,14823.0,297.0,135389078.0,2309648.0,142442136.0,14435570.0,7990985.0,77181618.0,65260518.0,322795178.0,0.0,0.0,3203012.0,308380541.0,388055696.0,46883156.0,34671347.0,3887645.0,3354514.0,80000.0,5688076.0,0.0,5435737.0,1458540.0,0.0,101459015.0,11238715.0,23308160.0,3890346.0,121120.0,4042875.0,6379351.0,9368516.0,5401161.0,4000236.0,4862070.0,12264275.0,0.0,111968.0,0.0,84988793.0,322131951.0,322795178.0,8859654.0,0.0,715448.0,7990985.0,363538.0,1078986.0,87732062.0,21933016.0,1078986.0,20854030.0,82480533.0,85091506.0,71244383.0,1488047.0,82781858.0,2309648.0,588345756.0,266213805.0,322131951.0,29294658.0,1470627666.0,273893835.0,campbell-river-c,Campbell River,campbell-river-c|2024,Campbell River|2024,"20,000 to 99,999",3203012.0,7322159.0,12582353.0,72360980.0,16470222.0,0.16233374629154443,2624.528299446428,2198.4787883491126,1688.150395778364,82.85508820942626,206.7097366651146,1.7541622151533542,0.019919833331899253,0.8137571859062251,0.9508053976707991,0.9728568912624487,2823.8160359162957,3546.5079302077975,2313.177731087988,2783.665107049771,1634.933826557682,2437.8724475115623,1015.8871081440785,1604.3462673977224,757.3716446138835,518.5374381567245,1.4428133381403412,1.7099330852451193,0.021350493990494074,0.02529861000232605,0.9847118933607182,0.9815511712696461,0.8457939120832807,0.8619101997275483,0.9744645665293163,0.9623635142836453,0.16542076645989975,0.19976549769108282
Canal Flats,V,EKO,2019,723.0,1094.0,0.0,1211982.0,111107.0,1637131.0,266850.0,2112207.0,2805268.0,-1168137.0,32862472.0,22680.0,0.0,123148.0,30632974.0,31694335.0,1075618.0,360096.0,169961.0,661486.0,224325.0,19546.0,0.0,40184.0,8497.0,5975.0,2565688.0,443526.0,205657.0,0.0,3962.0,236444.0,352062.0,432388.0,204945.0,155892.0,0.0,1114659.0,,0.0,0.0,3149535.0,32833779.0,32862472.0,2289157.0,0.0,83509.0,2200804.0,67331.0,150840.0,1801327.0,450332.0,150840.0,299492.0,1571596.0,1713918.0,1293539.0,89969.0,1602811.0,111107.0,48310836.0,15477057.0,32833779.0,233804.0,939367.0,0.0,canal-flats-v,Canal Flats,canal-flats-v|2019,Canal Flats|2019,"Under 5,000",145828.0,1055772.0,74202.0,1967545.0,-583847.0,-0.22755962533246443,3548.6694329183956,4356.203319502075,-1615.680497925311,201.6984785615491,3043.9889349930845,0.43203786590086934,0.24889526670619683,1.0,0.6650471207908831,0.935173678087283,,,,,,,,,,,,,,,,,,,,,,
Canal Flats,V,EKO,2020,733.0,1094.0,0.0,2770260.0,254160.0,3194609.0,340945.0,2061080.0,3819774.0,-625165.0,32686545.0,23676.0,0.0,220924.0,30551699.0,32061380.0,1150017.0,332809.0,21600.0,1188332.0,528929.0,9887.0,0.0,73230.0,0.0,25503.0,3330307.0,360037.0,167140.0,0.0,1150.0,259012.0,358334.0,375313.0,215814.0,140827.0,0.0,1085633.0,,0.0,0.0,2963260.0,32660924.0,32686545.0,2200804.0,0.0,85009.0,2109224.0,67605.0,152614.0,1863518.0,465880.0,152614.0,313266.0,1687495.0,1751776.0,1256958.0,20117.0,1497616.0,254160.0,49223614.0,16562690.0,32660924.0,912778.0,1170710.0,0.0,canal-flats-v,Canal Flats,canal-flats-v|2020,Canal Flats|2020,"Under 5,000",244600.0,1738861.0,108620.0,1810022.0,367047.0,0.11021416343898625,4543.3929058663025,4042.6466575716236,-852.8854024556616,333.6971350613915,2877.5225102319237,0.7252418598587246,0.7796789982147586,1.0,0.6724177899888383,0.8549129569077325,,,,,,,,,,,,,,,,,,,,,,
Canal Flats,V,EKO,2021,742.0,1094.0,0.0,3435420.0,89037.0,3785990.0,462715.0,2708164.0,4091055.0,-305065.0,33160605.0,36446.0,0.0,266735.0,30416981.0,32855540.0,1179480.0,347686.0,0.0,1531738.0,434961.0,4312.0,0.0,165032.0,3538.0,0.0,3666747.0,350104.0,192936.0,0.0,6713.0,197139.0,256321.0,411298.0,226527.0,143177.0,0.0,1090211.0,,0.0,0.0,2874426.0,33136971.0,33160605.0,2109224.0,700000.0,80871.0,2719990.0,63522.0,144393.0,1865684.0,466421.0,144393.0,322028.0,1799467.0,2074540.0,1510458.0,238701.0,1985503.0,89037.0,50786022.0,17649051.0,33136971.0,1567721.0,33136971.0,1128000.0,canal-flats-v,Canal Flats,canal-flats-v|2021,Canal Flats|2021,"Under 5,000",303181.0,1966699.0,172882.0,1720693.0,792321.0,0.2160828112765893,4941.707547169812,3873.88948787062,-411.1388140161725,408.599730458221,3665.754716981132,0.8397393826286862,0.047310328997783174,0.9659594716728936,0.69042345863501,0.957081087855621,,,,,,,,,,,,,,,,,,,,,,
Canal Flats,V,EKO,2022,749.0,1094.0,0.0,2911076.0,96866.0,3679767.0,792262.0,2636806.0,4129244.0,-449477.0,34090400.0,37179.0,0.0,352934.0,31425386.0,33640923.0,1255131.0,373059.0,0.0,1292032.0,885413.0,52038.0,0.0,1578.0,9643.0,0.0,3868894.0,434992.0,179636.0,0.0,8689.0,148691.0,294438.0,504064.0,245541.0,153801.0,0.0,1113657.0,,0.0,0.0,3083509.0,34062192.0,34090400.0,2719990.0,0.0,72970.0,2636806.0,58606.0,131576.0,2095014.0,523754.0,131576.0,392178.0,1935249.0,2050213.0,1629577.0,73894.0,1953347.0,96866.0,52824901.0,18762709.0,34062192.0,2043862.0,21631230.0,0.0,canal-flats-v,Canal Flats,canal-flats-v|2022,Canal Flats|2022,"Under 5,000",390113.0,2177445.0,63259.0,1911246.0,785385.0,0.20299987541659192,5165.412550066756,4116.834445927904,-600.1028037383178,520.845126835781,3520.4352469959945,0.704990065978179,0.09448662882323382,1.0,0.7487828255249602,0.952753201740502,,,,,,,,,,,,,,,,,,,,,,
Canal Flats,V,EKO,2023,774.0,1094.0,0.0,2905080.0,100663.0,3562396.0,471837.0,2563158.0,3936981.0,-374585.0,34037971.0,77836.0,0.0,337245.0,31443238.0,33663386.0,1332671.0,856782.0,0.0,1865075.0,647140.0,119131.0,0.0,2540.0,0.0,0.0,4823339.0,603481.0,216505.0,0.0,531.0,172185.0,397735.0,888630.0,247276.0,170474.0,0.0,1190532.0,0.0,913527.0,0.0,4800876.0,34006396.0,34037971.0,2636806.0,0.0,61144.0,2563158.0,81310.0,142454.0,2624080.0,656020.0,142454.0,513566.0,2069027.0,2110418.0,1900049.0,835.0,2009755.0,100663.0,53827802.0,19821406.0,34006396.0,2048263.0,34006396.0,0.0,canal-flats-v,Canal Flats,canal-flats-v|2023,Canal Flats|2023,"Under 5,000",415081.0,2512215.0,121671.0,3529034.0,22463.0,0.004657147258361894,6231.704134366925,6202.6821705426355,-483.95994832041345,536.280361757106,3311.5736434108526,0.737895356873706,0.06023169876631443,1.0,0.7828511325874211,0.952301866265356,,,,,,,,,,,,,,,,,,,,,,
Canal Flats,V,EKO,2024,774.0,1094.0,0.0,3015525.0,85635.0,3717334.0,391808.0,2737144.0,3769116.0,-51782.0,32522435.0,81568.0,0.0,383309.0,29742420.0,32470653.0,1434534.0,611615.0,0.0,1394751.0,623651.0,133352.0,0.0,4479.0,0.0,0.0,4202382.0,637464.0,194408.0,0.0,2129.0,159800.0,293235.0,669980.0,227607.0,167130.0,0.0,1164993.0,0.0,1878368.0,0.0,5395114.0,32479566.0,32522435.0,2563158.0,250000.0,61144.0,2737144.0,81310.0,142454.0,2526131.0,631533.0,142454.0,489079.0,2248054.0,2379315.0,2101051.0,87698.0,2293680.0,85635.0,53465965.0,20986399.0,32479566.0,1516529.0,53465965.0,20986399.0,canal-flats-v,Canal Flats,canal-flats-v|2024,Canal Flats|2024,"Under 5,000",464877.0,2018402.0,137831.0,4148811.0,-1192732.0,-0.2838228414266004,5429.434108527132,6970.431524547804,-66.90180878552971,600.6162790697674,3536.361757105943,0.8000616059574712,0.028364380966470912,0.6074811517944172,0.7744314232193725,0.9640085486789265,4648.097865362712,3546.5079302077975,3428.422456291105,2783.665107049771,5030.364110900993,2437.8724475115623,2420.45,1604.3462673977224,224.31236112962716,518.5374381567245,2.204313821553219,1.7099330852451193,0.030042455998363887,0.02529861000232605,0.9786113537119745,0.9815511712696461,0.9039920521842442,0.8619101997275483,0.9333160528846489,0.9623635142836453,0.20869205825466772,0.19976549769108282
Castlegar,C,CKO,2019,8625.0,1992.0,0.0,12655178.0,497611.0,15717455.0,3293655.0,3984180.0,10413379.0,5304076.0,77677833.0,0.0,0.0,2957260.0,73122827.0,82981909.0,9945372.0,4787906.0,1144294.0,562873.0,1294046.0,214773.0,0.0,0.0,0.0,1206124.0,19155388.0,2531079.0,3192275.0,555564.0,185380.0,607668.0,2342539.0,1397811.0,1032255.0,889484.0,1208944.0,3546118.0,,0.0,0.0,17489117.0,77507074.0,77677833.0,1487123.0,3118668.0,221544.0,4384247.0,104873.0,326417.0,16221639.0,4055410.0,326417.0,3728993.0,16841124.0,17417791.0,14346295.0,304703.0,16920180.0,497611.0,153488926.0,75981852.0,77507074.0,4133120.0,15985972.0,0.0,castlegar-c,Castlegar,castlegar-c|2019,Castlegar|2019,"5,000 to 19,999",2957260.0,3001213.0,1420897.0,13838126.0,1666271.0,0.08698706598895309,2220.9145507246376,2027.7237101449275,614.9653333333333,342.8707246376812,508.31849275362316,1.215280650017636,0.2585466808023935,1.0,0.9195107276452936,0.9714308777731918,,,,,,,,,,,,,,,,,,,,,,
Castlegar,C,CKO,2020,8600.0,1992.0,0.0,16515693.0,441447.0,19436364.0,2943114.0,6103513.0,12754812.0,6681552.0,80013493.0,0.0,0.0,3722647.0,73267514.0,86695045.0,10357591.0,4344305.0,1181835.0,2740232.0,1107196.0,129891.0,0.0,214413.0,677729.0,905950.0,21659142.0,2950160.0,2895037.0,605661.0,139586.0,429882.0,2586693.0,1305047.0,1001946.0,931461.0,1260436.0,3839551.0,,0.0,0.0,17945460.0,79787229.0,80013493.0,4384247.0,2386459.0,250992.0,6519714.0,134796.0,385788.0,15675055.0,3918764.0,385788.0,3532106.0,17106588.0,17659444.0,14588284.0,358348.0,17217997.0,441447.0,159608634.0,79821405.0,79787229.0,6150477.0,16071352.0,0.0,castlegar-c,Castlegar,castlegar-c|2020,Castlegar|2020,"5,000 to 19,999",3722647.0,5029263.0,1927983.0,13971113.0,3713682.0,0.17146025451977737,2518.50488372093,2086.681395348837,776.9246511627907,432.8659302325581,758.1062790697674,1.2948597752754019,0.38269817001083667,1.0,0.9013316443654172,0.9750022141127433,,,,,,,,,,,,,,,,,,,,,,
Castlegar,C,CKO,2021,8570.0,1992.0,0.0,17214850.0,517822.0,20483723.0,2654368.0,12356738.0,19012593.0,1471130.0,85091403.0,0.0,0.0,3028971.0,72270542.0,86562533.0,10838865.0,4900471.0,899060.0,575061.0,1679716.0,126606.0,0.0,0.0,0.0,446748.0,19466527.0,2810758.0,3028313.0,653136.0,132126.0,575528.0,3431254.0,1380636.0,1187607.0,928951.0,1433219.0,4038057.0,,0.0,0.0,19599585.0,84783095.0,85091403.0,6519169.0,6738982.0,745598.0,12512553.0,156804.0,902402.0,16176373.0,4044093.0,902402.0,3141691.0,18136825.0,18668081.0,15591508.0,267108.0,18150259.0,517822.0,168549393.0,83766298.0,84783095.0,9406626.0,16449168.0,0.0,castlegar-c,Castlegar,castlegar-c|2021,Castlegar|2021,"5,000 to 19,999",3028971.0,3153837.0,573354.0,15404724.0,-133058.0,-0.006835220273241344,2271.4733955659276,2286.9994165694284,171.66044340723454,353.43885647607937,1460.0411901983664,0.9054446176805026,0.571860291049371,1.0,0.77685923642211,0.9722616373905812,,,,,,,,,,,,,,,,,,,,,,
Castlegar,C,CKO,2022,8744.0,1992.0,0.0,20688680.0,678805.0,23298575.0,4405892.0,12156990.0,20013109.0,3285466.0,83411629.0,0.0,0.0,3219786.0,70996306.0,86697095.0,11655807.0,6429307.0,516848.0,1789412.0,443842.0,519361.0,0.0,206936.0,484298.0,0.0,22045811.0,3578990.0,3267829.0,683859.0,123455.0,536267.0,3622065.0,1436141.0,1106898.0,1603694.0,1670877.0,3898674.0,,0.0,0.0,21528749.0,83153296.0,83411629.0,12512553.0,0.0,347096.0,12156990.0,323482.0,670578.0,18854349.0,4713587.0,670578.0,4043009.0,18919717.0,19761946.0,16363309.0,392262.0,19083141.0,678805.0,169084446.0,85931150.0,83153296.0,2553191.0,16483568.0,0.0,castlegar-c,Castlegar,castlegar-c|2022,Castlegar|2022,"5,000 to 19,999",3219786.0,2750102.0,1210595.0,17306593.0,517062.0,0.02345397953379896,2521.2501143641352,2462.1167657822507,375.73947849954254,368.22804208600184,1390.323650503202,1.0337564243516586,0.15489310324075467,1.0,0.8577350964350504,0.9656509030031759,,,,,,,,,,,,,,,,,,,,,,
Castlegar,C,CKO,2023,9042.0,1992.0,86.0,21731147.0,837593.0,26748165.0,3234033.0,11951852.0,20653367.0,6094798.0,83618570.0,0.0,0.0,3554928.0,70008385.0,89713368.0,12191137.0,6831347.0,167333.0,5650823.0,1861831.0,1224823.0,0.0,192587.0,4710.0,0.0,28124591.0,3779965.0,3690253.0,1280045.0,188766.0,761471.0,3943097.0,1502049.0,1350242.0,1486466.0,1698778.0,4414957.0,56892.0,0.0,0.0,24152981.0,83281393.0,83618570.0,12156990.0,0.0,191281.0,11951852.0,495039.0,686320.0,20210215.0,5052554.0,686320.0,3796454.0,20615511.0,21730627.0,17697575.0,866738.0,20893034.0,837593.0,173703693.0,90422300.0,83281393.0,4239786.0,18153105.0,0.0,castlegar-c,Castlegar,castlegar-c|2023,Castlegar|2023,"5,000 to 19,999",3554928.0,7679987.0,1422120.0,19242985.0,3971610.0,0.1412148535777818,3110.4391727493917,2671.1989604069895,674.0541915505419,393.15726609157264,1321.8150851581509,1.052184227394981,0.23355706916254823,1.0,0.7513930578475757,0.9614556450672131,,,,,,,,,,,,,,,,,,,,,,
Castlegar,C,CKO,2024,9042.0,1992.0,84.0,21385443.0,666303.0,28531099.0,4658286.0,12741178.0,26171405.0,2359694.0,90059729.0,0.0,0.0,3822959.0,72614971.0,92419423.0,13031654.0,7044300.0,454953.0,2840436.0,398161.0,1089176.0,0.0,2172270.0,64634.0,1306001.0,28401585.0,3912428.0,4681641.0,1170033.0,179795.0,674852.0,4424362.0,1871201.0,1431719.0,1579881.0,1670707.0,4521652.0,0.0,0.0,0.0,26118271.0,89653337.0,90059729.0,11951852.0,3976032.0,191281.0,15717210.0,604980.0,796261.0,21919205.0,5479801.0,796261.0,4466722.0,21973679.0,22952101.0,19275912.0,651897.0,22285798.0,666303.0,184523584.0,94870247.0,89653337.0,11063476.0,418113487.0,9985216.0,castlegar-c,Castlegar,castlegar-c|2024,Castlegar|2024,"5,000 to 19,999",3822959.0,3693550.0,4632081.0,20991639.0,2283314.0,0.08039389350981645,3141.0733244857333,2888.550210130502,260.9703605397036,422.80015483300156,1738.2448573324486,0.8171301082230779,0.026460461917603723,0.9761184072973949,0.8151248558113698,0.9709698471612686,3601.3561989291247,3546.5079302077975,2957.8976990295423,2783.665107049771,1917.0647247750476,2437.8724475115623,987.5598464714869,1604.3462673977224,936.3446522221191,518.5374381567245,1.3967465323081123,1.7099330852451193,0.018327243000235003,0.02529861000232605,0.982034678745671,0.9815511712696461,0.7988058564062199,0.8619101997275483,0.970292410805516,0.9623635142836453,0.19624174475580758,0.19976549769108282
Central Saanich,D,CAP,2019,18089.0,4606.0,150.0,37499131.0,387219.0,41308334.0,1799290.0,8792427.0,20087027.0,21221307.0,91505408.0,3603223.0,4374901.0,5174593.0,81905991.0,112726715.0,17440454.0,8972615.0,0.0,455318.0,1577197.0,933108.0,0.0,2521525.0,0.0,173000.0,32073217.0,2256689.0,8584073.0,0.0,0.0,622404.0,2825946.0,2588828.0,4596299.0,795615.0,0.0,3159058.0,,13152.0,0.0,25442064.0,90698418.0,91505408.0,9425488.0,0.0,535783.0,8792427.0,352895.0,888678.0,27848193.0,6962048.0,888678.0,6073370.0,33338653.0,33886253.0,29469536.0,326085.0,33499034.0,387219.0,181219378.0,90520960.0,90698418.0,5323100.0,30972766.0,0.0,central-saanich-d,Central Saanich,central-saanich-d|2019,Central Saanich|2019,"5,000 to 19,999",13152717.0,2032515.0,3627633.0,21930111.0,6631153.0,0.20675047969151333,1773.0785007463098,1406.493670186301,1173.1608712477196,727.1113383824423,486.06484603902925,1.866833304898729,0.17186388842378494,1.0,0.872353939530437,0.9885729767761576,,,,,,,,,,,,,,,,,,,,,,
Central Saanich,D,CAP,2020,18353.0,4606.0,150.0,49154386.0,406983.0,53958437.0,6014199.0,8379098.0,24190229.0,29768208.0,90726399.0,4535195.0,5011369.0,7885454.0,81627736.0,120494607.0,18157240.0,9736596.0,0.0,3988743.0,848777.0,1065667.0,0.0,948691.0,0.0,42750.0,34788464.0,2940906.0,8959836.0,0.0,0.0,634296.0,2930554.0,2569981.0,4972711.0,895171.0,0.0,3112243.0,,0.0,0.0,27015698.0,90006834.0,90726399.0,8792427.0,0.0,335363.0,8379098.0,311887.0,647250.0,29380348.0,7345087.0,647250.0,6697837.0,33467011.0,33922852.0,29607122.0,286083.0,33515869.0,406983.0,183640037.0,93633203.0,90006834.0,2420659.0,30982005.0,0.0,central-saanich-d,Central Saanich,central-saanich-d|2020,Central Saanich|2020,"5,000 to 19,999",17432018.0,4837520.0,2057108.0,23591568.0,7772766.0,0.22342941039305445,1895.5192066692093,1472.0044679343976,1621.980493652264,949.818449299842,456.55195335912384,2.0319934135389954,0.07813112805320378,1.0,0.9118798729000759,0.9880026891606873,,,,,,,,,,,,,,,,,,,,,,
Central Saanich,D,CAP,2021,18522.0,4606.0,150.0,54319850.0,341935.0,58734369.0,2071450.0,7899341.0,22762131.0,35972238.0,90137216.0,5599145.0,5589443.0,10901754.0,81538414.0,126109454.0,18874993.0,11721526.0,0.0,501617.0,1840955.0,284261.0,0.0,883446.0,400000.0,0.0,34506798.0,2928933.0,9689535.0,0.0,0.0,678076.0,3120722.0,3006597.0,5280912.0,939467.0,0.0,3294116.0,,0.0,0.0,28938358.0,89437755.0,90137216.0,8332691.0,0.0,339102.0,7899341.0,284997.0,624099.0,31227605.0,7806901.0,624099.0,7182802.0,36459356.0,37045718.0,32623704.0,348674.0,36703783.0,341935.0,185426958.0,95989203.0,89437755.0,2725037.0,31134315.0,0.0,central-saanich-d,Central Saanich,central-saanich-d|2021,Central Saanich|2021,"5,000 to 19,999",22090342.0,2342572.0,1567707.0,25359245.0,5568440.0,0.1613722606194872,1863.0168448331713,1562.377605010258,1942.1357304826693,1192.6542490011877,426.4842349638268,2.38641320533653,0.08752519527087717,1.0,0.9200580358326562,0.9907699184019054,,,,,,,,,,,,,,,,,,,,,,
Central Saanich,D,CAP,2022,18689.0,4606.0,150.0,58525837.0,449008.0,63994936.0,2440805.0,7446614.0,22887546.0,41107390.0,91366743.0,4924565.0,6481705.0,13781659.0,83126861.0,132474133.0,19869149.0,11239787.0,0.0,1346958.0,799074.0,1447724.0,0.0,854324.0,0.0,0.0,35557016.0,2928605.0,10297399.0,0.0,0.0,649495.0,2791003.0,3303241.0,5345540.0,909507.0,0.0,2967547.0,,0.0,0.0,29192337.0,90573475.0,91366743.0,7899341.0,0.0,344091.0,7446614.0,266797.0,610888.0,32873427.0,8218357.0,610888.0,7607469.0,38120415.0,38627957.0,34138766.0,277250.0,38178949.0,449008.0,189304537.0,98731062.0,90573475.0,4103267.0,31062503.0,0.0,central-saanich-d,Central Saanich,central-saanich-d|2022,Central Saanich|2022,"5,000 to 19,999",25187929.0,2146032.0,2302048.0,25957993.0,6364679.0,0.17899924448103294,1902.5638610947617,1562.0063673818825,2199.5500026753707,1347.74086360961,398.4490341912355,2.5571040687367708,0.13209711400269322,1.0,0.9256678676772012,0.9883760872986371,,,,,,,,,,,,,,,,,,,,,,
Central Saanich,D,CAP,2023,19326.0,4606.0,150.0,69306230.0,455178.0,75334903.0,2272124.0,6978217.0,24340131.0,50994772.0,94063666.0,4524027.0,7674878.0,16639965.0,85549863.0,145058438.0,20981502.0,12475007.0,0.0,6241311.0,854554.0,2778440.0,0.0,689688.0,0.0,0.0,44020502.0,3553577.0,11109135.0,0.0,0.0,809892.0,3202645.0,3573513.0,5535808.0,883703.0,0.0,2767924.0,0.0,0.0,0.0,31436197.0,93221935.0,94063666.0,7446614.0,0.0,344091.0,6978217.0,266797.0,610888.0,36472643.0,9118161.0,610888.0,8507273.0,40668517.0,41352920.0,36794610.0,444459.0,40897742.0,455178.0,194179770.0,100957835.0,93221935.0,4722529.0,31529189.0,0.0,central-saanich-d,Central Saanich,central-saanich-d|2023,Central Saanich|2023,"5,000 to 19,999",28838870.0,7095865.0,3468128.0,28401476.0,12584305.0,0.2858737276553548,2277.7865052261204,1626.627186174066,2638.661492290179,1492.2317085791162,361.07921970402566,2.8474057925160716,0.14978276161813106,1.0,0.9330031571059121,0.9889928450034484,,,,,,,,,,,,,,,,,,,,,,
Central Saanich,D,CAP,2024,19326.0,4606.0,150.0,63429942.0,546420.0,71080436.0,6103287.0,6493069.0,28229762.0,42850674.0,114487688.0,4916613.0,6775409.0,8269629.0,106499846.0,157338362.0,22599727.0,11507377.0,855018.0,6872198.0,0.0,3204728.0,0.0,1099896.0,0.0,0.0,46138944.0,3797414.0,12072697.0,0.0,0.0,1082842.0,3412242.0,3851227.0,5416992.0,992364.0,0.0,2897487.0,30721.0,16032.0,0.0,33570018.0,113717491.0,114487688.0,6978217.0,0.0,344091.0,6493069.0,266797.0,610888.0,37523975.0,9380994.0,610888.0,8770106.0,44045319.0,44694951.0,40117583.0,357763.0,44148531.0,546420.0,216110737.0,102393246.0,113717491.0,23409077.0,710716394.0,12247120.0,central-saanich-d,Central Saanich,central-saanich-d|2024,Central Saanich|2024,"5,000 to 19,999",19961651.0,7727216.0,4304624.0,30405734.0,12568926.0,0.27241468725422063,2387.4026699782676,1737.0391182862465,2217.25520024837,1032.8909758874056,335.97583566180276,2.2469173491437866,0.03293729706761204,0.9827679224745729,0.9348802482977817,0.9877744580142844,2567.538946805667,3546.5079302077975,2045.0195609464422,2783.665107049771,2217.25520024837,2437.8724475115623,799.2304887641933,1604.3462673977224,386.9249167164944,518.5374381567245,1.5629948984418691,1.7099330852451193,0.04472396775938227,0.02529861000232605,0.9792813777328785,0.9815511712696461,0.8510570773833829,0.8619101997275483,0.9732053424599786,0.9623635142836453,0.170495619408603,0.19976549769108282
Chase,V,TNR,2019,2478.0,385.0,23.0,3629036.0,188362.0,3976247.0,146109.0,1977503.0,2512178.0,1464069.0,32270369.0,0.0,0.0,0.0,30218741.0,33734438.0,2076300.0,1089757.0,316843.0,475487.0,19000.0,85090.0,0.0,0.0,14134.0,0.0,4076611.0,837543.0,239926.0,195623.0,0.0,66793.0,546547.0,366000.0,329995.0,152166.0,22193.0,1170413.0,,0.0,0.0,3927199.0,32196244.0,32270369.0,2141589.0,0.0,147050.0,1977503.0,86465.0,233515.0,3658460.0,914615.0,233515.0,681100.0,3657146.0,3930281.0,2797242.0,159481.0,3741919.0,188362.0,47297034.0,15100790.0,32196244.0,52690.0,7012701.0,0.0,chase-v,Chase,chase-v|2019,Chase|2019,"Under 5,000",0,811330.0,99224.0,2670321.0,149412.0,0.03665103194786061,1645.1214689265537,1584.826069410815,590.8268765133172,0.0,798.0238095238095,1.4445775737228812,0.007513510129691826,1.0,0.7446849220710353,0.9520741646716864,,,,,,,,,,,,,,,,,,,,,,
Chase,V,TNR,2020,2497.0,385.0,23.0,5742767.0,198158.0,6130207.0,394044.0,1886533.0,2835760.0,3294447.0,31230000.0,0.0,0.0,0.0,29261352.0,34524447.0,2148105.0,1097910.0,3650.0,1429765.0,170393.0,69035.0,0.0,0.0,0.0,0.0,4918858.0,1016239.0,256561.0,210189.0,0.0,45620.0,563223.0,376836.0,324617.0,186181.0,9536.0,1149988.0,,0.0,0.0,4138990.0,31147885.0,31230000.0,1977503.0,0.0,90970.0,1886533.0,77872.0,168842.0,3747105.0,936776.0,168842.0,767934.0,3663233.0,3877467.0,2734222.0,125675.0,3679309.0,198158.0,47398663.0,16250778.0,31147885.0,101629.0,7012701.0,0.0,chase-v,Chase,chase-v|2020,Chase|2020,"Under 5,000",0,1603808.0,69035.0,2911130.0,779868.0,0.15854655694472172,1969.9070885062074,1657.5851021225471,1319.3620344413296,0.0,755.5198237885462,2.0251244816204474,0.014492133630109141,1.0,0.8197626753887802,0.9488949873719106,,,,,,,,,,,,,,,,,,,,,,
Chase,V,TNR,2021,2512.0,385.0,23.0,6099999.0,167708.0,6614090.0,183776.0,1801693.0,2569853.0,4044237.0,30928134.0,0.0,0.0,0.0,28975489.0,34972371.0,2239911.0,1249973.0,0.0,725324.0,328884.0,58693.0,0.0,0.0,28056.0,0.0,4630841.0,950955.0,354927.0,207168.0,0.0,28960.0,576065.0,374673.0,370075.0,153194.0,22823.0,1144077.0,,0.0,0.0,4182917.0,30777181.0,30928134.0,1886533.0,0.0,84840.0,1801693.0,70144.0,154984.0,3987438.0,996860.0,154984.0,841876.0,3833499.0,4067852.0,2901383.0,166825.0,3900144.0,167708.0,48172036.0,17394855.0,30777181.0,779968.0,7006106.0,0.0,chase-v,Chase,chase-v|2021,Chase|2021,"Under 5,000",0,1054208.0,86749.0,2968696.0,447924.0,0.09672627498979128,1843.4876592356688,1665.1739649681529,1609.966958598726,0.0,717.234474522293,2.373676237512418,0.11132689114323992,1.0,0.8445278173464679,0.9587723447165728,,,,,,,,,,,,,,,,,,,,,,
Chase,V,TNR,2022,2540.0,385.0,23.0,6820633.0,137185.0,7424942.0,453961.0,1711909.0,2936101.0,4488841.0,31076594.0,0.0,0.0,2339008.0,28991630.0,35565435.0,2283445.0,1290102.0,0.0,1004134.0,177491.0,187523.0,0.0,0.0,0.0,0.0,4942695.0,1011071.0,320112.0,199045.0,0.0,46784.0,620148.0,377994.0,377446.0,204286.0,10277.0,1182468.0,,0.0,0.0,4349631.0,30942495.0,31076594.0,1801693.0,250000.0,74711.0,1950865.0,54958.0,129669.0,4284953.0,1071238.0,129669.0,875034.0,4027278.0,4222076.0,3115774.0,140837.0,4084891.0,137185.0,49519819.0,18577324.0,30942495.0,1347782.0,7037951.0,0.0,chase-v,Chase,chase-v|2022,Chase|2022,"Under 5,000",2339008.0,1181625.0,187523.0,3112205.0,593064.0,0.11998798226473614,1945.9429133858268,1712.4531496062991,1767.2602362204725,920.8692913385827,768.0570866141733,2.323023969543282,0.1915020437056183,1.0,0.8168436892641971,0.967507690529493,,,,,,,,,,,,,,,,,,,,,,
Chase,V,TNR,2023,2639.0,385.0,23.0,9301301.0,168724.0,10228743.0,480262.0,1619908.0,3111706.0,7117037.0,30905905.0,0.0,0.0,3907593.0,28761426.0,38022942.0,2400323.0,1517287.0,67534.0,2229832.0,184799.0,493083.0,0.0,0.0,20322.0,17000.0,6930180.0,981724.0,456519.0,240547.0,0.0,49208.0,624932.0,445995.0,461681.0,225357.0,15773.0,1233265.0,11554.0,0.0,0.0,4746555.0,30839582.0,30905905.0,1950865.0,0.0,106541.0,1815991.0,85719.0,192260.0,4829360.0,1207340.0,192260.0,943042.0,4295741.0,4560986.0,3376593.0,176476.0,4392262.0,168724.0,50450287.0,19610705.0,30839582.0,968921.0,73735713.0,1233265.0,chase-v,Chase,chase-v|2023,Chase|2023,"Under 5,000",3907593.0,2482165.0,530405.0,3427571.0,2183625.0,0.3150892184618581,2626.0629026146266,1798.6187949981054,2696.8688897309585,1480.7097385373247,688.1360363774157,2.9891323280541284,0.013140457460552393,0.9832745226183681,0.7810906621167194,0.9630071217057014,,,,,,,,,,,,,,,,,,,,,,
Chase,V,TNR,2024,2639.0,385.0,23.0,9654139.0,194371.0,10933427.0,366975.0,1522092.0,3377506.0,7555921.0,31741464.0,0.0,0.0,3564562.0,29658369.0,39297385.0,2671014.0,1770427.0,491718.0,847928.0,19000.0,506815.0,0.0,0.0,0.0,8202.0,6315104.0,1111298.0,338252.0,260902.0,0.0,103418.0,610449.0,576539.0,514061.0,257187.0,23238.0,1239702.0,5613.0,0.0,0.0,5040659.0,31699212.0,31741464.0,1815991.0,100000.0,111558.0,1773066.0,75645.0,187203.0,5399391.0,1349848.0,187203.0,1083392.0,4642867.0,4934274.0,3672283.0,195865.0,4739903.0,194371.0,52484009.0,20784797.0,31699212.0,2099331.0,93206610.0,2515104.0,chase-v,Chase,chase-v|2024,Chase|2024,"Under 5,000",3564562.0,1358646.0,515017.0,3725312.0,1274445.0,0.2018090280065063,2392.9912845774916,1910.064039408867,2863.1758241758243,1350.724516862448,671.8704054566124,2.8583632419897995,0.022523413307275097,0.973015819371609,0.8026029597406523,0.9606079840722263,4648.097865362712,3546.5079302077975,3428.422456291105,2783.665107049771,5030.364110900993,2437.8724475115623,2420.45,1604.3462673977224,224.31236112962716,518.5374381567245,2.204313821553219,1.7099330852451193,0.030042455998363887,0.02529861000232605,0.9786113537119745,0.9815511712696461,0.9039920521842442,0.8619101997275483,0.9333160528846489,0.9623635142836453,0.20869205825466772,0.19976549769108282
Chetwynd,D,PEA,2019,2645.0,6223.0,34.0,7785750.0,241677.0,10007732.0,1318717.0,3794677.0,5812070.0,4195662.0,52173213.0,611523.0,0.0,1560630.0,48223354.0,56368875.0,3294208.0,2546158.0,346481.0,3752423.0,167135.0,127752.0,0.0,0.0,0.0,0.0,10234157.0,1515518.0,427742.0,448224.0,116458.0,678276.0,1576156.0,546417.0,694828.0,312916.0,0.0,1777521.0,,235540.0,0.0,8329596.0,52018031.0,52173213.0,3955354.0,0.0,152852.0,3794677.0,111438.0,264290.0,9198519.0,2299630.0,264290.0,2035340.0,6220453.0,6483776.0,5606316.0,133399.0,6242099.0,241677.0,77310713.0,25292682.0,52018031.0,4000720.0,1875544.0,0.0,chetwynd-d,Chetwynd,chetwynd-d|2019,Chetwynd|2019,"Under 5,000",2172153.0,4266039.0,127752.0,6440637.0,1904561.0,0.18609847396321944,3869.2465028355386,3149.1856332703214,1586.2616257088846,821.2298676748583,1434.6604914933837,1.339582971299382,2.1330984503695993,1.0,0.8850728160617143,0.962725886890602,,,,,,,,,,,,,,,,,,,,,,
Chetwynd,D,PEA,2020,2657.0,6223.0,34.0,10003565.0,218461.0,11990781.0,1077860.0,3615596.0,5492433.0,6498348.0,52229228.0,638020.0,0.0,2276793.0,48470851.0,58727576.0,3244130.0,2712383.0,172795.0,4450637.0,182700.0,120634.0,0.0,0.0,90047.0,0.0,10973326.0,1575045.0,696990.0,462122.0,98254.0,375852.0,1826272.0,518594.0,796194.0,311525.0,0.0,1816247.0,,146945.0,0.0,8624040.0,52086447.0,52229228.0,3785262.0,0.0,156706.0,3615596.0,111438.0,268144.0,10246394.0,2561599.0,268144.0,2260780.0,5911036.0,6187218.0,5349058.0,139521.0,5968757.0,218461.0,78851895.0,26765448.0,52086447.0,2031607.0,1462356.0,0.0,chetwynd-d,Chetwynd,chetwynd-d|2020,Chetwynd|2020,"Under 5,000",2914813.0,4806132.0,210681.0,6696355.0,2349286.0,0.2140906047993106,4129.968385397065,3245.7809559653747,2445.7463304478733,1097.0316146029356,1360.781332329695,1.821335826945909,1.389269781092976,1.0,0.882565928546974,0.9646915625083842,,,,,,,,,,,,,,,,,,,,,,
Chetwynd,D,PEA,2021,2669.0,6223.0,34.0,11464032.0,177045.0,13233079.0,1199451.0,3457755.0,5267310.0,7965769.0,53736203.0,1011784.0,1205800.0,2180609.0,50089245.0,61701972.0,3298538.0,3386219.0,416713.0,3910899.0,94963.0,4988.0,0.0,0.0,22993.0,0.0,11135313.0,1568473.0,715903.0,425342.0,107846.0,443751.0,1503918.0,567108.0,701642.0,297541.0,0.0,1829393.0,,0.0,0.0,8160917.0,53547000.0,53736203.0,3615596.0,0.0,152853.0,3457755.0,111438.0,264291.0,9915075.0,2478769.0,264291.0,2178871.0,6196028.0,6449794.0,5636409.0,159793.0,6272749.0,177045.0,81957961.0,28410961.0,53547000.0,3326953.0,2099458.0,0.0,chetwynd-d,Chetwynd,chetwynd-d|2021,Chetwynd|2021,"Under 5,000",4398193.0,4422575.0,27981.0,6220086.0,2974396.0,0.26711382068918943,4172.091794679655,3057.6684151367554,2984.5518920944173,1647.8804795803671,1295.5245410266018,2.1764490793213236,1.5846723297155743,1.0,0.879013332827706,0.9725502861021608,,,,,,,,,,,,,,,,,,,,,,
Chetwynd,D,PEA,2022,2647.0,6223.0,35.0,11674413.0,247545.0,13687780.0,1110937.0,3259873.0,4923219.0,8764561.0,54533110.0,1122278.0,1603378.0,1858039.0,51147270.0,63297671.0,3359754.0,3400281.0,216639.0,3666597.0,613182.0,86546.0,0.0,0.0,0.0,0.0,11342999.0,2692755.0,678298.0,451084.0,121064.0,504469.0,1680388.0,731414.0,739725.0,321790.0,0.0,1826313.0,,0.0,0.0,9747300.0,54407143.0,54533110.0,3457755.0,0.0,174154.0,3259873.0,111438.0,285592.0,10183625.0,2545906.0,285592.0,2260314.0,6138925.0,6390436.0,5491466.0,121325.0,6142891.0,247545.0,84560688.0,30153545.0,54407143.0,2686456.0,2927943.0,0.0,chetwynd-d,Chetwynd,chetwynd-d|2022,Chetwynd|2022,"Under 5,000",4583695.0,4496418.0,86546.0,7809549.0,1595699.0,0.14067699380031684,4285.2281828485075,3682.395164336985,3311.129958443521,1731.6565923687192,1231.5349452210048,2.3712967064841113,0.9175233261030014,1.0,0.8878230382425746,0.9612632064541449,,,,,,,,,,,,,,,,,,,,,,
Chetwynd,D,PEA,2023,2692.0,6223.0,35.0,14166225.0,448884.0,16404493.0,1092016.0,3073506.0,4506181.0,11898312.0,55934174.0,0.0,0.0,3698625.0,52673492.0,67832486.0,3490345.0,2379466.0,264008.0,5189743.0,1641729.0,732068.0,0.0,0.0,0.0,0.0,13697359.0,1904706.0,632443.0,231785.0,359360.0,532292.0,1610697.0,867365.0,667981.0,294346.0,0.0,1919758.0,0.0,141811.0,0.0,9162544.0,55746998.0,55934174.0,3259873.0,0.0,156994.0,3073506.0,111438.0,268432.0,9573799.0,2393450.0,268432.0,2125018.0,6415301.0,6721606.0,5654059.0,163128.0,6272722.0,448884.0,87626102.0,31879104.0,55746998.0,3401423.0,2384703.0,0.0,chetwynd-d,Chetwynd,chetwynd-d|2023,Chetwynd|2023,"Under 5,000",3698625.0,7095480.0,732068.0,7131348.0,4534815.0,0.3310722161841564,5088.171991084695,3403.6196136701337,4419.878157503715,1373.9320208023773,1141.7184249628529,3.143731909570432,1.4263507866598062,1.0,0.8878472497858739,0.933217745877994,,,,,,,,,,,,,,,,,,,,,,
Chetwynd,D,PEA,2024,2692.0,6223.0,35.0,13130353.0,279256.0,16962617.0,1391442.0,2881038.0,4688656.0,12273961.0,58379015.0,0.0,0.0,4132883.0,55100154.0,70652976.0,3686569.0,2118045.0,179675.0,4495666.0,820116.0,777617.0,0.0,0.0,0.0,0.0,12077688.0,2378640.0,821656.0,263056.0,104983.0,414551.0,1545075.0,654954.0,655790.0,287141.0,0.0,2070929.0,0.0,60423.0,0.0,9257198.0,58116147.0,58379015.0,3069090.0,0.0,152852.0,2881038.0,111438.0,264290.0,10112173.0,2528043.0,264290.0,2263753.0,6675040.0,7248313.0,6110302.0,384381.0,6969057.0,279256.0,91490777.0,33374630.0,58116147.0,4500501.0,315430430.0,4673352.0,chetwynd-d,Chetwynd,chetwynd-d|2024,Chetwynd|2024,"Under 5,000",4132883.0,5495457.0,777617.0,7074831.0,2820490.0,0.23352896680225554,4486.511144130758,3438.7808320950967,4559.420876671619,1535.2462852897474,1070.2221396731054,2.800451344692381,0.014267808594116934,0.985184206862984,0.895456683292175,0.9614729661922712,4486.511144130758,3546.5079302077975,3557.844717668488,2783.665107049771,5496.677373974208,2437.8724475115623,3386.4506393861893,1604.3462673977224,624.7436119532265,518.5374381567245,3.324657351485151,1.7099330852451193,0.02521828600111612,0.02529861000232605,0.9816336034641139,0.9815511712696461,0.8531878894527055,0.8619101997275483,0.9614729661922712,0.9623635142836453,0.23352896680225554,0.19976549769108282
Chilliwack,C,FVR,2019,94534.0,27266.0,755.0,203895179.0,4414903.0,227737252.0,22163889.0,0.0,123768296.0,103968956.0,800258492.0,0.0,0.0,24860949.0,794557207.0,904227448.0,85926762.0,46067886.0,0.0,4865247.0,7080813.0,3515404.0,0.0,12137498.0,0.0,3343748.0,162937358.0,10016064.0,38540455.0,10681573.0,0.0,7070916.0,18954693.0,19775262.0,7570070.0,7773089.0,826035.0,22725629.0,,535449.0,0.0,144469235.0,795553620.0,800258492.0,2153345.0,0.0,1156932.0,996413.0,20879.0,1177811.0,141713704.0,35428426.0,1177811.0,34250615.0,128938871.0,131146561.0,110607438.0,336335.0,126731658.0,4414903.0,1198410137.0,402856517.0,795553620.0,39798215.0,154412388.0,0.0,chilliwack-c,Chilliwack,chilliwack-c|2019,Chilliwack|2019,"20,000 to 99,999",24860949.0,11946060.0,18996650.0,121722727.0,18468123.0,0.11334492731863248,1723.5847208411788,1528.22513592993,1099.80489559312,262.984206740432,10.540260646962997,1.6473942486854631,0.2577397805673467,1.0,0.96675519821287,0.9663361130758129,,,,,,,,,,,,,,,,,,,,,,
Chilliwack,C,FVR,2020,95178.0,27266.0,657.0,205682513.0,4428048.0,224550850.0,23676335.0,0.0,111590809.0,112960041.0,833141359.0,0.0,0.0,29735139.0,826739128.0,946101400.0,89439807.0,47109138.0,178069.0,10097988.0,3583604.0,2768944.0,0.0,34007013.0,213139.0,1900338.0,189298040.0,10074835.0,40672241.0,12263200.0,0.0,7880459.0,17913966.0,19011368.0,7266022.0,8541676.0,352951.0,23447370.0,,0.0,0.0,147424088.0,826739128.0,833141359.0,996412.0,0.0,996412.0,0.0,819.0,997231.0,142645236.0,35661309.0,997231.0,34664078.0,127998402.0,129805425.0,109368143.0,40800.0,125377377.0,4428048.0,1250657013.0,423917885.0,826739128.0,55008519.0,180882758.0,0.0,chilliwack-c,Chilliwack,chilliwack-c|2020,Chilliwack|2020,"20,000 to 99,999",29735139.0,13859661.0,38889434.0,123975899.0,41873952.0,0.22120647419275974,1988.884406060224,1548.930299018681,1186.8293198007943,312.41609405534894,0.0,1.8431850691215976,0.304111456549109,1.0,0.9720360517332665,0.9658870343824227,,,,,,,,,,,,,,,,,,,,,,
Chilliwack,C,FVR,2021,95798.0,27266.0,662.0,211867246.0,3918940.0,235166063.0,38072714.0,0.0,127789495.0,107376568.0,871331701.0,0.0,0.0,24884663.0,865940859.0,978708269.0,93896664.0,50449548.0,163492.0,6083691.0,7239159.0,2306452.0,0.0,27869236.0,0.0,2494031.0,190502273.0,10349856.0,47838521.0,10679803.0,0.0,7879329.0,20120855.0,20267728.0,6890241.0,8384221.0,348408.0,23881340.0,,1255113.0,0.0,157895415.0,865940858.0,871331701.0,0.0,0.0,0.0,0.0,0.0,0.0,151159827.0,37789957.0,0.0,37789957.0,142151792.0,144413120.0,123772632.0,586898.0,140494180.0,3918940.0,1311116859.0,445176001.0,865940858.0,64677103.0,182662949.0,0.0,chilliwack-c,Chilliwack,chilliwack-c|2021,Chilliwack|2021,"20,000 to 99,999",24884663.0,13486342.0,32669719.0,134014075.0,32606858.0,0.1711625666534698,1988.582987118729,1648.2120190400635,1120.8644021795862,259.76182174993215,0.0,1.6579394573865402,0.35407893803356916,1.0,1.0,0.9728629919497619,,,,,,,,,,,,,,,,,,,,,,
Chilliwack,C,FVR,2022,97174.0,27294.0,662.0,209963589.0,4372988.0,234771873.0,36384095.0,0.0,129357247.0,105414626.0,891128874.0,0.0,0.0,22960548.0,886208672.0,996543500.0,98966271.0,57747802.0,213948.0,12992646.0,3745554.0,3967252.0,0.0,14019622.0,200.0,0.0,191653295.0,12666925.0,51966684.0,13132102.0,0.0,6586660.0,20709850.0,22825564.0,8400746.0,10944792.0,0.0,24730743.0,,1853998.0,0.0,173818064.0,886208672.0,891128874.0,0.0,0.0,0.0,0.0,0.0,0.0,163578396.0,40894599.0,0.0,40894599.0,151169255.0,156088006.0,132316942.0,3184980.0,151715018.0,4372988.0,1354660759.0,468452087.0,886208672.0,47083526.0,198102052.0,0.0,chilliwack-c,Chilliwack,chilliwack-c|2022,Chilliwack|2022,"20,000 to 99,999",22960548.0,16952148.0,17987074.0,149087321.0,17835231.0,0.09305987147259848,1972.269279848519,1788.7301541564616,1084.8027867536584,236.2828328565254,0.0,1.6231296960115424,0.2376730857891366,1.0,1.0,0.9719838307115026,,,,,,,,,,,,,,,,,,,,,,
Chilliwack,C,FVR,2023,100884.0,27294.0,663.0,232877850.0,5530063.0,259796982.0,32886602.0,0.0,141752688.0,118044294.0,914929511.0,0.0,0.0,35173453.0,897979605.0,1032973805.0,105027207.0,66674543.0,139921.0,28509381.0,3907240.0,7288132.0,0.0,11684236.0,0.0,0.0,223230660.0,13632781.0,55886318.0,13936398.0,0.0,7932214.0,22540205.0,26161425.0,8790118.0,10822394.0,0.0,26319505.0,477745.0,301251.0,0.0,186800354.0,909334237.0,914929511.0,0.0,0.0,0.0,0.0,0.0,0.0,181931016.0,45482754.0,0.0,45482754.0,163718533.0,165856028.0,144410541.0,1606243.0,162009845.0,5530063.0,1402000111.0,492665874.0,909334237.0,38988215.0,185644322.0,0.0,chilliwack-c,Chilliwack,chilliwack-c|2023,Chilliwack|2023,"100,000 and over",35173453.0,32556542.0,18972368.0,160480849.0,36430306.0,0.16319579935838563,2212.745926014036,1851.635085841164,1170.0992625193292,348.6524424091035,0.0,1.6428460954475868,0.210015661023018,1.0,1.0,0.9768101102722658,,,,,,,,,,,,,,,,,,,,,,
Chilliwack,C,FVR,2024,100884.0,27294.0,664.0,239074729.0,7685194.0,273940162.0,38478422.0,0.0,153731901.0,120208261.0,943523236.0,0.0,0.0,35916213.0,924254647.0,1063731497.0,116247886.0,68558570.0,5425652.0,12588003.0,138571.0,7959831.0,0.0,18890749.0,0.0,0.0,229809262.0,14657085.0,60021757.0,15583254.0,0.0,9048020.0,23410512.0,27498260.0,9389077.0,10360845.0,0.0,27671034.0,506982.0,904744.0,0.0,199051570.0,937450286.0,943523236.0,0.0,0.0,0.0,0.0,0.0,0.0,195423816.0,48855954.0,0.0,48855954.0,178256081.0,187136823.0,157642111.0,5631948.0,179451629.0,7685194.0,1455963150.0,518512864.0,937450286.0,55437443.0,1581892156.0,2362000.0,chilliwack-c,Chilliwack,chilliwack-c|2024,Chilliwack|2024,"100,000 and over",35916213.0,18152226.0,26850580.0,171380536.0,30757692.0,0.13384008865578273,2277.955493438008,1973.0737282423377,1191.549314063677,356.01495777328415,0.0,1.5551406535979804,0.03504502047736306,0.998506851436717,1.0,0.9589327537103695,3003.390678329474,3546.5079302077975,2379.369597210911,2783.665107049771,2052.765446183268,2437.8724475115623,1093.3312652075697,1604.3462673977224,312.26099706744867,518.5374381567245,1.6357691597817738,1.7099330852451193,0.025378934003535983,0.02529861000232605,0.9802497344746216,0.9815511712696461,0.9023585311053542,0.8619101997275483,0.9669710895067201,0.9623635142836453,0.27009754429306687,0.19976549769108282
Clearwater,D,TNR,2019,2520.0,5396.0,72.0,5975739.0,207535.0,6496380.0,516024.0,340415.0,1895340.0,4601040.0,34617724.0,334733.0,151837.0,3558712.0,33985158.0,39218764.0,2472109.0,1179866.0,367412.0,554322.0,248390.0,91825.0,0.0,0.0,-18185.0,1987551.0,6883290.0,1131011.0,275230.0,0.0,88439.0,177886.0,1081541.0,783012.0,515308.0,154688.0,0.0,1502586.0,,0.0,0.0,5709701.0,34582670.0,34617724.0,465494.0,233293.0,89610.0,597512.0,30022.0,119632.0,6159799.0,1539950.0,119632.0,1420318.0,4201107.0,4459420.0,3390029.0,158610.0,4251885.0,207535.0,52528465.0,17945795.0,34582670.0,641997.0,8257601.0,0.0,clearwater-d,Clearwater,clearwater-d|2019,Clearwater|2019,"Under 5,000",4045282.0,1170124.0,2061191.0,4177093.0,1173589.0,0.17049826463798562,2731.464285714286,2265.754365079365,1825.8095238095239,1605.2706349206348,237.1079365079365,3.1528585900155117,0.07774618802724907,1.0,0.9223143608558719,0.9534614366890761,,,,,,,,,,,,,,,,,,,,,,
Clearwater,D,TNR,2020,2458.0,5396.0,72.0,5488759.0,224682.0,8955062.0,1296422.0,266293.0,2958755.0,5996307.0,40144781.0,337825.0,153239.0,4761587.0,39488549.0,46141088.0,2908886.0,1332007.0,13167.0,3016193.0,476968.0,50039.0,0.0,5812869.0,0.0,103482.0,13713611.0,1992547.0,261294.0,0.0,105506.0,367862.0,1002569.0,656082.0,520457.0,154267.0,0.0,1730703.0,,0.0,0.0,6791287.0,40104065.0,40144781.0,597512.0,32901.0,122003.0,494165.0,22733.0,144736.0,4830504.0,1207626.0,144736.0,1016616.0,4547670.0,4793147.0,3742784.0,109078.0,4568465.0,224682.0,59778883.0,19674818.0,40104065.0,7252098.0,8256020.0,0.0,clearwater-d,Clearwater,clearwater-d|2020,Clearwater|2020,"Under 5,000",5252651.0,3506328.0,5966390.0,5037851.0,6922324.0,0.5047776256742298,5579.174532139951,2762.9320585842147,2439.506509357201,2136.9613506916194,201.04353132628154,1.855090739179148,0.8784012151133355,1.0,0.841830169274262,0.9531243252084695,,,,,,,,,,,,,,,,,,,,,,
Clearwater,D,TNR,2021,2548.0,5396.0,72.0,9149235.0,144673.0,10115666.0,600696.0,236346.0,2944952.0,7170714.0,39870884.0,340270.0,223810.0,5083300.0,39425276.0,47041598.0,2974302.0,2533811.0,17532.0,715334.0,330203.0,46643.0,0.0,671778.0,0.0,0.0,7289603.0,1525556.0,303923.0,0.0,104842.0,179043.0,1093883.0,641003.0,577663.0,162336.0,0.0,1800844.0,,0.0,0.0,6389093.0,39827000.0,39870884.0,494165.0,0.0,90722.0,401724.0,15622.0,106344.0,6005041.0,1501260.0,106344.0,1344489.0,4760271.0,5007022.0,3962973.0,172306.0,4862349.0,144673.0,61304339.0,21477339.0,39827000.0,1523778.0,8257601.0,0.0,clearwater-d,Clearwater,clearwater-d|2021,Clearwater|2021,"Under 5,000",5647380.0,1063069.0,718421.0,4572627.0,900510.0,0.12353347637724578,2860.91169544741,2507.493328100471,2814.2519623233907,2216.397174254317,157.6624803767661,3.1067518248175183,0.18453034967419715,1.0,0.8955737180768155,0.9711059787634246,,,,,,,,,,,,,,,,,,,,,,
Clearwater,D,TNR,2022,2665.0,5396.0,72.0,12494195.0,212146.0,14224583.0,655992.0,205501.0,2323007.0,11901576.0,40744030.0,349510.0,239413.0,7887562.0,40384246.0,52645606.0,3051969.0,3519632.0,276717.0,2697472.0,29709.0,247249.0,0.0,2117998.0,29219.0,0.0,11969965.0,1517077.0,310713.0,0.0,0.0,198406.0,1052353.0,738701.0,434013.0,164265.0,109364.0,1795965.0,,45100.0,0.0,6365957.0,40692028.0,40744030.0,401724.0,0.0,91326.0,307781.0,13145.0,104471.0,7385233.0,1846308.0,104471.0,1741837.0,4997925.0,5188120.0,4125973.0,104621.0,4975974.0,212146.0,63941186.0,23249158.0,40692028.0,2721872.0,8257601.0,0.0,clearwater-d,Clearwater,clearwater-d|2022,Clearwater|2022,"Under 5,000",8476485.0,3003898.0,2394466.0,4556847.0,5604008.0,0.4681724633280047,4491.544090056285,2388.7268292682925,4465.8821763602255,3180.669793621013,115.49005628517824,5.378457748943503,0.32962018872067084,1.0,0.9434162664084216,0.9591092727230673,,,,,,,,,,,,,,,,,,,,,,
Clearwater,D,TNR,2023,2751.0,5396.0,72.0,15483317.0,293638.0,16744099.0,754936.0,173731.0,2476046.0,14268053.0,40225085.0,370230.0,284080.0,9957193.0,39907566.0,54493138.0,3255120.0,2274001.0,0.0,2610732.0,187042.0,716990.0,0.0,38509.0,0.0,0.0,9082394.0,1589893.0,288931.0,0.0,0.0,463245.0,1188034.0,905810.0,511040.0,297951.0,128492.0,1840040.0,2375.0,19051.0,0.0,7234862.0,40186227.0,40225085.0,307781.0,0.0,82076.0,222162.0,15926.0,98002.0,6689568.0,1672392.0,98002.0,1520628.0,5485444.0,5750007.0,4578379.0,149991.0,5456369.0,293638.0,65275426.0,25089199.0,40186227.0,1299167.0,8257601.0,0.0,clearwater-d,Clearwater,clearwater-d|2023,Clearwater|2023,"Under 5,000",10611503.0,2797774.0,755499.0,5378896.0,1847532.0,0.20341905449158007,3301.4881861141403,2629.90258087968,5186.496910214468,3857.325699745547,80.75681570338058,6.253242871901411,0.15732983465778982,1.0,0.9092533329506479,0.9489325839081587,,,,,,,,,,,,,,,,,,,,,,
Clearwater,D,TNR,2024,2751.0,5396.0,72.0,17532204.0,242437.0,18683990.0,895547.0,141008.0,4061200.0,14622790.0,40665420.0,367499.0,323878.0,10179181.0,40275036.0,55288210.0,3610840.0,1976134.0,172146.0,1699110.0,18000.0,835774.0,0.0,172934.0,0.0,0.0,8484938.0,1631909.0,457417.0,0.0,0.0,368541.0,1106052.0,1016214.0,587535.0,582956.0,145314.0,1777399.0,2473.0,14056.0,0.0,7689866.0,40483092.0,40665420.0,222162.0,0.0,68582.0,149084.0,11627.0,80209.0,6911352.0,1727838.0,80209.0,1594335.0,5936711.0,6291195.0,5083992.0,234960.0,6048758.0,242437.0,67316147.0,26833055.0,40483092.0,2087898.0,66176963.0,0.0,clearwater-d,Clearwater,clearwater-d|2024,Clearwater|2024,"Under 5,000",10870558.0,1889256.0,1008708.0,5900840.0,795072.0,0.09370392570929806,3084.3104325699746,2795.2984369320247,5315.445292620865,3951.4932751726647,54.19265721555798,4.317000886437506,0.03155022390495617,1.0,0.9227340757640473,0.9614640779692888,4486.511144130758,3546.5079302077975,3557.844717668488,2783.665107049771,5496.677373974208,2437.8724475115623,3386.4506393861893,1604.3462673977224,624.7436119532265,518.5374381567245,3.324657351485151,1.7099330852451193,0.02521828600111612,0.02529861000232605,0.9816336034641139,0.9815511712696461,0.8531878894527055,0.8619101997275483,0.9614729661922712,0.9623635142836453,0.23352896680225554,0.19976549769108282
Clinton,V,TNR,2019,659.0,791.0,12.0,2690547.0,131236.0,4200972.0,85101.0,22082.0,320756.0,3880216.0,9394782.0,0.0,0.0,10013.0,9270510.0,13274998.0,744045.0,558775.0,5618.0,772577.0,37700.0,28649.0,392685.0,0.0,0.0,0.0,2540049.0,642268.0,71075.0,0.0,0.0,0.0,260767.0,129331.0,153580.0,72431.0,0.0,403677.0,,0.0,0.0,1733129.0,9390895.0,9394782.0,201039.0,0.0,79645.0,120385.0,4447.0,84092.0,2003037.0,500759.0,84092.0,416667.0,1099045.0,1154911.0,817386.0,2743.0,1023675.0,131236.0,15430196.0,6039301.0,9390895.0,142699.0,729595.0,0.0,clinton-v,Clinton,clinton-v|2019,Clinton|2019,"Under 5,000",10013.0,815895.0,421334.0,1325005.0,806920.0,0.31767891091864764,3854.39908952959,2629.937784522003,5888.0364188163885,15.19423368740516,182.67830045523522,8.388142388606916,0.19558659256162667,1.0,0.8320709163489822,0.8863670014399377,,,,,,,,,,,,,,,,,,,,,,
Clinton,V,TNR,2020,654.0,791.0,12.0,3962704.0,119888.0,4684625.0,30741.0,19286.0,287149.0,4397476.0,9093682.0,0.0,0.0,10013.0,9066834.0,13491158.0,796482.0,791785.0,0.0,881647.0,38400.0,39935.0,-541608.0,0.0,0.0,0.0,2006641.0,651590.0,80809.0,0.0,0.0,0.0,296508.0,142432.0,137489.0,67438.0,0.0,414216.0,,0.0,0.0,1790482.0,9066834.0,9093682.0,120384.0,0.0,42448.0,76819.0,3353.0,45801.0,2135732.0,533933.0,45801.0,488132.0,1116980.0,1175122.0,844574.0,2993.0,1055234.0,119888.0,15520351.0,6453517.0,9066834.0,90155.0,729595.0,0.0,clinton-v,Clinton,clinton-v|2020,Clinton|2020,"Under 5,000",10013.0,920047.0,-501673.0,1372913.0,216159.0,0.10772180973078892,3068.2584097859326,2737.7400611620797,6723.969418960245,15.31039755351682,117.46024464831804,13.800166464100519,0.1235685551573133,1.0,0.9142195743660722,0.8979782524708073,,,,,,,,,,,,,,,,,,,,,,
Clinton,V,TNR,2021,597.0,791.0,12.0,4969477.0,115719.0,5704416.0,256525.0,1216379.0,1632226.0,4072190.0,9381332.0,0.0,0.0,10013.0,8114370.0,13453522.0,818641.0,496942.0,0.0,666120.0,38500.0,21203.0,-26226.0,0.0,0.0,0.0,2015180.0,658822.0,118942.0,0.0,0.0,0.0,301153.0,240627.0,151319.0,65022.0,122953.0,393978.0,,0.0,0.0,2052816.0,9354611.0,9381332.0,76819.0,1200000.0,35349.0,1240241.0,1028.0,36377.0,1725521.0,431380.0,36377.0,395003.0,1181099.0,1323920.0,901498.0,84666.0,1208201.0,115719.0,16201850.0,6847239.0,9354611.0,681499.0,1057930.0,0.0,clinton-v,Clinton,clinton-v|2021,Clinton|2021,"Under 5,000",10013.0,704620.0,-5023.0,1657810.0,-37636.0,-0.01867624728312111,3375.510887772194,3438.5527638190956,6821.08877721943,16.77219430485762,2077.455611390285,3.0446010540207054,0.6441815621071337,1.0,0.915672956558023,0.9125936612484138,,,,,,,,,,,,,,,,,,,,,,
Clinton,V,TNR,2022,617.0,791.0,12.0,4512203.0,99958.0,5603361.0,294736.0,1187940.0,1775167.0,3828194.0,9982765.0,75322.0,99438.0,10013.0,8750579.0,13810959.0,946227.0,500841.0,0.0,639045.0,40000.0,45612.0,398221.0,0.0,0.0,0.0,2569946.0,600126.0,146410.0,0.0,0.0,0.0,387730.0,273145.0,130688.0,99146.0,133738.0,441526.0,,0.0,0.0,2212509.0,9938515.0,9982765.0,1240241.0,0.0,50956.0,1187940.0,39855.0,90811.0,1976335.0,494084.0,90811.0,403273.0,1245649.0,1348740.0,1012558.0,2282.0,1248782.0,99958.0,17221163.0,7282648.0,9938515.0,1025430.0,1682707.0,0.0,clinton-v,Clinton,clinton-v|2022,Clinton|2022,"Under 5,000",184773.0,679045.0,443833.0,1731128.0,357437.0,0.13908346712343372,4165.228525121556,3585.9141004862236,6204.528363047001,299.47001620745544,1925.3484602917342,2.5418470487565394,0.6093930791278577,1.0,0.816203317654488,0.9258878657117013,,,,,,,,,,,,,,,,,,,,,,
Clinton,V,TNR,2023,621.0,791.0,12.0,5779316.0,121601.0,6897015.0,76039.0,1152692.0,1849355.0,5047660.0,9997749.0,101722.0,113270.0,29972.0,8622004.0,15045409.0,1144483.0,655215.0,14960.0,1500704.0,40000.0,107997.0,20908.0,0.0,0.0,0.0,3484267.0,702958.0,112659.0,0.0,0.0,0.0,355058.0,275772.0,135204.0,43810.0,0.0,476732.0,0.0,0.0,0.0,2102193.0,9944868.0,9997749.0,1187940.0,0.0,33142.0,1152692.0,33255.0,66397.0,2287589.0,571897.0,66397.0,505500.0,1475463.0,1601971.0,1273041.0,0.0,1480370.0,121601.0,17725714.0,7780846.0,9944868.0,468593.0,729595.0,0.0,clinton-v,Clinton,clinton-v|2023,Clinton|2023,"Under 5,000",244964.0,1555664.0,128905.0,1592206.0,1382074.0,0.3966613350813815,5610.735909822866,3385.1739130434785,8128.276972624799,394.4669887278583,1856.1867954911434,3.1250441370099304,0.642264544027851,1.0,0.8839004226285503,0.9240928830796562,,,,,,,,,,,,,,,,,,,,,,
Clinton,V,TNR,2024,621.0,791.0,12.0,6606048.0,99509.0,7597080.0,172491.0,1119687.0,1769890.0,5827190.0,10102527.0,128222.0,127102.0,767972.0,8748024.0,15929717.0,953048.0,606688.0,4355.0,1313245.0,40500.0,113067.0,-106118.0,0.0,0.0,0.0,2924785.0,693406.0,124425.0,0.0,0.0,0.0,377069.0,162938.0,129276.0,81925.0,0.0,462979.0,8459.0,0.0,0.0,2040477.0,10046343.0,10102527.0,1152692.0,0.0,30119.0,1119687.0,31725.0,61844.0,2086717.0,521679.0,61844.0,459835.0,1286615.0,1350547.0,1043603.0,0.0,1251038.0,99509.0,18290168.0,8243825.0,10046343.0,564454.0,26194102.0,24559423.0,clinton-v,Clinton,clinton-v|2024,Clinton|2024,"Under 5,000",1023296.0,1358100.0,6949.0,1545773.0,884308.0,0.3023497453658987,4709.798711755234,3285.792270531401,9383.558776167472,1647.8196457326892,1803.038647342995,3.7324624694190036,0.02154889677073106,0.062406376824828746,0.8814520040101288,0.926319483883197,4648.097865362712,3546.5079302077975,3428.422456291105,2783.665107049771,5030.364110900993,2437.8724475115623,2420.45,1604.3462673977224,224.31236112962716,518.5374381567245,2.204313821553219,1.7099330852451193,0.030042455998363887,0.02529861000232605,0.9786113537119745,0.9815511712696461,0.9039920521842442,0.8619101997275483,0.9333160528846489,0.9623635142836453,0.20869205825466772,0.19976549769108282
Coldstream,D,NOK,2019,11383.0,6655.0,0.0,8271922.0,644513.0,10983521.0,2781892.0,3672737.0,8616198.0,2367323.0,69751003.0,0.0,1288552.0,3458031.0,65939017.0,72118326.0,6864288.0,2668528.0,0.0,449539.0,1025530.0,235705.0,0.0,633209.0,0.0,0.0,11876799.0,917398.0,2092283.0,38603.0,82168.0,353779.0,2345765.0,1229214.0,0.0,946998.0,0.0,2330147.0,,1106.0,0.0,10337461.0,69611753.0,69751003.0,3929564.0,0.0,192582.0,3672737.0,155952.0,348534.0,10142470.0,2535618.0,348534.0,2187084.0,15431990.0,16017760.0,12261267.0,245717.0,15373247.0,644513.0,106554685.0,36942932.0,69611753.0,3300710.0,124726660.0,2105241.0,coldstream-d,Coldstream,coldstream-d|2019,Coldstream|2019,"5,000 to 19,999",4746583.0,1475069.0,868914.0,7851362.0,1539338.0,0.12960882810258892,1043.3803918123517,908.1490819643328,207.9700430466485,416.9887551612053,322.65105859615215,0.960043165210456,0.026463548370492723,0.9831211627089188,0.8625447524035561,0.9597626010128757,,,,,,,,,,,,,,,,,,,,,,
Coldstream,D,NOK,2020,11609.0,6655.0,0.0,15033162.0,615301.0,17851859.0,4953042.0,3407636.0,11564453.0,6287406.0,69742259.0,0.0,1460097.0,4016792.0,66213787.0,76029665.0,7180223.0,2680283.0,0.0,3645344.0,514872.0,230203.0,0.0,156000.0,0.0,0.0,14406925.0,876960.0,2171157.0,13866.0,114713.0,376456.0,2262833.0,1222417.0,0.0,1040896.0,0.0,2402774.0,,13514.0,0.0,10495586.0,69621422.0,69742259.0,3672737.0,0.0,192582.0,3407636.0,148902.0,341484.0,10473998.0,2618500.0,341484.0,2277016.0,16012259.0,16752712.0,12792122.0,460643.0,16137411.0,615301.0,108690108.0,39068686.0,69621422.0,2463531.0,15195468.0,0.0,coldstream-d,Coldstream,coldstream-d|2020,Coldstream|2020,"5,000 to 19,999",5476889.0,4160216.0,386203.0,7943910.0,3911339.0,0.27149020349588826,1241.013437849944,904.0904470669308,541.5975536221897,471.77956757688,293.5339822551469,1.2999457907779988,0.16212274607139446,1.0,0.8695879320221501,0.9632715586586816,,,,,,,,,,,,,,,,,,,,,,
Coldstream,D,NOK,2021,11750.0,6655.0,0.0,15573191.0,425285.0,18321733.0,3811090.0,3133931.0,10827296.0,7494437.0,71037988.0,0.0,1181255.0,4389804.0,67803828.0,78532425.0,7363778.0,3549885.0,0.0,834896.0,1041392.0,278685.0,0.0,514094.0,170074.0,0.0,13752804.0,895062.0,2544161.0,9319.0,123669.0,362803.0,2367998.0,1482319.0,0.0,922558.0,0.0,2542155.0,,0.0,0.0,11250044.0,70937761.0,71037988.0,3407636.0,0.0,192582.0,3133931.0,145304.0,337886.0,11554794.0,2888699.0,337886.0,2550813.0,16403599.0,17141912.0,13220383.0,459444.0,16716627.0,425285.0,112538609.0,41600848.0,70937761.0,3955918.0,15814368.0,0.0,coldstream-d,Coldstream,coldstream-d|2021,Coldstream|2021,"5,000 to 19,999",5571059.0,1876288.0,962853.0,8562585.0,2502760.0,0.18198179803914896,1170.4514042553192,957.4505531914893,637.8244255319149,474.1326808510638,266.71753191489364,1.4383268915895528,0.25014708143885356,1.0,0.8830317731269336,0.9751903404941059,,,,,,,,,,,,,,,,,,,,,,
Coldstream,D,NOK,2022,11890.0,6655.0,0.0,13158434.0,664869.0,16140677.0,3735282.0,3601220.0,9585185.0,6555492.0,77668847.0,0.0,1673862.0,4773322.0,73972523.0,84224339.0,7727486.0,2881543.0,2344486.0,3653402.0,537181.0,370970.0,0.0,0.0,0.0,0.0,17515068.0,835426.0,2761279.0,25171.0,99873.0,398155.0,2730133.0,1446100.0,0.0,952754.0,0.0,2572624.0,,1639.0,0.0,11823154.0,77573745.0,77668847.0,3133931.0,700000.0,142742.0,3601220.0,199606.0,342348.0,11405845.0,2851461.0,342348.0,1748363.0,17444439.0,17966927.0,14189734.0,70910.0,17302058.0,664869.0,121716202.0,44142457.0,77573745.0,9244246.0,23255090.0,0.0,coldstream-d,Coldstream,coldstream-d|2022,Coldstream|2022,"5,000 to 19,999",6447184.0,6535069.0,370970.0,9050924.0,5691914.0,0.32497241803457455,1473.092346509672,994.3779646761985,551.3449957947855,542.2358284272498,302.8780487804878,1.3727887359503232,0.3975149526404757,1.0,0.613146383555658,0.962994840464371,,,,,,,,,,,,,,,,,,,,,,
Coldstream,D,NOK,2023,12306.0,6655.0,0.0,15610350.0,563189.0,18873568.0,3486541.0,3320488.0,10331077.0,8542491.0,80986114.0,0.0,1873395.0,6279059.0,77536349.0,89528605.0,8476224.0,3476650.0,607850.0,4996902.0,10888.0,614407.0,0.0,384632.0,18745.0,0.0,18586298.0,1259460.0,2903278.0,38737.0,106177.0,396866.0,2626122.0,1782721.0,0.0,1088791.0,0.0,2813412.0,0.0,266468.0,0.0,13282032.0,80856839.0,80986114.0,3601220.0,0.0,206083.0,3320488.0,246741.0,452824.0,12897632.0,3224408.0,452824.0,1990434.0,18606676.0,19151711.0,15293763.0,282148.0,18588522.0,563189.0,127816652.0,46959813.0,80856839.0,6362975.0,15495529.0,0.0,coldstream-d,Coldstream,coldstream-d|2023,Coldstream|2023,"5,000 to 19,999",8152454.0,5615640.0,1017784.0,10221879.0,5304266.0,0.28538582562272485,1510.3443848529173,1079.313505607021,694.1728425158459,662.4779782220055,269.826751178287,1.5110089683776435,0.4106329638697717,1.0,0.6173021528292946,0.9705932801513139,,,,,,,,,,,,,,,,,,,,,,
Coldstream,D,NOK,2024,12306.0,6655.0,0.0,13188856.0,561871.0,17519634.0,4180391.0,11531460.0,19619588.0,-2099954.0,92326756.0,0.0,2024418.0,5170684.0,80739497.0,90226802.0,9350203.0,3110490.0,669070.0,1077519.0,151097.0,536357.0,0.0,0.0,0.0,0.0,14894736.0,1017133.0,3158624.0,12982.0,100625.0,470901.0,2920426.0,1902063.0,0.0,1279654.0,12016.0,3307311.0,0.0,14804.0,0.0,14196539.0,92270957.0,92326756.0,3320488.0,8500000.0,206083.0,11531460.0,319698.0,525781.0,13354605.0,3338651.0,525781.0,2038520.0,20255234.0,20969516.0,16980301.0,402007.0,20407645.0,561871.0,141968860.0,49697903.0,92270957.0,14756633.0,319232754.0,8868972.0,coldstream-d,Coldstream,coldstream-d|2024,Coldstream|2024,"5,000 to 19,999",7195102.0,1897686.0,536357.0,10569530.0,698197.0,0.04687541961133115,1210.3637250121892,1153.627417519909,-170.6447261498456,584.6824313343085,937.0599707459776,0.6722289988964091,0.04622530995049462,0.9722178508036178,0.6105819386332983,0.9732053424599786,2567.538946805667,3546.5079302077975,2045.0195609464422,2783.665107049771,2217.25520024837,2437.8724475115623,799.2304887641933,1604.3462673977224,386.9249167164944,518.5374381567245,1.5629948984418691,1.7099330852451193,0.04472396775938227,0.02529861000232605,0.9792813777328785,0.9815511712696461,0.8510570773833829,0.8619101997275483,0.9732053424599786,0.9623635142836453,0.170495619408603,0.19976549769108282
Colwood,C,CAP,2019,18867.0,1767.0,0.0,44803933.0,470590.0,46128977.0,3909678.0,9357664.0,35568639.0,10560338.0,149383087.0,0.0,1098973.0,13347052.0,137703269.0,159943425.0,17456736.0,4133728.0,0.0,359377.0,570492.0,764365.0,0.0,5056790.0,-156856.0,493896.0,28678528.0,3899591.0,6489887.0,260051.0,0.0,1507893.0,2516307.0,4399742.0,0.0,832725.0,0.0,2710947.0,,0.0,0.0,22617143.0,148391318.0,149383087.0,11549534.0,0.0,692080.0,10688049.0,487541.0,1179621.0,23458312.0,5864578.0,1179621.0,4684957.0,26740454.0,27310374.0,23125966.0,369706.0,26839784.0,470590.0,208733618.0,60342300.0,148391318.0,5589392.0,60147667.0,0.0,colwood-c,Colwood,colwood-c|2019,Colwood|2019,"5,000 to 19,999",14446025.0,929869.0,6158195.0,19418655.0,6061385.0,0.2113562104721693,1520.0364657868236,1198.7673185986114,559.7253405416866,765.6768431653151,566.4943552234059,1.2596471009194363,0.09292782710923767,1.0,0.798856627024144,0.9827688189110848,,,,,,,,,,,,,,,,,,,,,,
Colwood,C,CAP,2020,19373.0,1767.0,0.0,54672780.0,1211350.0,56848154.0,8315169.0,8690504.0,34874733.0,21973421.0,152315083.0,0.0,1276398.0,15321068.0,141497890.0,174288504.0,18713920.0,3450881.0,1255748.0,3855482.0,295067.0,530821.0,0.0,3756705.0,159428.0,0.0,32018052.0,3573891.0,6881528.0,313452.0,0.0,1209053.0,2876648.0,3972104.0,0.0,997566.0,0.0,3116830.0,,16595.0,0.0,22957667.0,151347955.0,152315083.0,10688049.0,0.0,652712.0,9850065.0,373792.0,1026504.0,23109761.0,5777440.0,1026504.0,4750936.0,27884745.0,28487696.0,23452067.0,375607.0,27276346.0,1211350.0,214645596.0,66665172.0,151347955.0,6956370.0,60218902.0,0.0,colwood-c,Colwood,colwood-c|2020,Colwood|2020,"5,000 to 19,999",16597466.0,5406297.0,4446954.0,19467045.0,9060385.0,0.2829773966261283,1652.7152222164868,1185.0341712692923,1134.2291333298922,856.731843287049,508.4429360450111,1.5676902816718339,0.11551804780498987,1.0,0.8223254590268354,0.9574781337177988,,,,,,,,,,,,,,,,,,,,,,
Colwood,C,CAP,2021,19693.0,1767.0,0.0,52760529.0,1287441.0,56386286.0,6911132.0,7997141.0,34978118.0,21408168.0,168791939.0,0.0,1429973.0,17090987.0,159098191.0,190200107.0,20438909.0,3371889.0,1564969.0,1288957.0,1403373.0,616256.0,0.0,12345370.0,37091.0,86265.0,41153079.0,3839944.0,7479257.0,327257.0,0.0,1694657.0,3774036.0,5261964.0,0.0,1249679.0,0.0,2743947.0,,0.0,0.0,26370741.0,168071020.0,168791939.0,9850065.0,0.0,665764.0,8972829.0,383126.0,1048890.0,26006034.0,6501509.0,1048890.0,5452619.0,30170713.0,31702412.0,25859924.0,1057767.0,30414971.0,1287441.0,233338891.0,68847528.0,168071020.0,19751200.0,66517266.0,0.0,colwood-c,Colwood,colwood-c|2021,Colwood|2021,"5,000 to 19,999",18520960.0,4257299.0,13084982.0,23243668.0,14782338.0,0.35920369409054426,2089.7313258518257,1339.092113949119,1087.0953130554003,940.4844360940435,455.6354542223125,1.5083867290973174,0.2969334307877296,1.0,0.8386697611277628,0.9593898092044226,,,,,,,,,,,,,,,,,,,,,,
Colwood,C,CAP,2022,20766.0,1767.0,98.0,50288532.0,674701.0,53640076.0,8717702.0,7276544.0,33877805.0,19762271.0,188644032.0,0.0,1279462.0,18248703.0,179611806.0,208406303.0,21902439.0,5278231.0,93448.0,787595.0,1263117.0,1437445.0,0.0,15554199.0,265473.0,170237.0,46752184.0,4562141.0,8122584.0,403810.0,0.0,1665561.0,3816300.0,5387260.0,0.0,1590390.0,0.0,2997942.0,,0.0,0.0,28545988.0,187687261.0,188644032.0,8972829.0,0.0,658664.0,8075456.0,364909.0,1023573.0,28936769.0,7234192.0,1023573.0,6210619.0,33347581.0,34767429.0,29192690.0,1244472.0,34092728.0,674701.0,255951629.0,68264368.0,187687261.0,22429173.0,187687261.0,0.0,colwood-c,Colwood,colwood-c|2022,Colwood|2022,"20,000 to 99,999",19528165.0,2144160.0,17427354.0,25183137.0,18206196.0,0.3894191552634204,2251.3812963498026,1374.650293749398,951.6647885967446,940.3912645670808,388.8787441009342,1.4844093942922216,0.11950290542094916,1.0,0.8585090083315455,0.9805938771026181,,,,,,,,,,,,,,,,,,,,,,
Colwood,C,CAP,2023,21874.0,1767.0,100.0,55618302.0,312318.0,57953940.0,7248237.0,6692439.0,28854059.0,29099881.0,205481654.0,0.0,1130638.0,26415626.0,198256883.0,234581535.0,23906789.0,6003254.0,505965.0,7636911.0,1482109.0,2580813.0,0.0,14931975.0,555983.0,275474.0,57879273.0,5174773.0,8914406.0,348162.0,0.0,2136182.0,4541292.0,5575264.0,0.0,1774417.0,0.0,3239545.0,0.0,0.0,0.0,31704041.0,204949322.0,205481654.0,8075456.0,0.0,1188867.0,6692439.0,397758.0,1586625.0,32894180.0,8223545.0,1586625.0,6636920.0,37337225.0,38191782.0,33595106.0,605328.0,37879464.0,312318.0,276367008.0,71417686.0,204949322.0,20366708.0,563752931.0,0.0,colwood-c,Colwood,colwood-c|2023,Colwood|2023,"20,000 to 99,999",27546264.0,9624985.0,18344245.0,28066738.0,26175232.0,0.45223843775646594,2646.0305842552802,1449.3938465758436,1330.3410898783945,1259.3153515589283,305.95405504251625,1.927572893643837,0.03612701039775171,1.0,0.8070631339647317,0.9918223768663111,,,,,,,,,,,,,,,,,,,,,,
Colwood,C,CAP,2024,21874.0,1767.0,100.0,68645157.0,1096673.0,72599327.0,7410730.0,10810313.0,40233485.0,32365842.0,216596765.0,0.0,966071.0,32794339.0,205247860.0,248962607.0,27251354.0,7730707.0,1836199.0,1517653.0,260236.0,2831586.0,0.0,6961912.0,17800.0,193037.0,48600484.0,5874804.0,9218080.0,385468.0,34237.0,2040809.0,4559679.0,5946353.0,0.0,2570666.0,0.0,3589316.0,0.0,0.0,0.0,34219412.0,216058173.0,216596765.0,6692439.0,4656000.0,350594.0,10810313.0,729490.0,1080084.0,38430710.0,9607678.0,1080084.0,8527594.0,41371306.0,41967967.0,37063463.0,119497.0,40933105.0,1096673.0,291379505.0,75321332.0,216058173.0,15044974.0,685494632.0,7456050.0,colwood-c,Colwood,colwood-c|2024,Colwood|2024,"20,000 to 99,999",33760410.0,3614088.0,10004335.0,29900606.0,14381072.0,0.2959038844139906,2221.8379811648533,1564.3874919996342,1479.6489896680991,1543.4035841638474,494.20832952363537,1.7061697986142637,0.02194761752707642,0.9891231095738179,0.8875811616500886,0.9753416218612638,2823.8160359162957,3546.5079302077975,2313.177731087988,2783.665107049771,1634.933826557682,2437.8724475115623,1015.8871081440785,1604.3462673977224,757.3716446138835,518.5374381567245,1.4428133381403412,1.7099330852451193,0.021350493990494074,0.02529861000232605,0.9847118933607182,0.9815511712696461,0.8457939120832807,0.8619101997275483,0.9744645665293163,0.9623635142836453,0.16542076645989975,0.19976549769108282
Comox,T,COM,2019,14981.0,1679.0,101.0,32122287.0,192474.0,33721994.0,4024242.0,146780.0,14460081.0,19261913.0,89228993.0,1501382.0,4392463.0,7069735.0,88776233.0,108490906.0,11523542.0,9633791.0,50599.0,380348.0,1302852.0,825478.0,0.0,232181.0,1000.0,0.0,23949791.0,2425624.0,3095679.0,1315311.0,0.0,576041.0,1687089.0,4042265.0,2562524.0,2267815.0,156863.0,3134449.0,,0.0,0.0,21263660.0,88923013.0,89228993.0,185389.0,0.0,23225.0,146780.0,13741.0,36966.0,22347775.0,5586944.0,36966.0,5549978.0,20840985.0,21172241.0,16276067.0,235313.0,20979767.0,192474.0,138551362.0,49628349.0,88923013.0,5090207.0,306885906.0,3685757.0,comox-t,Comox,comox-t|2019,Comox|2019,"5,000 to 19,999",12963580.0,1733799.0,1058659.0,18115470.0,2686131.0,0.11215676161850431,1598.6777251184835,1419.3752085975568,1285.75615779988,865.3347573593218,9.797743808824512,2.2214458549713516,0.01658664311550365,0.9879898133868683,0.9933835026805352,0.9909091342763385,,,,,,,,,,,,,,,,,,,,,,
Comox,T,COM,2020,15182.0,1679.0,101.0,42286988.0,235930.0,43662275.0,3437345.0,106459.0,17591994.0,26070281.0,88078111.0,1620811.0,4572140.0,10898378.0,87606113.0,114148392.0,11595730.0,9447246.0,34952.0,3475282.0,645872.0,515209.0,0.0,1326798.0,9591.0,0.0,27050680.0,2541832.0,3126702.0,1618758.0,0.0,624985.0,1678733.0,3401057.0,2395609.0,2465444.0,262688.0,3277386.0,,0.0,0.0,21393194.0,87712572.0,88078111.0,146780.0,0.0,23225.0,106459.0,14258.0,37483.0,21949371.0,5487343.0,37483.0,5449860.0,20926817.0,21219684.0,16280299.0,190139.0,20983754.0,235930.0,140503034.0,52790462.0,87712572.0,2085352.0,316556346.0,46990659.0,comox-t,Comox,comox-t|2020,Comox|2020,"5,000 to 19,999",17091329.0,4156106.0,1851598.0,18101550.0,5657486.0,0.20914394758283342,1781.7599789224082,1409.1156632854697,1717.1835726518245,1125.7626794888683,7.012185482808589,2.4037632118337466,0.0065876171062449656,0.8515567304406527,0.9931691895330764,0.9888815497912221,,,,,,,,,,,,,,,,,,,,,,
Comox,T,COM,2021,15211.0,1679.0,99.0,48644873.0,192332.0,50597761.0,3370741.0,64350.0,20445597.0,30152164.0,87134141.0,2100798.0,4961449.0,12304495.0,86794595.0,117286305.0,12188987.0,11040045.0,1375531.0,401501.0,47744.0,754654.0,0.0,741875.0,0.0,219052.0,26769389.0,2401813.0,3934189.0,1404944.0,0.0,700043.0,1866777.0,4267206.0,2726939.0,2794984.0,246499.0,3288082.0,,0.0,0.0,23631476.0,86858945.0,87134141.0,106459.0,0.0,23225.0,64350.0,19121.0,42346.0,24574685.0,6143671.0,42346.0,6101325.0,21684610.0,21995221.0,17012445.0,170137.0,21802889.0,192332.0,142939029.0,56080084.0,86858945.0,2435996.0,316940181.0,6233216.0,comox-t,Comox,comox-t|2021,Comox|2021,"5,000 to 19,999",19366742.0,1824776.0,1715581.0,20324273.0,3137913.0,0.11722019505189304,1759.8704227203998,1553.578068503057,1982.2604693971468,1273.2063638156596,4.230491091972914,2.3792346586895947,0.007685980339614938,0.9803331468407283,0.9931073783085065,0.9912557368712049,,,,,,,,,,,,,,,,,,,,,,
Comox,T,COM,2022,15378.0,1679.0,99.0,48533559.0,142767.0,50031704.0,3976779.0,20371.0,18220784.0,31810920.0,90121491.0,2847974.0,5480297.0,12646314.0,89734335.0,121932411.0,12813373.0,11262306.0,725223.0,2873587.0,51944.0,925021.0,0.0,685907.0,51332.0,126063.0,29514756.0,3269929.0,4002202.0,1591868.0,0.0,763926.0,2249233.0,4572702.0,2282613.0,2426131.0,270925.0,3278188.0,,160933.0,0.0,24868650.0,89754705.0,90121491.0,64350.0,0.0,23225.0,20371.0,21355.0,44580.0,25536432.0,6384108.0,44580.0,6339528.0,22744003.0,23021448.0,18070204.0,175845.0,22878681.0,142767.0,148981582.0,59226877.0,89754705.0,6173949.0,362146960.0,7341246.0,comox-t,Comox,comox-t|2022,Comox|2022,"5,000 to 19,999",20974585.0,3650754.0,1788323.0,21569107.0,4646106.0,0.15741637843795828,1919.2844323058916,1617.1576277799454,2068.59929769801,1363.9345168422421,1.3246846143841853,2.663637250735204,0.017048186736125025,0.9797285444560959,0.9930170354260924,0.9937985221433508,,,,,,,,,,,,,,,,,,,,,,
Comox,T,COM,2023,15902.0,1679.0,104.0,51755006.0,296278.0,54773954.0,4481407.0,1699547.0,20886098.0,33887856.0,99479233.0,2966781.0,6223635.0,16347154.0,97113952.0,133367089.0,14125882.0,13686804.0,1531605.0,6411344.0,50343.0,1916700.0,0.0,427543.0,205282.0,148744.0,38504247.0,3542047.0,4522623.0,1863581.0,0.0,687202.0,2323010.0,5014475.0,2940335.0,2657559.0,201625.0,3542400.0,24268.0,0.0,0.0,27319125.0,99067651.0,99479233.0,0.0,1804024.0,104477.0,1699547.0,77386.0,181863.0,30223130.0,7555783.0,181863.0,7373920.0,24633535.0,24868801.0,19886982.0,105487.0,24572523.0,296278.0,161326092.0,62258441.0,99067651.0,12604210.0,374593564.0,7718185.0,comox-t,Comox,comox-t|2023,Comox|2023,"5,000 to 19,999",25537570.0,7993292.0,2698269.0,23699339.0,11185122.0,0.2904906048415906,2421.3461828700792,1717.9678656772733,2131.0436423091437,1605.934473651113,106.87630486731229,2.4779643378097718,0.03364769502553439,0.9793958419424419,0.9759306216179051,0.9880863576816591,,,,,,,,,,,,,,,,,,,,,,
Comox,T,COM,2024,15902.0,1679.0,199.0,55678866.0,554253.0,60465202.0,5102875.0,0.0,21005656.0,39459546.0,106533247.0,2899109.0,6663884.0,19884831.0,102887504.0,145992793.0,15274067.0,14086511.0,2038005.0,2248076.0,3049479.0,2574887.0,0.0,3280475.0,0.0,134445.0,42685945.0,3981454.0,4667944.0,2449502.0,0.0,1267644.0,2330072.0,5549463.0,2889007.0,2964289.0,127561.0,4060801.0,17909.0,15703.0,0.0,30321349.0,105917654.0,106533247.0,1699547.0,1822887.0,483535.0,3038899.0,197901.0,681436.0,32442610.0,8110653.0,681436.0,7429217.0,26452842.0,26890827.0,21494882.0,208688.0,26336574.0,554253.0,171346950.0,65429296.0,105917654.0,11102068.0,373158230.0,7647410.0,comox-t,Comox,comox-t|2024,Comox|2024,"5,000 to 19,999",29447824.0,7335560.0,5989807.0,26062647.0,12364596.0,0.2896643379922829,2684.312979499434,1906.7632373286378,2481.4203244874857,1851.8314677399069,191.10168532260093,2.6506606601574356,0.02975163645727444,0.9795062539555941,0.9159825972088808,0.9793887707507098,2866.2208483821423,3546.5079302077975,2297.657175284081,2783.665107049771,1859.732534766857,2437.8724475115623,918.4907099893891,1604.3462673977224,814.8464198087386,518.5374381567245,1.5120151567026447,1.7099330852451193,0.024769834473671436,0.02529861000232605,0.9804574834797263,0.9815511712696461,0.8566659461626738,0.8619101997275483,0.9770312225566793,0.9623635142836453,0.17479552285244132,0.19976549769108282
Coquitlam,C,GVR,2019,149894.0,12220.0,1150.0,786062000.0,4997625.0,829600116.0,49502241.0,15894000.0,197153116.0,632447000.0,2110251000.0,863000.0,0.0,253709000.0,2092095241.0,2742698000.0,176266086.0,79653689.0,1113572.0,10155838.0,6184943.0,17959720.0,0.0,127607049.0,60427064.0,0.0,479367961.0,19765564.0,66602459.0,7224905.0,0.0,11095599.0,19303894.0,49915703.0,23304835.0,26144998.0,1508072.0,39537352.0,,0.0,0.0,264403381.0,2108006000.0,2110251000.0,17276734.0,0.0,1006602.0,15910781.0,847267.0,1853869.0,282873530.0,70718383.0,1853869.0,68864514.0,283727738.0,290198151.0,258240315.0,4381532.0,285200526.0,4997625.0,2762021762.0,654015762.0,2108006000.0,149461877.0,4664863788.0,61350181.0,coquitlam-c,Coquitlam,coquitlam-c|2019,Coquitlam|2019,"100,000 and over",254572000.0,17454353.0,205993833.0,224018762.0,214964580.0,0.4484333486776351,3198.0463594273288,1763.9357212430118,4219.294968444367,1698.3468317611112,106.14688379788383,3.987063536951655,0.03203992309153358,0.9868484517902069,0.973785189630255,0.982778577386594,,,,,,,,,,,,,,,,,,,,,,
Coquitlam,C,GVR,2020,152734.0,12220.0,1152.0,915579000.0,7390319.0,966343581.0,104455249.0,14564000.0,259253373.0,707090208.0,2181637000.0,883000.0,0.0,280162000.0,2166257607.0,2888727208.0,182728882.0,84998733.0,150000.0,11693583.0,6944105.0,19111289.0,0.0,74319335.0,36888000.0,0.0,416833927.0,18562161.0,71349595.0,7761000.0,0.0,10183000.0,20775198.0,47855356.0,24950178.0,26927328.0,905583.0,41535528.0,,0.0,0.0,270804927.0,2179495000.0,2181637000.0,15910781.0,0.0,991184.0,14654751.0,810000.0,1727014.0,289555697.0,72388924.0,1727014.0,70661910.0,272839759.0,279840755.0,245356338.0,4279459.0,272450436.0,7390319.0,2868807146.0,689312146.0,2179495000.0,115732986.0,4396662167.0,64031375.0,coquitlam-c,Coquitlam,coquitlam-c|2020,Coquitlam|2020,"100,000 and over",281045000.0,18787688.0,130318624.0,228459399.0,146029000.0,0.35032896926357915,2729.149547579452,1773.0493996097791,4629.5533934814775,1840.0945434546336,95.94950043867115,3.5315991819323407,0.026322919888786624,0.9854363668237692,0.9761425656775891,0.9735909839151199,,,,,,,,,,,,,,,,,,,,,,
Coquitlam,C,MVRD,2021,154381.0,12220.0,1161.0,970999000.0,5358244.0,1029418879.0,82980000.0,13326000.0,263727463.0,765691416.0,2302049787.0,899063.0,0.0,284970140.0,2283756787.0,3067741203.0,192059312.0,129793381.0,975367.0,6258159.0,5111112.0,15497380.0,0.0,83865852.0,32576689.0,0.0,466137252.0,26262510.0,75493606.0,7884951.0,0.0,11519995.0,19032426.0,48488854.0,27294354.0,28369677.0,1048191.0,41728618.0,,0.0,0.0,287123182.0,2297082787.0,2302049787.0,14654751.0,0.0,910495.0,13396000.0,786614.0,1718368.0,342490814.0,85622704.0,1718368.0,83904336.0,304138760.0,312269083.0,277661096.0,5789728.0,306910839.0,5358244.0,3019435280.0,722352493.0,2297082787.0,165606000.0,4744735288.0,69377223.0,coquitlam-c,Coquitlam,coquitlam-c|2021,Coquitlam|2021,"100,000 and over",285869203.0,12344638.0,131939921.0,244607950.0,179014070.0,0.3840372534740047,3019.395210550521,1859.8349667381349,4959.751627467111,1851.7123415446201,86.77233597398643,3.6818274022527566,0.034903106274197696,0.9853780624652626,0.9799309304690962,0.9828409397801319,,,,,,,,,,,,,,,,,,,,,,
Coquitlam,C,MVRD,2022,159285.0,12220.0,1161.0,1116892000.0,5265000.0,1203439000.0,91799000.0,12179000.0,307589000.0,895850000.0,2405486000.0,12790000.0,34660000.0,697744000.0,2389131000.0,3301336000.0,178420000.0,180474387.0,618000.0,10796000.0,5928000.0,23412000.0,0.0,76730613.0,54349000.0,11201000.0,541929000.0,27773000.0,78123000.0,8051000.0,0.0,11703000.0,19131000.0,58163000.0,28393000.0,31033000.0,0.0,44104000.0,,1860000.0,0.0,308334000.0,2401277000.0,2405486000.0,13396000.0,0.0,889955.0,12227000.0,748142.0,1638097.0,401967727.0,100491932.0,1638097.0,98853835.0,296984000.0,303424000.0,270404000.0,4328000.0,298159000.0,5265000.0,3160130000.0,758853000.0,2401277000.0,162709000.0,5634538000.0,66335000.0,coquitlam-c,Coquitlam,coquitlam-c|2022,Coquitlam|2022,"100,000 and over",745194000.0,17342000.0,165692613.0,263481858.0,233595000.0,0.4310435499853302,3402.2600998210755,1935.7378284207552,5624.195624195624,4678.3689612957905,76.76177920080359,3.6311181479181633,0.02887707918555168,0.9882270738080035,0.9836992187591737,0.9826480436616748,,,,,,,,,,,,,,,,,,,,,,
Coquitlam,C,MVRD,2023,168250.0,12220.0,1162.0,1173517000.0,6182000.0,1308859000.0,103201000.0,11092000.0,375835000.0,933024000.0,2591925000.0,8126000.0,35498000.0,731702000.0,2561798000.0,3524949000.0,190724000.0,165251000.0,793000.0,33139000.0,10100000.0,38840000.0,0.0,97140000.0,7257000.0,13151000.0,556395000.0,31633000.0,85104000.0,8161000.0,0.0,13375000.0,21788000.0,65022000.0,27464000.0,29403000.0,0.0,48681000.0,0.0,2151000.0,0.0,332782000.0,2586934000.0,2591925000.0,12227000.0,0.0,856000.0,11118000.0,742000.0,1598000.0,416099000.0,104024750.0,1598000.0,94155750.0,323548000.0,330061000.0,296028000.0,3999000.0,323879000.0,6182000.0,3386510000.0,799576000.0,2586934000.0,223380000.0,5940870000.0,70418000.0,coquitlam-c,Coquitlam,coquitlam-c|2023,Coquitlam|2023,"100,000 and over",775326000.0,44032000.0,156388000.0,283359000.0,223613000.0,0.4018961349401055,3306.9539375928675,1977.9019316493313,5545.462109955423,4608.178306092125,66.08023774145617,3.1224260646294253,0.03760055345429205,0.9881468539119691,0.9051283468597617,0.9812701288549692,,,,,,,,,,,,,,,,,,,,,,
Coquitlam,C,MVRD,2024,168250.0,12220.0,1162.0,1342335000.0,7883000.0,1451714000.0,97487000.0,9933000.0,440910000.0,1010804000.0,2737007000.0,15651000.0,37806000.0,792214000.0,2713066000.0,3747811000.0,210571000.0,139477000.0,4572000.0,12638000.0,4075000.0,49259000.0,0.0,160911000.0,12240000.0,0.0,593743000.0,39476000.0,89411000.0,8790000.0,0.0,14260000.0,20764000.0,69442000.0,26518000.0,34980000.0,599000.0,52380000.0,0.0,3089000.0,0.0,359709000.0,2731840000.0,2737007000.0,11118000.0,0.0,919000.0,9938000.0,823000.0,1742000.0,407245000.0,101811250.0,1742000.0,91870250.0,359027000.0,366833372.0,329674000.0,4930372.0,358950372.0,7883000.0,3571734000.0,839894000.0,2731840000.0,200617000.0,6179224000.0,73629000.0,coquitlam-c,Coquitlam,coquitlam-c|2024,Coquitlam|2024,"100,000 and over",845671000.0,21285000.0,222410000.0,306506000.0,234034000.0,0.39416717333930673,3528.933135215453,2137.9435364041606,6007.750371471026,5026.276374442794,59.06686478454681,3.0444648567734913,0.0324663744185354,0.9880844261350616,0.9023585311053542,0.9785106792301329,3003.390678329474,3546.5079302077975,2379.369597210911,2783.665107049771,2052.765446183268,2437.8724475115623,1093.3312652075697,1604.3462673977224,312.26099706744867,518.5374381567245,1.6357691597817738,1.7099330852451193,0.025378934003535983,0.02529861000232605,0.9802497344746216,0.9815511712696461,0.9023585311053542,0.8619101997275483,0.9669710895067201,0.9623635142836453,0.27009754429306687,0.19976549769108282
Courtenay,C,COM,2019,28216.0,3273.0,350.0,49594421.0,1190930.0,53449554.0,7129696.0,10043266.0,34793926.0,18655628.0,160053492.0,2284987.0,3195189.0,11196670.0,149405314.0,178709120.0,28273283.0,21169949.0,0.0,1588443.0,2525060.0,1180322.0,0.0,11918359.0,370490.0,0.0,67025906.0,5627604.0,9072054.0,3345401.0,332197.0,1471405.0,5475709.0,8788139.0,6478499.0,5464922.0,0.0,5899542.0,,312132.0,0.0,52267604.0,159448579.0,160053492.0,11458117.0,0.0,934840.0,10043266.0,583780.0,1518620.0,51538452.0,12884613.0,1518620.0,11365993.0,51378600.0,52548530.0,42917439.0,678720.0,51357600.0,1190930.0,256177967.0,96729388.0,159448579.0,19856342.0,1034175356.0,16756532.0,courtenay-c,Courtenay,courtenay-c|2019,Courtenay|2019,"20,000 to 99,999",16676846.0,4113503.0,13469171.0,45784282.0,14758302.0,0.22018802699959028,2375.4574000567054,1852.410121916643,661.171959172101,591.0421746526794,355.9422313580947,1.4253758256541673,0.019200169376304498,0.9837972043108713,0.8821369334104175,0.9773365686918359,,,,,,,,,,,,,,,,,,,,,,
Courtenay,C,COM,2020,28862.0,3273.0,351.0,62869944.0,1015435.0,66996845.0,9738116.0,11569753.0,40466166.0,26530679.0,163581535.0,3060527.0,3610755.0,14078261.0,151448746.0,190112214.0,29538050.0,20564017.0,1133150.0,4880174.0,239655.0,713175.0,0.0,4372583.0,873017.0,0.0,62313821.0,5573523.0,9981848.0,3369458.0,359633.0,1499243.0,4323868.0,7465658.0,6177699.0,5685604.0,0.0,6303193.0,,171000.0,0.0,50910727.0,163018502.0,163581535.0,10043266.0,3000000.0,935534.0,11569753.0,502306.0,1437840.0,50806916.0,12701729.0,1437840.0,11263889.0,51690720.0,53080494.0,43146250.0,1048942.0,52065059.0,1015435.0,265255912.0,102237410.0,163018502.0,10202589.0,1112287605.0,15975736.0,courtenay-c,Courtenay,courtenay-c|2020,Courtenay|2020,"20,000 to 99,999",20749543.0,6252979.0,5958775.0,44105228.0,11403094.0,0.18299462008596776,2159.0264361444115,1763.936213706604,919.2252442658166,718.9225625389786,400.8645624003881,1.553642220515776,0.009172617724172157,0.9856370457351271,0.886799663258443,0.9808699029816866,,,,,,,,,,,,,,,,,,,,,,
Courtenay,C,COM,2021,28902.0,3273.0,353.0,73920466.0,929666.0,78527850.0,12332551.0,13423365.0,47205037.0,31322813.0,174771379.0,3085501.0,3512193.0,14708094.0,160673223.0,206094192.0,30777408.0,22734066.0,1248741.0,2468223.0,1891439.0,513536.0,0.0,8696740.0,4826.0,0.0,68334979.0,5888970.0,8933966.0,3769031.0,383369.0,1773731.0,4359182.0,7677059.0,6806601.0,6181367.0,0.0,6465930.0,,113795.0,0.0,52353001.0,174071589.0,174771379.0,11569753.0,3400000.0,1003032.0,13423365.0,523095.0,1526127.0,54309919.0,13577480.0,1526127.0,12051353.0,54108033.0,55456669.0,45403930.0,904263.0,54527003.0,929666.0,282515089.0,108443500.0,174071589.0,17633813.0,1100781213.0,13217345.0,courtenay-c,Courtenay,courtenay-c|2021,Courtenay|2021,"20,000 to 99,999",21305788.0,5608403.0,9215102.0,45363976.0,15981978.0,0.23387697243603456,2364.3685212096048,1811.3971697460383,1083.7593592138953,737.1734828039582,464.44415611376377,1.5659444563087621,0.01601936224178637,0.9879927592841286,0.8875986560098045,0.9832361730921848,,,,,,,,,,,,,,,,,,,,,,
Courtenay,C,COM,2022,29883.0,3273.0,354.0,73362518.0,1249034.0,79355781.0,11478679.0,11880552.0,45948707.0,33407074.0,182917583.0,3485188.0,3788885.0,13708721.0,170008982.0,216324657.0,32571285.0,23493371.0,83299.0,4114908.0,1769775.0,1778628.0,0.0,4907630.0,12036.0,0.0,68730932.0,6407052.0,10566297.0,3802884.0,388196.0,2555197.0,6755912.0,8724281.0,6670096.0,5919221.0,0.0,6660569.0,,50761.0,0.0,58500466.0,181889535.0,182917583.0,13423364.0,0.0,1064633.0,11880552.0,524723.0,1589356.0,58873858.0,14718465.0,1589356.0,13129109.0,56384652.0,57607630.0,47203598.0,788873.0,56358596.0,1249034.0,296659464.0,114769929.0,181889535.0,14542194.0,1114612364.0,14843000.0,courtenay-c,Courtenay,courtenay-c|2022,Courtenay|2022,"20,000 to 99,999",20982794.0,5967982.0,6698294.0,51315174.0,10230466.0,0.14884806159765154,2300.001070842954,1957.6503697754576,1117.929056654285,702.164909814945,397.5689187832547,1.596617680667271,0.01304686227220067,0.9866832627383272,0.8920161851116948,0.978318254022948,,,,,,,,,,,,,,,,,,,,,,
Courtenay,C,COM,2023,31242.0,3273.0,354.0,91357428.0,1262715.0,95941332.0,8832379.0,10419070.0,45676003.0,50265329.0,185589280.0,2741547.0,4286787.0,23189677.0,174018659.0,235854609.0,36264617.0,24475283.0,91516.0,10503606.0,1949385.0,4043923.0,0.0,3806801.0,2622.0,0.0,81137753.0,5485012.0,10313158.0,2682296.0,427056.0,2722928.0,5542135.0,9606563.0,9690508.0,7735467.0,0.0,6937531.0,0.0,465147.0,0.0,61607801.0,184768532.0,185589280.0,11880552.0,0.0,1008264.0,10419070.0,536433.0,1544697.0,65453269.0,16363317.0,1544697.0,14588870.0,61873942.0,63443318.0,52786083.0,1070440.0,62180603.0,1262715.0,306064677.0,121296145.0,184768532.0,9973702.0,1139014257.0,13270934.0,courtenay-c,Courtenay,courtenay-c|2023,Courtenay|2023,"20,000 to 99,999",30218011.0,12544507.0,7853346.0,54133837.0,19529952.0,0.2407011690353318,2597.0729466743487,1971.954452339799,1608.902407016196,967.2239613341015,333.4956148774086,2.0001187056581986,0.008756432975886798,0.9883487551464424,0.8915594558242684,0.9800969583589559,,,,,,,,,,,,,,,,,,,,,,
Courtenay,C,COM,2024,31242.0,3273.0,354.0,98553956.0,1734419.0,104005371.0,10501152.0,16124196.0,56571368.0,47434003.0,197686523.0,3223727.0,3364634.0,28096067.0,176697300.0,245120526.0,40472305.0,26986931.0,1374904.0,2849236.0,971896.0,4272330.0,0.0,1831235.0,15012.0,0.0,78773849.0,6251776.0,13123936.0,3884430.0,483489.0,2765935.0,5845654.0,11111614.0,9787370.0,8594606.0,0.0,7584844.0,0.0,74280.0,0.0,69507934.0,196461576.0,197686523.0,10419070.0,10638792.0,1275825.0,19297340.0,668894.0,1944719.0,70878312.0,17719578.0,1944719.0,14642850.0,67152582.0,68838996.0,57533870.0,1061679.0,67104577.0,1734419.0,325009398.0,128547822.0,196461576.0,19236534.0,1158041571.0,13362596.0,courtenay-c,Courtenay,courtenay-c|2024,Courtenay|2024,"20,000 to 99,999",34684428.0,5196036.0,6118577.0,61254196.0,9265915.0,0.11762679007851959,2521.408648614045,2224.823442801357,1518.2767748543627,1110.1859035913194,617.673004289098,1.7421172491356405,0.016611263776471114,0.9884610394526157,0.8263656166077996,0.9748047022649778,2823.8160359162957,3546.5079302077975,2313.177731087988,2783.665107049771,1634.933826557682,2437.8724475115623,1015.8871081440785,1604.3462673977224,757.3716446138835,518.5374381567245,1.4428133381403412,1.7099330852451193,0.021350493990494074,0.02529861000232605,0.9847118933607182,0.9815511712696461,0.8457939120832807,0.8619101997275483,0.9744645665293163,0.9623635142836453,0.16542076645989975,0.19976549769108282
Cranbrook,C,EKO,2019,21247.0,3154.0,200.0,57160748.0,1451618.0,62210396.0,8852937.0,33015175.0,51214385.0,10996011.0,209787840.0,606371.0,1696597.0,18302099.0,175468878.0,220783851.0,30800728.0,15388603.0,1807716.0,645214.0,335564.0,1226232.0,0.0,607231.0,5562.0,796268.0,51613118.0,6601585.0,9861464.0,1893324.0,74703.0,54264.0,7059838.0,5504881.0,2262109.0,1519377.0,1889215.0,8246846.0,,0.0,0.0,44967606.0,209222976.0,209787840.0,37681185.0,0.0,3602620.0,33728007.0,1530865.0,5133485.0,48335232.0,12083808.0,5133485.0,6950323.0,38625119.0,40431479.0,32294032.0,1091256.0,38979861.0,1451618.0,335900503.0,126677527.0,209222976.0,10873097.0,331097975.0,0.0,cranbrook-c,Cranbrook,cranbrook-c|2019,Cranbrook|2019,"20,000 to 99,999",20605067.0,2788494.0,2635293.0,35189895.0,6645512.0,0.12875625921301634,2429.1955570198147,2116.4214242010635,517.5324045747635,969.7871228879371,1587.42443639102,1.1161072811867212,0.032839515252245204,1.0,0.5751765503059962,0.9640968365268062,,,,,,,,,,,,,,,,,,,,,,
Cranbrook,C,EKO,2020,21502.0,3154.0,200.0,59702178.0,943687.0,71210296.0,8017953.0,28385824.0,46801726.0,24408570.0,209140552.0,623884.0,1746631.0,18726328.0,179665647.0,233549122.0,31793796.0,12811373.0,951400.0,5067841.0,731152.0,675170.0,0.0,243852.0,2497243.0,2401626.0,57173453.0,7243554.0,10187495.0,1913629.0,100347.0,117620.0,6403705.0,4469524.0,2741269.0,1763968.0,1265918.0,8201153.0,,0.0,0.0,44408182.0,208562786.0,209140552.0,33754098.0,0.0,4509350.0,28897139.0,1441453.0,5950803.0,47851023.0,11962756.0,5950803.0,6011953.0,39138517.0,40827886.0,33035234.0,1207469.0,39884199.0,943687.0,343097950.0,134535164.0,208562786.0,11043916.0,325425623.0,0.0,cranbrook-c,Cranbrook,cranbrook-c|2020,Cranbrook|2020,"20,000 to 99,999",21096843.0,6750393.0,5817891.0,34765576.0,12765271.0,0.2232726961584776,2658.983024834899,2065.304715840387,1135.1767277462561,981.1572411868664,1343.9279601897497,1.2756405180441421,0.033936836006303046,1.0,0.5025558491705423,0.9768862144858541,,,,,,,,,,,,,,,,,,,,,,
Cranbrook,C,EKO,2021,21635.0,3154.0,203.0,64950484.0,870093.0,74741019.0,9171907.0,25637391.0,46214894.0,28526125.0,216195912.0,2306994.0,4815900.0,22992453.0,189847798.0,244722037.0,32839517.0,12803675.0,4023976.0,3442490.0,499463.0,814682.0,0.0,1533233.0,0.0,1878992.0,57836028.0,7457600.0,10060401.0,2184329.0,79248.0,116247.0,7459180.0,4615835.0,2508841.0,1840532.0,1543021.0,8696081.0,,101798.0,0.0,46663113.0,215768996.0,216195912.0,28897139.0,0.0,2591841.0,25921198.0,1318725.0,3910566.0,48446397.0,12111599.0,3910566.0,8201033.0,42288570.0,43480384.0,36149862.0,714017.0,42610291.0,870093.0,357966668.0,142197672.0,215768996.0,16077660.0,332934320.0,0.0,cranbrook-c,Cranbrook,cranbrook-c|2021,Cranbrook|2021,"20,000 to 99,999",30115347.0,7965929.0,4226907.0,36648307.0,11172915.0,0.19318261274788787,2673.2622140050844,2156.8344349433787,1318.517448578692,1391.9735151375087,1198.1140744164547,1.4054015573420984,0.0482907860024764,1.0,0.6771222362959672,0.9799888381850538,,,,,,,,,,,,,,,,,,,,,,
Cranbrook,C,EKO,2022,21882.0,3154.0,203.0,66419954.0,1165904.0,77350523.0,12757463.0,22949866.0,46397914.0,30952609.0,224135125.0,2129857.0,6111692.0,26402730.0,199263892.0,255087734.0,34137016.0,16322789.0,592524.0,4997808.0,1169969.0,2116859.0,0.0,2152673.0,0.0,0.0,61489638.0,7719636.0,10868008.0,2306653.0,80998.0,239457.0,8015373.0,6478666.0,2757716.0,1928549.0,1843429.0,8808299.0,,77156.0,0.0,51123940.0,223673930.0,224135125.0,25921198.0,1475544.0,2549971.0,24410038.0,1269344.0,3819315.0,52582313.0,13145578.0,3819315.0,9326263.0,44321222.0,45449454.0,37737065.0,677475.0,44283550.0,1165904.0,373484984.0,149811054.0,223673930.0,16796045.0,25357774.0,0.0,cranbrook-c,Cranbrook,cranbrook-c|2022,Cranbrook|2022,"20,000 to 99,999",34644279.0,6760301.0,4269532.0,41046297.0,10365698.0,0.16857633801649638,2810.0556621880996,2336.3467690339094,1414.5237638241476,1583.2318343844256,1115.5304816744356,1.4315288829579709,0.6623627531344036,1.0,0.709460093728857,0.9743472385828882,,,,,,,,,,,,,,,,,,,,,,
Cranbrook,C,EKO,2023,22675.0,3154.0,203.0,63549361.0,1900628.0,74532009.0,13190053.0,20346355.0,48556274.0,25975735.0,238576073.0,1994197.0,10164635.0,25313103.0,212471956.0,264551808.0,36481409.0,17083580.0,1525247.0,7165109.0,1363951.0,3802161.0,0.0,1884177.0,27954.0,0.0,69333588.0,6218917.0,12802816.0,2372007.0,76168.0,2911087.0,8101779.0,7342686.0,3165347.0,2309217.0,1854381.0,8942820.0,176496.0,0.0,0.0,56273721.0,237926675.0,238576073.0,24410038.0,0.0,2527792.0,21433004.0,1222093.0,3749885.0,57319908.0,14329977.0,3749885.0,9741936.0,47232130.0,48762730.0,40265264.0,1464583.0,47411064.0,1900628.0,395564211.0,157637536.0,237926675.0,23162217.0,23768947.0,0.0,cranbrook-c,Cranbrook,cranbrook-c|2023,Cranbrook|2023,"20,000 to 99,999",37471935.0,10054307.0,5714292.0,46108808.0,13059867.0,0.18836277447519376,3057.7106063947076,2481.7517530319737,1145.567144432194,1652.5660418963616,945.2261962513782,1.3087775433510405,0.9744738376504437,1.0,0.6798291441779705,0.9722807562250924,,,,,,,,,,,,,,,,,,,,,,
Cranbrook,C,EKO,2024,22675.0,3154.0,203.0,65128965.0,2143837.0,74155120.0,10906151.0,24729859.0,52654663.0,21500457.0,252608413.0,2779269.0,4491016.0,25208104.0,220653299.0,274108870.0,40883320.0,18142968.0,1575883.0,908264.0,1531773.0,3950251.0,0.0,2710631.0,0.0,251011.0,69954101.0,6347106.0,13337048.0,2597792.0,103356.0,3249989.0,9843168.0,8159608.0,3003820.0,2123579.0,2029721.0,9514245.0,55027.0,32581.0,0.0,60397040.0,251933110.0,252608413.0,21433004.0,7887287.0,2458756.0,26551946.0,1322359.0,3781115.0,63276661.0,15819165.0,3781115.0,11207191.0,52595551.0,54900396.0,45606011.0,1949503.0,53294999.0,2143837.0,417480749.0,165547639.0,251933110.0,23581033.0,417480749.0,9514245.0,cranbrook-c,Cranbrook,cranbrook-c|2024,Cranbrook|2024,"20,000 to 99,999",32478389.0,4015920.0,6911893.0,49560436.0,9557061.0,0.1366190239511476,3085.07611907387,2663.596030871003,948.2009702315326,1432.3435060639472,1170.9788754134509,1.236907830936075,0.05648412066061518,0.9772103383861659,0.7084565462209921,0.9707580069185657,2823.8160359162957,3546.5079302077975,2313.177731087988,2783.665107049771,1634.933826557682,2437.8724475115623,1015.8871081440785,1604.3462673977224,757.3716446138835,518.5374381567245,1.4428133381403412,1.7099330852451193,0.021350493990494074,0.02529861000232605,0.9847118933607182,0.9815511712696461,0.8457939120832807,0.8619101997275483,0.9744645665293163,0.9623635142836453,0.16542076645989975,0.19976549769108282
Creston,T,CKO,2019,5564.0,815.0,54.0,8291629.0,380078.0,11765834.0,1518929.0,4356990.0,7650420.0,4115414.0,40962833.0,109238.0,0.0,168114.0,36162282.0,45078247.0,5464299.0,4982051.0,435618.0,787417.0,0.0,378064.0,0.0,318170.0,0.0,0.0,12365619.0,1941807.0,2117076.0,244859.0,0.0,168770.0,1152819.0,340822.0,1065792.0,1053554.0,339315.0,2104131.0,,170878.0,0.0,10699823.0,40519269.0,40962833.0,4745470.0,0.0,278807.0,4356990.0,280661.0,559468.0,11347346.0,2836837.0,559468.0,2277369.0,9755448.0,10130725.0,7881450.0,236777.0,9750647.0,380078.0,79761410.0,39242141.0,40519269.0,3028078.0,3489689.0,0.0,creston-t,Creston,creston-t|2019,Creston|2019,"5,000 to 19,999",277352.0,1223035.0,696234.0,8315031.0,1665796.0,0.13471189756048604,2222.4333213515456,1923.0451114306254,739.6502516175414,49.847591660675775,783.0679367361611,1.0838135684053947,0.8677214502495781,1.0,0.8027845801503576,0.9624826456151954,,,,,,,,,,,,,,,,,,,,,,
Creston,T,CKO,2020,5606.0,815.0,101.0,10827535.0,368256.0,14240526.0,1877982.0,3953112.0,7590739.0,6649787.0,44312590.0,122161.0,0.0,33647.0,39925174.0,50962377.0,5496562.0,5440783.0,2787897.0,2229803.0,0.0,312547.0,0.0,508880.0,0.0,0.0,16776472.0,2002538.0,2372497.0,310820.0,0.0,262137.0,1074294.0,251085.0,1006129.0,1192105.0,321392.0,2090080.0,,9265.0,0.0,10892342.0,43878279.0,44312590.0,4356990.0,0.0,280263.0,3953112.0,269040.0,549303.0,11782210.0,2945553.0,549303.0,2040300.0,9887956.0,10326090.0,7999121.0,331502.0,9957834.0,368256.0,84954085.0,41075806.0,43878279.0,5458357.0,6867979.0,0.0,creston-t,Creston,creston-t|2020,Creston|2020,"5,000 to 19,999",155808.0,5017700.0,821427.0,8533222.0,5884130.0,0.3507370321960422,2992.592222618623,1942.9793078844095,1186.191045308598,27.79307884409561,705.15733143061,1.426413818206633,0.7947544685270587,1.0,0.6926712912651716,0.9643373241953149,,,,,,,,,,,,,,,,,,,,,,
Creston,T,CKO,2021,5620.0,815.0,101.0,11900433.0,301225.0,15178255.0,2766695.0,6566512.0,11581228.0,3597027.0,49563439.0,142333.0,0.0,33956.0,42334502.0,53160466.0,5675634.0,5875500.0,1133456.0,662088.0,0.0,279439.0,0.0,0.0,0.0,0.0,13626117.0,1988740.0,2514249.0,297246.0,0.0,362687.0,1132187.0,348966.0,1117306.0,1169912.0,370227.0,2118900.0,,7608.0,0.0,11428028.0,48901006.0,49563439.0,3953112.0,3000000.0,259266.0,6566512.0,306098.0,565364.0,12346577.0,3086644.0,565364.0,2391980.0,10577417.0,11006514.0,8684154.0,333551.0,10705289.0,301225.0,91809163.0,42908157.0,48901006.0,7149235.0,9302094.0,0.0,creston-t,Creston,creston-t|2021,Creston|2021,"5,000 to 19,999",176289.0,1795544.0,279439.0,9003030.0,2198089.0,0.16131440820594745,2424.575978647687,2033.4569395017793,640.0403914590747,31.368149466192172,1168.4185053380784,1.0275622757793905,0.7685618958483972,1.0,0.7749452155804167,0.9726321158543023,,,,,,,,,,,,,,,,,,,,,,
Creston,T,CKO,2022,5693.0,815.0,102.0,12273751.0,438114.0,15648609.0,1814325.0,5593500.0,9923015.0,5725594.0,51359945.0,172612.0,0.0,34964.0,44936427.0,57085539.0,5931414.0,5581884.0,271178.0,3411681.0,492704.0,502287.0,0.0,305405.0,0.0,0.0,16496553.0,2440889.0,2686110.0,517041.0,56200.0,279655.0,1304746.0,363152.0,1068895.0,1297185.0,356370.0,2106946.0,,94291.0,0.0,12571480.0,50529919.0,51359945.0,6566512.0,1500000.0,2331949.0,5593500.0,395583.0,2727532.0,12640811.0,3160203.0,2727532.0,432671.0,11140387.0,11504738.0,9154777.0,235114.0,11066624.0,438114.0,92853656.0,42323737.0,50529919.0,6439970.0,180232084.0,0.0,creston-t,Creston,creston-t|2022,Creston|2022,"5,000 to 19,999",207576.0,4175563.0,807692.0,10068951.0,3925073.0,0.23793291847090722,2897.6906727560163,2208.2346741612505,1005.7252766555418,36.46161953275953,982.52239592482,1.2368973542819395,0.03573154045092216,1.0,0.13691240720928372,0.9619188198809916,,,,,,,,,,,,,,,,,,,,,,
Creston,T,CKO,2023,5892.0,815.0,103.0,15526631.0,506292.0,18943445.0,2024786.0,5068800.0,9544602.0,9398843.0,53444531.0,210332.0,0.0,2344072.0,46901917.0,62843374.0,6268410.0,6269739.0,643300.0,3187777.0,0.0,1180477.0,0.0,1766349.0,0.0,0.0,19316052.0,2370033.0,3393735.0,385301.0,0.0,374170.0,1151703.0,464338.0,1187966.0,1515295.0,247425.0,2230055.0,27383.0,210805.0,0.0,13558209.0,52637883.0,53444531.0,5593500.0,0.0,367739.0,5068800.0,281457.0,649196.0,14163665.0,3540916.0,649196.0,2891720.0,11826350.0,12374662.0,9551684.0,314399.0,11663245.0,506292.0,97175834.0,44537951.0,52637883.0,3788094.0,193278657.0,0.0,creston-t,Creston,creston-t|2023,Creston|2023,"5,000 to 19,999",2554404.0,3831077.0,2946826.0,11046697.0,5757843.0,0.29808591320835126,3278.3523421588593,2301.1216904276985,1595.187202987101,433.5376782077393,860.285132382892,1.6267447296388053,0.0195991324587898,1.0,0.8166587402807635,0.9425101873489554,,,,,,,,,,,,,,,,,,,,,,
Creston,T,CKO,2024,5892.0,815.0,103.0,18173190.0,552909.0,21958399.0,3958654.0,4800137.0,11499760.0,10458639.0,55119546.0,251671.0,0.0,2213171.0,48783758.0,65578185.0,6674487.0,6600916.0,500200.0,1135380.0,1118313.0,1179898.0,0.0,0.0,0.0,0.0,17209194.0,2564537.0,3812217.0,433401.0,0.0,469744.0,1301705.0,490639.0,1222954.0,1814999.0,176693.0,2127738.0,29247.0,12479.0,0.0,14456353.0,54344225.0,55119546.0,5068800.0,0.0,233221.0,4800137.0,237556.0,470777.0,15072559.0,3768140.0,470777.0,3297363.0,12567491.0,13161319.0,10555978.0,374692.0,12791001.0,552909.0,100797299.0,46453074.0,54344225.0,3846458.0,221313166.0,3812830.0,creston-t,Creston,creston-t|2024,Creston|2024,"5,000 to 19,999",2464842.0,2753893.0,1179898.0,12091059.0,2752841.0,0.1599633893371183,2920.7729124236253,2453.556177868296,1775.057535641548,418.33706720977597,814.6872029871012,1.5803103716947136,0.017380158937313293,0.9827717886427055,0.8750638245925045,0.9718631544452345,2866.2208483821423,3546.5079302077975,2297.657175284081,2783.665107049771,1859.732534766857,2437.8724475115623,918.4907099893891,1604.3462673977224,814.8464198087386,518.5374381567245,1.5120151567026447,1.7099330852451193,0.024769834473671436,0.02529861000232605,0.9804574834797263,0.9815511712696461,0.8566659461626738,0.8619101997275483,0.9770312225566793,0.9623635142836453,0.17479552285244132,0.19976549769108282
Cumberland,V,COM,2019,4475.0,2886.0,38.0,13423526.0,143002.0,14810404.0,857687.0,4221545.0,12043696.0,2766708.0,58398407.0,1005450.0,523804.0,4085465.0,53555388.0,61165115.0,3556014.0,2451982.0,875108.0,1225313.0,748384.0,225247.0,0.0,1642349.0,0.0,596908.0,11321305.0,1062321.0,634638.0,229053.0,41774.0,488504.0,759260.0,1140604.0,580868.0,650677.0,0.0,1368548.0,,18748.0,0.0,6974995.0,58129282.0,58398407.0,3154008.0,1796102.0,348346.0,4573894.0,123561.0,471907.0,7612035.0,1903009.0,471907.0,1365616.0,6626006.0,6825785.0,5492949.0,135159.0,6682783.0,143002.0,80604452.0,22475170.0,58129282.0,5530773.0,163838419.0,3111027.0,cumberland-v,Cumberland,cumberland-v|2019,Cumberland|2019,"Under 5,000",5614719.0,2848805.0,2464504.0,5482886.0,4346310.0,0.3839053889988831,2529.900558659218,1558.6581005586593,618.2587709497207,1254.6858100558659,1022.0992178770949,1.114568650686633,0.03375748517202183,0.9810116148642767,0.7176087974360604,0.9790497356714283,,,,,,,,,,,,,,,,,,,,,,
Cumberland,V,COM,2020,4558.0,2886.0,44.0,18446174.0,180066.0,19739745.0,2367492.0,5778650.0,17963254.0,1776491.0,64012273.0,1488508.0,969370.0,3504651.0,57675943.0,65788764.0,3840938.0,2357949.0,48333.0,1928774.0,544411.0,186266.0,0.0,1835.0,0.0,2727301.0,11635807.0,812781.0,632586.0,300972.0,29808.0,477349.0,730561.0,1143582.0,731364.0,568811.0,0.0,1544032.0,,40312.0,0.0,7012158.0,63867976.0,64012273.0,4573894.0,2076609.0,426526.0,6192033.0,137689.0,564215.0,9894026.0,2473507.0,564215.0,1561252.0,7073133.0,7271467.0,5861433.0,105672.0,7091401.0,180066.0,87807049.0,23939073.0,63867976.0,7323038.0,170557187.0,3293248.0,cumberland-v,Cumberland,cumberland-v|2020,Cumberland|2020,"Under 5,000",5962529.0,2521518.0,2915402.0,5330437.0,4623649.0,0.39736384420951637,2552.831724440544,1538.4286967968408,389.75230364194823,1308.1458973233875,1358.4978060552874,1.0268837706130527,0.04293596845027703,0.9806912387690822,0.6311896428835657,0.9752366338181828,,,,,,,,,,,,,,,,,,,,,,
Cumberland,V,COM,2021,4688.0,2886.0,44.0,21019005.0,187652.0,22641952.0,2132434.0,8277821.0,20563787.0,2078165.0,65113671.0,1491320.0,708103.0,6410472.0,56301969.0,67191836.0,4165447.0,2627474.0,311253.0,867001.0,771913.0,146590.0,0.0,21249.0,0.0,623332.0,9534259.0,1401918.0,752726.0,323309.0,26561.0,534101.0,847825.0,1248061.0,727162.0,592175.0,0.0,1651856.0,,25493.0,0.0,8131187.0,64985318.0,65113671.0,6192033.0,3015511.0,488015.0,8683349.0,212211.0,700226.0,8359824.0,2089956.0,700226.0,1010450.0,7763268.0,7999688.0,6541659.0,134429.0,7812036.0,187652.0,90366104.0,25380786.0,64985318.0,2820324.0,172742930.0,3645285.0,cumberland-v,Cumberland,cumberland-v|2021,Cumberland|2021,"Under 5,000",8609895.0,1950167.0,791171.0,6267120.0,1403072.0,0.1471610955817332,2033.758319112628,1734.4682167235494,443.2945819112628,1836.5816979522185,1852.2502133105802,1.0221368758585176,0.01632671160550536,0.9788976312952432,0.483479078028437,0.9765425851608213,,,,,,,,,,,,,,,,,,,,,,
Cumberland,V,COM,2022,4704.0,2886.0,44.0,22360526.0,213332.0,24387387.0,1426111.0,8226986.0,17956594.0,6430793.0,71424316.0,1489409.0,3725096.0,7611683.0,62725677.0,77855109.0,4456479.0,2935122.0,757436.0,1642559.0,556907.0,375436.0,0.0,7910428.0,0.0,689836.0,19324203.0,1095462.0,782164.0,340951.0,27448.0,740011.0,1153024.0,1429911.0,699838.0,558741.0,0.0,1827699.0,,5681.0,0.0,8660930.0,71282228.0,71424316.0,8683349.0,554966.0,643568.0,8556548.0,196142.0,839710.0,9090674.0,2272669.0,839710.0,1007567.0,8174540.0,8417537.0,6963527.0,135316.0,8204205.0,213332.0,98481845.0,27199617.0,71282228.0,8130289.0,180919066.0,3369766.0,cumberland-v,Cumberland,cumberland-v|2022,Cumberland|2022,"Under 5,000",12826188.0,2956902.0,8975700.0,6637089.0,10663273.0,0.5518092000999989,4108.036352040816,1841.1840986394557,1367.0903486394557,2726.655612244898,1818.9940476190477,1.2452543060226233,0.044938818112182824,0.9813741797672115,0.4433408472593237,0.9746562444572563,,,,,,,,,,,,,,,,,,,,,,
Cumberland,V,COM,2023,4901.0,2886.0,46.0,25690578.0,298532.0,28318004.0,2796670.0,8029400.0,18705083.0,9612921.0,76120222.0,1452750.0,3231115.0,11413163.0,67197976.0,85733143.0,4833449.0,2987578.0,1483481.0,5205592.0,679411.0,1092589.0,0.0,545881.0,0.0,617001.0,17444982.0,1410357.0,929034.0,403032.0,33895.0,804779.0,1237680.0,1368815.0,814288.0,689179.0,0.0,1834319.0,12399.0,29171.0,0.0,9566948.0,75890237.0,76120222.0,8556549.0,704945.0,786012.0,8430373.0,241054.0,1027066.0,10009508.0,2502377.0,1027066.0,1084462.0,9061982.0,9346341.0,7716205.0,170628.0,9047809.0,298532.0,104608673.0,28718436.0,75890237.0,6209611.0,186407554.0,3561440.0,cumberland-v,Cumberland,cumberland-v|2023,Cumberland|2023,"Under 5,000",16097028.0,7368484.0,2255471.0,7491575.0,7878034.0,0.4515931286142915,3559.4739849010407,1952.0399918384003,1961.420322383187,3284.4374617425015,1720.1332381146706,1.373454370664915,0.03331201373952903,0.9808943365031226,0.4333727491900701,0.9680589441365343,,,,,,,,,,,,,,,,,,,,,,
Cumberland,V,COM,2024,4901.0,2886.0,48.0,25304662.0,349299.0,28144497.0,2119843.0,9161428.0,18314809.0,9829688.0,80809986.0,1781442.0,4132276.0,11314589.0,70745476.0,90639674.0,5338739.0,3328457.0,1551629.0,1986792.0,559277.0,1176191.0,0.0,660363.0,0.0,589653.0,15191101.0,1175885.0,865335.0,530488.0,26009.0,885531.0,1235833.0,1769435.0,851154.0,919402.0,0.0,1928045.0,12104.0,85349.0,0.0,10284570.0,80549848.0,80809986.0,8430373.0,1577214.0,443573.0,9507276.0,280700.0,724273.0,10955702.0,2738926.0,724273.0,1536107.0,9788484.0,10322471.0,8427012.0,368900.0,9973172.0,349299.0,111007349.0,30457501.0,80549848.0,6673006.0,192318242.0,3342961.0,cumberland-v,Cumberland,cumberland-v|2024,Cumberland|2024,"Under 5,000",17228307.0,4097698.0,2426207.0,8075825.0,4906531.0,0.3229871883545505,3099.5921240563152,2098.463578861457,2005.6494592940217,3515.2636196694552,1939.8645174454193,1.3816503355290246,0.034697727738172646,0.9826175563730455,0.5608428267138287,0.9661612999445578,4648.097865362712,3546.5079302077975,3428.422456291105,2783.665107049771,5030.364110900993,2437.8724475115623,2420.45,1604.3462673977224,224.31236112962716,518.5374381567245,2.204313821553219,1.7099330852451193,0.030042455998363887,0.02529861000232605,0.9786113537119745,0.9815511712696461,0.9039920521842442,0.8619101997275483,0.9333160528846489,0.9623635142836453,0.20869205825466772,0.19976549769108282
Daajing Giids,V,SKQ,2019,971.0,3585.0,0.0,5850615.0,77154.0,6239179.0,190505.0,537132.0,1111232.0,5127947.0,21154230.0,293954.0,304154.0,3596559.0,20400188.0,26282177.0,572003.0,459752.0,0.0,4123142.0,521906.0,80669.0,0.0,0.0,0.0,14757.0,5772229.0,592914.0,59005.0,137592.0,0.0,82200.0,154293.0,152620.0,248903.0,87352.0,0.0,590127.0,,0.0,0.0,2105006.0,20937321.0,21154230.0,580150.0,0.0,30224.0,537132.0,37170.0,67394.0,1521183.0,380296.0,67394.0,312902.0,1202546.0,1281677.0,951077.0,19256.0,1204523.0,77154.0,30340516.0,9403195.0,20937321.0,1300593.0,30340516.0,424647.0,daajing-giids-v,Daajing Giids,daajing-giids-v|2019,Daajing Giids|2019,"Under 5,000",4194667.0,4645048.0,95426.0,1477709.0,3667223.0,0.635321814155329,5944.62306900103,2167.8743563336766,5281.0988671472705,4319.945417095778,553.1740473738414,5.264980670103093,0.04286654188742209,0.9860039624902885,0.8227854092601552,0.9398023058851801,,,,,,,,,,,,,,,,,,,,,,
Daajing Giids,V,SKQ,2020,943.0,3585.0,0.0,5470641.0,88177.0,5915919.0,111311.0,492394.0,1079781.0,4836138.0,22482545.0,299833.0,310237.0,3267900.0,21803641.0,27318683.0,515235.0,458599.0,0.0,1220398.0,903169.0,97316.0,0.0,0.0,0.0,11923.0,3206640.0,620507.0,137388.0,136584.0,0.0,70150.0,182073.0,115690.0,233892.0,77022.0,0.0,596828.0,,0.0,0.0,2170134.0,22296036.0,22482545.0,537132.0,0.0,30224.0,492394.0,20250.0,50474.0,1487782.0,371946.0,50474.0,321472.0,1211488.0,1262605.0,931396.0,6046.0,1174428.0,88177.0,32245206.0,9949170.0,22296036.0,1955542.0,32245206.0,596827.0,daajing-giids-v,Daajing Giids,daajing-giids-v|2020,Daajing Giids|2020,"Under 5,000",3877970.0,2123567.0,109239.0,1553056.0,1036506.0,0.32323740737968715,3400.4665959703075,2301.308589607635,5128.460233297985,4112.3753976670205,522.1569459172853,5.066435693904597,0.060645976335210884,0.9814909850475138,0.8642975055518812,0.9301626399388566,,,,,,,,,,,,,,,,,,,,,,
Daajing Giids,V,NCRD,2021,931.0,3585.0,9.0,5295345.0,68320.0,5550671.0,204628.0,674016.0,1459058.0,4091613.0,22670937.0,302831.0,313339.0,2919677.0,21879382.0,26762550.0,535070.0,496498.0,124821.0,534686.0,166124.0,53390.0,0.0,0.0,0.0,4902.0,1915491.0,706277.0,217462.0,155148.0,0.0,79260.0,156784.0,105058.0,269356.0,93437.0,0.0,620140.0,,0.0,0.0,2402922.0,22484696.0,22670937.0,492394.0,228150.0,30224.0,674016.0,20250.0,50474.0,1486385.0,371596.0,50474.0,366462.0,1277539.0,1342275.0,1009853.0,19323.0,1273955.0,68320.0,33054006.0,10569310.0,22484696.0,877502.0,33054006.0,620139.0,daajing-giids-v,Daajing Giids,daajing-giids-v|2021,Daajing Giids|2021,"Under 5,000",3535847.0,825631.0,58292.0,1762532.0,-487431.0,-0.25446791449294204,2057.455424274973,2581.011815252417,4394.858216970999,3797.902255639098,723.9699248120301,3.6292902681044894,0.026547523468108524,0.9812386129536008,0.9861839201713689,0.9491013391443631,,,,,,,,,,,,,,,,,,,,,,
Daajing Giids,V,NCRD,2022,13220.0,3585.0,9.0,5479899.0,102498.0,5727500.0,203193.0,612671.0,1490668.0,4236832.0,22416130.0,305859.0,316472.0,2934146.0,21554825.0,26652962.0,716370.0,614256.0,56414.0,668145.0,107337.0,49219.0,0.0,0.0,132460.0,2854.0,2347055.0,794396.0,100492.0,154719.0,0.0,87220.0,202373.0,140799.0,255712.0,120883.0,0.0,668751.0,,0.0,0.0,2525345.0,22167496.0,22416130.0,674016.0,0.0,45041.0,612671.0,2086.0,47127.0,1950477.0,487619.0,47127.0,493058.0,1438474.0,1527039.0,1162186.0,22851.0,1424541.0,102498.0,33392196.0,11224700.0,22167496.0,340388.0,8955654.0,0.0,daajing-giids-v,Daajing Giids,daajing-giids-v|2022,Daajing Giids|2022,"5,000 to 19,999",3556477.0,831896.0,184533.0,1854508.0,-178290.0,-0.07596328164444378,177.53819969742813,191.02458396369138,320.48653555219363,269.02246596066567,46.34425113464448,3.6761364703609387,0.03800816780103385,1.0,1.0111542003080274,0.9328779422136566,,,,,,,,,,,,,,,,,,,,,,
Daajing Giids,V,NCRD,2023,1033.0,3585.0,9.0,26980171.0,138494.0,27457065.0,303094.0,579099.0,22154758.0,5302307.0,21736540.0,320412.0,331530.0,4166591.0,21010173.0,27038847.0,735600.0,695888.0,0.0,1316750.0,169241.0,198762.0,0.0,0.0,0.0,4687.0,3120928.0,989385.0,111373.0,125909.0,0.0,74792.0,186133.0,125322.0,294617.0,120540.0,5920.0,701052.0,0.0,0.0,0.0,2735043.0,21589272.0,21736540.0,612671.0,30000.0,43180.0,579099.0,25479.0,68659.0,2008545.0,502136.0,68659.0,429631.0,1531335.0,1727829.0,1229787.0,123765.0,1589335.0,138494.0,33160459.0,11571187.0,21589272.0,122828.0,47469676.0,1131700.0,daajing-giids-v,Daajing Giids,daajing-giids-v|2023,Daajing Giids|2023,"Under 5,000",4818533.0,1485991.0,203449.0,2008512.0,385885.0,0.12364431348624512,3021.2274927395933,2647.6698935140366,5132.920619554695,4664.601161665053,560.5992255566312,1.2178048164642556,0.002587504494448203,0.9761595170778077,0.855606847547278,0.9198450772616966,,,,,,,,,,,,,,,,,,,,,,
Daajing Giids,V,NCRD,2024,1033.0,3585.0,9.0,30138807.0,130772.0,30611091.0,446017.0,511661.0,25037421.0,5573670.0,21482074.0,333567.0,345142.0,3963700.0,20798025.0,27055744.0,700995.0,707375.0,70890.0,1024227.0,87315.0,235226.0,0.0,0.0,25848.0,2580.0,2854456.0,963579.0,65923.0,206820.0,0.0,125422.0,245599.0,101923.0,346708.0,97255.0,0.0,684330.0,0.0,0.0,0.0,2837559.0,21309686.0,21482074.0,579099.0,0.0,44734.0,511661.0,25328.0,70062.0,2059072.0,514768.0,70062.0,444656.0,1584047.0,1819326.0,1312414.0,143471.0,1688554.0,130772.0,33494594.0,12184908.0,21309686.0,403998.0,49695171.0,725000.0,daajing-giids-v,Daajing Giids,daajing-giids-v|2024,Daajing Giids|2024,"Under 5,000",4642409.0,1182432.0,263654.0,2127901.0,16897.0,0.0059195167135173915,2763.268151016457,2746.9109390125845,5395.614714424008,4494.103581800581,495.3155856727977,1.2037504581642016,0.008129522282959847,0.9854110573439822,0.8637988375345786,0.9281206336852219,4648.097865362712,3546.5079302077975,3428.422456291105,2783.665107049771,5030.364110900993,2437.8724475115623,2420.45,1604.3462673977224,224.31236112962716,518.5374381567245,2.204313821553219,1.7099330852451193,0.030042455998363887,0.02529861000232605,0.9786113537119745,0.9815511712696461,0.9039920521842442,0.8619101997275483,0.9333160528846489,0.9623635142836453,0.20869205825466772,0.19976549769108282
Dawson Creek,C,PEA,2019,12981.0,2652.0,124.0,28223142.0,2613141.0,39074604.0,8857472.0,28183003.0,43027491.0,-3952887.0,230163169.0,0.0,0.0,770722.0,200725211.0,226210282.0,18973199.0,13101553.0,2901247.0,15994750.0,2519958.0,1648263.0,0.0,63374.0,47600.0,2743494.0,57993438.0,3925204.0,8731007.0,1157940.0,190704.0,1166469.0,5940892.0,8077630.0,3930037.0,1426945.0,1338984.0,8948432.0,,0.0,0.0,44834244.0,228908214.0,230163169.0,31353402.0,0.0,2327393.0,28183003.0,1587874.0,3915267.0,51906821.0,12976705.0,3915267.0,8928881.0,27338699.0,30165697.0,24067935.0,1640816.0,27552556.0,2613141.0,354639730.0,125731516.0,228908214.0,10017727.0,496995230.0,8948432.0,dawson-creek-c,Dawson Creek,dawson-creek-c|2019,Dawson Creek|2019,"5,000 to 19,999",770722.0,21415955.0,4502731.0,34297938.0,13159194.0,0.22690832711107764,4467.563207765195,3453.835914028195,-304.51328865264617,59.373083737770585,2171.0964486557277,0.6559327849258048,0.0201565858086807,0.9819949338346768,0.6880699684550122,0.9133737569531378,,,,,,,,,,,,,,,,,,,,,,
Dawson Creek,C,PEA,2020,13115.0,2652.0,124.0,42626962.0,2151912.0,49265517.0,9685435.0,23562595.0,39088572.0,10176945.0,228605291.0,0.0,0.0,1088307.0,203794143.0,238782236.0,19034430.0,12062970.0,1865309.0,17535412.0,2034051.0,1311971.0,0.0,0.0,36599.0,2395885.0,56276627.0,4208778.0,8764095.0,1002293.0,195315.0,1030321.0,5823295.0,7326577.0,3383601.0,1492797.0,1091351.0,9386250.0,,0.0,0.0,43704673.0,227356740.0,228605291.0,28183003.0,0.0,3824371.0,23562595.0,1528772.0,5353143.0,50371301.0,12592825.0,5353143.0,7227510.0,26112032.0,27205943.0,22710369.0,133172.0,25054031.0,2151912.0,362298233.0,134941493.0,227356740.0,7834776.0,510618326.0,15097474.0,dawson-creek-c,Dawson Creek,dawson-creek-c|2020,Dawson Creek|2020,"5,000 to 19,999",1088307.0,21434772.0,3744455.0,32789651.0,12571954.0,0.2233956558910327,4291.012352268395,3332.4188333968737,775.9775066717499,82.98185284025925,1796.614182234083,1.090522365462724,0.015343703116523083,0.9704329570028005,0.573938730983715,0.9209028703765203,,,,,,,,,,,,,,,,,,,,,,
Dawson Creek,C,PEA,2021,13087.0,2652.0,124.0,53857203.0,1866815.0,61290523.0,9528797.0,18838201.0,34595613.0,26694910.0,233229041.0,0.0,0.0,1131860.0,212948623.0,259923951.0,20112928.0,12786613.0,2503691.0,20746514.0,2566426.0,1376722.0,0.0,0.0,41263.0,2320006.0,62454163.0,3731554.0,7763381.0,933524.0,140392.0,607834.0,5221786.0,7895301.0,3112721.0,1218003.0,1165411.0,9522542.0,,0.0,0.0,41312449.0,231786822.0,233229041.0,23562595.0,0.0,3819101.0,18838201.0,1500862.0,5319963.0,52010502.0,13002626.0,5319963.0,5958663.0,28682826.0,31019605.0,24870896.0,1625005.0,29152790.0,1866815.0,376118062.0,144331240.0,231786822.0,13952625.0,502255196.0,14529124.0,dawson-creek-c,Dawson Creek,dawson-creek-c|2021,Dawson Creek|2021,"5,000 to 19,999",1131860.0,25816631.0,3737991.0,30289045.0,21141714.0,0.33851568869796556,4772.229158707114,3156.7547184228624,2039.8036219148773,86.48735386261176,1439.4590815312906,1.5567639457638747,0.027779951528863825,0.9710722275932413,0.458266122550937,0.9398182214119103,,,,,,,,,,,,,,,,,,,,,,
Dawson Creek,C,PEA,2022,113347.0,2652.0,126.0,63814808.0,1964376.0,71174591.0,9441192.0,19963371.0,34146416.0,37028175.0,239449852.0,0.0,0.0,1290607.0,217834526.0,276478027.0,21656693.0,15221134.0,477922.0,17084404.0,2118410.0,3261991.0,0.0,0.0,0.0,1845905.0,61666459.0,4283083.0,9374509.0,947608.0,258008.0,776677.0,5598693.0,8135593.0,3188278.0,1241892.0,1680890.0,9627152.0,,0.0,0.0,45112383.0,237797895.0,239449852.0,18151877.0,5000000.0,2160108.0,19963371.0,1652120.0,3812228.0,57542368.0,14385592.0,3812228.0,9230864.0,29788821.0,31979501.0,25796251.0,1357661.0,30015125.0,1964376.0,391756284.0,153958389.0,237797895.0,15638224.0,540095431.0,15516956.0,dawson-creek-c,Dawson Creek,dawson-creek-c|2022,Dawson Creek|2022,"100,000 and over",1290607.0,19680736.0,5107896.0,33833111.0,16554076.0,0.26844537968362997,544.0502086513097,398.00244382295074,326.6797974361915,11.386335765392996,176.12615243455937,1.868858154835342,0.028954557106779154,0.9712699735836129,0.6416742529608792,0.9385739008247814,,,,,,,,,,,,,,,,,,,,,,
Dawson Creek,C,PEA,2023,13615.0,2652.0,124.0,84462765.0,1882089.0,92949968.0,8405840.0,21542235.0,36591880.0,56358088.0,242575893.0,0.0,0.0,1714796.0,218386056.0,298933981.0,23054993.0,19399237.0,211541.0,21726649.0,1097891.0,5084272.0,0.0,75000.0,312847.0,0.0,70962430.0,4524189.0,10352821.0,1041919.0,0.0,1006242.0,4922760.0,9780636.0,3409880.0,1378831.0,1474655.0,9873850.0,19929.0,0.0,0.0,47785712.0,240670290.0,242575893.0,19963371.0,5000000.0,2452608.0,21542235.0,1633853.0,4086461.0,63760239.0,15940060.0,4086461.0,10934599.0,31582829.0,33854769.0,28040778.0,1450894.0,32088645.0,1882089.0,404643120.0,163972830.0,240670290.0,12744938.0,962923391.0,13000837.0,dawson-creek-c,Dawson Creek,dawson-creek-c|2023,Dawson Creek|2023,"5,000 to 19,999",1714796.0,23036081.0,5472119.0,36278009.0,23176718.0,0.3266054727832742,5212.077120822622,3509.784208593463,4139.411531399192,125.94902680866691,1582.2427469702534,2.3082379205441206,0.013235671829266011,0.9864985759806929,0.6859822986864541,0.9478323423208116,,,,,,,,,,,,,,,,,,,,,,
Dawson Creek,C,PEA,2024,13615.0,2652.0,124.0,86979027.0,2247914.0,98455438.0,9706968.0,17996047.0,35176510.0,63278928.0,253923533.0,0.0,0.0,2423162.0,233138059.0,317202461.0,24308714.0,19637878.0,787381.0,17817325.0,2106338.0,6189857.0,0.0,0.0,275846.0,0.0,71123339.0,5216573.0,11118118.0,943367.0,159756.0,1144946.0,5468136.0,11429731.0,3753620.0,1772159.0,1429349.0,10390719.0,28385.0,0.0,0.0,52854859.0,251904488.0,253923533.0,21542235.0,0.0,2600940.0,17996047.0,1607828.0,4208768.0,66420380.0,16605095.0,4208768.0,11485327.0,32888082.0,34820284.0,29028977.0,1132568.0,32819539.0,2247914.0,426058268.0,174153780.0,251904488.0,21624918.0,963581060.0,13613812.0,dawson-creek-c,Dawson Creek,dawson-creek-c|2024,Dawson Creek|2024,"5,000 to 19,999",2423162.0,20711044.0,6465703.0,40856312.0,18268480.0,0.2568563323496384,5223.895629820051,3882.1049577671683,4647.7361733382295,177.97737789203086,1321.7809034153506,2.472645154394225,0.02244224061440145,0.9858716484111881,0.691674874488824,0.9425408190237621,3601.3561989291247,3546.5079302077975,2957.8976990295423,2783.665107049771,1917.0647247750476,2437.8724475115623,987.5598464714869,1604.3462673977224,936.3446522221191,518.5374381567245,1.3967465323081123,1.7099330852451193,0.018327243000235003,0.02529861000232605,0.982034678745671,0.9815511712696461,0.7988058564062199,0.8619101997275483,0.970292410805516,0.9623635142836453,0.19624174475580758,0.19976549769108282
Delta,C,GVR,2019,109490.0,18023.0,1226.0,260286020.0,4605383.0,283673254.0,17893636.0,1507671.0,131055513.0,152617741.0,933163409.0,3691855.0,0.0,15592105.0,929880601.0,1085781150.0,155371420.0,80939372.0,167302.0,2206147.0,1178673.0,5673213.0,0.0,26343209.0,0.0,6456550.0,278335886.0,25839666.0,76009951.0,5931836.0,859417.0,5508875.0,24283354.0,35184471.0,22719741.0,12136246.0,0.0,26334152.0,,2132192.0,0.0,236939901.0,931388272.0,933163409.0,2062533.0,0.0,247989.0,1507671.0,143500.0,391489.0,249895408.0,62473852.0,391489.0,62082363.0,241792467.0,248707051.0,221253008.0,4844864.0,244101668.0,4605383.0,1389146476.0,457758204.0,931388272.0,67324155.0,2717240189.0,34769643.0,delta-c,Delta,delta-c|2019,Delta|2019,"100,000 and over",19283960.0,3552122.0,38472972.0,210462249.0,41395985.0,0.14872672580926197,2542.11239382592,2164.0323408530458,1393.896620695954,176.12530824732852,13.769942460498676,1.9860745575808016,0.02477666688154523,0.9872040597880323,0.9937335543196536,0.9814827003034988,,,,,,,,,,,,,,,,,,,,,,
Delta,C,GVR,2020,111281.0,18023.0,1226.0,299799681.0,4915379.0,331059312.0,51644468.0,925065.0,167770120.0,163289192.0,963095617.0,3750925.0,0.0,17873973.0,959119209.0,1126384809.0,161018694.0,80221193.0,119287.0,13366527.0,713082.0,3761497.0,0.0,16702434.0,0.0,6328564.0,282231278.0,23006734.0,82645612.0,6754408.0,814319.0,6109209.0,23802827.0,30658528.0,23307487.0,13180425.0,0.0,27694381.0,,3653688.0,0.0,241627618.0,961148861.0,963095617.0,1507671.0,0.0,582606.0,925065.0,143500.0,726106.0,253386263.0,63346566.0,726106.0,62620460.0,231508151.0,236768314.0,210167543.0,3432535.0,231852935.0,4915379.0,1441624193.0,480475332.0,961148861.0,61138414.0,2779093599.0,54493693.0,delta-c,Delta,delta-c|2020,Delta|2020,"100,000 and over",21624898.0,14198896.0,26792495.0,213789737.0,40603660.0,0.14386661991446603,2536.203646624311,2171.3286005697287,1467.3591358812375,194.32695608414733,8.312874614714103,1.786967077331768,0.02199940801634008,0.9803915589530311,0.9885375633463699,0.9792397094148333,,,,,,,,,,,,,,,,,,,,,,
Delta,C,MVRD,2021,113695.0,18023.0,1226.0,312799632.0,3801415.0,335550414.0,24085372.0,313328.0,148493766.0,187056648.0,970423509.0,3788434.0,0.0,23916646.0,966824006.0,1157480157.0,167952505.0,86438338.0,779452.0,5659079.0,297805.0,2954835.0,0.0,12391734.0,82048.0,6708509.0,283264305.0,25186234.0,85553155.0,6799872.0,901080.0,6619035.0,25450508.0,32874371.0,26083050.0,13663265.0,0.0,28167988.0,,870399.0,0.0,252168957.0,968338976.0,970423509.0,925065.0,0.0,247990.0,313328.0,111346.0,359336.0,265732610.0,66433153.0,359336.0,66073817.0,270245761.0,276144566.0,249097899.0,4133369.0,272343151.0,3801415.0,1487077790.0,518738814.0,968338976.0,36395960.0,2958747559.0,42361329.0,delta-c,Delta,delta-c|2021,Delta|2021,"100,000 and over",27705080.0,6736336.0,22137126.0,223889623.0,31095348.0,0.10977503148517072,2491.440300804785,2217.9423633405163,1645.2495536303268,243.67896565372268,2.755864373983025,2.106483258024448,0.012301137313756209,0.9856826822311542,0.9945910139174036,0.9862339677544116,,,,,,,,,,,,,,,,,,,,,,
Delta,C,MVRD,2022,5363.0,18023.0,1300.0,312915100.0,4343344.0,343666570.0,28482860.0,0.0,153191902.0,190474668.0,994549869.0,3877083.0,0.0,23436326.0,990978854.0,1185024537.0,172755957.0,93222134.0,975251.0,4244675.0,2386404.0,6818981.0,0.0,8266313.0,79823.0,7554541.0,296304079.0,28263087.0,89331990.0,7594231.0,974737.0,6884216.0,27961015.0,38254119.0,24661753.0,14492678.0,0.0,29080097.0,,1261777.0,0.0,268759700.0,992235761.0,994549869.0,313328.0,0.0,123995.0,0.0,13325.0,137320.0,281766934.0,70441734.0,137320.0,70304414.0,288962033.0,293786678.0,267542147.0,2879764.0,289443334.0,4343344.0,1518308873.0,526073112.0,992235761.0,54436646.0,3212394544.0,53808174.0,delta-c,Delta,delta-c|2022,Delta|2022,"5,000 to 19,999",27313409.0,7606330.0,22719658.0,239666278.0,27544379.0,0.09295983738381138,55249.68842066008,50113.686369569274,35516.44005220958,5092.934738019765,0.0,2.0426347340474957,0.016945815731655656,0.9832498239979578,0.9980505874543065,0.9852159940349644,,,,,,,,,,,,,,,,,,,,,,
Delta,C,MVRD,2023,116610.0,18023.0,568.0,348936601.0,5796523.0,379571971.0,29547531.0,0.0,164662997.0,214908974.0,1016462600.0,4051552.0,0.0,41140652.0,1009873812.0,1231371574.0,184201193.0,95440342.0,724875.0,18998137.0,1216743.0,14692087.0,0.0,10772850.0,0.0,13277151.0,339323378.0,30231665.0,97858775.0,8177592.0,876061.0,7600775.0,28797000.0,40693120.0,27741284.0,17437828.0,0.0,30319288.0,0.0,828240.0,0.0,290561628.0,1012806991.0,1016462600.0,0.0,0.0,0.0,0.0,0.0,0.0,309234773.0,77308693.0,0.0,77308693.0,318606840.0,324246793.0,296623489.0,4970681.0,319870151.0,5796523.0,1576045864.0,563238873.0,1012806991.0,53007521.0,3421972200.0,56683512.0,delta-c,Delta,delta-c|2023,Delta|2023,"100,000 and over",45192204.0,20939755.0,38742088.0,260242340.0,48761750.0,0.14370288981385773,2909.8994768887746,2491.738512992025,1842.9720778663923,387.5499871366092,0.0,2.1190954091525493,0.015490342382091824,0.9834354259219289,1.0,0.9865021271004522,,,,,,,,,,,,,,,,,,,,,,
Delta,C,MVRD,2024,116610.0,17951.0,568.0,368105519.0,8789497.0,406736624.0,41490369.0,0.0,184164763.0,222571861.0,1045454804.0,4044207.0,0.0,37108876.0,1038293197.0,1268026665.0,200130956.0,111652310.0,364840.0,5356600.0,1880743.0,16449681.0,0.0,11217711.0,3172546.0,0.0,350225387.0,31524737.0,104992254.0,8741652.0,1110189.0,8143054.0,31129406.0,49844887.0,27724566.0,18005456.0,281720.0,32072374.0,0.0,0.0,0.0,313570295.0,1041321118.0,1045454804.0,0.0,0.0,0.0,0.0,0.0,0.0,331132131.0,82783033.0,0.0,82783033.0,350652468.0,359948478.0,326812010.0,5962558.0,351000889.0,8789497.0,1617356579.0,576035461.0,1041321118.0,62017301.0,3455037276.0,40046340.0,delta-c,Delta,delta-c|2024,Delta|2024,"100,000 and over",41153083.0,7602183.0,30839938.0,281497921.0,36655092.0,0.10466143620822096,3003.390678329474,2689.0514964411286,1908.6858845725067,352.91212588971786,0.0,1.9987836598253055,0.0179498211005698,0.9884092885833166,1.0,0.975142028521093,3003.390678329474,3546.5079302077975,2379.369597210911,2783.665107049771,2052.765446183268,2437.8724475115623,1093.3312652075697,1604.3462673977224,312.26099706744867,518.5374381567245,1.6357691597817738,1.7099330852451193,0.025378934003535983,0.02529861000232605,0.9802497344746216,0.9815511712696461,0.9023585311053542,0.8619101997275483,0.9669710895067201,0.9623635142836453,0.27009754429306687,0.19976549769108282
Duncan,C,COW,2019,5342.0,207.0,0.0,16625711.0,199131.0,17808579.0,496581.0,782756.0,6866462.0,10942117.0,32696391.0,1028342.0,740981.0,5580195.0,31753497.0,43638508.0,4255591.0,4955196.0,1335.0,556391.0,126123.0,330489.0,0.0,64285.0,21790.0,211.0,10311411.0,1246396.0,847383.0,281406.0,0.0,179280.0,1107194.0,900649.0,1406973.0,843449.0,0.0,1559702.0,,0.0,0.0,8372432.0,32536253.0,32696391.0,909552.0,0.0,86337.0,782756.0,54470.0,140807.0,10057419.0,2514355.0,140807.0,2373548.0,8936609.0,9176483.0,7601016.0,146289.0,8977352.0,199131.0,62048109.0,29511856.0,32536253.0,2397059.0,3176203.0,0.0,duncan-c,Duncan,duncan-c|2019,Duncan|2019,"5,000 to 19,999",7349518.0,683849.0,416775.0,6758260.0,1938979.0,0.1880420633024908,1930.2529015350055,1567.2841632347436,2048.3184200673904,1375.7989517034819,146.52864095844254,2.4212922171563753,0.7546932611045327,1.0,0.9439987591251037,0.9782998562739124,,,,,,,,,,,,,,,,,,,,,,
Duncan,C,COW,2020,5124.0,207.0,0.0,20333459.0,233466.0,21665227.0,599527.0,683651.0,7031439.0,14633788.0,32935900.0,1059419.0,754703.0,7526603.0,32087461.0,47569688.0,4356070.0,5097932.0,0.0,2129093.0,375693.0,240977.0,0.0,89935.0,43416.0,0.0,12333116.0,1298935.0,910820.0,285324.0,0.0,202135.0,1116823.0,771011.0,1443184.0,749361.0,0.0,1624343.0,,0.0,0.0,8401936.0,32771113.0,32935900.0,782756.0,0.0,72415.0,683651.0,49544.0,121959.0,10227382.0,2556846.0,121959.0,2434887.0,8894661.0,9140791.0,7523559.0,146735.0,8907325.0,233466.0,63562424.0,30791311.0,32771113.0,1867886.0,3199552.0,0.0,duncan-c,Duncan,duncan-c|2020,Duncan|2020,"5,000 to 19,999",9340725.0,2504786.0,374328.0,6728049.0,3931180.0,0.31874994121518035,2406.9313036690087,1639.7220921155347,2855.9305230288837,1822.9361826697893,133.4213505074161,2.8917919930756706,0.5837961064549037,1.0,0.9523009989651312,0.9744588843569446,,,,,,,,,,,,,,,,,,,,,,
Duncan,C,COW,2021,5121.0,207.0,0.0,24281776.0,193748.0,26046607.0,1438371.0,0.0,8727831.0,17318776.0,33151987.0,1288155.0,774870.0,8142040.0,32934771.0,50470763.0,4472744.0,6133290.0,0.0,551480.0,377463.0,196426.0,0.0,599456.0,2600.0,0.0,12333459.0,1523656.0,848251.0,291306.0,0.0,254245.0,1625443.0,1015101.0,1591010.0,668602.0,0.0,1614770.0,,0.0,0.0,9432384.0,32934772.0,33151987.0,683651.0,0.0,652997.0,0.0,38485.0,691482.0,11323286.0,2830822.0,691482.0,2139340.0,9660391.0,9918957.0,8300840.0,209541.0,9725209.0,193748.0,65217303.0,32282531.0,32934772.0,1778830.0,3224250.0,0.0,duncan-c,Duncan,duncan-c|2021,Duncan|2021,"5,000 to 19,999",10205065.0,928943.0,798482.0,7779129.0,2901075.0,0.23521990059722905,2408.4083186877565,1841.9027533684828,3381.9129076352274,1992.7875414958016,0.0,2.7821088653068555,0.5517034969372723,1.0,0.7557310208836868,0.9804668978804929,,,,,,,,,,,,,,,,,,,,,,
Duncan,C,COW,2022,2731.0,207.0,0.0,26135723.0,224022.0,27727705.0,2491728.0,0.0,9809704.0,17918001.0,36233162.0,1703196.0,791354.0,6621008.0,36007524.0,54151163.0,5095021.0,5964593.0,0.0,776866.0,288600.0,419343.0,0.0,1626982.0,302144.0,0.0,14473549.0,1459533.0,2326888.0,319662.0,0.0,306617.0,1322568.0,949217.0,1687690.0,736260.0,0.0,1684713.0,,0.0,0.0,10793148.0,36007524.0,36233162.0,0.0,0.0,0.0,0.0,6972.0,6972.0,12180741.0,3045185.0,6972.0,3038213.0,9946309.0,10176898.0,8567912.0,147543.0,9952876.0,224022.0,68904559.0,32897035.0,36007524.0,4769820.0,2572898.0,0.0,duncan-c,Duncan,duncan-c|2022,Duncan|2022,"Under 5,000",9115558.0,1065466.0,2348469.0,9101463.0,3680401.0,0.25428462638983707,5299.725009154156,3952.0864152325157,6560.967045038447,3337.8095935554743,0.0,2.6642723368615404,1.8538706159358047,1.0,0.9977104839279058,0.9779872019941637,,,,,,,,,,,,,,,,,,,,,,
Duncan,C,COW,2023,5513.0,207.0,0.0,32321885.0,157376.0,33967701.0,2281759.0,0.0,28776230.0,5191471.0,53766727.0,1838641.0,833434.0,9603812.0,36397168.0,58958198.0,5697742.0,6510822.0,0.0,623082.0,2435410.0,1158878.0,0.0,792455.0,0.0,0.0,17218389.0,1522323.0,2342332.0,332161.0,0.0,323783.0,1280859.0,975222.0,1684650.0,1666256.0,0.0,2175959.0,0.0,107810.0,0.0,12411355.0,53563960.0,53766727.0,0.0,0.0,0.0,0.0,28330.0,28330.0,13915442.0,3478861.0,28330.0,3450531.0,10817097.0,11103364.0,9461510.0,220303.0,10945988.0,157376.0,87416912.0,33852952.0,53563960.0,3278628.0,3333283.0,0.0,duncan-c,Duncan,duncan-c|2023,Duncan|2023,"5,000 to 19,999",12275887.0,3058492.0,1951333.0,10207066.0,4807034.0,0.27918024154292254,3123.2339923816435,2251.28877199347,941.6780337384364,2226.716306910938,0.0,1.12321471575672,0.9836032524091114,1.0,0.9918565300539458,0.9858262775137336,,,,,,,,,,,,,,,,,,,,,,
Duncan,C,COW,2024,5513.0,207.0,0.0,34190746.0,272236.0,36540296.0,3338665.0,0.0,29387480.0,7152816.0,55431593.0,6047700.0,4171099.0,10072272.0,39014658.0,62584409.0,6268169.0,6946659.0,529124.0,837095.0,618767.0,1455524.0,0.0,537375.0,0.0,0.0,17192713.0,1610264.0,3277229.0,369044.0,0.0,358209.0,1479297.0,837946.0,1911691.0,1493386.0,0.0,2228721.0,0.0,715.0,0.0,13566502.0,55203299.0,55431593.0,0.0,0.0,0.0,0.0,0.0,0.0,15287452.0,3821863.0,0.0,3821863.0,11762487.0,11998525.0,10316150.0,141564.0,11726289.0,272236.0,90854013.0,35650714.0,55203299.0,5362704.0,529523116.0,6205600.0,duncan-c,Duncan,duncan-c|2024,Duncan|2024,"5,000 to 19,999",20291071.0,1984986.0,1992899.0,11337781.0,3626211.0,0.21091557801261498,3118.576637039724,2460.820243061854,1297.445311082895,3680.586069290767,0.0,1.1634459980917045,0.010127421897101845,0.9882807760180955,1.0,0.9773108777953957,3601.3561989291247,3546.5079302077975,2957.8976990295423,2783.665107049771,1917.0647247750476,2437.8724475115623,987.5598464714869,1604.3462673977224,936.3446522221191,518.5374381567245,1.3967465323081123,1.7099330852451193,0.018327243000235003,0.02529861000232605,0.982034678745671,0.9815511712696461,0.7988058564062199,0.8619101997275483,0.970292410805516,0.9623635142836453,0.19624174475580758,0.19976549769108282
Elkford,D,EKO,2019,2690.0,11724.0,33.0,12169703.0,140624.0,13190432.0,987557.0,4425569.0,6346388.0,6844044.0,40851460.0,0.0,0.0,4984351.0,36254873.0,47695504.0,5886653.0,1199587.0,9230.0,521055.0,473502.0,127839.0,0.0,43832.0,14268.0,434843.0,8710809.0,1328426.0,762145.0,92218.0,9915.0,631328.0,1271350.0,1894675.0,406643.0,179232.0,0.0,1308698.0,,0.0,0.0,7884630.0,40680442.0,40851460.0,2000000.0,2500000.0,74431.0,4425569.0,64000.0,138431.0,7232911.0,1808228.0,138431.0,1669797.0,9115299.0,9263723.0,8377665.0,76478.0,9123099.0,140624.0,75065379.0,34384937.0,40680442.0,3699174.0,10801031.0,0.0,elkford-d,Elkford,elkford-d|2019,Elkford|2019,"Under 5,000",4984351.0,1003787.0,620782.0,6511932.0,826179.0,0.0948452663811134,3238.2189591078068,2931.089219330855,2544.254275092937,1852.9185873605948,1645.192936802974,1.9175794168273355,0.34248341662939397,1.0,0.923443835622499,0.9848199260707601,,,,,,,,,,,,,,,,,,,,,,
Elkford,D,EKO,2020,2716.0,11724.0,33.0,14487037.0,140372.0,16101222.0,1431385.0,10155865.0,12702264.0,3398958.0,46854458.0,0.0,0.0,7406337.0,36536830.0,50253416.0,6218229.0,1445684.0,2000.0,2181143.0,210166.0,84504.0,0.0,5000.0,0.0,399724.0,10546450.0,1425019.0,692412.0,98092.0,9667.0,472548.0,1409633.0,1810883.0,421985.0,230647.0,0.0,1395952.0,,21700.0,0.0,7988538.0,46692695.0,46854458.0,4425569.0,5900000.0,167472.0,10155865.0,133309.0,300781.0,7714841.0,1928710.0,300781.0,1627929.0,9880737.0,10051189.0,9119588.0,105822.0,9910817.0,140372.0,82473585.0,35780890.0,46692695.0,7408205.0,13741809.0,0.0,elkford-d,Elkford,elkford-d|2020,Elkford|2020,"Under 5,000",7406337.0,2393309.0,489228.0,6459277.0,2557912.0,0.24253772596466108,3883.081737849779,2941.2879234167895,1251.4572901325478,2726.928203240059,3739.272827687776,1.1405082590001279,0.5390996920420011,1.0,0.8440506867284351,0.9860342890776405,,,,,,,,,,,,,,,,,,,,,,
Elkford,D,EKO,2021,2741.0,11724.0,33.0,15742416.0,162608.0,17387596.0,932992.0,12132142.0,14906557.0,2481039.0,49561875.0,0.0,0.0,7411140.0,37257402.0,52042914.0,6510109.0,2106053.0,2500.0,711870.0,357372.0,100413.0,0.0,44890.0,69282.0,449386.0,10351875.0,1640527.0,802391.0,108223.0,4203.0,545396.0,1314441.0,2063763.0,378755.0,263888.0,0.0,1440790.0,,0.0,0.0,8562377.0,49389544.0,49561875.0,10155865.0,2400000.0,416399.0,12132142.0,214775.0,631174.0,8882896.0,2220724.0,631174.0,1589550.0,10701779.0,10874285.0,9884620.0,98210.0,10711677.0,162608.0,86493235.0,37103691.0,49389544.0,4231849.0,7274639.0,0.0,elkford-d,Elkford,elkford-d|2021,Elkford|2021,"Under 5,000",7411140.0,1071742.0,663971.0,6906812.0,1789498.0,0.17286704099498884,3776.678219627873,3123.8150310105802,905.1583363735863,2703.808828894564,4426.173659248449,1.0560732434726543,0.5817263234642983,1.0,0.715780078929214,0.985046557083983,,,,,,,,,,,,,,,,,,,,,,
Elkford,D,EKO,2022,3246.0,11724.0,33.0,17946028.0,155339.0,19896344.0,1462270.0,11602478.0,14777041.0,5119303.0,50942015.0,0.0,0.0,3857013.0,39142517.0,56061318.0,6885684.0,3241071.0,0.0,1305475.0,755095.0,513560.0,0.0,364409.0,19332.0,0.0,13084626.0,1797311.0,844416.0,124889.0,13112.0,545425.0,1310625.0,2048006.0,422914.0,276994.0,0.0,1671854.0,,10676.0,0.0,9066222.0,50744635.0,50942015.0,12132142.0,0.0,512740.0,11602478.0,231530.0,744270.0,10117143.0,2529286.0,744270.0,1785016.0,11078192.0,11276849.0,10213292.0,124165.0,11121510.0,155339.0,89162203.0,38417568.0,50744635.0,3038371.0,9448222.0,0.0,elkford-d,Elkford,elkford-d|2022,Elkford|2022,"Under 5,000",3857013.0,2060570.0,897301.0,7162838.0,4018404.0,0.30710881610219504,4031.0,2793.0443622920516,1577.111213801602,1188.235674676525,3574.392483056069,1.214453421358173,0.3215812456565902,1.0,0.7057390900040564,0.9862249640834954,,,,,,,,,,,,,,,,,,,,,,
Elkford,D,EKO,2023,2805.0,11724.0,33.0,13706856.0,187878.0,16195365.0,1581198.0,11060813.0,14679317.0,1516048.0,61699359.0,0.0,0.0,4915448.0,49899508.0,63215407.0,7416069.0,3746748.0,104400.0,3373867.0,675790.0,927447.0,0.0,430000.0,71915.0,0.0,16746236.0,1832527.0,966814.0,121421.0,16250.0,721150.0,1279521.0,2102719.0,531975.0,281285.0,0.0,1717288.0,21197.0,0.0,0.0,9592147.0,61467681.0,61699359.0,11602478.0,0.0,512740.0,11060813.0,231530.0,744270.0,12466339.0,3116585.0,744270.0,2372315.0,12104625.0,12299963.0,11210867.0,116390.0,12112085.0,187878.0,101602539.0,40134858.0,61467681.0,11954171.0,16484007.0,0.0,elkford-d,Elkford,elkford-d|2023,Elkford|2023,"Under 5,000",4915448.0,4154057.0,1429362.0,7643329.0,7154089.0,0.42720579119988517,5970.1376114081995,3419.660249554367,540.4805704099822,1752.387878787879,3943.2488413547235,0.9337529804690504,0.7251981268874734,1.0,0.7611905338696041,0.9847253199054339,,,,,,,,,,,,,,,,,,,,,,
Elkford,D,EKO,2024,2805.0,11724.0,33.0,15562211.0,215404.0,17211732.0,906507.0,10506857.0,13397914.0,3813818.0,63891913.0,0.0,0.0,5791900.0,52640878.0,67705731.0,8368647.0,3423463.0,188584.0,1294501.0,303296.0,697161.0,0.0,207404.0,260960.0,0.0,14744016.0,1858433.0,1146091.0,157198.0,0.0,902729.0,1422576.0,2056355.0,431513.0,477381.0,7459.0,1776009.0,17948.0,0.0,0.0,10253692.0,63673043.0,63891913.0,11060813.0,0.0,512741.0,10506857.0,231530.0,744271.0,12899156.0,3224789.0,744271.0,2480518.0,12789434.0,13139491.0,11868156.0,249921.0,12924087.0,215404.0,105583909.0,41910866.0,63673043.0,3981370.0,172996959.0,1363632.0,elkford-d,Elkford,elkford-d|2024,Elkford|2024,"Under 5,000",5791900.0,1786381.0,1165525.0,8246153.0,4490324.0,0.3045523010826901,5256.333689839572,3655.5051693404635,1359.6499108734404,2064.848484848485,3745.760071301248,1.1615398486659938,0.023014103964682987,0.9921175955468674,0.7692031943795392,0.9836063664871036,4486.511144130758,3546.5079302077975,3557.844717668488,2783.665107049771,5496.677373974208,2437.8724475115623,3386.4506393861893,1604.3462673977224,624.7436119532265,518.5374381567245,3.324657351485151,1.7099330852451193,0.02521828600111612,0.02529861000232605,0.9816336034641139,0.9815511712696461,0.8531878894527055,0.8619101997275483,0.9614729661922712,0.9623635142836453,0.23352896680225554,0.19976549769108282
Enderby,C,NOK,2019,3143.0,422.0,26.0,6294789.0,156590.0,7276608.0,508127.0,2903145.0,4639816.0,2636792.0,29989990.0,0.0,0.0,0.0,27037682.0,32626782.0,2158577.0,1653318.0,0.0,554616.0,1194194.0,138230.0,0.0,0.0,0.0,0.0,5698935.0,736479.0,230650.0,104560.0,0.0,14884.0,495459.0,991989.0,474582.0,468635.0,0.0,1297795.0,,112707.0,0.0,4927740.0,29940829.0,29989990.0,3056149.0,0.0,119203.0,2903145.0,117271.0,236474.0,4396731.0,1099183.0,236474.0,862709.0,3889695.0,4095722.0,2900352.0,132818.0,3939132.0,156590.0,59723751.0,29782922.0,29940829.0,1846881.0,129868825.0,2830000.0,enderby-c,Enderby,enderby-c|2019,Enderby|2019,"Under 5,000",0,1748810.0,138230.0,3512674.0,771195.0,0.13532265239031505,1813.2150811326758,1567.8460069996818,838.9411390391346,0.0,923.6859688195991,1.356689360095314,0.01422112658676938,0.9782087810527276,0.7848638488768476,0.9617674246445438,,,,,,,,,,,,,,,,,,,,,,
Enderby,C,NOK,2020,3188.0,422.0,26.0,8365739.0,171596.0,9450642.0,671676.0,2768790.0,4649160.0,4801482.0,29722862.0,0.0,0.0,380629.0,26898747.0,34524344.0,2164702.0,1728517.0,183545.0,1962976.0,741003.0,118800.0,0.0,0.0,0.0,0.0,6899543.0,707983.0,291389.0,99077.0,0.0,14088.0,534955.0,1018741.0,463997.0,453413.0,0.0,1320757.0,,97581.0,0.0,5001981.0,29667536.0,29722862.0,2903145.0,0.0,108794.0,2768790.0,107785.0,216579.0,4476219.0,1119055.0,216579.0,902476.0,3913132.0,4096608.0,2908729.0,116673.0,3925012.0,171596.0,60654734.0,30987198.0,29667536.0,1145047.0,135777442.0,3530000.0,enderby-c,Enderby,enderby-c|2020,Enderby|2020,"Under 5,000",380629.0,2887524.0,118800.0,3573439.0,1897562.0,0.2750272010769409,2164.2230238393977,1569.0028230865746,1506.1110414052698,119.39429109159347,868.5037641154329,1.7994087103906942,0.008433263899610069,0.9740015723672273,0.8064625956722413,0.9581126629640913,,,,,,,,,,,,,,,,,,,,,,
Enderby,C,NOK,2021,3189.0,422.0,26.0,8407622.0,140298.0,9239272.0,478774.0,2271254.0,4020392.0,5218880.0,30283170.0,0.0,0.0,381380.0,27949752.0,35502050.0,2250046.0,2014385.0,368276.0,766799.0,775199.0,104858.0,0.0,0.0,0.0,0.0,6279563.0,771900.0,255480.0,101762.0,0.0,46870.0,518139.0,1091422.0,606193.0,536341.0,0.0,1366788.0,,6962.0,0.0,5301857.0,30221003.0,30283170.0,2768790.0,0.0,466882.0,2271254.0,104155.0,571037.0,4838302.0,1209576.0,571037.0,638539.0,4203288.0,4414250.0,3202588.0,136242.0,4273952.0,140298.0,62271784.0,32050781.0,30221003.0,1927216.0,137030377.0,3564000.0,enderby-c,Enderby,enderby-c|2021,Enderby|2021,"Under 5,000",381380.0,1910274.0,104858.0,3830914.0,977706.0,0.1556965030846892,1969.1323298839761,1662.5453120100344,1636.5255566008152,119.59234869865162,712.2151144559423,2.0912443363731694,0.014064151629678433,0.973991168396187,0.5279031660681098,0.9682170244095826,,,,,,,,,,,,,,,,,,,,,,
Enderby,C,NOK,2022,19155.0,422.0,26.0,9047332.0,95569.0,10024862.0,435283.0,2156342.0,4002809.0,6022053.0,30741880.0,434519.0,177325.0,1931295.0,28511922.0,36763933.0,2414787.0,3162185.0,0.0,859507.0,188331.0,161708.0,0.0,0.0,0.0,0.0,6786518.0,656302.0,391688.0,113090.0,0.0,55252.0,629749.0,1230274.0,578524.0,533753.0,0.0,1323610.0,,12393.0,0.0,5524635.0,30668260.0,30741880.0,2271254.0,0.0,88646.0,2156342.0,84655.0,173301.0,6335414.0,1583854.0,173301.0,1410553.0,4441770.0,4618706.0,3435745.0,124562.0,4523137.0,95569.0,63868760.0,33200500.0,30668260.0,1783260.0,161759332.0,3754000.0,enderby-c,Enderby,enderby-c|2022,Enderby|2022,"5,000 to 19,999",2543139.0,1047838.0,161708.0,4116370.0,1261883.0,0.18593968217574905,354.2948577394936,288.4173844949099,314.38543461237276,132.76632732967894,112.57332289219525,2.2602457424273803,0.011024155317357518,0.9767926835899644,0.8905827178515191,0.9793082737892388,,,,,,,,,,,,,,,,,,,,,,
Enderby,C,NOK,2023,3323.0,422.0,26.0,13696443.0,219788.0,14832632.0,510053.0,2037132.0,5881913.0,8950719.0,31150327.0,705024.0,591317.0,4668383.0,27954775.0,40101046.0,2605673.0,3259630.0,0.0,2281245.0,196917.0,501360.0,0.0,0.0,0.0,0.0,8844825.0,800781.0,316015.0,115751.0,0.0,30887.0,393703.0,1312069.0,600127.0,566444.0,0.0,1312955.0,43849.0,15131.0,0.0,5507712.0,31054563.0,31150327.0,2156342.0,0.0,88646.0,2037132.0,102010.0,190656.0,6820099.0,1705025.0,190656.0,1514369.0,4790298.0,5020752.0,3690542.0,161614.0,4800964.0,219788.0,65547791.0,34493228.0,31054563.0,695582.0,163799496.0,3216000.0,enderby-c,Enderby,enderby-c|2023,Enderby|2023,"Under 5,000",5964724.0,2478162.0,501360.0,4092747.0,3337113.0,0.3772955372209173,2661.6987661751427,1657.4517002708396,2693.565753836894,1794.98164309359,613.0400240746313,2.328569463710191,0.004246545422825965,0.980366239954731,0.8881799387105761,0.9562240875470448,,,,,,,,,,,,,,,,,,,,,,
Enderby,C,NOK,2024,3323.0,422.0,26.0,15257221.0,195912.0,16829512.0,718359.0,1911248.0,6563870.0,10265642.0,34877934.0,817090.0,1140313.0,5163500.0,31867510.0,45143576.0,2802669.0,3620398.0,201288.0,1607060.0,0.0,644516.0,0.0,2125862.0,0.0,0.0,11001793.0,886644.0,280826.0,118239.0,0.0,26352.0,431628.0,1413014.0,701608.0,528146.0,0.0,1308668.0,255192.0,8946.0,0.0,5959263.0,34797559.0,34877934.0,2037132.0,0.0,93557.0,1911248.0,111215.0,204772.0,7565956.0,1891489.0,204772.0,1595617.0,5113979.0,5487163.0,4036395.0,298881.0,5291251.0,195912.0,70251192.0,35453633.0,34797559.0,5078990.0,205670853.0,4018000.0,enderby-c,Enderby,enderby-c|2024,Enderby|2024,"Under 5,000",7120903.0,1808348.0,2770378.0,4539380.0,5042530.0,0.4583371092330132,3310.801384291303,1793.3382485705688,3089.269334938309,2142.913933192898,575.1573879024977,2.3244246153564894,0.02469474855535315,0.9804639308808624,0.8435772029337734,0.9642963039370254,4029.3029612756263,3546.5079302077975,2680.1548974943053,2783.665107049771,1972.4097144142117,2437.8724475115623,1160.2663957632108,1604.3462673977224,585.9197211603328,518.5374381567245,1.1580249242564604,1.7099330852451193,0.02542022628425596,0.02529861000232605,0.9804639308808624,0.9815511712696461,0.8435772029337734,0.8619101997275483,0.9642963039370254,0.9623635142836453,0.37423160107130715,0.19976549769108282
Esquimalt,D,CAP,2019,18716.0,711.0,51.0,52112170.0,629892.0,53815207.0,7968653.0,5502438.0,36053226.0,17761981.0,80744391.0,0.0,0.0,7602015.0,74993592.0,98506372.0,29712680.0,5168066.0,25114.0,1167634.0,1631225.0,1297176.0,0.0,76391.0,589202.0,0.0,39667488.0,3562571.0,13589637.0,672005.0,0.0,853330.0,3260891.0,9789508.0,0.0,488156.0,0.0,3551358.0,,0.0,0.0,35767456.0,80496030.0,80744391.0,6695708.0,0.0,799681.0,5502438.0,360009.0,1159690.0,36714565.0,9178641.0,1159690.0,8018951.0,27514181.0,28128927.0,24307268.0,416089.0,27499035.0,629892.0,148756159.0,68260129.0,80496030.0,2261977.0,29400645.0,0.0,esquimalt-d,Esquimalt,esquimalt-d|2019,Esquimalt|2019,"5,000 to 19,999",7602015.0,2823973.0,1962769.0,31856089.0,3900032.0,0.09831809869079686,2119.4426159435775,1911.0630476597564,949.0265548194059,406.17733490061977,293.99647360547124,1.4454232195476766,0.07693630530894816,1.0,0.8736534090395299,0.9776069666646012,,,,,,,,,,,,,,,,,,,,,,
Esquimalt,D,CAP,2020,19015.0,711.0,51.0,58715840.0,456941.0,60133196.0,10951769.0,4529661.0,35061305.0,25071891.0,84316053.0,0.0,0.0,9257414.0,79538486.0,109387944.0,30649120.0,6821868.0,7154.0,4348018.0,868992.0,836717.0,0.0,2277027.0,0.0,0.0,45808896.0,3392731.0,14501308.0,729126.0,0.0,797677.0,3168422.0,8326179.0,0.0,565658.0,0.0,3430478.0,,15745.0,0.0,34927324.0,84068147.0,84316053.0,5502438.0,0.0,537479.0,4529661.0,347897.0,885376.0,42032618.0,10508155.0,885376.0,9622779.0,27756644.0,28450696.0,24728408.0,552172.0,27993755.0,456941.0,155755792.0,71687645.0,84068147.0,7018340.0,32693460.0,0.0,esquimalt-d,Esquimalt,esquimalt-d|2020,Esquimalt|2020,"5,000 to 19,999",9257414.0,5224164.0,3113744.0,31148949.0,10881572.0,0.23754276898530802,2409.092611096503,1836.8300815145938,1318.5322640021036,486.8479621351565,238.21514593741782,1.6746621382176163,0.214671068770329,1.0,0.9157439150830949,0.9839391978319265,,,,,,,,,,,,,,,,,,,,,,
Esquimalt,D,CAP,2021,18764.0,711.0,51.0,81742569.0,799722.0,84155020.0,11336431.0,38140733.0,60532152.0,23622868.0,97489222.0,0.0,0.0,9896756.0,59042509.0,121112090.0,31126965.0,13132824.0,31920.0,789363.0,1719344.0,599749.0,0.0,276189.0,2060.0,0.0,47678414.0,3690943.0,14319122.0,734625.0,0.0,829611.0,3017709.0,9363012.0,0.0,620273.0,0.0,3446639.0,,0.0,0.0,36021934.0,97183242.0,97489222.0,4461995.0,35000000.0,842501.0,38140733.0,553035.0,1395536.0,45111525.0,11277881.0,1395536.0,9882345.0,30568413.0,31159632.0,27111076.0,464341.0,30359910.0,799722.0,172280055.0,75096813.0,97183242.0,16562734.0,46868729.0,0.0,esquimalt-d,Esquimalt,esquimalt-d|2021,Esquimalt|2021,"5,000 to 19,999",9896756.0,2540627.0,877998.0,32022260.0,11656480.0,0.2444812866468251,2540.951502877851,1919.7364101470903,1258.9462801108505,527.4331698998081,2032.6547111490088,1.350399189508412,0.35338560173031364,1.0,0.8762590241908033,0.9743346776367577,,,,,,,,,,,,,,,,,,,,,,
Esquimalt,D,CAP,2022,5801.0,711.0,51.0,80660629.0,1306035.0,83593452.0,9343221.0,36255796.0,54227190.0,29366262.0,100368067.0,0.0,0.0,11142129.0,63662202.0,129734329.0,32408250.0,12425877.0,10000.0,947660.0,952006.0,2210468.0,0.0,445544.0,0.0,0.0,49399805.0,5233504.0,15155846.0,781757.0,0.0,810476.0,3427542.0,10321085.0,0.0,645330.0,0.0,3627665.0,,774361.0,0.0,40777566.0,100015312.0,100368067.0,38140733.0,98761.0,1373425.0,36353110.0,1222579.0,2596004.0,47351369.0,11837842.0,2596004.0,9241838.0,31984460.0,32964865.0,28142149.0,708392.0,31658830.0,1306035.0,176618920.0,76603608.0,100015312.0,7265019.0,37598149.0,0.0,esquimalt-d,Esquimalt,esquimalt-d|2022,Esquimalt|2022,"5,000 to 19,999",11142129.0,1909666.0,2656012.0,35927322.0,8622239.0,0.17453993998559306,8515.739527667643,7029.402861575591,5062.275814514739,1920.7255645578348,6266.697121186003,1.4874572884930972,0.1932281027983585,1.0,0.7807029355519359,0.9603809995885013,,,,,,,,,,,,,,,,,,,,,,
Esquimalt,D,CAP,2023,19738.0,711.0,52.0,90213759.0,1179554.0,93982187.0,13473413.0,34643788.0,58162126.0,35820061.0,106150699.0,0.0,0.0,12114763.0,70973006.0,141970760.0,34559189.0,7931828.0,919255.0,6134791.0,871209.0,4671485.0,0.0,248455.0,685780.0,0.0,56021992.0,4947224.0,17849738.0,798693.0,0.0,1096921.0,3394735.0,11021335.0,0.0,661955.0,0.0,4011590.0,3370.0,0.0,0.0,43785561.0,105770772.0,106150699.0,36353110.0,0.0,1277565.0,34723886.0,1187398.0,2464963.0,47405625.0,11851406.0,2464963.0,9386443.0,34984153.0,36478643.0,31323589.0,1215183.0,35299089.0,1179554.0,185969067.0,80198295.0,105770772.0,10058002.0,38373695.0,0.0,esquimalt-d,Esquimalt,esquimalt-d|2023,Esquimalt|2023,"5,000 to 19,999",12114763.0,7925255.0,5605720.0,38586573.0,12236431.0,0.21842191902065888,2838.2810821765124,2218.3382814874863,1814.7766237714054,613.7786503191812,1759.2403485662173,1.5510739583350168,0.26210668532180703,1.0,0.792010922585894,0.9676645318193443,,,,,,,,,,,,,,,,,,,,,,
Esquimalt,D,CAP,2024,19738.0,711.0,52.0,87462378.0,1476570.0,91417253.0,11340835.0,33188079.0,55958198.0,35459055.0,111286198.0,0.0,0.0,14785059.0,77611041.0,146745253.0,37020824.0,7228941.0,1010874.0,1124150.0,136000.0,4489457.0,0.0,183067.0,0.0,0.0,51193313.0,5387768.0,18091107.0,950193.0,0.0,979996.0,3925634.0,11810597.0,0.0,1017395.0,0.0,4228630.0,3531.0,23969.0,0.0,46418820.0,110861103.0,111286198.0,34723886.0,0.0,1193784.0,33250062.0,1134349.0,2328133.0,48979269.0,12244817.0,2328133.0,9916684.0,37888588.0,39343910.0,34341761.0,749041.0,37867340.0,1476570.0,195185003.0,84323900.0,110861103.0,9342930.0,195185003.0,4375166.0,esquimalt-d,Esquimalt,esquimalt-d|2024,Esquimalt|2024,"5,000 to 19,999",14785059.0,2271024.0,4672524.0,41055841.0,4774493.0,0.09326399719432106,2593.6423649812546,2351.7489107305705,1796.486726112068,749.0657108116324,1684.5709798358496,1.5629948984418691,0.04786704847400597,0.9775845175973894,0.8098678812431415,0.962470176451705,2567.538946805667,3546.5079302077975,2045.0195609464422,2783.665107049771,2217.25520024837,2437.8724475115623,799.2304887641933,1604.3462673977224,386.9249167164944,518.5374381567245,1.5629948984418691,1.7099330852451193,0.04472396775938227,0.02529861000232605,0.9792813777328785,0.9815511712696461,0.8510570773833829,0.8619101997275483,0.9732053424599786,0.9623635142836453,0.170495619408603,0.19976549769108282
Fernie,C,EKO,2019,5744.0,1486.0,0.0,8492931.0,280650.0,10154160.0,3825084.0,2686653.0,11339782.0,-1185622.0,106524448.0,527648.0,236847.0,760785.0,103813546.0,105338826.0,11679941.0,4630558.0,0.0,2627473.0,435669.0,297439.0,0.0,206600.0,115000.0,0.0,19992680.0,2494537.0,2410881.0,401430.0,0.0,742039.0,2258571.0,3640576.0,634349.0,950195.0,151795.0,3256048.0,,0.0,0.0,16940421.0,106500200.0,106524448.0,2877973.0,0.0,132370.0,2686653.0,110899.0,243269.0,16741329.0,4185332.0,243269.0,3942063.0,16936187.0,17402050.0,15346088.0,322271.0,17121400.0,280650.0,163158823.0,56658623.0,106500200.0,13873447.0,287234599.0,5374065.0,fernie-c,Fernie,fernie-c|2019,Fernie|2019,"5,000 to 19,999",1525280.0,3063142.0,619039.0,13573474.0,3052259.0,0.15266882679060537,3480.6197771587745,2949.237639275766,-206.41051532033427,265.5431754874652,467.73206824512533,0.7489501120921019,0.04830005524508557,0.9812903284677066,0.9418758177368008,0.9838725897236246,,,,,,,,,,,,,,,,,,,,,,
Fernie,C,EKO,2020,5668.0,1486.0,0.0,14700848.0,317777.0,16113500.0,3384272.0,5553107.0,13813880.0,2299620.0,107238685.0,483258.0,453195.0,5286251.0,101685578.0,109538305.0,11847977.0,4796932.0,0.0,3164450.0,697407.0,99811.0,0.0,-144741.0,0.0,0.0,20461836.0,2645551.0,2388648.0,360923.0,0.0,744172.0,2270310.0,2628811.0,675831.0,970719.0,106096.0,3471292.0,,0.0,0.0,16262353.0,107238685.0,107238685.0,2686653.0,3000000.0,100755.0,5553107.0,99287.0,200042.0,16801219.0,4200305.0,200042.0,4000263.0,17193940.0,17327259.0,15560717.0,0.0,17009482.0,317777.0,167384867.0,60146182.0,107238685.0,4209779.0,296225505.0,5148249.0,fernie-c,Fernie,fernie-c|2020,Fernie|2020,"5,000 to 19,999",6222704.0,3861857.0,-44930.0,12691774.0,4199483.0,0.20523490658414034,3610.062808750882,2869.1519054340156,405.7198306280875,1097.865913902611,979.7295342272406,1.0642084627924957,0.014211399521455791,0.9826205073057434,0.9523744109058747,0.9816602845262485,,,,,,,,,,,,,,,,,,,,,,
Fernie,C,EKO,2021,5739.0,1486.0,0.0,18600149.0,366200.0,20138489.0,4046767.0,4814554.0,14367534.0,5770955.0,106306640.0,748161.0,817229.0,7527650.0,100892087.0,112077595.0,12126305.0,5212081.0,0.0,1916127.0,215926.0,116551.0,0.0,80000.0,0.0,0.0,19666990.0,2826690.0,2445349.0,429610.0,0.0,938328.0,2197100.0,2875302.0,741291.0,1094893.0,102398.0,3476738.0,,0.0,0.0,17127699.0,106306640.0,106306640.0,5553107.0,0.0,700754.0,4814554.0,123454.0,824208.0,17578972.0,4394743.0,824208.0,3570535.0,18331901.0,18500520.0,16641395.0,0.0,18134320.0,366200.0,169937381.0,63630741.0,106306640.0,2544694.0,299497019.0,5201212.0,fernie-c,Fernie,fernie-c|2021,Fernie|2021,"5,000 to 19,999",9093040.0,2132053.0,196551.0,13527507.0,2539291.0,0.12911436879766552,3426.90189928559,2984.43962362781,1005.5680432131034,1584.429343091131,838.918626938491,1.2945957879758627,0.008496558691958133,0.9826335099515632,0.8124559274569639,0.9802059617783716,,,,,,,,,,,,,,,,,,,,,,
Fernie,C,EKO,2022,1700.0,1486.0,0.0,12080302.0,294153.0,21079484.0,3314667.0,4070796.0,15411959.0,5667525.0,113476221.0,1295936.0,588000.0,7306541.0,109405425.0,119143746.0,13369957.0,4985343.0,0.0,8287155.0,744155.0,448469.0,0.0,0.0,0.0,0.0,27835079.0,3272404.0,3554858.0,416226.0,0.0,1283894.0,2283218.0,3367848.0,778751.0,1164191.0,418507.0,3644440.0,,0.0,0.0,20184337.0,113476221.0,113476221.0,4814554.0,0.0,700754.0,4070796.0,150928.0,851682.0,18739359.0,4684840.0,851682.0,3833158.0,20102260.0,20571386.0,18492830.0,303896.0,20277233.0,294153.0,180727314.0,67251093.0,113476221.0,10814019.0,313485667.0,5459994.0,fernie-c,Fernie,fernie-c|2022,Fernie|2022,"Under 5,000",9190477.0,9031310.0,448469.0,16388969.0,7650742.0,0.2748597192772472,16373.575882352941,11873.139411764705,3333.8382352941176,5406.162941176471,2394.585882352941,0.7838265077139123,0.034496055604353995,0.9825829549010928,0.8182046772141631,0.9857008662420704,,,,,,,,,,,,,,,,,,,,,,
Fernie,C,EKO,2023,6000.0,1486.0,0.0,24996985.0,575086.0,28409540.0,4150103.0,3321143.0,21941329.0,6468211.0,117915120.0,1801969.0,767597.0,6376150.0,113523776.0,124383331.0,14194174.0,5465696.0,0.0,5723992.0,308752.0,839539.0,0.0,0.0,0.0,0.0,26532153.0,3685453.0,3241468.0,486623.0,0.0,1274360.0,2019706.0,3439747.0,874801.0,1171205.0,895020.0,4162923.0,41261.0,0.0,0.0,21292567.0,117915120.0,117915120.0,4070796.0,0.0,703931.0,3321143.0,181780.0,885711.0,20973687.0,5243422.0,885711.0,4357711.0,18313909.0,19022111.0,16360134.0,502471.0,18447025.0,575086.0,189329137.0,71414017.0,117915120.0,7572883.0,322621947.0,5414744.0,fernie-c,Fernie,fernie-c|2023,Fernie|2023,"5,000 to 19,999",8945716.0,6032744.0,839539.0,16947864.0,5239586.0,0.19748061908130862,4422.0255,3548.7611666666667,1078.0351666666666,1490.9526666666666,553.5238333333333,1.1392648549228719,0.02347293192672971,0.9832164424945337,0.8310814960153884,0.9697674984653386,,,,,,,,,,,,,,,,,,,,,,
Fernie,C,EKO,2024,6000.0,1486.0,0.0,22908104.0,581739.0,24816939.0,3872326.0,2566095.0,16880536.0,7936403.0,118928702.0,560215.0,1095522.0,7428021.0,113444904.0,126865105.0,15074622.0,5910458.0,574577.0,1706351.0,352186.0,897000.0,0.0,0.0,0.0,0.0,24515194.0,3776868.0,3327721.0,555581.0,0.0,1293143.0,2345146.0,3724949.0,1051083.0,1262062.0,385397.0,4268555.0,42915.0,0.0,0.0,22033420.0,118928702.0,118928702.0,3321143.0,0.0,703934.0,2566095.0,147220.0,851154.0,22410266.0,5602567.0,851154.0,4751413.0,19624702.0,20621399.0,17702399.0,759429.0,20039660.0,581739.0,194611274.0,75682572.0,118928702.0,5282136.0,365516873.0,6757834.0,fernie-c,Fernie,fernie-c|2024,Fernie|2024,"5,000 to 19,999",9083758.0,2633114.0,897000.0,17617645.0,2481774.0,0.10123411627907167,4085.8656666666666,3672.2366666666667,1322.7338333333332,1513.9596666666666,427.6825,1.3570720740147113,0.014451141356749351,0.9815115675932148,0.8480778543121394,0.971789547353213,3601.3561989291247,3546.5079302077975,2957.8976990295423,2783.665107049771,1917.0647247750476,2437.8724475115623,987.5598464714869,1604.3462673977224,936.3446522221191,518.5374381567245,1.3967465323081123,1.7099330852451193,0.018327243000235003,0.02529861000232605,0.982034678745671,0.9815511712696461,0.7988058564062199,0.8619101997275483,0.970292410805516,0.9623635142836453,0.19624174475580758,0.19976549769108282
Fort St. James,D,BUL,2019,1728.0,2275.0,0.0,8303816.0,1139144.0,9816072.0,521453.0,318522.0,1273097.0,8542975.0,24612214.0,321969.0,158374.0,8115460.0,24182504.0,33155189.0,2511744.0,901017.0,24487.0,3872537.0,257440.0,111526.0,1178256.0,0.0,21681.0,90106.0,8968794.0,1124693.0,417372.0,81841.0,0.0,0.0,1346059.0,370112.0,159416.0,225370.0,2626.0,913768.0,,0.0,0.0,4641257.0,24552206.0,24612214.0,467424.0,0.0,94182.0,369704.0,15683.0,109865.0,3520891.0,880223.0,109865.0,770358.0,4015302.0,5859111.0,2854313.0,1612380.0,4719967.0,1139144.0,41438715.0,16886509.0,24552206.0,463737.0,820621.0,0.0,fort-st-james-d,Fort St. James,fort-st-james-d|2019,Fort St. James|2019,"Under 5,000",8595803.0,4154464.0,1401569.0,3711806.0,4327537.0,0.48251046907755935,5190.274305555556,2685.912615740741,4943.851273148148,4974.423032407408,213.94907407407408,6.522532061578969,0.5651049631925091,1.0,0.875185038336876,0.8055773307588814,,,,,,,,,,,,,,,,,,,,,,
Fort St. James,D,BUL,2020,1746.0,2275.0,0.0,10817584.0,1301849.0,13028363.0,451870.0,297861.0,1346100.0,11682263.0,24327385.0,429850.0,111303.0,10852103.0,23987880.0,36009648.0,2880531.0,934716.0,34007.0,2603461.0,219023.0,85925.0,462986.0,0.0,0.0,119786.0,7340435.0,1096862.0,406421.0,48375.0,0.0,0.0,1313908.0,316402.0,164205.0,211821.0,7247.0,920737.0,,0.0,0.0,4485978.0,24285741.0,24327385.0,369704.0,0.0,67510.0,297861.0,13971.0,81481.0,4081488.0,1020372.0,81481.0,938891.0,4344184.0,4601772.0,2908167.0,60846.0,3299923.0,1301849.0,42109430.0,17823689.0,24285741.0,654268.0,861021.0,0.0,fort-st-james-d,Fort St. James,fort-st-james-d|2020,Fort St. James|2020,"Under 5,000",11393256.0,2856491.0,668697.0,3551270.0,2854457.0,0.3888675534896774,4204.143757159221,2569.2886597938145,6690.872279495991,6525.3470790378005,170.5962199312715,8.036240992496843,0.7598746139757334,1.0,0.9201457899667964,0.7170983264707596,,,,,,,,,,,,,,,,,,,,,,
Fort St. James,D,BUL,2021,1930.0,2275.0,0.0,13413683.0,124984.0,13980856.0,386123.0,276374.0,1531393.0,12449463.0,26233376.0,434820.0,100523.0,10941556.0,24567009.0,38682839.0,2739409.0,964640.0,13260.0,817954.0,232760.0,62176.0,982987.0,0.0,12040.0,162975.0,5988201.0,1079701.0,379168.0,122475.0,0.0,0.0,1067050.0,458434.0,177843.0,319992.0,9278.0,962040.0,,0.0,0.0,4575981.0,26185050.0,26233376.0,297861.0,0.0,16329.0,276374.0,13445.0,29774.0,4252231.0,1063058.0,29774.0,1033284.0,4116525.0,4361796.0,3878494.0,23019.0,4236812.0,124984.0,44855028.0,18669978.0,26185050.0,1600378.0,861021.0,0.0,fort-st-james-d,Fort St. James,fort-st-james-d|2021,Fort St. James|2021,"Under 5,000",11476899.0,1063974.0,1220178.0,3600496.0,1412220.0,0.23583376710300807,3102.69481865285,2370.9746113989636,6450.49896373057,5946.579792746114,143.19896373056994,8.75913824864029,1.8586979876216725,1.0,0.9719921208438298,0.9713457484027221,,,,,,,,,,,,,,,,,,,,,,
Fort St. James,D,BUL,2022,22261.0,2275.0,0.0,14229555.0,123604.0,16402029.0,715274.0,254027.0,1701249.0,14700780.0,27129522.0,0.0,0.0,5439317.0,26770221.0,41830302.0,2940228.0,2091566.0,8222.0,719689.0,396124.0,276063.0,0.0,0.0,5599.0,1868183.0,8305674.0,1133591.0,411951.0,121416.0,0.0,176027.0,1181822.0,592702.0,245761.0,244456.0,67982.0,982503.0,,0.0,0.0,5158211.0,27024248.0,27129522.0,276374.0,0.0,16329.0,254027.0,13447.0,29776.0,7260627.0,1815157.0,29776.0,1785381.0,4547400.0,4698127.0,4118873.0,93328.0,4574523.0,123604.0,46612380.0,19588132.0,27024248.0,1826367.0,861021.0,0.0,fort-st-james-d,Fort St. James,fort-st-james-d|2022,Fort St. James|2022,"20,000 to 99,999",5439317.0,1124035.0,2149845.0,4162261.0,3147463.0,0.3789533516485237,373.1042630609586,231.7151520596559,660.3827321324289,244.34288666277345,11.411302277525717,8.364181257417345,2.1211642921601217,1.0,0.9835959093345644,0.97369079209651,,,,,,,,,,,,,,,,,,,,,,
Fort St. James,D,BUL,2023,1696.0,2275.0,0.0,14911812.0,110340.0,16520907.0,1214281.0,230785.0,2728764.0,13792143.0,32926818.0,278613.0,148900.0,12805794.0,32139462.0,46718961.0,3532467.0,1311715.0,22203.0,4387270.0,727699.0,778494.0,0.0,0.0,0.0,746647.0,11506495.0,1508683.0,601478.0,136496.0,0.0,211895.0,1329242.0,815669.0,324567.0,403887.0,101877.0,1119650.0,22295.0,40911.0,0.0,6616650.0,32850367.0,32926818.0,254027.0,0.0,16330.0,230785.0,19856.0,36186.0,6138260.0,1534565.0,36186.0,1498379.0,5248577.0,5403946.0,4825620.0,99408.0,5293606.0,110340.0,53424349.0,20573982.0,32850367.0,6535095.0,1288897.0,0.0,fort-st-james-d,Fort St. James,fort-st-james-d|2023,Fort St. James|2023,"Under 5,000",13233307.0,5137172.0,1525141.0,5477144.0,4889845.0,0.42496390082297,6784.489976415094,3901.326650943396,8132.159787735849,7802.657429245283,136.07606132075472,5.464676314990963,5.0703004196611525,1.0,0.9764193761750073,0.9795815872327369,,,,,,,,,,,,,,,,,,,,,,
Fort St. James,D,BUL,2024,1696.0,2275.0,27.0,15622888.0,206369.0,17765168.0,450836.0,206170.0,1845363.0,15919805.0,34948588.0,0.0,0.0,6891532.0,34173070.0,50868393.0,3960318.0,1692490.0,515264.0,2707738.0,472603.0,734734.0,0.0,56175.0,31139.0,906301.0,11076762.0,1626878.0,706368.0,147594.0,0.0,106728.0,1382002.0,803487.0,354324.0,438654.0,111461.0,1226452.0,23382.0,0.0,0.0,6927330.0,34882742.0,34948588.0,230785.0,0.0,17754.0,206170.0,19292.0,37046.0,6935479.0,1733870.0,37046.0,1696824.0,5777102.0,5915092.0,5257596.0,77125.0,5708723.0,206369.0,56199480.0,21316738.0,34882742.0,3313145.0,1309686.0,0.0,fort-st-james-d,Fort St. James,fort-st-james-d|2024,Fort St. James|2024,"Under 5,000",6891532.0,3695605.0,1728349.0,5681586.0,4149432.0,0.37460694740936024,6531.109669811321,4084.510613207547,9386.677476415094,4063.4033018867926,121.5625,8.466024299826104,2.5297246820993733,1.0,0.9786339229584686,0.9651114471254209,4486.511144130758,3546.5079302077975,3557.844717668488,2783.665107049771,5496.677373974208,2437.8724475115623,3386.4506393861893,1604.3462673977224,624.7436119532265,518.5374381567245,3.324657351485151,1.7099330852451193,0.02521828600111612,0.02529861000232605,0.9816336034641139,0.9815511712696461,0.8531878894527055,0.8619101997275483,0.9614729661922712,0.9623635142836453,0.23352896680225554,0.19976549769108282
Fort St. John,C,PEA,2019,21976.0,3265.0,0.0,99835204.0,5381905.0,111623948.0,7847563.0,33795968.0,59089681.0,52534267.0,450644164.0,0.0,0.0,1152926.0,414030501.0,503178431.0,32149536.0,19569005.0,5860.0,27503094.0,2454296.0,2643980.0,0.0,350000.0,152614.0,0.0,84828385.0,8879849.0,14282425.0,828554.0,0.0,2728397.0,10181827.0,7232190.0,2914496.0,1880083.0,0.0,12234837.0,,675059.0,0.0,61837717.0,447826469.0,450644164.0,35507175.0,0.0,1479492.0,33795968.0,1440904.0,2532107.0,79274649.0,19818662.0,2532107.0,17235453.0,47358791.0,52230626.0,40117449.0,2597627.0,46848721.0,5381905.0,601693666.0,153867197.0,447826469.0,40991087.0,33710564.0,0.0,fort-st-john-c,Fort St. John,fort-st-john-c|2019,Fort St. John|2019,"20,000 to 99,999",1152926.0,29963250.0,3146594.0,48161976.0,22990668.0,0.27102564784181615,3860.0466417910447,2813.875,2390.5290771751,52.46295959228249,1537.8580269384784,1.6895539510528073,1.215971557165285,1.0,0.8696577498521343,0.8969588264172824,,,,,,,,,,,,,,,,,,,,,,
Fort St. John,C,PEA,2020,22283.0,3265.0,450.0,99018711.0,3690350.0,111518238.0,7988435.0,31724036.0,57993957.0,53524281.0,471566403.0,0.0,0.0,1178360.0,437175305.0,525090684.0,31996818.0,17404553.0,11000.0,32391377.0,1939425.0,2041647.0,0.0,671500.0,4050.0,0.0,86460370.0,8760666.0,16735692.0,1043440.0,0.0,2453321.0,9640007.0,7306314.0,2982393.0,2071948.0,0.0,12825633.0,,728703.0,0.0,64548117.0,468899341.0,471566403.0,33795968.0,0.0,1440905.0,31724036.0,1370356.0,2811261.0,76454939.0,19113735.0,2811261.0,16148611.0,43800810.0,49612260.0,37859683.0,3736128.0,45921910.0,3690350.0,634728633.0,165829292.0,468899341.0,34697608.0,1387472484.0,41194936.0,fort-st-john-c,Fort St. John,fort-st-john-c|2020,Fort St. John|2020,"20,000 to 99,999",1178360.0,34341802.0,2717197.0,50352128.0,21912253.0,0.2534369561453415,3880.1045640174125,2896.742673787192,2402.0231117892563,52.881568909033795,1423.6878337746264,1.7073970482821168,0.02500778098313624,0.9703093672306657,0.844869461672457,0.9256161682616353,,,,,,,,,,,,,,,,,,,,,,
Fort St. John,C,PEA,2021,22160.0,3265.0,458.0,88496306.0,4532417.0,99572435.0,9197570.0,29570070.0,56859273.0,42713162.0,503764919.0,0.0,0.0,1244949.0,471713494.0,546478081.0,33028133.0,20176348.0,11000.0,30705116.0,2019450.0,1381497.0,0.0,652036.0,145052.0,0.0,88118632.0,8735513.0,15102207.0,1290639.0,0.0,2125747.0,9401338.0,11557252.0,2885484.0,1965933.0,0.0,13448286.0,,218836.0,0.0,66731235.0,501283564.0,503764919.0,31724036.0,0.0,1442279.0,29570070.0,1362202.0,2804481.0,80236785.0,20059196.0,2804481.0,14546878.0,47745360.0,52152655.0,40657874.0,2765473.0,47620238.0,4532417.0,679644788.0,178361224.0,501283564.0,46773149.0,1167398592.0,36096526.0,fort-st-john-c,Fort St. John,fort-st-john-c|2021,Fort St. John|2021,"20,000 to 99,999",1244949.0,32735566.0,2178585.0,51920747.0,21387397.0,0.24271140523379892,3976.472563176895,3011.337319494585,1927.4892599277978,56.180009025270756,1334.389440433213,1.5564093828635481,0.04006613449813035,0.9690795189857484,0.7251974605562457,0.9130932643793495,,,,,,,,,,,,,,,,,,,,,,
Fort St. John,C,PEA,2022,1029.0,3265.0,454.0,72698162.0,5079495.0,86420467.0,12911422.0,34097151.0,67780533.0,18639934.0,540173343.0,0.0,0.0,1453276.0,501221790.0,558813277.0,35256884.0,19589803.0,12750.0,30096764.0,1241888.0,2409341.0,0.0,0.0,36980.0,0.0,88644410.0,9537144.0,17132339.0,1551969.0,0.0,2113942.0,10833095.0,9986202.0,3272195.0,2249083.0,0.0,14170223.0,,508742.0,0.0,71354934.0,537604599.0,540173343.0,29570070.0,6765724.0,1442279.0,34097151.0,1665698.0,3107977.0,83611610.0,20902903.0,3107977.0,15574480.0,50427611.0,55603391.0,43377621.0,3021460.0,50523896.0,5079495.0,730471580.0,192866981.0,537604599.0,54237440.0,1189879103.0,36096526.0,fort-st-john-c,Fort St. John,fort-st-john-c|2022,Fort St. John|2022,"Under 5,000",1453276.0,31351402.0,2446321.0,55519013.0,17289476.0,0.195043048963832,86146.17103984451,69343.95918367348,18114.61030126336,1412.3187560738581,33136.201166180756,1.0725522326594865,0.04558231156699287,0.9696637028846115,0.7450869384027664,0.9086477477605638,,,,,,,,,,,,,,,,,,,,,,
Fort St. John,C,PEA,2023,23005.0,3265.0,451.0,78413682.0,4250491.0,92624797.0,14384714.0,31488116.0,63343295.0,29281502.0,554532485.0,0.0,0.0,1609158.0,518232072.0,583813987.0,38144074.0,21589520.0,12750.0,38445650.0,1353404.0,4445358.0,0.0,0.0,205697.0,0.0,104196453.0,10730077.0,18040967.0,1333370.0,0.0,2137355.0,10704664.0,10420140.0,3597132.0,2520955.0,201332.0,15675764.0,55500.0,1557120.0,0.0,76974376.0,552062520.0,554532485.0,34097151.0,0.0,1777564.0,31488116.0,1922137.0,3699701.0,90853249.0,22713312.0,3699701.0,16795339.0,54292232.0,61017411.0,48037329.0,4984647.0,56766920.0,4250491.0,753233049.0,201170529.0,552062520.0,34124597.0,1149844274.0,36508673.0,fort-st-john-c,Fort St. John,fort-st-john-c|2023,Fort St. John|2023,"20,000 to 99,999",1609158.0,39811804.0,4651055.0,59376475.0,27222077.0,0.2612572330077301,4529.2959356661595,3345.9846120408606,1272.8320799826124,69.9481851771354,1368.7509671810476,1.2379160572559416,0.029677581366118106,0.9682490283027665,0.7394491389014513,0.9303397025481792,,,,,,,,,,,,,,,,,,,,,,
Fort St. John,C,PEA,2024,23005.0,3265.0,442.0,93390186.0,5179117.0,106287634.0,11152432.0,35307926.0,65422979.0,40864655.0,567914757.0,0.0,0.0,3568424.0,517647688.0,608779412.0,39590538.0,26011680.0,1204408.0,30767437.0,768234.0,5197982.0,0.0,0.0,1945158.0,0.0,105485437.0,12210568.0,18394529.0,1381717.0,0.0,2564164.0,11513193.0,10721146.0,4331482.0,2410375.0,168546.0,16175030.0,83160.0,566102.0,0.0,80520012.0,565318393.0,567914757.0,31488116.0,6529244.0,1795054.0,35307926.0,2059524.0,3854578.0,97937471.0,24484368.0,3854578.0,19972159.0,56317069.0,62157043.0,49356616.0,3755641.0,56977926.0,5179117.0,781651289.0,216332896.0,565318393.0,29997506.0,1757014382.0,25779344.0,fort-st-john-c,Fort St. John,fort-st-john-c|2024,Fort St. John|2024,"20,000 to 99,999",3568424.0,32740079.0,7143140.0,62285458.0,24965425.0,0.23667176920355365,4585.326537709194,3500.1091936535536,1776.3379700065202,155.1151488806781,1534.793566615953,1.427482933786919,0.01707299969044875,0.9853277558430367,0.8157106199351357,0.9166769081984805,2823.8160359162957,3546.5079302077975,2313.177731087988,2783.665107049771,1634.933826557682,2437.8724475115623,1015.8871081440785,1604.3462673977224,757.3716446138835,518.5374381567245,1.4428133381403412,1.7099330852451193,0.021350493990494074,0.02529861000232605,0.9847118933607182,0.9815511712696461,0.8457939120832807,0.8619101997275483,0.9744645665293163,0.9623635142836453,0.16542076645989975,0.19976549769108282
Fraser Lake,V,BUL,2019,973.0,371.0,18.0,11261096.0,47159.0,12124724.0,801768.0,0.0,940733.0,11183991.0,8964640.0,0.0,7804.0,6607883.0,8861986.0,20148631.0,1878632.0,759194.0,2400.0,3680451.0,203403.0,167158.0,746243.0,0.0,0.0,0.0,7437481.0,889767.0,214228.0,55900.0,3801.0,128744.0,209863.0,456950.0,207211.0,118746.0,695147.0,424848.0,,0.0,0.0,3405205.0,8861968.0,8964640.0,32114.0,0.0,16220.0,0.0,7000.0,23220.0,2881065.0,720266.0,23220.0,697046.0,2701740.0,2751299.0,2440006.0,33667.0,2704140.0,47159.0,18309950.0,9447982.0,8861968.0,768387.0,1873044.0,0.0,fraser-lake-v,Fraser Lake,fraser-lake-v|2019,Fraser Lake|2019,"Under 5,000",6615687.0,3886254.0,913401.0,2973357.0,4032276.0,0.5421561413064451,7643.865364850976,3499.6968139773894,11494.338129496404,6799.267214799589,0.0,11.970554875825552,0.41023435648068063,1.0,0.9677619101831824,0.9828593693379019,,,,,,,,,,,,,,,,,,,,,,
Fraser Lake,V,BUL,2020,963.0,371.0,18.0,15237759.0,68355.0,18549062.0,1556111.0,0.0,2541833.0,16007229.0,10863267.0,0.0,7865.0,10346043.0,10761389.0,26870496.0,1879079.0,1088791.0,3200.0,1995126.0,822480.0,106096.0,12000246.0,0.0,0.0,0.0,17895018.0,891856.0,201170.0,60305.0,4954.0,105097.0,249340.0,386719.0,229839.0,121584.0,8506839.0,415449.0,,0.0,0.0,11173152.0,10761389.0,10863267.0,0.0,0.0,0.0,0.0,0.0,0.0,3039158.0,759790.0,0.0,759790.0,2621392.0,2674516.0,2338121.0,39967.0,2606161.0,68355.0,20624820.0,9863431.0,10761389.0,2314870.0,1873044.0,0.0,fraser-lake-v,Fraser Lake,fraser-lake-v|2020,Fraser Lake|2020,"Under 5,000",10353908.0,2820806.0,12106342.0,10757703.0,6721866.0,0.37562778645989625,18582.57320872274,11602.442367601247,16622.252336448597,10751.721703011423,0.0,5.994791553969124,1.2358866102451411,1.0,1.0,0.9744421046649188,,,,,,,,,,,,,,,,,,,,,,
Fraser Lake,V,BUL,2021,959.0,371.0,18.0,26524868.0,53897.0,29467302.0,1491292.0,0.0,4508106.0,24959196.0,12477597.0,215000.0,117908.0,20311489.0,12227714.0,37436793.0,1924134.0,1102063.0,5000.0,1876860.0,198095.0,99024.0,24333535.0,0.0,0.0,0.0,29538711.0,2287288.0,188798.0,67678.0,13498.0,143743.0,242747.0,420989.0,203852.0,92768.0,14864603.0,446450.0,,0.0,0.0,18972414.0,12227714.0,12477597.0,0.0,0.0,0.0,0.0,22.0,22.0,3063775.0,765944.0,22.0,765922.0,2703287.0,2777243.0,2468179.0,26577.0,2723346.0,53897.0,22537594.0,10309880.0,12227714.0,1912775.0,1873044.0,0.0,fraser-lake-v,Fraser Lake,fraser-lake-v|2021,Fraser Lake|2021,"Under 5,000",20644397.0,2079955.0,24432559.0,18525942.0,10566297.0,0.35771015871342526,30801.5755995829,19783.539103232535,26026.273201251304,21527.00417101147,0.0,5.883816396508866,1.0212119950198715,1.0,0.9999712772735344,0.9805933438305543,,,,,,,,,,,,,,,,,,,,,,
Fraser Lake,V,BUL,2022,2066.0,371.0,18.0,30892968.0,64061.0,31378562.0,333212.0,0.0,2906944.0,28471618.0,13971531.0,247877.0,140570.0,24202228.0,13945890.0,42443149.0,2057672.0,867004.0,451064.0,616652.0,311901.0,693260.0,0.0,52800.0,7856067.0,0.0,12906420.0,1229423.0,250830.0,57332.0,0.0,148584.0,306332.0,416127.0,195178.0,148637.0,4626137.0,521484.0,,0.0,0.0,7900064.0,13945890.0,13971531.0,0.0,0.0,0.0,0.0,0.0,0.0,3662915.0,915729.0,0.0,915729.0,2865914.0,2927331.0,2578434.0,47192.0,2863270.0,64061.0,24777255.0,10831365.0,13945890.0,2067481.0,2469739.0,0.0,fraser-lake-v,Fraser Lake,fraser-lake-v|2022,Fraser Lake|2022,"Under 5,000",24590675.0,1379617.0,8602127.0,7378580.0,5006356.0,0.38789656620503593,6247.057115198451,3823.8451113262345,13781.034849951597,11902.553242981607,0.0,10.62730069791506,0.8371252994749647,1.0,1.0,0.978116243089695,,,,,,,,,,,,,,,,,,,,,,
Fraser Lake,V,BUL,2023,1033.0,371.0,18.0,30129371.0,48186.0,31253706.0,606091.0,0.0,3967101.0,27286605.0,19569844.0,579989.0,210619.0,23209355.0,18469344.0,46856449.0,2241964.0,1099963.0,15572.0,2030983.0,1307054.0,1571293.0,0.0,2480.0,82156.0,0.0,8351465.0,1152077.0,215181.0,54200.0,0.0,85418.0,281700.0,468571.0,191032.0,192445.0,19676.0,674239.0,0.0,0.0,0.0,3334539.0,19401550.0,19569844.0,0.0,0.0,0.0,0.0,0.0,0.0,4905171.0,1226293.0,0.0,1226293.0,3118923.0,3190019.0,2836402.0,65166.0,3141833.0,48186.0,31502805.0,12101255.0,19401550.0,5962243.0,6239856.0,0.0,fraser-lake-v,Fraser Lake,fraser-lake-v|2023,Fraser Lake|2023,"Under 5,000",23999963.0,3353609.0,1655929.0,2660300.0,5016926.0,0.6007240645802863,8084.670861568248,3228.0145208131657,26414.91287512101,23233.265246853825,0.0,7.5948081483178775,0.9555097104804983,1.0,1.0,0.9848947608149042,,,,,,,,,,,,,,,,,,,,,,
Fraser Lake,V,BUL,2024,1033.0,371.0,18.0,30259548.0,108967.0,30927940.0,554037.0,0.0,4038454.0,26889486.0,23168116.0,685674.0,221078.0,22401112.0,22186453.0,50057602.0,2452833.0,738552.0,121660.0,1879600.0,323290.0,1506557.0,0.0,5160.0,0.0,203292.0,7230944.0,1263207.0,375739.0,73905.0,0.0,124674.0,273937.0,495245.0,186345.0,161745.0,305670.0,769324.0,0.0,0.0,0.0,4029791.0,23120389.0,23168116.0,0.0,0.0,0.0,0.0,0.0,0.0,4885691.0,1221423.0,0.0,1221423.0,3291416.0,3350772.0,2974283.0,32865.0,3241805.0,108967.0,35812918.0,12692529.0,23120389.0,4488163.0,35812918.0,43205944.0,fraser-lake-v,Fraser Lake,fraser-lake-v|2024,Fraser Lake|2024,"Under 5,000",23307864.0,2324550.0,1715009.0,3260467.0,3201153.0,0.44270194873587737,6999.945788964182,3901.05614714424,26030.480154888675,22563.275895450144,0.0,7.492854443804486,0.12532246045965872,-0.2064346166933395,1.0,0.9674800314673753,4648.097865362712,3546.5079302077975,3428.422456291105,2783.665107049771,5030.364110900993,2437.8724475115623,2420.45,1604.3462673977224,224.31236112962716,518.5374381567245,2.204313821553219,1.7099330852451193,0.030042455998363887,0.02529861000232605,0.9786113537119745,0.9815511712696461,0.9039920521842442,0.8619101997275483,0.9333160528846489,0.9623635142836453,0.20869205825466772,0.19976549769108282
Fruitvale,V,KOO,2019,2035.0,271.0,15.0,2138605.0,132208.0,2553270.0,347495.0,2393327.0,3793570.0,-1240300.0,13147871.0,0.0,0.0,0.0,10362937.0,11907571.0,1053730.0,665432.0,0.0,1165172.0,169121.0,7285.0,0.0,0.0,0.0,19996.0,3080736.0,1121013.0,67483.0,45813.0,25951.0,92696.0,202319.0,128467.0,0.0,271558.0,0.0,599113.0,,0.0,0.0,2554413.0,12770707.0,13147871.0,2447452.0,14688.0,52794.0,2407770.0,70000.0,122794.0,2234115.0,558529.0,122794.0,435735.0,2873779.0,3071471.0,2220771.0,153706.0,2939263.0,132208.0,21569358.0,8798651.0,12770707.0,916889.0,39720371.0,1198953.0,fruitvale-v,Fruitvale,fruitvale-v|2019,Fruitvale|2019,"Under 5,000",0,1334293.0,27281.0,1885300.0,526323.0,0.17084326602474215,1513.8751842751842,1255.2398034398034,-609.4840294840295,0.0,1183.1793611793612,0.5637447048558482,0.02308359607215149,0.969815161092025,0.7801474945795115,0.9569561294897461,,,,,,,,,,,,,,,,,,,,,,
Fruitvale,V,KOO,2020,2026.0,271.0,15.0,3757681.0,179099.0,4105664.0,306698.0,2337579.0,4104438.0,1226.0,13018804.0,0.0,0.0,0.0,10243051.0,13020030.0,1111168.0,799965.0,3981.0,1287238.0,298988.0,6381.0,0.0,0.0,0.0,27758.0,3535479.0,673003.0,28125.0,55090.0,18544.0,113488.0,484361.0,119647.0,0.0,285464.0,0.0,641725.0,,3573.0,0.0,2423020.0,12592136.0,13018804.0,2407770.0,0.0,55485.0,2349085.0,80500.0,135985.0,2437496.0,609374.0,135985.0,473389.0,2996353.0,3149538.0,2288569.0,103760.0,2970439.0,179099.0,21961993.0,9369857.0,12592136.0,473771.0,40325793.0,1108081.0,fruitvale-v,Fruitvale,fruitvale-v|2020,Fruitvale|2020,"Under 5,000",0,1590207.0,34139.0,1700795.0,1112459.0,0.31465580760061085,1745.0538005923001,1195.9624876604146,0.6051332675222113,0.0,1159.469397828233,0.9155165701126439,0.011748584832541297,0.9725217802908427,0.7768447620016607,0.9431348343788835,,,,,,,,,,,,,,,,,,,,,,
Fruitvale,V,KOO,2021,2033.0,271.0,15.0,4395851.0,162703.0,4805276.0,840305.0,2280158.0,4630942.0,174334.0,13608187.0,0.0,0.0,0.0,11372717.0,13782521.0,1178188.0,948603.0,272541.0,573718.0,241839.0,5058.0,0.0,0.0,0.0,0.0,3219947.0,1054587.0,18448.0,59340.0,16587.0,169437.0,222958.0,113864.0,0.0,212369.0,0.0,549385.0,,40481.0,0.0,2457456.0,13558364.0,13608187.0,2349085.0,0.0,55485.0,2288726.0,70000.0,125485.0,2609287.0,652322.0,125485.0,526837.0,3055217.0,3259532.0,2951394.0,145435.0,3096829.0,162703.0,23100985.0,9542621.0,13558364.0,1198533.0,43909285.0,1246637.0,fruitvale-v,Fruitvale,fruitvale-v|2021,Fruitvale|2021,"Under 5,000",0,1088098.0,5058.0,1838071.0,762491.0,0.2368023448833164,1583.8401377274963,1208.7830791933104,85.75209050664043,0.0,1125.787506148549,0.9492347345313329,0.02729566195395803,0.9716088066567242,0.8076333467214044,0.9500839384304249,,,,,,,,,,,,,,,,,,,,,,
Fruitvale,V,KOO,2022,4917.0,271.0,15.0,5568454.0,115578.0,6131393.0,548750.0,2221015.0,5334601.0,796792.0,13341689.0,0.0,0.0,0.0,11051032.0,14138481.0,1365275.0,760940.0,51660.0,740211.0,206781.0,2486.0,0.0,0.0,0.0,0.0,3127353.0,814078.0,21633.0,52518.0,24357.0,135800.0,549849.0,146095.0,0.0,392615.0,0.0,564969.0,,0.0,0.0,2701914.0,13277677.0,13341689.0,2288726.0,0.0,55486.0,2226645.0,70000.0,125486.0,2722106.0,680527.0,125486.0,555041.0,3332235.0,3513108.0,2667048.0,137968.0,3397530.0,115578.0,23385267.0,10107590.0,13277677.0,286634.0,45349593.0,1246637.0,fruitvale-v,Fruitvale,fruitvale-v|2022,Fruitvale|2022,"Under 5,000",0,998652.0,2486.0,2066945.0,425439.0,0.1360380487907825,636.0286760219647,549.5045759609518,162.04840349806793,0.0,452.84624771201953,1.0438370179887868,0.006320541840364477,0.9725105140414381,0.8156046710857908,0.967100926017646,,,,,,,,,,,,,,,,,,,,,,
Fruitvale,V,KOO,2023,2112.0,271.0,15.0,6221021.0,172264.0,7199334.0,1315406.0,2160097.0,5817189.0,1382145.0,17064253.0,0.0,143.0,3825990.0,13741108.0,18446398.0,1456217.0,925739.0,2887.0,4836350.0,366523.0,213390.0,0.0,0.0,0.0,0.0,7801106.0,968911.0,17445.0,71062.0,28516.0,169584.0,700104.0,208177.0,0.0,356421.0,0.0,915920.0,55855.0,1194.0,0.0,3493189.0,16991943.0,17064253.0,2226645.0,0.0,55486.0,2162790.0,70248.0,125734.0,3051977.0,762994.0,125734.0,637260.0,3556932.0,3695738.0,2823197.0,107763.0,3523474.0,172264.0,27897474.0,10905531.0,16991943.0,3496112.0,50366980.0,1246637.0,fruitvale-v,Fruitvale,fruitvale-v|2023,Fruitvale|2023,"Under 5,000",3826133.0,5205760.0,213390.0,2507021.0,4307917.0,0.5522187494952638,3693.7054924242425,1653.9720643939395,654.4247159090909,1811.6160037878788,1024.0482954545455,1.0694204709525512,0.06941277797477634,0.9752489230047146,0.835209713313604,0.9533884707195153,,,,,,,,,,,,,,,,,,,,,,
Fruitvale,V,KOO,2024,2112.0,271.0,15.0,5534088.0,198634.0,6705215.0,445086.0,2097352.0,5360550.0,1344665.0,17999137.0,0.0,143.0,3854927.0,14541951.0,19343802.0,1566569.0,851236.0,3624.0,1235346.0,494541.0,206721.0,0.0,0.0,0.0,0.0,4358037.0,1142358.0,20789.0,26755.0,27985.0,249916.0,609744.0,219380.0,0.0,356646.0,0.0,720216.0,57933.0,28912.0,0.0,3460634.0,17900705.0,17999137.0,2162790.0,0.0,55486.0,2097352.0,71615.0,127101.0,3126474.0,781619.0,127101.0,654518.0,3829845.0,4032081.0,3089374.0,146904.0,3833447.0,198634.0,29200825.0,11300120.0,17900705.0,1657889.0,49594716.0,1246637.0,fruitvale-v,Fruitvale,fruitvale-v|2024,Fruitvale|2024,"Under 5,000",3855070.0,1733511.0,206721.0,2668803.0,897403.0,0.20591908696507166,2063.4644886363635,1638.5577651515152,636.6785037878788,1825.3172348484848,993.064393939394,1.032373170663458,0.033428742691056036,0.9748635116692673,0.8373875251241334,0.9507366047457876,4648.097865362712,3546.5079302077975,3428.422456291105,2783.665107049771,5030.364110900993,2437.8724475115623,2420.45,1604.3462673977224,224.31236112962716,518.5374381567245,2.204313821553219,1.7099330852451193,0.030042455998363887,0.02529861000232605,0.9786113537119745,0.9815511712696461,0.9039920521842442,0.8619101997275483,0.9333160528846489,0.9623635142836453,0.20869205825466772,0.19976549769108282
Gibsons,T,SUN,2019,4942.0,438.0,70.0,5457500.0,460306.0,8261608.0,1941898.0,6979854.0,10587502.0,-2325894.0,56755183.0,0.0,0.0,1797690.0,49750111.0,54429289.0,4963167.0,2648915.0,638000.0,1936457.0,0.0,282582.0,0.0,454560.0,0.0,1228614.0,12152295.0,2199910.0,244937.0,592825.0,0.0,433748.0,1057407.0,913257.0,1128948.0,1065002.0,275780.0,1545014.0,,650.0,0.0,9457478.0,56729965.0,56755183.0,7591007.0,0.0,459834.0,6979854.0,391384.0,851218.0,9472898.0,2368225.0,851218.0,1138894.0,10855059.0,11348608.0,9230839.0,243239.0,10888302.0,460306.0,81566786.0,24836821.0,56729965.0,3862675.0,13873509.0,0.0,gibsons-t,Gibsons,gibsons-t|2019,Gibsons|2019,"Under 5,000",1797690.0,2574457.0,1965756.0,7521080.0,2694817.0,0.22175375104044134,2458.983205180089,1913.694455685957,-470.6382031566168,363.7575880210441,1412.3541076487252,0.5154662544573781,0.2784209099514766,1.0,0.4809061638991228,0.9594394308094878,,,,,,,,,,,,,,,,,,,,,,
Gibsons,T,SUN,2020,4816.0,438.0,70.0,11923838.0,421500.0,13668511.0,4442931.0,9602508.0,15791907.0,-2123396.0,59712422.0,0.0,0.0,1914731.0,50076219.0,57589026.0,5132971.0,2938397.0,0.0,2619118.0,0.0,218112.0,0.0,524621.0,0.0,1010412.0,12443631.0,2186229.0,250279.0,664784.0,0.0,598886.0,925745.0,760748.0,1028681.0,1063331.0,235547.0,1559736.0,,9928.0,0.0,9283894.0,59678727.0,59712422.0,6979854.0,3311510.0,564647.0,9602508.0,358602.0,923249.0,9678671.0,2419668.0,923249.0,1075686.0,10777505.0,11319614.0,9135097.0,316595.0,10898114.0,421500.0,85953536.0,26274809.0,59678727.0,4518426.0,15319236.0,0.0,gibsons-t,Gibsons,gibsons-t|2020,Gibsons|2020,"Under 5,000",1914731.0,2619118.0,1753145.0,7365556.0,3159737.0,0.253924035516643,2583.81042358804,1927.718853820598,-440.9044850498339,397.57703488372096,1993.876245847176,0.7550600443632298,0.294951132027733,1.0,0.44455933623951716,0.9627637479511227,,,,,,,,,,,,,,,,,,,,,,
Gibsons,T,SUN,2021,4968.0,438.0,70.0,16847915.0,293505.0,18479353.0,5810866.0,10031442.0,19278660.0,-799307.0,61346004.0,0.0,0.0,2358235.0,51264009.0,60546697.0,5435690.0,3045130.0,0.0,1166272.0,0.0,221457.0,0.0,1656063.0,0.0,1114858.0,12639470.0,2330595.0,220599.0,659990.0,0.0,543294.0,1135457.0,741761.0,913948.0,1105327.0,259433.0,1762094.0,,9301.0,0.0,9681799.0,61295451.0,61346004.0,9602508.0,960000.0,398650.0,10031442.0,356970.0,755620.0,10190283.0,2547571.0,755620.0,1689459.0,12009655.0,12546178.0,10409936.0,381738.0,12252673.0,293505.0,89206730.0,27911279.0,61295451.0,3388119.0,12416453.0,0.0,gibsons-t,Gibsons,gibsons-t|2021,Gibsons|2021,"Under 5,000",2358235.0,1166272.0,2992378.0,7562735.0,2957671.0,0.23400277068579617,2544.176731078905,1948.8323268921094,-160.89110305958133,474.6849838969404,2019.211352657005,0.8739152513712053,0.27287333991438617,1.0,0.6631646380022382,0.9766060229657191,,,,,,,,,,,,,,,,,,,,,,
Gibsons,T,SUN,2022,1269.0,438.0,93.0,17306023.0,298356.0,19108386.0,2646314.0,9485914.0,19212824.0,-104438.0,61571777.0,0.0,0.0,2149783.0,52022423.0,61467339.0,5621462.0,3093874.0,38464.0,998995.0,287345.0,528079.0,0.0,470166.0,0.0,1269776.0,12308161.0,2633646.0,227670.0,603836.0,0.0,962097.0,1536232.0,826376.0,1057454.0,1445764.0,252566.0,1827144.0,,14734.0,0.0,11387519.0,61508337.0,61571777.0,10031442.0,43000.0,441464.0,9485914.0,417579.0,859043.0,11002127.0,2750532.0,859043.0,1788922.0,12565072.0,12941319.0,10925021.0,243277.0,12642963.0,298356.0,91073642.0,29565305.0,61508337.0,2054764.0,13537433.0,0.0,gibsons-t,Gibsons,gibsons-t|2022,Gibsons|2022,"Under 5,000",2149783.0,1324804.0,2268021.0,9142796.0,920642.0,0.07479931404862189,9699.1024428684,8973.616233254532,-82.29944838455476,1694.076438140268,7475.109535066982,0.9007537361503962,0.1517838721713341,1.0,0.6503912697616315,0.976945472096005,,,,,,,,,,,,,,,,,,,,,,
Gibsons,T,SUN,2023,5098.0,438.0,93.0,16037615.0,262253.0,18864517.0,2483259.0,8972234.0,16904471.0,1960046.0,63995503.0,0.0,0.0,2535923.0,54490471.0,65955549.0,6004987.0,4485610.0,57664.0,4232797.0,961660.0,867240.0,0.0,486646.0,0.0,0.0,17096604.0,3047429.0,460394.0,661316.0,0.0,723073.0,1429549.0,929599.0,1370230.0,1422593.0,259252.0,1852709.0,18400.0,9401.0,0.0,12183945.0,63912382.0,63995503.0,9485914.0,0.0,380073.0,8972234.0,501218.0,881291.0,11723230.0,2930808.0,881291.0,1719045.0,13791837.0,14319633.0,12169239.0,381318.0,14057380.0,262253.0,95086726.0,31174344.0,63912382.0,4259327.0,14976439.0,0.0,gibsons-t,Gibsons,gibsons-t|2023,Gibsons|2023,"5,000 to 19,999",2535923.0,5252121.0,1353886.0,9830018.0,4912659.0,0.28734706611909594,3353.590427618674,2389.9460572773637,384.4735190270694,497.4348764221263,1759.9517457826598,0.9487203119222127,0.2844018528035937,1.0,0.5865430284071833,0.9816857736507633,,,,,,,,,,,,,,,,,,,,,,
Gibsons,T,SUN,2024,5098.0,438.0,0.0,17078416.0,430984.0,19524867.0,2268487.0,9269590.0,17699005.0,1825862.0,66910764.0,0.0,0.0,4249551.0,57527755.0,68736626.0,6479655.0,4870549.0,1048324.0,2703783.0,0.0,787967.0,0.0,1162301.0,0.0,0.0,17052579.0,4477529.0,480294.0,675328.0,0.0,928215.0,1878299.0,929493.0,1239510.0,1309326.0,265187.0,1940321.0,8316.0,0.0,0.0,14131818.0,66797345.0,66910764.0,8972234.0,879000.0,431792.0,9269590.0,488696.0,920488.0,12543319.0,3135830.0,920488.0,1891026.0,14859589.0,15219859.0,13041070.0,205459.0,14788875.0,430984.0,99912006.0,33114661.0,66797345.0,4825284.0,243270508.0,6051451.0,gibsons-t,Gibsons,gibsons-t|2024,Gibsons|2024,"5,000 to 19,999",4249551.0,3752107.0,1950268.0,11702801.0,2920761.0,0.17127972255692234,3344.9546881129854,2772.031777167517,358.15260886622207,833.5721851706552,1818.2797175362887,0.9649365034927104,0.019835055386162963,0.9751246008003568,0.6030384300169334,0.9716827862859965,2866.2208483821423,3546.5079302077975,2297.657175284081,2783.665107049771,1859.732534766857,2437.8724475115623,918.4907099893891,1604.3462673977224,814.8464198087386,518.5374381567245,1.5120151567026447,1.7099330852451193,0.024769834473671436,0.02529861000232605,0.9804574834797263,0.9815511712696461,0.8566659461626738,0.8619101997275483,0.9770312225566793,0.9623635142836453,0.17479552285244132,0.19976549769108282
Gold River,V,STR,2019,1299.0,1051.0,11.0,10895580.0,23889.0,11163501.0,284590.0,0.0,1870224.0,9293277.0,14319909.0,762775.0,612849.0,2573306.0,14305996.0,23613186.0,962278.0,1280569.0,6085.0,563747.0,0.0,248260.0,0.0,0.0,0.0,0.0,3060939.0,671466.0,158264.0,295511.0,0.0,131618.0,285125.0,1009192.0,250424.0,313003.0,20027.0,482768.0,,0.0,0.0,3617398.0,14305996.0,14319909.0,0.0,0.0,0.0,0.0,0.0,0.0,2949491.0,737373.0,0.0,737373.0,1660907.0,1711029.0,1271437.0,35586.0,1687140.0,23889.0,26269144.0,11963148.0,14305996.0,120664.0,2264253.0,0.0,gold-river-v,Gold River,gold-river-v|2019,Gold River|2019,"Under 5,000",3948930.0,569832.0,248260.0,3134630.0,-556459.0,-0.18179356073414074,2356.3810623556583,2784.7559661277905,7154.177829099307,3039.9769053117784,0.0,5.82581551728563,0.05329086458094568,1.0,1.0,0.9860382261200716,,,,,,,,,,,,,,,,,,,,,,
Gold River,V,STR,2020,1272.0,1051.0,11.0,11630257.0,15555.0,12064990.0,503883.0,0.0,2135927.0,9929063.0,14344297.0,777901.0,464093.0,2696252.0,14328737.0,24273360.0,1021177.0,1464781.0,36748.0,1427390.0,0.0,189268.0,0.0,0.0,0.0,2409.0,4141773.0,876252.0,128098.0,298737.0,0.0,59662.0,290239.0,773445.0,251725.0,296195.0,24090.0,479156.0,,4000.0,0.0,3481599.0,14328737.0,14344297.0,0.0,0.0,0.0,0.0,0.0,0.0,3150279.0,787570.0,0.0,787570.0,1714817.0,1761408.0,1293877.0,39679.0,1745853.0,15555.0,26681755.0,12353018.0,14328737.0,505897.0,2759202.0,0.0,gold-river-v,Gold River,gold-river-v|2020,Gold River|2020,"Under 5,000",3938246.0,1464138.0,191677.0,3002443.0,660174.0,0.15939405660329525,3256.110849056604,2737.1061320754716,7805.86713836478,3096.10534591195,0.0,5.445062963294157,0.1833490262764379,1.0,1.0,0.9911689966208851,,,,,,,,,,,,,,,,,,,,,,
Gold River,V,STR,2021,1257.0,1051.0,11.0,11170219.0,66316.0,11729740.0,319018.0,0.0,2048230.0,9681510.0,14320837.0,787226.0,222612.0,2549916.0,14308563.0,24002347.0,1098709.0,1371207.0,0.0,605710.0,86852.0,116011.0,0.0,0.0,0.0,5071.0,3283560.0,736348.0,117889.0,327701.0,0.0,89916.0,330687.0,943661.0,231130.0,264082.0,27293.0,485866.0,,0.0,0.0,3554573.0,14308563.0,14320837.0,0.0,0.0,0.0,0.0,0.0,0.0,3059047.0,764762.0,0.0,764762.0,1832060.0,1881779.0,1387358.0,19465.0,1815463.0,66316.0,27147447.0,12838884.0,14308563.0,465692.0,2284468.0,0.0,gold-river-v,Gold River,gold-river-v|2021,Gold River|2021,"Under 5,000",3559754.0,692562.0,121082.0,3068707.0,-271013.0,-0.08253633251714602,2612.219570405728,2827.8225934765314,7702.076372315036,2831.9443118536196,0.0,5.4535960316956595,0.20385139997583682,1.0,1.0,0.9647588797621824,,,,,,,,,,,,,,,,,,,,,,
Gold River,V,STR,2022,4277.0,1051.0,11.0,11678967.0,71401.0,12122117.0,407074.0,0.0,2086370.0,10035747.0,14220720.0,805509.0,227782.0,2445383.0,14202795.0,24256467.0,1163641.0,1837040.0,0.0,756301.0,254564.0,194245.0,0.0,0.0,0.0,11238.0,4217029.0,634769.0,136041.0,368937.0,0.0,227519.0,318712.0,975635.0,368981.0,327098.0,99494.0,505723.0,,0.0,0.0,3962909.0,14202795.0,14220720.0,0.0,0.0,0.0,0.0,0.0,0.0,3779164.0,944791.0,0.0,944791.0,1944876.0,2046783.0,1516830.0,43094.0,1975382.0,71401.0,27329621.0,13126826.0,14202795.0,399955.0,2302691.0,0.0,gold-river-v,Gold River,gold-river-v|2022,Gold River|2022,"Under 5,000",3478674.0,1010865.0,205483.0,3457186.0,254120.0,0.0602604345381547,985.9782557867665,926.562777647884,2346.4454056581717,813.3444002805705,0.0,5.597744887052632,0.17369026065590215,1.0,1.0,0.9651155007638816,,,,,,,,,,,,,,,,,,,,,,
Gold River,V,STR,2023,1296.0,1051.0,11.0,12975291.0,90354.0,13400303.0,565037.0,0.0,2987293.0,10413010.0,13976051.0,849557.0,240238.0,2868577.0,13471793.0,24389061.0,1248621.0,1547043.0,0.0,1538904.0,25090.0,553828.0,0.0,0.0,0.0,57787.0,4971273.0,791140.0,121649.0,353842.0,0.0,185351.0,301546.0,922421.0,265072.0,418144.0,592614.0,531888.0,0.0,27078.0,0.0,4510745.0,13947793.0,13976051.0,0.0,0.0,0.0,0.0,0.0,0.0,3835279.0,958820.0,0.0,958820.0,2093892.0,2275092.0,1649775.0,117846.0,2184738.0,90354.0,27910231.0,13962438.0,13947793.0,155899.0,2072062.0,0.0,gold-river-v,Gold River,gold-river-v|2023,Gold River|2023,"Under 5,000",3958372.0,1563994.0,611615.0,3978857.0,460528.0,0.09263784145429149,3835.858796296296,3480.5131172839506,8034.729938271605,3054.2993827160494,0.0,4.343494595274049,0.07523857876839593,1.0,1.0,0.9602855620783687,,,,,,,,,,,,,,,,,,,,,,
Gold River,V,STR,2024,1296.0,1051.0,11.0,14130623.0,110968.0,14630189.0,567037.0,0.0,3429383.0,11200806.0,13741000.0,901433.0,254907.0,2884897.0,13253576.0,24941806.0,1402833.0,1718217.0,0.0,942602.0,0.0,644184.0,0.0,0.0,0.0,77326.0,4785162.0,641156.0,229479.0,378568.0,0.0,292919.0,408877.0,1054437.0,294307.0,368990.0,22072.0,535454.0,0.0,6158.0,0.0,4232417.0,13672648.0,13741000.0,0.0,0.0,0.0,0.0,0.0,0.0,4302460.0,1075615.0,0.0,1075615.0,2249208.0,2469650.0,1775807.0,155456.0,2358682.0,110968.0,28146983.0,14474335.0,13672648.0,255043.0,50340895.0,16305150.0,gold-river-v,Gold River,gold-river-v|2024,Gold River|2024,"Under 5,000",4041237.0,942602.0,721510.0,3696963.0,552745.0,0.1155122856864616,3692.2546296296296,3265.7538580246915,8642.597222222223,3118.238425925926,0.0,4.120456361975317,0.005066318348134255,0.676105281799221,1.0,0.9550673172311867,4648.097865362712,3546.5079302077975,3428.422456291105,2783.665107049771,5030.364110900993,2437.8724475115623,2420.45,1604.3462673977224,224.31236112962716,518.5374381567245,2.204313821553219,1.7099330852451193,0.030042455998363887,0.02529861000232605,0.9786113537119745,0.9815511712696461,0.9039920521842442,0.8619101997275483,0.9333160528846489,0.9623635142836453,0.20869205825466772,0.19976549769108282
Golden,T,COL,2019,4057.0,1067.0,60.0,12582082.0,381278.0,15711475.0,1706120.0,2735558.0,7638334.0,8073141.0,60662027.0,0.0,0.0,1130543.0,57716885.0,68735168.0,6125485.0,2578817.0,20720.0,1297720.0,2663991.0,284984.0,0.0,0.0,0.0,411549.0,13383266.0,2334077.0,814307.0,355705.0,69001.0,376072.0,1591698.0,1300628.0,483575.0,628334.0,142028.0,2736403.0,,-15522.0,0.0,10816306.0,60452442.0,60662027.0,2787814.0,373141.0,365263.0,2735558.0,133192.0,498455.0,9822428.0,2455607.0,498455.0,1957152.0,8781509.0,9396533.0,7684312.0,424195.0,9015255.0,381278.0,116978795.0,56526353.0,60452442.0,3844546.0,11368680.0,0.0,golden-t,Golden,golden-t|2019,Golden|2019,"Under 5,000",1130543.0,3982431.0,696533.0,7946711.0,2566960.0,0.19180370471602373,3298.808479171802,2666.084791718018,1989.9287650973627,278.6647769287651,674.2809958097116,1.6472285710470371,0.33816995464732935,1.0,0.7970135286305993,0.9594235448329719,,,,,,,,,,,,,,,,,,,,,,
Golden,T,COL,2020,4131.0,1067.0,60.0,17089355.0,307760.0,19384501.0,2703840.0,2689292.0,9098582.0,10285919.0,63535869.0,0.0,0.0,1130512.0,60682706.0,73821788.0,6098659.0,2526201.0,3200.0,2211912.0,3986468.0,189019.0,0.0,52772.0,0.0,398558.0,15466789.0,2462338.0,798238.0,243443.0,68407.0,421537.0,1451178.0,1018269.0,466898.0,598326.0,167274.0,2747224.0,,-62964.0,0.0,10380168.0,63371997.0,63535869.0,2735558.0,460000.0,438736.0,2689292.0,114687.0,553423.0,9630290.0,2407573.0,553423.0,1854150.0,8623313.0,9058698.0,7499735.0,325147.0,8750938.0,307760.0,122285307.0,58913310.0,63371997.0,5700515.0,16092397.0,0.0,golden-t,Golden,golden-t|2020,Golden|2020,"Under 5,000",1130512.0,6201580.0,640349.0,7518257.0,5086621.0,0.3288737565373136,3744.0786734446865,2512.7494553376905,2489.934398450738,273.6654563059792,651.0026627935125,1.8782437746892868,0.3542365379129038,1.0,0.7701324113536744,0.966026022724237,,,,,,,,,,,,,,,,,,,,,,
Golden,T,COL,2021,4185.0,1067.0,60.0,17390699.0,284651.0,19933948.0,1780186.0,1634484.0,8668932.0,11265016.0,66870403.0,0.0,0.0,794970.0,63815182.0,78135419.0,6402032.0,3096489.0,1616833.0,2307576.0,878699.0,135828.0,0.0,1482745.0,1060.0,217922.0,16139184.0,2330967.0,1012965.0,268196.0,69547.0,561634.0,1758879.0,1398497.0,577642.0,652325.0,335413.0,2859487.0,,0.0,0.0,11825552.0,66727525.0,66870403.0,2689292.0,886750.0,588476.0,2912344.0,104150.0,692626.0,10280677.0,2570169.0,692626.0,1446543.0,9549821.0,9948151.0,8394669.0,273664.0,9663500.0,284651.0,128238909.0,76134384.0,66727525.0,6244458.0,11208474.0,0.0,golden-t,Golden,golden-t|2021,Golden|2021,"Under 5,000",794970.0,4803108.0,1837555.0,8861915.0,4313632.0,0.2672769577445799,3856.4358422939067,2825.699402628435,2691.7600955794505,189.95698924731184,695.9005973715651,2.006094753079157,0.5571193723605907,1.0,0.5628201880887989,0.9713865420820412,,,,,,,,,,,,,,,,,,,,,,
Golden,T,COL,2022,4316.0,1067.0,60.0,18146208.0,326409.0,20767051.0,1712156.0,3426507.0,10353024.0,10414027.0,70389575.0,0.0,0.0,751370.0,65872863.0,80803602.0,6693573.0,3013568.0,221076.0,2846730.0,1074246.0,245904.0,0.0,883462.0,0.0,95189.0,15073748.0,2585655.0,857925.0,301085.0,72185.0,511086.0,2002484.0,1616674.0,485235.0,807640.0,54771.0,3032302.0,,78547.0,0.0,12405589.0,70191175.0,70389575.0,2912344.0,2000000.0,510830.0,4318293.0,132312.0,643142.0,10591013.0,2647753.0,643142.0,1557111.0,10219458.0,10587913.0,9049878.0,207747.0,10261504.0,326409.0,133687336.0,63496161.0,70191175.0,6596978.0,11420205.0,0.0,golden-t,Golden,golden-t|2022,Golden|2022,"Under 5,000",751370.0,4142052.0,1224555.0,9240975.0,2668159.0,0.17700700582230777,3492.52734012975,2874.3255329008343,2412.8885542168673,174.08943466172383,1000.5312789620018,1.7527447053150849,0.5776584570942466,1.0,0.5880877105983828,0.9691715449494155,,,,,,,,,,,,,,,,,,,,,,
Golden,T,COL,2023,4455.0,1067.0,60.0,19161785.0,354874.0,22274607.0,1893874.0,3209443.0,10445303.0,11829304.0,76606234.0,0.0,0.0,611528.0,72221899.0,88435538.0,7128629.0,3164421.0,245722.0,7636103.0,1705186.0,794278.0,0.0,484669.0,0.0,382906.0,21541914.0,2824813.0,1026088.0,398212.0,83293.0,605570.0,2241327.0,1622403.0,696639.0,721586.0,44760.0,3182625.0,18407.0,34850.0,0.0,13500573.0,76455157.0,76606234.0,4318291.0,0.0,449262.0,3781742.0,290543.0,739805.0,11876947.0,2969237.0,739805.0,1769932.0,11296399.0,11751116.0,10183428.0,250639.0,11396242.0,354874.0,142993392.0,66538235.0,76455157.0,9461354.0,14697013.0,0.0,golden-t,Golden,golden-t|2023,Golden|2023,"Under 5,000",611528.0,9587011.0,1661853.0,10027405.0,8041341.0,0.37328813957756957,4835.446464646465,3030.43164983165,2655.28709315376,137.26778900112234,848.8758698092031,1.8344881905292743,0.6437603341576958,1.0,0.5960898372208079,0.9698008257258289,,,,,,,,,,,,,,,,,,,,,,
Golden,T,COL,2024,4455.0,1067.0,60.0,21716466.0,434082.0,23762565.0,2152510.0,4398580.0,11422605.0,12339960.0,78430616.0,0.0,0.0,669195.0,73430468.0,90770576.0,8051481.0,3272081.0,248745.0,3079769.0,976988.0,692778.0,0.0,212425.0,0.0,279323.0,16813590.0,2751400.0,989085.0,318882.0,87188.0,683958.0,2572498.0,1999550.0,622644.0,973903.0,66533.0,3388120.0,19186.0,5605.0,0.0,14478552.0,78257872.0,78430616.0,3781744.0,3560500.0,2442283.0,4804378.0,344397.0,2786680.0,12750680.0,3187670.0,2786680.0,256551.0,12456080.0,12922417.0,11228669.0,280701.0,12488335.0,434082.0,147979992.0,69722120.0,78257872.0,5212392.0,12437914.0,0.0,golden-t,Golden,golden-t|2024,Golden|2024,"Under 5,000",669195.0,4305502.0,1184526.0,10746035.0,2335038.0,0.13887801474878358,3774.094276094276,3249.9555555555557,2769.9124579124577,150.21212121212122,1078.4237934904602,1.9011833115125665,0.41907284453003935,1.0,0.08048229584618233,0.9664086060680444,3295.226833884918,3546.5079302077975,2651.6543505296113,2783.665107049771,2725.020435376871,2437.8724475115623,1311.726099436231,1604.3462673977224,745.266315888418,518.5374381567245,2.026605100433861,1.7099330852451193,0.015313583120714683,0.02529861000232605,0.9862284812495371,0.9815511712696461,0.804628726290725,0.8619101997275483,0.9387070475233437,0.9623635142836453,0.26007843824193605,0.19976549769108282
Grand Forks,C,KOO,2019,4270.0,1019.0,14.0,12258098.0,633786.0,17041867.0,2284547.0,3318575.0,7487664.0,9554203.0,33667066.0,233525.0,24071.0,6342006.0,29686313.0,43221269.0,4147821.0,8404808.0,0.0,4377028.0,803533.0,318686.0,0.0,34100.0,0.0,0.0,18085976.0,1419144.0,1118273.0,254430.0,67228.0,545204.0,1325955.0,1469967.0,640661.0,769031.0,3877258.0,1766917.0,,0.0,0.0,13254068.0,33186125.0,33667066.0,3817660.0,0.0,2197944.0,3499812.0,143578.0,421522.0,14681173.0,3670293.0,421522.0,3248771.0,7538959.0,8332573.0,5762124.0,623760.0,7698787.0,633786.0,67297655.0,34111530.0,33186125.0,5381233.0,6978425.0,0.0,grand-forks-c,Grand Forks,grand-forks-c|2019,Grand Forks|2019,"Under 5,000",6599602.0,5180561.0,352786.0,11343573.0,4831908.0,0.26716324294580507,4235.591569086651,3103.9971896955503,2237.518266978923,1545.574238875878,819.6281030444965,1.6371057782507334,0.7711242866406102,1.0,0.8851530381906839,0.9239387401706531,,,,,,,,,,,,,,,,,,,,,,
Grand Forks,C,KOO,2020,4238.0,1019.0,14.0,23360443.0,603372.0,32943196.0,3572028.0,3186284.0,22596152.0,10347044.0,43443561.0,109524.0,24444.0,5758951.0,36226506.0,53790605.0,4282491.0,7732346.0,5987347.0,11792850.0,569118.0,290863.0,0.0,37300.0,399144.0,0.0,31091459.0,1439631.0,3631958.0,257941.0,83256.0,699419.0,1269925.0,1134966.0,675941.0,823523.0,3936182.0,1795069.0,,4774312.0,0.0,20522123.0,39446641.0,43443561.0,3499812.0,0.0,262543.0,3220135.0,115014.0,377557.0,12915979.0,3228995.0,377557.0,2851438.0,7601621.0,8295902.0,5834464.0,525249.0,7692530.0,603372.0,75211083.0,35764442.0,39446641.0,8089797.0,8728758.0,0.0,grand-forks-c,Grand Forks,grand-forks-c|2020,Grand Forks|2020,"Under 5,000",5892919.0,18349315.0,727307.0,18612040.0,10569336.0,0.339943390884294,7336.351816894762,4842.407503539405,2441.492213308164,1390.4952807928269,759.8242095327985,1.033823944891148,0.9267981767852883,1.0,0.8830729065854855,0.9272686683135842,,,,,,,,,,,,,,,,,,,,,,
Grand Forks,C,KOO,2021,4264.0,1019.0,14.0,21105784.0,476235.0,32046714.0,2522195.0,3049175.0,19696109.0,12350605.0,44060730.0,110735.0,24695.0,6398746.0,40506646.0,56411335.0,4146863.0,8108595.0,2093709.0,4288629.0,903868.0,202188.0,0.0,106310.0,77509.0,0.0,19927671.0,1481306.0,1251544.0,266315.0,105038.0,968919.0,1120930.0,1374915.0,681501.0,923752.0,3913163.0,1965610.0,,3253948.0,0.0,17306941.0,43555821.0,44060730.0,3220135.0,0.0,149272.0,3049175.0,111587.0,260859.0,12782815.0,3195704.0,260859.0,2934845.0,7717550.0,8370313.0,6007248.0,544267.0,7894078.0,476235.0,81109516.0,37553695.0,43555821.0,6248798.0,12711523.0,0.0,grand-forks-c,Grand Forks,grand-forks-c|2021,Grand Forks|2021,"Under 5,000",6534176.0,7286206.0,386007.0,15229744.0,2620730.0,0.13151210695921264,4673.468808630394,4058.8510787992495,2896.483348968105,1532.405253283302,715.0973264540338,1.0715712428277078,0.4915853120039196,1.0,0.91837197687896,0.9431042781793225,,,,,,,,,,,,,,,,,,,,,,
Grand Forks,C,KOO,2022,313.0,1019.0,14.0,15105168.0,535980.0,24924992.0,8338938.0,2907151.0,14760115.0,10164877.0,65225892.0,113412.0,25292.0,6384547.0,61805559.0,75390769.0,4227163.0,8448412.0,4408132.0,14985549.0,970383.0,341130.0,0.0,352401.0,0.0,0.0,33733170.0,1448230.0,1373564.0,265134.0,81645.0,810882.0,1275402.0,1442025.0,735080.0,996680.0,4080938.0,2068656.0,,175500.0,0.0,14753736.0,64712710.0,65225892.0,3049175.0,0.0,115419.0,2907151.0,111546.0,226965.0,13529420.0,3382355.0,226965.0,3155390.0,7988122.0,8516972.0,6206855.0,397891.0,7980992.0,535980.0,104335059.0,39622349.0,64712710.0,23225545.0,32208103.0,0.0,grand-forks-c,Grand Forks,grand-forks-c|2022,Grand Forks|2022,"Under 5,000",6523251.0,20364064.0,693531.0,12573534.0,18979434.0,0.562634166904563,107773.70607028755,47136.536741214055,32475.64536741214,20841.05750798722,9288.022364217253,1.0233773923848155,0.7211087532848488,1.0,0.9328973451929203,0.9370691837427668,,,,,,,,,,,,,,,,,,,,,,
Grand Forks,C,KOO,2023,4447.0,1019.0,152.0,15497557.0,582297.0,21760622.0,4836850.0,2760031.0,13019645.0,8740977.0,80628541.0,119355.0,26617.0,9051966.0,75259113.0,89369518.0,4375167.0,8563994.0,5281479.0,8485224.0,982928.0,801362.0,0.0,400686.0,634289.0,0.0,29525129.0,1657576.0,1417986.0,276888.0,104756.0,930545.0,1253709.0,1463766.0,728714.0,1066501.0,4342838.0,2179396.0,68687.0,55018.0,0.0,15546380.0,79564979.0,80628541.0,2907151.0,0.0,115419.0,2760031.0,114642.0,230061.0,14036915.0,3509229.0,230061.0,3279168.0,8391068.0,8998257.0,6618421.0,434550.0,8410790.0,582297.0,121353199.0,41788220.0,79564979.0,15606374.0,45303536.0,0.0,grand-forks-c,Grand Forks,grand-forks-c|2023,Grand Forks|2023,"Under 5,000",9197938.0,14749631.0,1836337.0,13252342.0,13978749.0,0.47345259693869585,6639.3364065662245,3495.9253429278165,1965.5896109736902,2068.3467506183943,620.6501011918147,1.190321011056753,0.3444846777523061,1.0,0.9344411550229409,0.9347132450206745,,,,,,,,,,,,,,,,,,,,,,
Grand Forks,C,KOO,2024,4447.0,1019.0,127.0,12930027.0,645201.0,20834886.0,2843171.0,2605585.0,12063580.0,8771306.0,89915479.0,75124.0,15784.0,7933590.0,86143193.0,98686785.0,4557599.0,9128090.0,2389736.0,7186050.0,654780.0,628841.0,0.0,116986.0,234979.0,0.0,24897061.0,1626288.0,1275032.0,295865.0,106183.0,774884.0,1284887.0,1585133.0,705129.0,1124358.0,4451877.0,2290700.0,-156772.0,216230.0,0.0,15579794.0,88748778.0,89915479.0,2760031.0,0.0,121006.0,2605585.0,123316.0,244322.0,14707402.0,3676851.0,244322.0,3432529.0,8828083.0,9488089.0,7025449.0,443339.0,8837745.0,645201.0,132204669.0,43455891.0,88748778.0,11767149.0,170768024.0,11754602.0,grand-forks-c,Grand Forks,grand-forks-c|2024,Grand Forks|2024,"Under 5,000",8024498.0,10230566.0,980806.0,13165778.0,9317267.0,0.37423160107130715,5598.619518776703,3503.4391724758266,1972.4097144142117,1804.474477175624,585.9197211603328,1.071823372498048,0.06890721532269999,0.9311662586199393,0.9335512915807576,0.9314567980970667,4029.3029612756263,3546.5079302077975,2680.1548974943053,2783.665107049771,1972.4097144142117,2437.8724475115623,1160.2663957632108,1604.3462673977224,585.9197211603328,518.5374381567245,1.1580249242564604,1.7099330852451193,0.02542022628425596,0.02529861000232605,0.9804639308808624,0.9815511712696461,0.8435772029337734,0.8619101997275483,0.9642963039370254,0.9623635142836453,0.37423160107130715,0.19976549769108282
Granisle,V,BUL,2019,310.0,3892.0,7.0,2867034.0,117676.0,3310570.0,831662.0,210000.0,1225697.0,2084873.0,9735743.0,0.0,0.0,1622066.0,9442761.0,11820616.0,476941.0,381593.0,5182043.0,572947.0,162806.0,52403.0,0.0,0.0,3239.0,0.0,6831972.0,514682.0,121969.0,1176.0,0.0,59728.0,244342.0,444354.0,55219.0,89152.0,0.0,319820.0,,0.0,0.0,1850442.0,9702445.0,9735743.0,78580.0,210000.0,28896.0,259684.0,0.0,28896.0,1646690.0,411673.0,28896.0,382777.0,565761.0,692876.0,219405.0,71681.0,575200.0,117676.0,15803147.0,6100702.0,9702445.0,3825412.0,14119913.0,0.0,granisle-v,Granisle,granisle-v|2019,Granisle|2019,"Under 5,000",1622066.0,5917796.0,55642.0,1530622.0,4981530.0,0.7291496510817082,22038.61935483871,5969.167741935484,6725.3967741935485,5232.470967741935,837.6903225806452,2.33910501535045,0.2709231990310422,1.0,0.9298083673206647,0.830162972884037,,,,,,,,,,,,,,,,,,,,,,
Granisle,V,BUL,2020,309.0,3892.0,7.0,2954762.0,97832.0,3739993.0,848926.0,191682.0,1250594.0,2489399.0,10250313.0,0.0,0.0,1775626.0,9999861.0,12739712.0,481986.0,410432.0,1146686.0,865612.0,136655.0,24667.0,0.0,0.0,4577.0,0.0,3070615.0,464581.0,136654.0,17298.0,0.0,163118.0,227931.0,430971.0,198247.0,42940.0,0.0,469779.0,,0.0,0.0,2151519.0,10228876.0,10250313.0,259684.0,0.0,30669.0,229015.0,4704.0,35373.0,1518689.0,379672.0,35373.0,344299.0,571028.0,705063.0,365072.0,82386.0,607231.0,97832.0,16799357.0,6570481.0,10228876.0,996210.0,32545409.0,2807661.0,granisle-v,Granisle,granisle-v|2020,Granisle|2020,"Under 5,000",1775626.0,2148953.0,29244.0,1677036.0,919096.0,0.2993198430933217,9937.265372168285,6962.844660194175,8056.307443365696,5746.3624595469255,741.1488673139158,2.3626868512083057,0.030609847305959496,0.9137309658637259,0.9068327398385976,0.861243605181381,,,,,,,,,,,,,,,,,,,,,,
Granisle,V,BUL,2021,311.0,3892.0,7.0,2370990.0,81949.0,3775171.0,1088865.0,172814.0,1693211.0,2081960.0,14979840.0,0.0,0.0,1300116.0,14756606.0,17061800.0,477401.0,442650.0,139198.0,5408352.0,126203.0,17098.0,0.0,0.0,0.0,0.0,6610902.0,332927.0,99662.0,18990.0,0.0,70366.0,355054.0,538361.0,251645.0,117247.0,0.0,499985.0,,0.0,4577.0,2288814.0,14953926.0,14979840.0,229015.0,0.0,31145.0,197320.0,4996.0,36141.0,1506289.0,376572.0,36141.0,340431.0,567834.0,682309.0,350838.0,71181.0,600360.0,81949.0,22024391.0,7070465.0,14953926.0,5225034.0,14953926.0,0.0,granisle-v,Granisle,granisle-v|2021,Granisle|2021,"Under 5,000",1300116.0,5673753.0,17098.0,1783833.0,4322088.0,0.6537818893700134,21256.91961414791,7359.530546623794,6694.405144694534,4180.4372990353695,634.4694533762058,1.4002921077172308,0.3494088442058627,1.0,0.904026321659603,0.8798945932121663,,,,,,,,,,,,,,,,,,,,,,
Granisle,V,BUL,2022,705.0,3892.0,7.0,1683215.0,100048.0,2935075.0,236996.0,153381.0,578033.0,2357042.0,15181840.0,0.0,0.0,854321.0,14998416.0,17538882.0,501276.0,536246.0,21349.0,1287145.0,0.0,40838.0,0.0,0.0,0.0,659595.0,3046449.0,548671.0,72785.0,14709.0,0.0,46732.0,409944.0,474554.0,218672.0,119926.0,0.0,601740.0,,58445.0,3189.0,2569367.0,15163569.0,15181840.0,197320.0,0.0,31052.0,165153.0,4359.0,35411.0,2448840.0,612210.0,35411.0,576799.0,600042.0,671916.0,366327.0,31546.0,571868.0,100048.0,22623040.0,7459471.0,15163569.0,869828.0,44953142.0,0.0,granisle-v,Granisle,granisle-v|2022,Granisle|2022,"Under 5,000",854321.0,1308494.0,700433.0,1963268.0,477082.0,0.15660265443472055,4321.204255319149,3644.4921985815604,3343.321985815603,1211.8028368794326,234.2595744680851,2.9119704238339335,0.019349659696757126,1.0,0.9421587363813071,0.8511004351734442,,,,,,,,,,,,,,,,,,,,,,
Granisle,V,BUL,2023,320.0,3892.0,7.0,2306444.0,113162.0,2680489.0,161517.0,133363.0,929448.0,1751041.0,17640924.0,0.0,0.0,1246119.0,17121011.0,19391965.0,546187.0,507756.0,0.0,3216370.0,160930.0,93834.0,0.0,0.0,0.0,21462.0,4546539.0,598519.0,113767.0,109602.0,0.0,88500.0,364356.0,488627.0,186386.0,92964.0,5201.0,616444.0,11453.0,4163.0,0.0,2679982.0,17602670.0,17640924.0,165153.0,0.0,30090.0,133363.0,5140.0,35230.0,1715539.0,428885.0,35230.0,393655.0,646774.0,766077.0,432399.0,64554.0,652915.0,113162.0,25658064.0,8055394.0,17602670.0,2754839.0,17602670.0,2568765.0,granisle-v,Granisle,granisle-v|2023,Granisle|2023,"Under 5,000",1246119.0,3377300.0,115296.0,2058398.0,1866557.0,0.41054459227117596,14207.934375,8374.94375,5472.003125,3894.121875,416.759375,2.481520214148613,0.15650120123822125,0.8540695814896263,0.9178567681313172,0.8522837782624985,,,,,,,,,,,,,,,,,,,,,,
Granisle,V,BUL,2024,320.0,3892.0,14.0,2887827.0,111855.0,3354501.0,148407.0,112745.0,1123149.0,2231352.0,19450997.0,0.0,0.0,1655945.0,18960557.0,21682349.0,568555.0,623306.0,0.0,3886744.0,155903.0,93970.0,0.0,0.0,0.0,32807.0,5361285.0,682620.0,172662.0,33920.0,0.0,59471.0,393285.0,556220.0,261606.0,80792.0,8750.0,810081.0,11494.0,0.0,0.0,3070901.0,19433092.0,19450997.0,133363.0,0.0,18319.0,112745.0,4704.0,23023.0,1927739.0,481935.0,23023.0,458912.0,703440.0,836128.0,492926.0,73984.0,724273.0,111855.0,28288606.0,8855514.0,19433092.0,2640503.0,25354531.0,675481.0,granisle-v,Granisle,granisle-v|2024,Granisle|2024,"Under 5,000",1655945.0,4042647.0,126777.0,2256116.0,2290384.0,0.4272080294183204,16754.015625,9596.565625,6972.975,5174.828125,352.328125,2.571187794317584,0.10414323972310906,0.9733585685335691,0.9522279975515371,0.8662226357686862,4648.097865362712,3546.5079302077975,3428.422456291105,2783.665107049771,5030.364110900993,2437.8724475115623,2420.45,1604.3462673977224,224.31236112962716,518.5374381567245,2.204313821553219,1.7099330852451193,0.030042455998363887,0.02529861000232605,0.9786113537119745,0.9815511712696461,0.9039920521842442,0.8619101997275483,0.9333160528846489,0.9623635142836453,0.20869205825466772,0.19976549769108282
Greenwood,C,KOO,2019,695.0,263.0,0.0,2083009.0,163976.0,2821370.0,112057.0,22753.0,336875.0,2484495.0,8612793.0,69392.0,184390.0,1372657.0,8528370.0,11097288.0,550835.0,445996.0,0.0,681339.0,61325.0,24096.0,239070.0,0.0,4477.0,0.0,2007138.0,553821.0,70630.0,33017.0,4620.0,13469.0,342143.0,188296.0,69539.0,92800.0,11225.0,261766.0,,0.0,0.0,1641326.0,8551123.0,8612793.0,48929.0,0.0,15634.0,22753.0,8123.0,23757.0,1421640.0,355410.0,23757.0,331653.0,808405.0,1068881.0,460278.0,179359.0,904905.0,163976.0,12736579.0,4185456.0,8551123.0,178265.0,1363073.0,0.0,greenwood-c,Greenwood,greenwood-c|2019,Greenwood|2019,"Under 5,000",1626439.0,742664.0,267643.0,1371437.0,365812.0,0.18225553001338224,2887.9683453237412,2361.620143884892,3574.8129496402876,2340.2,32.73812949640288,6.183329128014842,0.13078169694506456,1.0,0.9331560732674938,0.8465909675632741,,,,,,,,,,,,,,,,,,,,,,
Greenwood,C,KOO,2020,692.0,263.0,0.0,2557793.0,141087.0,3117678.0,132374.0,11654.0,277147.0,2840531.0,8659463.0,113785.0,188290.0,1779045.0,8592014.0,11499994.0,566465.0,472141.0,0.0,1133919.0,37315.0,18035.0,-134187.0,0.0,23118.0,0.0,2116806.0,574305.0,103266.0,33444.0,4014.0,13123.0,352024.0,148625.0,88143.0,128439.0,3919.0,264795.0,,0.0,0.0,1714097.0,8603665.0,8659463.0,22753.0,0.0,4612.0,11654.0,2669.0,7281.0,1474459.0,368615.0,7281.0,361334.0,814821.0,998890.0,474035.0,112244.0,857803.0,141087.0,13072719.0,4469054.0,8603665.0,317340.0,1386190.0,0.0,greenwood-c,Greenwood,greenwood-c|2020,Greenwood|2020,"Under 5,000",2081120.0,1171234.0,-93034.0,1446633.0,402709.0,0.19024369734401736,3058.9682080924854,2477.0187861271675,4104.813583815029,3007.398843930636,16.841040462427745,9.229012040541662,0.22892965610774857,1.0,0.9802476838978338,0.858756219403538,,,,,,,,,,,,,,,,,,,,,,
Greenwood,C,KOO,2021,695.0,263.0,0.0,3471107.0,146543.0,4886643.0,136282.0,0.0,631906.0,4254737.0,8495467.0,181272.0,193345.0,2026053.0,8408598.0,12750204.0,587025.0,466520.0,0.0,638205.0,56840.0,16801.0,1252139.0,0.0,0.0,0.0,3017530.0,687697.0,133473.0,30300.0,1925.0,13395.0,267269.0,120528.0,106742.0,115378.0,10582.0,280034.0,,0.0,0.0,1767323.0,8408598.0,8495467.0,11654.0,0.0,4612.0,0.0,2669.0,7281.0,1487530.0,371883.0,7281.0,364602.0,855933.0,1020154.0,505250.0,93700.0,873611.0,146543.0,13157686.0,4749088.0,8408598.0,84966.0,1386191.0,0.0,greenwood-c,Greenwood,greenwood-c|2021,Greenwood|2021,"Under 5,000",2400670.0,695045.0,1268940.0,1484620.0,1250207.0,0.4143146878407174,4341.769784172662,2542.9107913669063,6121.923741007195,3454.201438848921,0.0,5.493074919370919,0.061294583502562054,1.0,0.9804212615258024,0.8563520801761303,,,,,,,,,,,,,,,,,,,,,,
Greenwood,C,KOO,2022,1689.0,263.0,0.0,3887151.0,163513.0,4751002.0,955934.0,0.0,1088450.0,3662552.0,8630711.0,313417.0,210376.0,2646393.0,8566092.0,12293263.0,587638.0,521657.0,0.0,883422.0,230649.0,9510.0,-33343.0,0.0,0.0,71116.0,2270649.0,742477.0,93771.0,0.0,1530.0,15387.0,263458.0,176865.0,1069258.0,82184.0,0.0,282660.0,,0.0,0.0,2727590.0,8566092.0,8630711.0,0.0,0.0,0.0,0.0,2827.0,2827.0,1720921.0,430230.0,2827.0,427403.0,922376.0,1005530.0,528251.0,0.0,842017.0,163513.0,13597841.0,5031749.0,8566092.0,448604.0,1354151.0,0.0,greenwood-c,Greenwood,greenwood-c|2022,Greenwood|2022,"Under 5,000",3170186.0,1114071.0,47283.0,2442103.0,-456941.0,-0.20123806013170684,1344.3747779751332,1614.9141503848432,2168.4736530491414,1876.9603315571344,0.0,3.5712719922826035,0.3312806326620886,1.0,0.9934290960648955,0.8373862540152954,,,,,,,,,,,,,,,,,,,,,,
Greenwood,C,KOO,2023,730.0,263.0,,,,,,,,,,,,,,,,,,,,,,,,,,,,,,,,,,,,,,,,,,,,,,,,,,,,,,,,,,,,,,,,,greenwood-c,Greenwood,greenwood-c|2023,Greenwood|2023,"Under 5,000",0,0,0,,,,,,,0.0,,,,,,,,,,,,,,,,,,,,,,,,,,,,
Greenwood,C,KOO,2024,730.0,263.0,,,,,,,,,,,,,,,,,,,,,,,,,,,,,,,,,,,,,,,,,,,,,,,,,,,,,,,,,,,,,,,,,greenwood-c,Greenwood,greenwood-c|2024,Greenwood|2024,"Under 5,000",0,0,0,,,,,,,0.0,,,,,,,4029.3029612756263,3546.5079302077975,2680.1548974943053,2783.665107049771,1972.4097144142117,2437.8724475115623,1160.2663957632108,1604.3462673977224,585.9197211603328,518.5374381567245,1.1580249242564604,1.7099330852451193,0.02542022628425596,0.02529861000232605,0.9804639308808624,0.9815511712696461,0.8435772029337734,0.8619101997275483,0.9642963039370254,0.9623635142836453,0.37423160107130715,0.19976549769108282
Harrison Hot Springs,V,FVR,2019,1632.0,514.0,11.0,11041504.0,411446.0,12338900.0,422212.0,578936.0,5739383.0,6599517.0,37672183.0,0.0,816940.0,1166126.0,36951284.0,44271700.0,2280736.0,1884434.0,50000.0,1129492.0,236907.0,152635.0,0.0,605799.0,0.0,136441.0,6476444.0,959388.0,222388.0,184757.0,2932.0,589831.0,158107.0,400387.0,291887.0,577671.0,276452.0,984985.0,,23628.0,0.0,4672413.0,37598330.0,37672183.0,872295.0,0.0,221869.0,647045.0,21899.0,243768.0,4777154.0,1194289.0,243768.0,950521.0,4080626.0,4637647.0,3436266.0,352350.0,4226201.0,411446.0,51402585.0,13804255.0,37598330.0,1887011.0,90837578.0,2115896.0,harrison-hot-springs-v,Harrison Hot Springs,harrison-hot-springs-v|2019,Harrison Hot Springs|2019,"Under 5,000",1983066.0,1416399.0,894875.0,3665529.0,1804031.0,0.2785527057749592,3968.4093137254904,2862.998161764706,4043.8216911764707,1215.1139705882354,396.4736519607843,1.9238137618625557,0.020773462277913223,0.9767068206067757,0.7958885998280149,0.9112813027813458,,,,,,,,,,,,,,,,,,,,,,
Harrison Hot Springs,V,FVR,2020,1644.0,514.0,11.0,16030448.0,331084.0,16594870.0,196005.0,433254.0,7900455.0,8694415.0,37676909.0,0.0,623729.0,1198023.0,37125450.0,46371324.0,2403266.0,1996339.0,0.0,1429317.0,116946.0,108747.0,0.0,224144.0,0.0,109445.0,6388204.0,880250.0,222824.0,198311.0,3487.0,354932.0,141338.0,341267.0,273146.0,596058.0,222088.0,1053631.0,,1248.0,0.0,4288580.0,37604754.0,37676909.0,647045.0,0.0,163154.0,479305.0,15580.0,178734.0,4941301.0,1235325.0,178734.0,1056591.0,4100584.0,4548763.0,3948873.0,266660.0,4217679.0,331084.0,52388958.0,14784204.0,37604754.0,1061303.0,93328681.0,2178422.0,harrison-hot-springs-v,Harrison Hot Springs,harrison-hot-springs-v|2020,Harrison Hot Springs|2020,"Under 5,000",1821752.0,1546263.0,442336.0,3219369.0,2099624.0,0.3286720336420064,3885.7688564476884,2608.625304136253,5288.573600973236,1108.1216545012167,291.5480535279805,2.0290537696879483,0.011371670408585331,0.9766586008003263,0.8553141885738571,0.9272144976557363,,,,,,,,,,,,,,,,,,,,,,
Harrison Hot Springs,V,FVR,2021,1663.0,514.0,11.0,18844359.0,227622.0,19346213.0,419815.0,396323.0,9262909.0,10083304.0,37346615.0,0.0,663704.0,927459.0,36570929.0,47429919.0,2530740.0,2131509.0,0.0,739198.0,239435.0,92497.0,0.0,15550.0,0.0,63483.0,5812412.0,969181.0,299762.0,198713.0,7740.0,381151.0,151574.0,450446.0,294095.0,620121.0,289037.0,1091997.0,,0.0,0.0,4753817.0,36990555.0,37346615.0,479305.0,0.0,53841.0,419628.0,13531.0,67372.0,5142771.0,1285693.0,67372.0,1218321.0,4497611.0,4882164.0,4401288.0,242814.0,4654542.0,227622.0,52734064.0,15743509.0,36990555.0,477797.0,93629419.0,2178422.0,harrison-hot-springs-v,Harrison Hot Springs,harrison-hot-springs-v|2021,Harrison Hot Springs|2021,"Under 5,000",1591163.0,978633.0,171530.0,3648289.0,1058595.0,0.18212662832572776,3495.1365003006613,2858.5790739627178,6063.321707757065,956.8027660853878,252.33193024654238,2.0343888728692034,0.005103064881776101,0.976733573450883,0.947598688022724,0.9533768222452175,,,,,,,,,,,,,,,,,,,,,,
Harrison Hot Springs,V,FVR,2022,339.0,514.0,0.0,20957382.0,169192.0,22006525.0,682807.0,358100.0,10590427.0,11416098.0,38249269.0,0.0,653042.0,708619.0,37832434.0,49665367.0,2597706.0,2198348.0,0.0,2000322.0,122490.0,350537.0,0.0,71952.0,0.0,92391.0,7433746.0,1110489.0,260292.0,259859.0,7535.0,555739.0,180911.0,348945.0,324831.0,670412.0,349272.0,1130014.0,,0.0,0.0,5198299.0,38192895.0,38249269.0,419628.0,0.0,52038.0,360462.0,13411.0,65449.0,5645854.0,1411464.0,65449.0,1346015.0,4653026.0,4923993.0,4534910.0,206406.0,4754801.0,169192.0,55029419.0,16836524.0,38192895.0,2340530.0,96443824.0,2221986.0,harrison-hot-springs-v,Harrison Hot Springs,harrison-hot-springs-v|2022,Harrison Hot Springs|2022,"Under 5,000",1361661.0,2122812.0,514880.0,4054874.0,2235447.0,0.30071608580653686,21928.454277286135,15334.215339233038,33675.80530973451,4016.6991150442477,1063.3097345132744,1.9788986789673353,0.02426832432525695,0.9769608264392337,0.95363041494505,0.9656392687804389,,,,,,,,,,,,,,,,,,,,,,
Harrison Hot Springs,V,FVR,2023,1731.0,514.0,0.0,22814943.0,327414.0,24538334.0,321567.0,318538.0,10375155.0,14163179.0,38450045.0,0.0,528483.0,2186051.0,38048825.0,52613224.0,2773476.0,2283480.0,0.0,2340614.0,128254.0,747745.0,0.0,343624.0,0.0,114006.0,8731199.0,1589162.0,313985.0,244971.0,7213.0,373091.0,161862.0,364373.0,408026.0,681261.0,376692.0,1202324.0,2444.0,0.0,0.0,5725404.0,38385382.0,38450045.0,360462.0,0.0,33457.0,318538.0,13209.0,46666.0,6235240.0,1558810.0,46666.0,1512144.0,4997470.0,5230984.0,4775892.0,127678.0,4903570.0,327414.0,56426778.0,18041396.0,38385382.0,1394155.0,98010234.0,2266426.0,harrison-hot-springs-v,Harrison Hot Springs,harrison-hot-springs-v|2023,Harrison Hot Springs|2023,"Under 5,000",2714534.0,2468868.0,1205375.0,4509871.0,3005795.0,0.3442591332530618,5044.0202195262855,3307.570190641248,8182.079145002888,1568.1883304448295,184.01964182553436,2.198997798105185,0.014224585975378857,0.9768756189277132,0.9700630609246798,0.9374087169832674,,,,,,,,,,,,,,,,,,,,,,
Harrison Hot Springs,V,FVR,2024,1731.0,514.0,0.0,24703264.0,523442.0,25717804.0,433900.0,277592.0,10507041.0,15210763.0,40205199.0,0.0,595898.0,2227959.0,39795957.0,55415962.0,2988159.0,2363580.0,220344.0,1960480.0,0.0,822108.0,0.0,634672.0,0.0,164025.0,9153368.0,1725585.0,334981.0,242257.0,7532.0,453900.0,164336.0,473964.0,484616.0,791361.0,418034.0,1251521.0,2543.0,0.0,0.0,6350630.0,40134644.0,40205199.0,318538.0,0.0,31095.0,277592.0,13200.0,44295.0,6687321.0,1671830.0,44295.0,1627535.0,5435467.0,5841591.0,5141376.0,176773.0,5318149.0,523442.0,58982333.0,18847689.0,40134644.0,3000783.0,101153840.0,2334418.0,harrison-hot-springs-v,Harrison Hot Springs,harrison-hot-springs-v|2024,Harrison Hot Springs|2024,"Under 5,000",2823857.0,2180824.0,1620805.0,5085909.0,2802738.0,0.30619745649907226,5287.907567879838,3668.7637203928366,8787.269208549971,1631.3443096476026,160.36510687463894,2.351115218832781,0.029665537165964238,0.9769221020180746,0.9735050812582619,0.9103939320640558,4648.097865362712,3546.5079302077975,3428.422456291105,2783.665107049771,5030.364110900993,2437.8724475115623,2420.45,1604.3462673977224,224.31236112962716,518.5374381567245,2.204313821553219,1.7099330852451193,0.030042455998363887,0.02529861000232605,0.9786113537119745,0.9815511712696461,0.9039920521842442,0.8619101997275483,0.9333160528846489,0.9623635142836453,0.20869205825466772,0.19976549769108282
Hazelton,V,KIT,2019,325.0,475.0,0.0,3168590.0,60614.0,3308037.0,126281.0,0.0,610995.0,2697042.0,4362266.0,0.0,0.0,1753883.0,4358427.0,7059308.0,312058.0,200337.0,2244944.0,494571.0,13838.0,39378.0,0.0,0.0,0.0,29204.0,3334330.0,359324.0,27551.0,54677.0,0.0,53689.0,212948.0,592494.0,57360.0,84245.0,0.0,228762.0,,0.0,0.0,1671050.0,4358427.0,4362266.0,0.0,0.0,0.0,0.0,0.0,0.0,1075548.0,268887.0,0.0,268887.0,398135.0,458981.0,296320.0,36162.0,398367.0,60614.0,9759067.0,5400640.0,4358427.0,44533.0,536183.0,0.0,hazelton-v,Hazelton,hazelton-v|2019,Hazelton|2019,"Under 5,000",1753883.0,2753353.0,68582.0,1442288.0,1663280.0,0.49883484838033426,10259.476923076923,5141.692307692308,8298.59076923077,5396.563076923077,0.0,5.185950785194642,0.08305559855497097,1.0,1.0,0.8679378884964737,,,,,,,,,,,,,,,,,,,,,,
Hazelton,V,KIT,2020,329.0,475.0,0.0,3765237.0,50519.0,4009041.0,103970.0,0.0,843297.0,3165744.0,4320844.0,0.0,0.0,2107919.0,4318291.0,7486588.0,355058.0,193351.0,430580.0,780720.0,19680.0,27901.0,0.0,0.0,0.0,34249.0,1841539.0,330983.0,133680.0,55785.0,0.0,88923.0,273339.0,161625.0,54101.0,81423.0,0.0,234400.0,,0.0,0.0,1414259.0,4318291.0,4320844.0,0.0,0.0,0.0,0.0,0.0,0.0,1123279.0,280820.0,0.0,280820.0,430468.0,548902.0,340681.0,89535.0,498383.0,50519.0,9921549.0,5603258.0,4318291.0,194264.0,568880.0,0.0,hazelton-v,Hazelton,hazelton-v|2020,Hazelton|2020,"Under 5,000",2107919.0,1230980.0,62150.0,1179859.0,427280.0,0.2320233239697883,5597.382978723404,4298.659574468085,9622.322188449849,6407.048632218845,0.0,4.464900266454167,0.34148502320348756,1.0,1.0,0.9079635344742777,,,,,,,,,,,,,,,,,,,,,,
Hazelton,V,KIT,2021,335.0,475.0,0.0,3785912.0,42075.0,4222003.0,168662.0,0.0,804127.0,3417876.0,4420012.0,0.0,0.0,2324555.0,4413616.0,7837888.0,347072.0,184975.0,139962.0,763527.0,87446.0,16816.0,0.0,0.0,173827.0,57781.0,1771406.0,350764.0,206477.0,19160.0,0.0,93968.0,215352.0,29132.0,46864.0,89904.0,0.0,248621.0,,0.0,119864.0,1420106.0,4413616.0,4420012.0,0.0,0.0,0.0,0.0,0.0,0.0,1137357.0,284339.0,0.0,284339.0,489487.0,551226.0,398694.0,40610.0,509151.0,42075.0,10218415.0,5804799.0,4413616.0,371338.0,541488.0,0.0,hazelton-v,Hazelton,hazelton-v|2021,Hazelton|2021,"Under 5,000",2324555.0,990935.0,248424.0,1171485.0,351300.0,0.19831704307200043,5287.779104477612,4239.122388059702,10202.614925373135,6938.9701492537315,0.0,4.708102078403038,0.6857732766007741,1.0,1.0,0.9236701461832352,,,,,,,,,,,,,,,,,,,,,,
Hazelton,V,KIT,2022,2599.0,475.0,0.0,4313792.0,23514.0,4603340.0,207498.0,0.0,654537.0,3948803.0,4398505.0,0.0,0.0,2340087.0,4389070.0,8347308.0,348424.0,191562.0,23626.0,917180.0,189846.0,81616.0,0.0,0.0,0.0,45788.0,1798042.0,429823.0,45436.0,19011.0,0.0,104049.0,210680.0,47711.0,58276.0,99486.0,0.0,247993.0,,0.0,26157.0,1288622.0,4389070.0,4398505.0,0.0,0.0,0.0,0.0,0.0,0.0,1149390.0,287348.0,0.0,287348.0,497687.0,546101.0,417337.0,34792.0,522587.0,23514.0,10441862.0,6052792.0,4389070.0,223447.0,541488.0,0.0,hazelton-v,Hazelton,hazelton-v|2022,Hazelton|2022,"Under 5,000",2340087.0,1130652.0,127404.0,1040629.0,509420.0,0.2833192995491763,691.8207002693343,495.8145440554059,1519.354751827626,900.3797614467103,0.0,6.590600684147725,0.41265365068108617,1.0,1.0,0.9569420308697475,,,,,,,,,,,,,,,,,,,,,,
Hazelton,V,KIT,2023,347.0,475.0,0.0,9024534.0,21460.0,11035170.0,866808.0,0.0,7900570.0,3134600.0,8130114.0,0.0,0.0,1124551.0,8079610.0,11264714.0,354635.0,195291.0,1366.0,3080789.0,66676.0,290812.0,0.0,0.0,0.0,197505.0,4187074.0,377062.0,41899.0,20054.0,0.0,77768.0,264266.0,26717.0,65829.0,118348.0,0.0,237803.0,2003.0,0.0,5187.0,1236936.0,8119763.0,8130114.0,0.0,0.0,0.0,0.0,0.0,0.0,1520243.0,380061.0,0.0,380061.0,520757.0,551298.0,441592.0,19078.0,529838.0,21460.0,8357565.0,237802.0,8119763.0,3963080.0,541488.0,0.0,hazelton-v,Hazelton,hazelton-v|2023,Hazelton|2023,"Under 5,000",1124551.0,3148831.0,488317.0,999133.0,2950138.0,0.7045822452624434,12066.49567723343,3564.657060518732,9033.42939481268,3240.780979827089,0.0,1.1422636594574822,7.318869485565701,1.0,1.0,0.9610736842869011,,,,,,,,,,,,,,,,,,,,,,
Hazelton,V,KIT,2024,347.0,475.0,,,,,,,,,,,,,,,,,,,,,,,,,,,,,,,,,,,,,,,,,,,,,,,,,,,,,,,,,,,,,,,,,hazelton-v,Hazelton,hazelton-v|2024,Hazelton|2024,"Under 5,000",0,0,0,,,,,,,0.0,,,,,,,4648.097865362712,3546.5079302077975,3428.422456291105,2783.665107049771,5030.364110900993,2437.8724475115623,2420.45,1604.3462673977224,224.31236112962716,518.5374381567245,2.204313821553219,1.7099330852451193,0.030042455998363887,0.02529861000232605,0.9786113537119745,0.9815511712696461,0.9039920521842442,0.8619101997275483,0.9333160528846489,0.9623635142836453,0.20869205825466772,0.19976549769108282
Highlands,D,CAP,2019,2481.0,3789.0,0.0,5471955.0,71806.0,5754570.0,418771.0,563567.0,1226996.0,4527574.0,37672185.0,0.0,0.0,3660746.0,37098899.0,42199759.0,2119139.0,306641.0,0.0,510665.0,297581.0,105697.0,0.0,22425.0,10624.0,101686.0,3474458.0,834346.0,361499.0,0.0,0.0,247330.0,252734.0,556294.0,0.0,0.0,0.0,931514.0,,23687.0,0.0,3207404.0,37662466.0,37672185.0,644030.0,0.0,60884.0,563567.0,25489.0,86373.0,3019623.0,754906.0,86373.0,668533.0,4090050.0,4176826.0,3559012.0,57461.0,4105020.0,71806.0,54892507.0,17230041.0,37662466.0,393283.0,204000000.0,713000.0,highlands-d,Highlands,highlands-d|2019,Highlands|2019,"Under 5,000",3660746.0,808246.0,240432.0,2250401.0,267054.0,0.07686206021198126,1400.4264409512293,1292.7867795243853,1824.8988311164853,1475.5122934300684,227.15316404675534,4.459635565234117,0.001927857843137255,0.9965049019607843,0.8855844303794115,0.982808477058896,,,,,,,,,,,,,,,,,,,,,,
Highlands,D,CAP,2020,2451.0,3789.0,0.0,7246016.0,51884.0,7435953.0,1068562.0,480006.0,1898069.0,5537884.0,37501718.0,0.0,0.0,4560124.0,37012812.0,43039602.0,2151153.0,230851.0,0.0,1367478.0,148824.0,68728.0,0.0,22421.0,0.0,55057.0,4044512.0,803479.0,408948.0,0.0,0.0,272873.0,271876.0,513447.0,0.0,0.0,0.0,913437.0,,18987.0,0.0,3203047.0,37492818.0,37501718.0,563567.0,0.0,60885.0,480006.0,26774.0,87659.0,2889896.0,722474.0,87659.0,634815.0,4126900.0,4209532.0,3613604.0,56399.0,4157648.0,51884.0,55569151.0,18076333.0,37492818.0,836144.0,204275784.0,713000.0,highlands-d,Highlands,highlands-d|2020,Highlands|2020,"Under 5,000",4560124.0,1516302.0,146206.0,2262836.0,841465.0,0.20805105782848463,1650.1476948184416,1306.8327213382292,2259.438596491228,1860.515707874337,195.84088127294982,3.8175724907787862,0.004093211557567685,0.996509620543177,0.8786682980979247,0.9876746393660863,,,,,,,,,,,,,,,,,,,,,,
Highlands,D,CAP,2021,2582.0,3789.0,0.0,6484107.0,168629.0,6856469.0,412342.0,376099.0,1105197.0,5751272.0,37559012.0,0.0,0.0,4533505.0,37175967.0,43310284.0,2309242.0,301840.0,0.0,559644.0,304631.0,39285.0,0.0,123462.0,0.0,75310.0,3713414.0,814934.0,519220.0,0.0,0.0,244743.0,311256.0,628262.0,0.0,0.0,0.0,936851.0,,2930.0,0.0,3458196.0,37552066.0,37559012.0,464542.0,0.0,60885.0,376099.0,29854.0,90739.0,3086945.0,771736.0,90739.0,680997.0,4448575.0,4524777.0,3811553.0,38327.0,4356148.0,168629.0,56320811.0,18768745.0,37552066.0,1095750.0,9831037.0,0.0,highlands-d,Highlands,highlands-d|2021,Highlands|2021,"Under 5,000",4533505.0,864275.0,238057.0,2491491.0,255218.0,0.0687286685513654,1438.192873741286,1339.3477924089852,2227.44848954299,1755.811386522076,145.66189000774594,5.866924177318614,0.11145823172062114,1.0,0.8824222272901614,0.9627320860232449,,,,,,,,,,,,,,,,,,,,,,
Highlands,D,CAP,2022,6699.0,3789.0,0.0,7432546.0,45500.0,7624059.0,566938.0,284223.0,1239735.0,6384324.0,37210323.0,0.0,0.0,5010472.0,36918295.0,43594647.0,2396577.0,309040.0,0.0,571808.0,155807.0,176173.0,0.0,0.0,0.0,94511.0,3703916.0,932416.0,394502.0,0.0,0.0,200134.0,427983.0,585325.0,0.0,0.0,0.0,879193.0,,0.0,0.0,3419553.0,37202518.0,37210323.0,376099.0,0.0,60884.0,284223.0,26774.0,87658.0,3438309.0,859577.0,87658.0,771919.0,4781523.0,4969756.0,4264434.0,161888.0,4924256.0,45500.0,56845942.0,19643424.0,37202518.0,457965.0,119241456.0,879193.0,highlands-d,Highlands,highlands-d|2022,Highlands|2022,"5,000 to 19,999",5010472.0,727615.0,270684.0,2513586.0,284363.0,0.07677360933671282,552.9058068368413,510.45723242274966,953.026421854008,747.943275115689,42.427675772503356,5.995269956885948,0.003840652532790274,0.9926267840942834,0.8980219340443032,0.990844620943161,,,,,,,,,,,,,,,,,,,,,,
Highlands,D,CAP,2023,2698.0,3789.0,0.0,9582495.0,70809.0,9812783.0,689726.0,188827.0,1326111.0,8486672.0,37327658.0,0.0,0.0,7086725.0,37061376.0,45814330.0,2487587.0,106736.0,0.0,2214637.0,162999.0,479717.0,0.0,0.0,0.0,338970.0,5790646.0,974048.0,449889.0,0.0,0.0,217552.0,350541.0,675793.0,0.0,0.0,0.0,900212.0,2928.0,0.0,0.0,3570963.0,37319312.0,37327658.0,284223.0,0.0,60885.0,188827.0,26774.0,87659.0,3806563.0,951641.0,87659.0,863982.0,5104212.0,5167055.0,4575720.0,33218.0,5096246.0,70809.0,57860509.0,20541197.0,37319312.0,906339.0,119718662.0,0.0,highlands-d,Highlands,highlands-d|2023,Highlands|2023,"Under 5,000",7086725.0,2377636.0,818687.0,2643977.0,2219683.0,0.38332217165407795,2146.2735359525573,1323.5593031875462,3145.5418828762045,2626.6586360266865,69.98776871756857,7.2260127545884165,0.007570574084765498,1.0,0.9078864824025026,0.9862960622637073,,,,,,,,,,,,,,,,,,,,,,
Highlands,D,CAP,2024,2698.0,3789.0,0.0,10433081.0,243980.0,10772481.0,747754.0,109385.0,1603577.0,9168904.0,37030547.0,0.0,0.0,7624623.0,36842976.0,46199451.0,2660971.0,94566.0,176426.0,648116.0,0.0,484319.0,0.0,0.0,0.0,371773.0,4436171.0,1107836.0,544910.0,0.0,0.0,258985.0,445746.0,817813.0,0.0,0.0,0.0,874318.0,1442.0,0.0,0.0,4051050.0,37022912.0,37030547.0,188827.0,0.0,60885.0,109385.0,18637.0,79522.0,4171475.0,1042869.0,79522.0,963347.0,5431685.0,5534767.0,4750953.0,45744.0,5290787.0,243980.0,58197297.0,21174385.0,37022912.0,627733.0,124804632.0,1614000.0,highlands-d,Highlands,highlands-d|2024,Highlands|2024,"Under 5,000",7624623.0,824542.0,856092.0,3158095.0,385121.0,0.08681383111697001,1644.2442550037065,1501.5011119347664,3398.407709414381,2826.027798369162,40.54299481097109,6.5061303573199165,0.0050297251787898385,0.9870677876763421,0.9237468943846255,0.9559186502340569,4486.511144130758,3546.5079302077975,3557.844717668488,2783.665107049771,5496.677373974208,2437.8724475115623,3386.4506393861893,1604.3462673977224,624.7436119532265,518.5374381567245,3.324657351485151,1.7099330852451193,0.02521828600111612,0.02529861000232605,0.9816336034641139,0.9815511712696461,0.8531878894527055,0.8619101997275483,0.9614729661922712,0.9623635142836453,0.23352896680225554,0.19976549769108282
Hope,D,FVR,2019,6667.0,3936.0,0.0,24660766.0,703804.0,26483362.0,1893158.0,2182506.0,7387061.0,19096301.0,40604233.0,0.0,0.0,1651933.0,37778626.0,59700534.0,8753217.0,3270771.0,0.0,1387254.0,0.0,667884.0,110303.0,153944.0,2631.0,19772.0,14365776.0,1741227.0,2942130.0,1390886.0,0.0,617189.0,1526465.0,987514.0,503025.0,444239.0,52479.0,1767001.0,,0.0,0.0,11972155.0,39961132.0,40604233.0,2660013.0,0.0,329516.0,2182506.0,189374.0,518890.0,13183014.0,3295754.0,518890.0,2776864.0,13992357.0,14824429.0,12095324.0,544065.0,14120625.0,703804.0,83170253.0,43209121.0,39961132.0,1024496.0,259369721.0,4945095.0,hope-d,Hope,hope-d|2019,Hope|2019,"5,000 to 19,999",1651933.0,1387254.0,954534.0,10015780.0,2393621.0,0.16661967999501037,2154.7586620668967,1795.7334633268338,2864.3019349032547,247.7775611219439,327.35953202339886,3.3383731364882463,0.003949944488701516,0.9809341854518169,0.8425580307268079,0.9525240398803894,,,,,,,,,,,,,,,,,,,,,,
Hope,D,FVR,2020,6867.0,3936.0,80.0,27809980.0,823295.0,29876128.0,2426092.0,1902009.0,7763037.0,22113091.0,40712797.0,0.0,0.0,1702651.0,38168477.0,62825888.0,9079128.0,3443339.0,0.0,2977813.0,0.0,524902.0,63166.0,323164.0,0.0,22241.0,16433753.0,1919839.0,3084057.0,1693704.0,0.0,664704.0,2057944.0,958703.0,508556.0,520055.0,38677.0,1860222.0,,38418.0,0.0,13344879.0,40070586.0,40712797.0,2149157.0,0.0,154037.0,1902009.0,144330.0,298367.0,13594087.0,3398522.0,298367.0,3100155.0,14178144.0,14971758.0,12274375.0,396839.0,14148463.0,823295.0,84770137.0,44699551.0,40070586.0,2008094.0,248288288.0,3716196.0,hope-d,Hope,hope-d|2020,Hope|2020,"5,000 to 19,999",1702651.0,2977813.0,933473.0,11340327.0,3088874.0,0.1879591350801001,2393.1488277268095,1943.3346439493228,3220.196738022426,247.94684724042523,276.9781564001747,3.582358296115296,0.008087751605907403,0.9850327374281947,0.9122068357950898,0.9450101317427119,,,,,,,,,,,,,,,,,,,,,,
Hope,D,FVR,2021,6767.0,3936.0,80.0,30760665.0,619315.0,34185528.0,4501509.0,1700386.0,9923492.0,24262036.0,39911512.0,0.0,0.0,1790428.0,36824141.0,64173548.0,9331977.0,3853694.0,0.0,2808614.0,0.0,241405.0,186767.0,238286.0,9270.0,26648.0,16696661.0,1886472.0,4282377.0,1807212.0,0.0,684541.0,2130832.0,1472253.0,486205.0,667968.0,46116.0,1885029.0,,0.0,0.0,15349005.0,38535909.0,39911512.0,1902009.0,11385.0,126000.0,1711771.0,58275.0,184275.0,13986986.0,3496747.0,184275.0,3312472.0,15008587.0,15494114.0,13147321.0,185523.0,14874799.0,619315.0,85109991.0,46574082.0,38535909.0,354856.0,258237673.0,4185200.0,hope-d,Hope,hope-d|2021,Hope|2021,"5,000 to 19,999",1790428.0,2808614.0,702376.0,13405701.0,1347656.0,0.08071410205908834,2467.365302201862,2268.2141273828875,3585.345943549579,264.58223732821045,252.95862272794443,3.0997823145320216,0.001374144972255849,0.9837932244688403,0.9473010200623608,0.9600290148891379,,,,,,,,,,,,,,,,,,,,,,
Hope,D,FVR,2022,3197.0,3936.0,80.0,34384633.0,834031.0,37180996.0,3522511.0,1490990.0,11308061.0,25872935.0,41199240.0,0.0,0.0,1800753.0,39375379.0,67072175.0,9839811.0,4547672.0,0.0,1612114.0,0.0,698389.0,15471.0,0.0,2131368.0,34956.0,18879781.0,2173712.0,3751395.0,1947841.0,0.0,711314.0,2626522.0,1388804.0,609838.0,736244.0,0.0,2035480.0,,0.0,0.0,15981150.0,40875586.0,41199240.0,1711771.0,0.0,128168.0,1500207.0,58275.0,186443.0,15744291.0,3936073.0,186443.0,3588530.0,16176909.0,16930375.0,14222616.0,374209.0,16096344.0,834031.0,89474156.0,48598570.0,40875586.0,4375158.0,271199076.0,4409000.0,hope-d,Hope,hope-d|2022,Hope|2022,"Under 5,000",1800753.0,1612114.0,2880184.0,13887395.0,2898631.0,0.1535309652161749,5905.4679386925245,4998.795746011886,8092.879261807945,563.2633719111667,469.25461370034407,3.0407187403746763,0.01613264346077639,0.9837425699783726,0.9117031111973787,0.9507375944124097,,,,,,,,,,,,,,,,,,,,,,
Hope,D,FVR,2023,6855.0,3936.0,81.0,39074698.0,689459.0,41989985.0,3473312.0,3102524.0,13351243.0,28638742.0,43526367.0,0.0,0.0,4837998.0,38940879.0,72165109.0,10714076.0,4255526.0,0.0,4804883.0,0.0,2024398.0,741310.0,0.0,0.0,31970.0,22572163.0,2197041.0,3405577.0,2988654.0,0.0,974884.0,2764577.0,1504284.0,675246.0,874655.0,0.0,2076589.0,17717.0,0.0,0.0,17479224.0,42829737.0,43526367.0,1500207.0,1800000.0,127942.0,3109799.0,80555.0,208497.0,17522504.0,4380626.0,208497.0,4172129.0,17595504.0,18596208.0,15848813.0,592778.0,17906749.0,689459.0,93206651.0,50376914.0,42829737.0,3660240.0,280804785.0,3995070.0,hope-d,Hope,hope-d|2023,Hope|2023,"5,000 to 19,999",4837998.0,4804883.0,2797678.0,15322080.0,5092939.0,0.22562919645760135,3292.8027716994893,2549.850328227571,4177.788767323122,705.7619256017506,453.654121079504,2.926671172114836,0.013034820613900863,0.9857727851752953,0.9524047476319595,0.9629247532615252,,,,,,,,,,,,,,,,,,,,,,
Hope,D,FVR,2024,6855.0,3936.0,164.0,42681698.0,755145.0,45938735.0,4084735.0,2838550.0,15936697.0,30002038.0,41610413.0,0.0,0.0,5109358.0,37565060.0,71612451.0,11444843.0,4346825.0,0.0,1479175.0,0.0,2202862.0,222335.0,49950.0,0.0,32933.0,19778923.0,2364967.0,4480907.0,2026714.0,0.0,937153.0,2534787.0,3694694.0,841649.0,906493.0,0.0,2212916.0,85226.0,246072.0,0.0,20331578.0,41231131.0,41610413.0,3109799.0,0.0,204911.0,2843797.0,127914.0,332825.0,18575272.0,4643818.0,332825.0,4310993.0,19199443.0,20265281.0,17385965.0,654359.0,19510136.0,755145.0,89834070.0,48602939.0,41231131.0,2088656.0,293186589.0,4090181.0,hope-d,Hope,hope-d|2024,Hope|2024,"5,000 to 19,999",5109358.0,1479175.0,2508080.0,17990748.0,-552655.0,-0.027941612392140866,2885.327935813275,2965.9486506199855,4376.664916119621,745.347629467542,414.8500364697301,2.6782022648733297,0.007123982059083883,0.9860492220536049,0.9283294478810323,0.962737008186563,2567.538946805667,3546.5079302077975,2045.0195609464422,2783.665107049771,2217.25520024837,2437.8724475115623,799.2304887641933,1604.3462673977224,386.9249167164944,518.5374381567245,1.5629948984418691,1.7099330852451193,0.04472396775938227,0.02529861000232605,0.9792813777328785,0.9815511712696461,0.8510570773833829,0.8619101997275483,0.9732053424599786,0.9623635142836453,0.170495619408603,0.19976549769108282
Houston,D,BUL,2019,3106.0,7026.0,0.0,19135354.0,317394.0,23549811.0,695836.0,1519015.0,3225600.0,20324211.0,31898550.0,1246578.0,1061596.0,6127100.0,29960620.0,52222761.0,4664938.0,1632252.0,0.0,6294894.0,0.0,378291.0,1626401.0,0.0,10000.0,0.0,14606776.0,1046758.0,427938.0,105096.0,52844.0,224702.0,1346487.0,1837962.0,424779.0,335347.0,69740.0,1375417.0,,0.0,0.0,7247070.0,31479635.0,31898550.0,1691315.0,0.0,137560.0,1519015.0,42124.0,179684.0,6283462.0,1570866.0,179684.0,1391182.0,6217114.0,6255787.0,5235043.0,-102459.0,5938393.0,317394.0,70261002.0,38781367.0,31479635.0,2546252.0,729740.0,0.0,houston-d,Houston,houston-d|2019,Houston|2019,"Under 5,000",8435274.0,6294894.0,2014692.0,5829529.0,7359706.0,0.5038556078357058,4702.761107533805,2333.2485511912428,6543.532195750161,2715.7997424339987,489.05827430779135,5.932339409722222,3.489259188204018,1.0,0.8856146864213752,0.9492639375349576,,,,,,,,,,,,,,,,,,,,,,
Houston,D,BUL,2020,3147.0,7026.0,0.0,21920582.0,301396.0,26401891.0,2111002.0,1349856.0,5779859.0,20622032.0,35271096.0,815367.0,608713.0,6481236.0,33528548.0,55893128.0,4635309.0,1876771.0,4862.0,2792552.0,0.0,197097.0,180915.0,0.0,0.0,629951.0,10317457.0,1112062.0,436297.0,101582.0,29426.0,292269.0,907910.0,1622818.0,419489.0,271545.0,51199.0,1355364.0,,47130.0,0.0,6647091.0,34878402.0,35271096.0,1519015.0,0.0,130718.0,1349856.0,42831.0,173549.0,6893878.0,1723470.0,173549.0,1549921.0,6401495.0,6545723.0,5556901.0,23916.0,6244327.0,301396.0,74899397.0,40020995.0,34878402.0,4801261.0,1945678.0,0.0,houston-d,Houston,houston-d|2020,Houston|2020,"Under 5,000",7905316.0,2797414.0,1007963.0,5248896.0,3670366.0,0.3557432805389933,3278.5055608516045,2112.1992373689227,6552.91769939625,2512.0165236733396,428.9342230695901,3.7925807532675107,2.4676544628659007,1.0,0.8993025698155466,0.9539552773620271,,,,,,,,,,,,,,,,,,,,,,
Houston,D,BUL,2021,3273.0,7026.0,0.0,21518211.0,176466.0,27077954.0,1132477.0,1249766.0,3954500.0,23123454.0,35225923.0,745216.0,560542.0,6411265.0,33616752.0,58349377.0,4997678.0,1894614.0,120304.0,1678202.0,193703.0,153119.0,2569714.0,0.0,20025.0,43373.0,11670732.0,1225089.0,524330.0,100829.0,29983.0,283933.0,2990491.0,1887455.0,440880.0,277434.0,13557.0,1420501.0,,20000.0,0.0,9214482.0,34866518.0,35225923.0,1349856.0,0.0,57800.0,1249766.0,42125.0,99925.0,6537890.0,1634473.0,99925.0,1534548.0,6669357.0,7002557.0,5909610.0,233768.0,6826091.0,176466.0,76197497.0,41330979.0,34866518.0,1724908.0,2041404.0,0.0,houston-d,Houston,houston-d|2021,Houston|2021,"Under 5,000",7717023.0,1992209.0,2786231.0,7751856.0,2456250.0,0.2104623771670877,3565.7598533455543,2815.301558203483,7064.911090742438,2357.7827681026583,381.84112435074854,5.441449235048679,0.8449616048562656,1.0,0.9388640864670141,0.9747997767101361,,,,,,,,,,,,,,,,,,,,,,
Houston,D,BUL,2022,1060.0,7026.0,128.0,24865503.0,137359.0,27902705.0,1098129.0,1145671.0,3360851.0,24541854.0,34519067.0,3129876.0,3148644.0,10686768.0,32992306.0,59060921.0,5199792.0,2054271.0,892969.0,1007658.0,91612.0,395716.0,203784.0,0.0,11231.0,46326.0,9903359.0,1293282.0,487623.0,84202.0,39308.0,308928.0,2873656.0,1802708.0,509310.0,381466.0,9057.0,1402276.0,,0.0,0.0,9191816.0,34137978.0,34519067.0,1249766.0,0.0,57800.0,1145671.0,36829.0,94629.0,7201636.0,1800409.0,94629.0,1705780.0,6927457.0,7138475.0,6218494.0,98561.0,7001116.0,137359.0,76595701.0,42457723.0,34137978.0,677362.0,166014764.0,2904926.0,houston-d,Houston,houston-d|2022,Houston|2022,"Under 5,000",16965288.0,1992239.0,657057.0,7752711.0,711543.0,0.07184865256323637,9342.791509433962,8671.524528301887,23152.69245283019,16004.988679245283,1080.8216981132075,7.398573456544191,0.004080131090027632,0.9825020020508537,0.947440276070604,0.9807579349931183,,,,,,,,,,,,,,,,,,,,,,
Houston,D,BUL,2023,3268.0,7026.0,128.0,26139927.0,395950.0,30940239.0,1601749.0,1037414.0,3764536.0,27175703.0,37796043.0,3471365.0,2697701.0,14394351.0,36238481.0,64971746.0,5485009.0,3137298.0,1124912.0,2501095.0,331394.0,1278029.0,1004710.0,0.0,0.0,50458.0,14912905.0,1597664.0,579399.0,107578.0,20103.0,305931.0,2159728.0,2004030.0,442700.0,899906.0,0.0,1437306.0,6878.0,0.0,0.0,9561223.0,37560098.0,37796043.0,1145671.0,0.0,108257.0,1037414.0,36829.0,145086.0,9270364.0,2317591.0,145086.0,2172505.0,7318310.0,7516190.0,6406263.0,195951.0,7243526.0,395950.0,81450628.0,43890530.0,37560098.0,4582101.0,6232712.0,0.0,houston-d,Houston,houston-d|2023,Houston|2023,"Under 5,000",20563417.0,3957401.0,2333197.0,8087088.0,5351682.0,0.358862475151555,4563.312423500612,2925.7108323133416,8315.698592411261,6292.355263157895,317.4461444308445,6.943731445256467,0.7351696981987937,1.0,0.9373979274168738,0.9637231097138311,,,,,,,,,,,,,,,,,,,,,,
Houston,D,BUL,2024,3268.0,7026.0,129.0,29398201.0,434808.0,33399136.0,952763.0,924825.0,4346867.0,29052269.0,39558830.0,4200449.0,3053207.0,15502624.0,38006223.0,68611099.0,5741807.0,2571649.0,387433.0,4045197.0,2708.0,1379717.0,-77084.0,0.0,1891.0,55994.0,14109312.0,1831179.0,949430.0,122120.0,28420.0,773451.0,1778987.0,2289619.0,476137.0,374266.0,0.0,1510561.0,12192.0,323597.0,0.0,10469959.0,38931048.0,39558830.0,1037414.0,0.0,57800.0,924825.0,36829.0,94629.0,9014653.0,2253663.0,94629.0,2159034.0,7667221.0,8134846.0,6751173.0,266316.0,7700038.0,434808.0,83197252.0,44266204.0,38931048.0,3206713.0,180504884.0,2648776.0,houston-d,Houston,houston-d|2024,Houston|2024,"Under 5,000",22756280.0,4435338.0,1360518.0,8922569.0,3639353.0,0.25793979181975707,4317.414932680538,3203.78182374541,8889.923194614443,6963.365973072216,282.99418604651163,6.763078097397505,0.017765242296712593,0.9853257377789291,0.958011024718425,0.9465499408347743,4486.511144130758,3546.5079302077975,3557.844717668488,2783.665107049771,5496.677373974208,2437.8724475115623,3386.4506393861893,1604.3462673977224,624.7436119532265,518.5374381567245,3.324657351485151,1.7099330852451193,0.02521828600111612,0.02529861000232605,0.9816336034641139,0.9815511712696461,0.8531878894527055,0.8619101997275483,0.9614729661922712,0.9623635142836453,0.23352896680225554,0.19976549769108282
Hudson's Hope,D,PEA,2019,1061.0,86332.0,0.0,6067135.0,87891.0,6921374.0,391163.0,8821.0,908652.0,6012722.0,22984687.0,72740.0,61897.0,1996118.0,21354269.0,28997409.0,3834597.0,726890.0,0.0,2066503.0,195835.0,152580.0,0.0,0.0,0.0,0.0,6976405.0,1650198.0,259475.0,132765.0,20241.0,56849.0,1148358.0,1035554.0,331737.0,0.0,0.0,981559.0,,30458.0,0.0,5647194.0,21363090.0,22984687.0,11538.0,0.0,1765.0,8821.0,56614.0,58379.0,5759430.0,1439858.0,58379.0,1381479.0,5273523.0,5372236.0,5007155.0,54136.0,5284345.0,87891.0,34878669.0,13515579.0,21363090.0,1323191.0,1270038.0,0.0,hudson-s-hope-d,Hudson's Hope,hudson-s-hope-d|2019,Hudson's Hope|2019,"Under 5,000",2130755.0,2262338.0,152580.0,4609021.0,1329211.0,0.1905295062428285,6575.311027332705,5322.520263901979,5667.032987747408,2008.2516493873704,8.313854853911405,6.677072190453551,1.041851503655796,1.0,0.959455029593196,0.9836397730851735,,,,,,,,,,,,,,,,,,,,,,
Hudson's Hope,D,PEA,2020,1065.0,86332.0,0.0,6868503.0,44084.0,8437376.0,504506.0,5995.0,1050143.0,7387233.0,25444866.0,71384.0,44445.0,2063450.0,24595526.0,32832099.0,4082487.0,654490.0,0.0,4856463.0,97869.0,59153.0,0.0,0.0,0.0,0.0,9750462.0,2058554.0,270759.0,51591.0,1203.0,59662.0,1592455.0,641687.0,177591.0,89666.0,0.0,971726.0,,878.0,0.0,5915772.0,24601521.0,25444866.0,8555.0,0.0,1765.0,5995.0,795.0,2560.0,5817279.0,1454320.0,2560.0,1451760.0,5612118.0,5712358.0,5360571.0,75233.0,5668274.0,44084.0,39051288.0,14449767.0,24601521.0,4142228.0,1485018.0,0.0,hudson-s-hope-d,Hudson's Hope,hudson-s-hope-d|2020,Hudson's Hope|2020,"Under 5,000",2179279.0,4954332.0,59153.0,4943251.0,3834690.0,0.3932829029024471,9155.36338028169,5554.715492957746,6936.369014084507,2046.2713615023474,5.629107981220657,6.540540669223144,2.7893453143328903,1.0,0.9982397271577095,0.9922826965676871,,,,,,,,,,,,,,,,,,,,,,
Hudson's Hope,D,PEA,2021,1069.0,86332.0,0.0,7954040.0,43601.0,8714037.0,525994.0,3056.0,1049286.0,7664751.0,26719820.0,127299.0,82918.0,2751935.0,26593194.0,34384571.0,4167518.0,691044.0,0.0,2152741.0,200421.0,20627.0,0.0,0.0,0.0,0.0,7232351.0,1124072.0,340392.0,49152.0,12099.0,92188.0,1558145.0,814964.0,331439.0,111496.0,0.0,1098839.0,,147093.0,0.0,5679879.0,26596248.0,26719820.0,5995.0,0.0,1765.0,3056.0,795.0,2560.0,5893756.0,1473439.0,2560.0,1470879.0,5704579.0,5756773.0,2026502.0,30558.0,5713172.0,43601.0,41622141.0,15025893.0,26596248.0,3110560.0,1703921.0,0.0,hudson-s-hope-d,Hudson's Hope,hudson-s-hope-d|2021,Hudson's Hope|2021,"Under 5,000",2962152.0,2353162.0,20627.0,4580245.0,1552472.0,0.21465661719128398,6765.529466791394,5313.2637979420015,7170.019644527596,2770.956033676333,2.8587464920486436,7.5804308834769545,1.825530643732896,1.0,0.9982625680465903,0.9924261387412705,,,,,,,,,,,,,,,,,,,,,,
Hudson's Hope,D,PEA,2022,3803.0,86332.0,0.0,8121812.0,76210.0,9191334.0,375688.0,0.0,886081.0,8305253.0,26420368.0,263601.0,79406.0,3925775.0,26311052.0,34725621.0,4381029.0,528708.0,0.0,1873597.0,102552.0,33306.0,0.0,0.0,0.0,488981.0,7408173.0,996648.0,479092.0,51574.0,17174.0,84904.0,1609089.0,949888.0,1322487.0,95496.0,0.0,1087444.0,,373327.0,0.0,7067123.0,26311052.0,26420368.0,3056.0,0.0,1765.0,0.0,5158.0,6923.0,6594740.0,1648685.0,6923.0,1641762.0,5886027.0,5942806.0,2371653.0,30630.0,5866596.0,76210.0,41806575.0,15495523.0,26311052.0,1119436.0,1888077.0,0.0,hudson-s-hope-d,Hudson's Hope,hudson-s-hope-d|2022,Hudson's Hope|2022,"Under 5,000",4268782.0,1976149.0,522287.0,5974521.0,341050.0,0.04603699184670768,1947.9813305285302,1858.3021298974493,2183.868787799106,1122.4775177491454,0.0,9.165992725270037,0.5928974295010214,1.0,0.9958008958654928,0.9871760915634803,,,,,,,,,,,,,,,,,,,,,,
Hudson's Hope,D,PEA,2023,1071.0,86332.0,0.0,7803287.0,65561.0,9219058.0,245959.0,0.0,2001508.0,7217550.0,25408359.0,82488.0,119038.0,4021926.0,24501291.0,32625909.0,4757426.0,557805.0,0.0,3230017.0,107461.0,93305.0,0.0,0.0,2180.0,64628.0,8812822.0,1358241.0,343134.0,35134.0,38984.0,84348.0,1640360.0,857703.0,1502502.0,96823.0,0.0,1255335.0,0.0,3102641.0,0.0,10315205.0,25203748.0,25408359.0,0.0,0.0,0.0,0.0,0.0,0.0,6504978.0,1626245.0,0.0,1626245.0,6466546.0,6556710.0,6437974.0,53175.0,6491149.0,65561.0,42206711.0,17002963.0,25203748.0,3185555.0,2030452.0,0.0,hudson-s-hope-d,Hudson's Hope,hudson-s-hope-d|2023,Hudson's Hope|2023,"Under 5,000",4223452.0,3337478.0,160113.0,9059870.0,-1502383.0,-0.1704769482465435,8228.591970121382,9631.377217553689,6739.075630252101,3943.465919701214,0.0,3.8987038772765334,1.5688895871461133,1.0,1.0,0.9900009303446393,,,,,,,,,,,,,,,,,,,,,,
Hudson's Hope,D,PEA,2024,1071.0,86332.0,0.0,10678789.0,73240.0,11023242.0,462405.0,0.0,2403308.0,8619934.0,25331300.0,26185.0,109124.0,3882591.0,24510878.0,33951234.0,6446218.0,625257.0,119098.0,1250227.0,116889.0,132541.0,0.0,0.0,24955.0,0.0,8715185.0,1836320.0,470131.0,127421.0,0.0,271782.0,1526946.0,909100.0,816579.0,72348.0,1283.0,1357949.0,0.0,0.0,0.0,7389859.0,25213332.0,25331300.0,0.0,0.0,0.0,0.0,0.0,0.0,8234474.0,2058619.0,0.0,2058619.0,8243817.0,8322514.0,7966134.0,38279.0,8249274.0,73240.0,43322679.0,18109347.0,25213332.0,1379886.0,89640600.0,3047268.0,hudson-s-hope-d,Hudson's Hope,hudson-s-hope-d|2024,Hudson's Hope|2024,"Under 5,000",4017900.0,1486214.0,157496.0,6031910.0,1325326.0,0.1520708969459627,8137.427637721756,6899.961718020541,8048.491129785248,3751.5406162464988,0.0,4.443370970345874,0.015393538195862142,0.9660057161598651,1.0,0.9911997744912174,4486.511144130758,3546.5079302077975,3557.844717668488,2783.665107049771,5496.677373974208,2437.8724475115623,3386.4506393861893,1604.3462673977224,624.7436119532265,518.5374381567245,3.324657351485151,1.7099330852451193,0.02521828600111612,0.02529861000232605,0.9816336034641139,0.9815511712696461,0.8531878894527055,0.8619101997275483,0.9614729661922712,0.9623635142836453,0.23352896680225554,0.19976549769108282
Invermere,D,EKO,2019,3713.0,998.0,55.0,14958301.0,177116.0,16809904.0,1338454.0,10882535.0,18377616.0,-1567712.0,88388491.0,857294.0,668331.0,4207005.0,77271060.0,86820779.0,4789698.0,3715268.0,40000.0,1494081.0,142328.0,400377.0,0.0,0.0,2383.0,0.0,10584135.0,1856820.0,619193.0,378027.0,40656.0,428909.0,813938.0,1426858.0,793048.0,520242.0,0.0,2542743.0,,0.0,0.0,9420434.0,88277060.0,88388491.0,6432519.0,5000000.0,337268.0,11006000.0,294260.0,631528.0,9238130.0,2309533.0,631528.0,1678005.0,8293082.0,8548160.0,7317751.0,158097.0,8371044.0,177116.0,129482978.0,41205918.0,88277060.0,7614168.0,20369681.0,0.0,invermere-d,Invermere,invermere-d|2019,Invermere|2019,"Under 5,000",5732630.0,1676409.0,402760.0,6583431.0,1163701.0,0.10994767168030264,2850.5615405332615,2537.148936170213,-422.22246162133047,1543.934823592782,2964.179908429841,0.8139413186128168,0.3737990791313816,1.0,0.7265559747360181,0.9792802193688467,,,,,,,,,,,,,,,,,,,,,,
Invermere,D,EKO,2020,3758.0,998.0,55.0,18448735.0,168539.0,19831230.0,3077000.0,10295954.0,20174457.0,-343227.0,88983694.0,839081.0,681068.0,5753799.0,77916604.0,88640467.0,5171046.0,2790242.0,32000.0,2996157.0,175424.0,322937.0,0.0,0.0,0.0,0.0,11487806.0,1231090.0,614984.0,475408.0,41578.0,677006.0,1123520.0,1462610.0,663599.0,759676.0,0.0,2568069.0,,50578.0,0.0,9668118.0,88893009.0,88983694.0,11006000.0,686149.0,613436.0,10976405.0,318043.0,931479.0,8617410.0,2154353.0,931479.0,827374.0,8780932.0,8991014.0,7800368.0,131302.0,8822475.0,168539.0,132365590.0,43472581.0,88893009.0,3229936.0,19089220.0,0.0,invermere-d,Invermere,invermere-d|2020,Invermere|2020,"Under 5,000",7273948.0,3203581.0,322937.0,6782006.0,1819688.0,0.1584017000287087,3056.8935604044705,2572.6764236295903,-91.33235763704099,1935.5902075572112,2920.8102714209685,0.9144600521342409,0.16920209416623624,1.0,0.38404755395239315,0.981254728332088,,,,,,,,,,,,,,,,,,,,,,
Invermere,D,EKO,2021,3809.0,998.0,55.0,19901777.0,111259.0,21758606.0,3119549.0,9732996.0,19991435.0,1767171.0,91189963.0,950072.0,691354.0,6650643.0,80820196.0,92957134.0,5216322.0,3964119.0,40331.0,3097078.0,146556.0,306773.0,0.0,1215937.0,0.0,0.0,13987116.0,1373775.0,768705.0,408191.0,27444.0,681733.0,658731.0,1430042.0,686585.0,916281.0,0.0,2651526.0,,67436.0,0.0,9670449.0,91071766.0,91189963.0,10976405.0,0.0,644442.0,10251570.0,254225.0,898667.0,9871774.0,2467944.0,898667.0,1138277.0,9147097.0,9354472.0,8155320.0,136828.0,9243213.0,111259.0,136964476.0,45892710.0,91071766.0,4897719.0,20907081.0,0.0,invermere-d,Invermere,invermere-d|2021,Invermere|2021,"Under 5,000",8292069.0,3283965.0,1522710.0,6764698.0,4316667.0,0.308617373302688,3672.122866894198,2538.8419532685743,463.9461800997637,2176.9674455237596,2691.407193489105,0.9955151793755675,0.23426125340022358,1.0,0.4612248089908037,0.9881063303198727,,,,,,,,,,,,,,,,,,,,,,
Invermere,D,EKO,2022,103159.0,998.0,55.0,21405762.0,145314.0,23724881.0,2448128.0,10933468.0,21107143.0,2617738.0,92495476.0,877164.0,1302430.0,8392139.0,81073782.0,95113214.0,5430559.0,3816522.0,500.0,2376130.0,152369.0,452838.0,0.0,586621.0,0.0,158399.0,12973938.0,1500128.0,931823.0,350929.0,24466.0,863009.0,1052504.0,1470891.0,947061.0,782834.0,0.0,2844862.0,,49351.0,0.0,10817858.0,92359838.0,92495476.0,10251570.0,1499245.0,373459.0,11286057.0,414286.0,787745.0,10351019.0,2587755.0,787745.0,1756390.0,9775153.0,9933994.0,8731734.0,76084.0,9788680.0,145314.0,141072291.0,48712453.0,92359838.0,4182285.0,19628479.0,0.0,invermere-d,Invermere,invermere-d|2022,Invermere|2022,"100,000 and over",10571733.0,2528999.0,1197858.0,7558710.0,2156080.0,0.16618547121159358,125.76641882918601,104.8658672534631,25.375759749512888,102.47998720421873,109.40448240095387,1.014147769785802,0.21307229154128549,1.0,0.6787311781834061,0.985372046731657,,,,,,,,,,,,,,,,,,,,,,
Invermere,D,EKO,2023,3910.0,998.0,55.0,24050968.0,177903.0,26011637.0,3031923.0,10362369.0,21220050.0,4791587.0,95806250.0,895389.0,733903.0,10911325.0,84837229.0,100597837.0,5902797.0,4233211.0,855.0,5600549.0,153862.0,1183053.0,0.0,0.0,0.0,106222.0,17180549.0,1778490.0,1123825.0,377951.0,30620.0,715668.0,1300988.0,1608434.0,805289.0,969062.0,0.0,2851267.0,0.0,21718.0,0.0,11583312.0,95637553.0,95806250.0,11286057.0,-5551.0,602465.0,10575423.0,395604.0,998069.0,11782665.0,2945666.0,998069.0,1902808.0,10674496.0,10847220.0,9635243.0,74917.0,10669317.0,177903.0,146917820.0,51280267.0,95637553.0,6072449.0,20470228.0,0.0,invermere-d,Invermere,invermere-d|2023,Invermere|2023,"Under 5,000",12540617.0,5755266.0,1289275.0,8336441.0,5597237.0,0.32578918170775567,4394.002301790281,2962.483887468031,1225.469820971867,3207.3189258312023,2704.711764705882,1.1334076969658413,0.29664784388332166,1.0,0.6459686875565661,0.9835992079076482,,,,,,,,,,,,,,,,,,,,,,
Invermere,D,EKO,2024,3910.0,998.0,55.0,27272572.0,244457.0,29253546.0,2836365.0,9971935.0,22704113.0,6549433.0,96820756.0,1046920.0,680134.0,11513968.0,86397557.0,103370189.0,6193838.0,4168380.0,5395.0,3469942.0,137915.0,1179608.0,0.0,0.0,0.0,0.0,15155078.0,1917422.0,1153157.0,418884.0,39407.0,498780.0,1389061.0,1823510.0,951322.0,1038080.0,0.0,3041032.0,0.0,112046.0,0.0,12382701.0,96636953.0,96820756.0,10575449.0,0.0,498111.0,10035833.0,371917.0,870028.0,12010021.0,3002505.0,870028.0,2132477.0,11461608.0,11730132.0,10354316.0,153021.0,11485675.0,244457.0,150362559.0,53725606.0,96636953.0,4279258.0,502802876.0,9234677.0,invermere-d,Invermere,invermere-d|2024,Invermere|2024,"Under 5,000",13241022.0,3613252.0,1179608.0,8969752.0,2772377.0,0.18293386546740306,3875.9790281329924,3166.9312020460357,1675.0468030690538,3386.4506393861893,2566.7092071611255,1.2012172420036846,0.008510806529276892,0.9816336034641139,0.7102326224269402,0.9791599105619613,4486.511144130758,3546.5079302077975,3557.844717668488,2783.665107049771,5496.677373974208,2437.8724475115623,3386.4506393861893,1604.3462673977224,624.7436119532265,518.5374381567245,3.324657351485151,1.7099330852451193,0.02521828600111612,0.02529861000232605,0.9816336034641139,0.9815511712696461,0.8531878894527055,0.8619101997275483,0.9614729661922712,0.9623635142836453,0.23352896680225554,0.19976549769108282
Jumbo Glacier,V,EKO,2019,0.0,5970.0,0.0,389642.0,0.0,390490.0,5058.0,0.0,5058.0,385432.0,173642.0,0.0,0.0,0.0,172594.0,559074.0,5002.0,2003.0,0.0,0.0,110250.0,2351.0,0.0,0.0,0.0,0.0,119606.0,31848.0,0.0,0.0,0.0,62.0,0.0,0.0,0.0,0.0,0.0,4426.0,,0.0,0.0,36336.0,172594.0,173642.0,0.0,0.0,0.0,0.0,0.0,0.0,9356.0,2339.0,0.0,2339.0,7566.0,7568.0,7565.0,0.0,7568.0,0.0,199255.0,26661.0,172594.0,0.0,200000.0,4450.0,jumbo-glacier-v,Jumbo Glacier,jumbo-glacier-v|2019,Jumbo Glacier|2019,"Under 5,000",0,110250.0,2351.0,31910.0,83270.0,0.6962025316455697,,,,,,77.03479636219849,0.0,0.97775,1.0,1.0,,,,,,,,,,,,,,,,,,,,,,
Jumbo Glacier,V,EKO,2020,0.0,5970.0,0.0,35570.0,0.0,36224.0,108.0,0.0,108.0,36116.0,168168.0,0.0,0.0,0.0,168168.0,204284.0,1.0,0.0,0.0,0.0,0.0,592.0,0.0,0.0,0.0,-1.0,592.0,24217.0,0.0,0.0,0.0,42.0,0.0,0.0,0.0,0.0,0.0,4426.0,,0.0,326697.0,355382.0,168168.0,168168.0,0.0,0.0,0.0,0.0,0.0,0.0,592.0,148.0,0.0,148.0,3.0,3.0,3.0,0.0,3.0,0.0,199149.0,30981.0,168168.0,0.0,0.0,0.0,jumbo-glacier-v,Jumbo Glacier,jumbo-glacier-v|2020,Jumbo Glacier|2020,"Under 5,000",0,0,591.0,350956.0,-354790.0,-599.3074324324324,,,,,,329.35185185185185,,,1.0,1.0,,,,,,,,,,,,,,,,,,,,,,
Kamloops,C,TNR,2019,100046.0,29608.0,0.0,180673305.0,3523083.0,214089647.0,28672555.0,90351359.0,189435159.0,24654488.0,1234167096.0,4423731.0,2799015.0,34408890.0,114939641.0,1258821584.0,116818139.0,73966450.0,2706068.0,14146548.0,7696169.0,6077804.0,0.0,9476647.0,527491.0,0.0,231415316.0,30038220.0,52304874.0,8055590.0,0.0,7055945.0,30080767.0,27893642.0,9302158.0,6785646.0,1971425.0,30950434.0,,0.0,0.0,204438701.0,1231291068.0,1234167096.0,105755964.0,0.0,13460087.0,90351359.0,3621129.0,17081216.0,195968142.0,48992036.0,17081216.0,31910820.0,169016916.0,174917539.0,112140430.0,4008124.0,171394456.0,3523083.0,1760392283.0,529101215.0,1231291068.0,46721313.0,152156165.0,0.0,kamloops-c,Kamloops,kamloops-c|2019,Kamloops|2019,"100,000 and over",41631636.0,24548785.0,16081942.0,169867138.0,26976615.0,0.11657229722858965,2313.0891389960616,2043.4470243687904,246.43152150010994,416.12494252643785,903.0981648441717,0.9537474772568486,0.3070615837353682,1.0,0.6513470883308463,0.9798586064031006,,,,,,,,,,,,,,,,,,,,,,
Kamloops,C,TNR,2020,101198.0,29608.0,1351.0,169978985.0,4127868.0,209477034.0,28882134.0,80599507.0,185175463.0,24301571.0,1268318389.0,4426732.0,2726611.0,31635687.0,1162900781.0,1292619960.0,119686794.0,67945295.0,4473093.0,26281737.0,3856996.0,7384988.0,0.0,7371435.0,520856.0,0.0,237521194.0,29692232.0,49821171.0,10341139.0,0.0,7824406.0,27795283.0,25124605.0,9196106.0,8823504.0,2110796.0,33041760.0,,0.0,0.0,203771002.0,1261929560.0,1268318389.0,90303173.0,0.0,7463493.0,80599507.0,3526667.0,10990160.0,191935051.0,47983763.0,10990160.0,36993603.0,168310628.0,174525162.0,111266902.0,4293873.0,170397294.0,4127868.0,1823702785.0,561773225.0,1261929560.0,63688206.0,129447667.0,0.0,kamloops-c,Kamloops,kamloops-c|2020,Kamloops|2020,"100,000 and over",38789030.0,34611826.0,15277279.0,167202575.0,33750192.0,0.14209339146383712,2347.0937567936126,2013.5872448072096,240.1388466175221,383.29838534358385,796.4535563943952,0.9179347103887084,0.49199964337711855,1.0,0.7709608560712506,0.9763480064840163,,,,,,,,,,,,,,,,,,,,,,
Kamloops,C,TNR,2021,101603.0,29608.0,1353.0,189743298.0,3081817.0,225296903.0,34788576.0,78202065.0,195152934.0,30143969.0,1285500942.0,4434273.0,2651394.0,32334235.0,1199313394.0,1315644911.0,123939331.0,71696055.0,1424419.0,17151024.0,7926675.0,4870607.0,0.0,8370819.0,173322.0,0.0,235552252.0,24097652.0,55122164.0,10797952.0,2110429.0,6229859.0,26114127.0,28171250.0,10529376.0,8391891.0,4917952.0,36044649.0,,0.0,0.0,212527301.0,1277515459.0,1285500942.0,80599507.0,7150000.0,7241676.0,78202065.0,3175522.0,10417198.0,198555748.0,49638937.0,10417198.0,39221739.0,180156920.0,185156239.0,121338973.0,3517820.0,182074422.0,3081817.0,1873291016.0,595775557.0,1277515459.0,51657532.0,123180428.0,0.0,kamloops-c,Kamloops,kamloops-c|2021,Kamloops|2021,"100,000 and over",39419902.0,26502118.0,13414748.0,173307130.0,23024951.0,0.09774880437143942,2318.3592216765255,2091.742379654144,296.68384791787645,387.9797053236617,769.6826373237011,0.9722800170660001,0.4193647711631591,1.0,0.7901405906415764,0.9833555865217158,,,,,,,,,,,,,,,,,,,,,,
Kamloops,C,TNR,2022,1045.0,29608.0,1351.0,186796878.0,3585068.0,226136830.0,36699574.0,69021681.0,197913172.0,28223658.0,1333976758.0,5808483.0,2981466.0,15396778.0,1260030318.0,1362200416.0,131559883.0,79105031.0,1748648.0,19859327.0,4313779.0,5216510.0,0.0,27435815.0,2636632.0,0.0,271875625.0,24018609.0,57360803.0,11812769.0,1401898.0,7990126.0,30068091.0,31054627.0,10255671.0,8574586.0,7550057.0,35232883.0,,0.0,0.0,225320120.0,1329051999.0,1333976758.0,78202065.0,0.0,6902544.0,69021681.0,2989937.0,9892481.0,216222627.0,54055657.0,9892481.0,44163176.0,190122676.0,194126257.0,127016057.0,2327138.0,190541189.0,3585068.0,1958912785.0,629860786.0,1329051999.0,87024929.0,148736900.0,0.0,kamloops-c,Kamloops,kamloops-c|2022,Kamloops|2022,"Under 5,000",24186727.0,25921754.0,35288957.0,187097300.0,46555505.0,0.17123824542932084,260168.06220095695,215617.33971291865,27008.285167464113,23145.193301435407,66049.45550239235,0.943832470129881,0.5850930670196838,1.0,0.8169945284357565,0.9815322870002073,,,,,,,,,,,,,,,,,,,,,,
Kamloops,C,TNR,2023,107254.0,29608.0,1355.0,187601778.0,4138209.0,223040312.0,44724068.0,56217401.0,231606864.0,-8566552.0,1390982107.0,5802113.0,2765178.0,12694607.0,1283739000.0,1382415555.0,141295421.0,80228787.0,663686.0,36192488.0,5957827.0,9416051.0,0.0,21838720.0,1140443.0,0.0,296733423.0,31445136.0,60808603.0,13225317.0,1371609.0,10014763.0,31095236.0,32648301.0,14642217.0,8612788.0,6887266.0,38559200.0,1321669.0,0.0,0.0,250632105.0,1379985535.0,1390982107.0,69021681.0,0.0,10529676.0,56217401.0,3738252.0,14267928.0,231607502.0,57901876.0,14267928.0,43633948.0,203900362.0,208566274.0,136298162.0,4280533.0,163747506.0,4138209.0,2052164376.0,672178841.0,1379985535.0,85272308.0,156514878.0,0.0,kamloops-c,Kamloops,kamloops-c|2023,Kamloops|2023,"100,000 and over",21261898.0,42814001.0,32395214.0,208334653.0,46101318.0,0.15536274119009505,2766.642018013314,2336.8089302030694,-79.87163182725119,198.23874167863204,524.1520223021985,0.8100009419409954,0.5448191832600093,1.0,0.7535843570940604,0.7851101851682886,,,,,,,,,,,,,,,,,,,,,,
Kamloops,C,TNR,2024,107254.0,29608.0,1356.0,135538953.0,5129935.0,177152961.0,48383321.0,47390764.0,229627032.0,-52474071.0,1461647363.0,5906630.0,2800441.0,9969997.0,1305760443.0,1409173292.0,156021699.0,85215371.0,9068116.0,20777796.0,3287.0,9961585.0,0.0,15155456.0,5223535.0,0.0,301426845.0,37133208.0,71232380.0,14119963.0,1455537.0,8674421.0,33400548.0,32675479.0,14562614.0,10071435.0,10027436.0,39837500.0,1478587.0,0.0,0.0,274669108.0,1453900091.0,1461647363.0,56217401.0,0.0,6486797.0,47390764.0,3381791.0,9868588.0,251383451.0,62845863.0,9868588.0,52977275.0,222294861.0,227814377.0,151781333.0,5096315.0,180308144.0,5129935.0,2163104370.0,709204279.0,1453900091.0,113964474.0,4366071878.0,130212397.0,kamloops-c,Kamloops,kamloops-c|2024,Kamloops|2024,"100,000 and over",18677068.0,29849199.0,30340576.0,231449817.0,26757737.0,0.08877025203246247,2810.401896432767,2560.9218117739197,-489.2504801685718,174.13866149514237,441.8554459507338,0.5902569563325628,0.026102289926615816,0.9701763047795614,0.8429715572527026,0.7914695568137914,3003.390678329474,3546.5079302077975,2379.369597210911,2783.665107049771,2052.765446183268,2437.8724475115623,1093.3312652075697,1604.3462673977224,312.26099706744867,518.5374381567245,1.6357691597817738,1.7099330852451193,0.025378934003535983,0.02529861000232605,0.9802497344746216,0.9815511712696461,0.9023585311053542,0.8619101997275483,0.9669710895067201,0.9623635142836453,0.27009754429306687,0.19976549769108282
Kaslo,V,CKO,2019,1024.0,335.0,62.0,1952362.0,156735.0,2235903.0,171972.0,34882.0,688697.0,1547206.0,9210348.0,244755.0,105874.0,902727.0,8958753.0,10757554.0,712031.0,745175.0,41037.0,1444686.0,57582.0,57374.0,0.0,0.0,14648.0,0.0,3072533.0,542540.0,67960.0,80776.0,1801.0,0.0,476100.0,24846.0,202683.0,115770.0,0.0,385863.0,,0.0,0.0,1898339.0,9145920.0,9210348.0,181767.0,122000.0,112653.0,187167.0,9174.0,121827.0,1876667.0,469167.0,121827.0,347340.0,1632118.0,1796939.0,1246468.0,56807.0,1640204.0,156735.0,16782818.0,7636898.0,9145920.0,1358856.0,1590402.0,385863.0,kaslo-v,Kaslo,kaslo-v|2019,Kaslo|2019,"Under 5,000",1253356.0,1543305.0,72022.0,1503302.0,1174194.0,0.38215830391406697,3000.5205078125,1853.8466796875,1510.943359375,1223.98046875,182.7802734375,2.8348635176282166,0.8544103943531258,0.7573802095319296,0.7403333994078868,0.9127766718847996,,,,,,,,,,,,,,,,,,,,,,
Kaslo,V,CKO,2020,1031.0,335.0,0.0,2898483.0,127354.0,3231502.0,275208.0,17783.0,876904.0,2354598.0,9212998.0,282447.0,130271.0,1002453.0,9009036.0,11567596.0,739928.0,600649.0,0.0,1032712.0,44997.0,42886.0,0.0,185397.0,0.0,257157.0,2903726.0,599482.0,10441.0,104998.0,0.0,0.0,343466.0,79022.0,402882.0,116767.0,22216.0,414410.0,,0.0,0.0,2093684.0,9133123.0,9212998.0,187167.0,0.0,58475.0,124087.0,7181.0,65656.0,2006336.0,501584.0,65656.0,435928.0,1707218.0,1878858.0,1306001.0,100624.0,1751504.0,127354.0,17184431.0,8051308.0,9133123.0,401615.0,1890402.0,0.0,kaslo-v,Kaslo,kaslo-v|2020,Kaslo|2020,"Under 5,000",1415171.0,1077709.0,485440.0,1672093.0,810042.0,0.2789664038549092,2816.4170708050437,2030.7313288069836,2283.800193986421,1372.6197866149369,120.35596508244423,3.305359537646082,0.21244952131874595,1.0,0.8691026827012026,0.9322173362755461,,,,,,,,,,,,,,,,,,,,,,
Kaslo,V,CKO,2021,1039.0,335.0,62.0,3646558.0,50962.0,3872135.0,270572.0,0.0,908635.0,2963500.0,9356848.0,304247.0,110815.0,1477551.0,9292215.0,12320348.0,794847.0,745193.0,3192.0,663885.0,327421.0,32950.0,0.0,0.0,219903.0,335558.0,3122949.0,613095.0,119850.0,97604.0,0.0,21521.0,344712.0,113063.0,380040.0,163331.0,20399.0,437147.0,,0.0,0.0,2310762.0,9292215.0,9356848.0,124087.0,0.0,59363.0,59435.0,787.0,60150.0,2270634.0,567659.0,60150.0,507509.0,1890127.0,2036136.0,1496960.0,122969.0,1985174.0,50962.0,17840103.0,8547888.0,9292215.0,655672.0,1890402.0,0.0,kaslo-v,Kaslo,kaslo-v|2021,Kaslo|2021,"Under 5,000",1892613.0,994498.0,588411.0,1872828.0,812187.0,0.2600705294899148,3005.725697786333,2224.025024061598,2852.261790182868,1821.5717035611165,57.20404234841193,4.013226433056178,0.3468426292397067,1.0,0.8940384984647474,0.9749712199970926,,,,,,,,,,,,,,,,,,,,,,
Kaslo,V,CKO,2022,153385.0,335.0,62.0,4190314.0,35456.0,4655093.0,338531.0,0.0,1931476.0,2723617.0,10190203.0,345041.0,145466.0,1359966.0,10078937.0,12913820.0,806669.0,906900.0,23755.0,1089201.0,87880.0,79664.0,0.0,141694.0,34555.0,0.0,3170318.0,876554.0,373142.0,95972.0,0.0,0.0,309058.0,110119.0,230437.0,122101.0,0.0,471696.0,,47202.0,0.0,2636281.0,10110929.0,10190203.0,59435.0,0.0,27443.0,31992.0,965.0,28408.0,2250233.0,562558.0,28408.0,534150.0,1994897.0,2045058.0,1616320.0,22863.0,2009602.0,35456.0,19034123.0,8923194.0,10110929.0,1278188.0,1851445.0,0.0,kaslo-v,Kaslo,kaslo-v|2022,Kaslo|2022,"100,000 and over",1850473.0,1200836.0,255913.0,2163620.0,534037.0,0.16844903255761726,20.6690223946279,17.1873455683411,17.75673631711054,12.06423705055905,0.20857319816148906,2.169487997779936,0.6903731949909395,1.0,0.9495020957839014,0.9826625944105253,,,,,,,,,,,,,,,,,,,,,,
Kaslo,V,CKO,2023,1069.0,335.0,62.0,5314628.0,56888.0,5686013.0,201708.0,0.0,1973720.0,3712293.0,10370655.0,489703.0,187954.0,2557066.0,9937342.0,14082948.0,882307.0,831410.0,0.0,1905902.0,166215.0,154407.0,0.0,183479.0,0.0,0.0,4123720.0,1046634.0,416113.0,369997.0,0.0,0.0,12512.0,145816.0,219097.0,119436.0,0.0,559557.0,9674.0,55756.0,0.0,2954592.0,10169083.0,10370655.0,31992.0,0.0,24900.0,7092.0,1064.0,25964.0,2220324.0,555081.0,25964.0,529117.0,2221041.0,2271284.0,2193415.0,20981.0,2214396.0,56888.0,19595944.0,9426861.0,10169083.0,458493.0,75631219.0,1560159.0,kaslo-v,Kaslo,kaslo-v|2023,Kaslo|2023,"Under 5,000",3234723.0,2072117.0,337886.0,2393971.0,1169128.0,0.2835129446228163,3857.5491113189896,2763.884003741815,3472.6782039289055,3025.933582787652,6.634237605238541,2.6926960257787327,0.006062218830559904,0.9793714947262717,0.9532248446623105,0.9749533743908732,,,,,,,,,,,,,,,,,,,,,,
Kaslo,V,CKO,2024,1069.0,335.0,62.0,6228685.0,66996.0,6554079.0,255019.0,0.0,1999676.0,4554403.0,10193997.0,542862.0,239332.0,3204924.0,9752506.0,14748400.0,923746.0,883704.0,141384.0,1211017.0,24824.0,283516.0,0.0,303354.0,0.0,0.0,3771545.0,1322095.0,367301.0,110020.0,0.0,0.0,318790.0,143623.0,206798.0,98813.0,14967.0,514678.0,9008.0,0.0,0.0,3106093.0,9987840.0,10193997.0,7092.0,0.0,7092.0,0.0,72.0,7164.0,2472366.0,618092.0,7164.0,610928.0,2324921.0,2397812.0,1908181.0,41471.0,2330816.0,66996.0,19929329.0,9941489.0,9987840.0,331757.0,86937307.0,1841256.0,kaslo-v,Kaslo,kaslo-v|2024,Kaslo|2024,"Under 5,000",3987118.0,1377225.0,586870.0,2591343.0,665452.0,0.17644015913902658,3528.10570626754,2905.606173994387,4260.433115060804,3729.7642656688495,0.0,3.1148471052310476,0.003816048730379928,0.9788208760595725,0.9884094924380189,0.9720595276026645,4648.097865362712,3546.5079302077975,3428.422456291105,2783.665107049771,5030.364110900993,2437.8724475115623,2420.45,1604.3462673977224,224.31236112962716,518.5374381567245,2.204313821553219,1.7099330852451193,0.030042455998363887,0.02529861000232605,0.9786113537119745,0.9815511712696461,0.9039920521842442,0.8619101997275483,0.9333160528846489,0.9623635142836453,0.20869205825466772,0.19976549769108282
Kelowna,C,COK,2019,142146.0,21395.0,1710.0,568034087.0,4888235.0,628249304.0,59147431.0,105615453.0,328026935.0,300222369.0,1840188853.0,0.0,0.0,88355361.0,1723061320.0,2140411222.0,155623571.0,150515952.0,16967104.0,35914198.0,134871.0,17582606.0,0.0,18097921.0,1240676.0,0.0,396076899.0,27833122.0,63711400.0,16284656.0,0.0,8716545.0,36315265.0,37127008.0,8279773.0,11978709.0,17454868.0,67696750.0,,2249262.0,0.0,297647358.0,1828676773.0,1840188853.0,119340455.0,2952000.0,13410515.0,105615453.0,5202101.0,18612616.0,326572379.0,81643095.0,18612616.0,62899953.0,252930969.0,258352954.0,218464386.0,2985096.0,253464719.0,4888235.0,2997036336.0,1168359563.0,1828676773.0,129876867.0,381042398.0,0.0,kelowna-c,Kelowna,kelowna-c|2019,Kelowna|2019,"100,000 and over",88355361.0,53016173.0,36921203.0,224748507.0,98429541.0,0.24851118873256983,2786.4090371871175,2093.9552150605714,2112.0704697986575,621.5817610062893,743.0068591448229,1.7316690380928628,0.34084623569894706,1.0,0.7704258761870799,0.9810792370502565,,,,,,,,,,,,,,,,,,,,,,
Kelowna,C,COK,2020,146127.0,21395.0,1741.0,624233000.0,5718414.0,678284806.0,76173627.0,92653257.0,335632279.0,342652527.0,1860514090.0,0.0,0.0,97128879.0,1754939480.0,2203166617.0,162404806.0,118147101.0,533802.0,33245134.0,800245.0,15358158.0,0.0,16944985.0,2886859.0,0.0,350321090.0,28908433.0,63240866.0,15404377.0,0.0,5778595.0,36226069.0,33736419.0,8868811.0,11382126.0,14963880.0,68154616.0,,901503.0,0.0,287565695.0,1847592737.0,1860514090.0,105615453.0,73000.0,10875959.0,92653257.0,4017750.0,14893709.0,296567766.0,74141942.0,14893709.0,59100055.0,250339531.0,255949107.0,214231118.0,3519605.0,250230693.0,5718414.0,3083121486.0,1235528749.0,1847592737.0,90275859.0,4149183205.0,94552108.0,kelowna-c,Kelowna,kelowna-c|2020,Kelowna|2020,"100,000 and over",97128879.0,34579181.0,35190002.0,215393329.0,62755395.0,0.17913678848167547,2397.3741334592514,1967.9162304023212,2344.895378677452,664.6881069206922,634.0598041429715,1.8598717675781118,0.021757501305609377,0.9772118744031212,0.7971204072318473,0.977658003706182,,,,,,,,,,,,,,,,,,,,,,
Kelowna,C,COK,2021,149687.0,21395.0,1741.0,684475717.0,6735525.0,759589508.0,46332669.0,81617064.0,348126311.0,411463197.0,1860200243.0,0.0,0.0,116022408.0,1767418799.0,2271663440.0,171365631.0,142185126.0,4458568.0,30556639.0,813412.0,13612151.0,0.0,14189307.0,1868745.0,0.0,379049579.0,35897067.0,72024466.0,15759834.0,0.0,6460523.0,39719658.0,36014222.0,8970148.0,10990879.0,15315776.0,68823854.0,,576840.0,0.0,310553267.0,1849035863.0,1860200243.0,92653257.0,0.0,8964378.0,81617064.0,3578135.0,12542513.0,329219612.0,82304903.0,12542513.0,69658853.0,278101146.0,285677570.0,242276030.0,3724110.0,278942045.0,6735525.0,3152525379.0,1303489516.0,1849035863.0,71072437.0,4660309883.0,115360697.0,kelowna-c,Kelowna,kelowna-c|2021,Kelowna|2021,"100,000 and over",116022408.0,35828619.0,29670203.0,238151278.0,68496312.0,0.1807054163750964,2532.281220146038,2074.684287880711,2748.8238591193626,775.1000955326782,545.2515181679104,1.966170597774783,0.01525058178196688,0.9752461317173745,0.8463511948978301,0.9764226326904138,,,,,,,,,,,,,,,,,,,,,,
Kelowna,C,COK,2022,6948.0,21435.0,1746.0,691122387.0,7755637.0,850246970.0,50922238.0,70919685.0,381359797.0,468887173.0,1893215919.0,0.0,0.0,128463987.0,1814313976.0,2362103092.0,184627498.0,161822809.0,12089639.0,26191328.0,469762.0,18638380.0,0.0,19598872.0,1373997.0,0.0,424812285.0,42994147.0,75583900.0,15267854.0,0.0,7208722.0,43324470.0,38512630.0,9372943.0,13237464.0,19337350.0,69253099.0,,280031.0,0.0,334372610.0,1885233661.0,1893215919.0,81617064.0,441000.0,8807831.0,70919685.0,3473209.0,12281040.0,368471108.0,92117777.0,12281040.0,79783868.0,298958333.0,307717121.0,261649697.0,5355861.0,299961484.0,7755637.0,3256653692.0,1371420031.0,1885233661.0,105826510.0,5084146063.0,122282348.0,kelowna-c,Kelowna,kelowna-c|2022,Kelowna|2022,"5,000 to 19,999",128463987.0,38750729.0,39611249.0,261646302.0,90439675.0,0.2128932664929876,61141.664507772024,48125.01583189407,67485.20048934946,18489.347582037997,10207.208549222798,1.8122581153985668,0.020815001907627136,0.9759483015466623,0.866107179290703,0.9747962122653552,,,,,,,,,,,,,,,,,,,,,,
Kelowna,C,COK,2023,160693.0,21435.0,1763.0,960103343.0,9416969.0,1055261655.0,83438657.0,65719690.0,538645095.0,516616560.0,1988912460.0,0.0,0.0,146438775.0,1875042025.0,2505529020.0,192053131.0,181425743.0,6709754.0,57871946.0,962874.0,30291535.0,0.0,39515734.0,483726.0,0.0,509314443.0,54074688.0,93769614.0,15636509.0,0.0,7349480.0,42004588.0,40750507.0,10228917.0,13629241.0,22525713.0,69448622.0,1559025.0,1350245.0,0.0,372327149.0,1980775357.0,1988912460.0,70919685.0,4901753.0,7765277.0,65719690.0,3855837.0,11621114.0,407369411.0,101842353.0,11621114.0,63583239.0,319726321.0,329631998.0,281380052.0,5608198.0,320142756.0,9416969.0,3419994661.0,1439219304.0,1980775357.0,159658573.0,5562515099.0,132803687.0,kelowna-c,Kelowna,kelowna-c|2023,Kelowna|2023,"100,000 and over",146438775.0,65544574.0,70290995.0,299022690.0,136987294.0,0.26896408669094035,3169.487426334688,2317.0091354321594,3214.928839464071,911.2952959992034,408.9766822450262,1.7824414478331043,0.028702586897912885,0.9761252446714482,0.6243300270173451,0.9712126187458294,,,,,,,,,,,,,,,,,,,,,,
Kelowna,C,COK,2024,160693.0,21435.0,1763.0,934996669.0,11828730.0,1021999923.0,112715199.0,57988006.0,552494929.0,469504994.0,2282406546.0,0.0,0.0,175690681.0,2177204471.0,2751911540.0,206665261.0,181871833.0,22898292.0,35424231.0,775873.0,34391412.0,0.0,55641024.0,32912456.0,0.0,570580382.0,58988772.0,99182689.0,16869030.0,0.0,8671852.0,56138386.0,46010273.0,11435860.0,14449926.0,26317901.0,76527376.0,1412002.0,463955.0,0.0,416468022.0,2274216246.0,2282406546.0,65719690.0,2382622.0,7485841.0,57988006.0,4031084.0,11516925.0,426047630.0,106511908.0,11516925.0,68602326.0,346175109.0,357962519.0,305899104.0,6647504.0,346139407.0,11828730.0,3833398191.0,1559181945.0,2274216246.0,257715024.0,6257045800.0,147961523.0,kelowna-c,Kelowna,kelowna-c|2024,Kelowna|2024,"100,000 and over",175690681.0,59098396.0,122944892.0,335909562.0,154112360.0,0.27009754429306687,3550.74820931839,2591.6998375784883,2921.7513768490226,1093.3312652075697,360.8620537297829,1.692317195910408,0.04118797148648009,0.9763528144543867,0.6440812796255607,0.9669710895067201,3003.390678329474,3546.5079302077975,2379.369597210911,2783.665107049771,2052.765446183268,2437.8724475115623,1093.3312652075697,1604.3462673977224,312.26099706744867,518.5374381567245,1.6357691597817738,1.7099330852451193,0.025378934003535983,0.02529861000232605,0.9802497344746216,0.9815511712696461,0.9023585311053542,0.8619101997275483,0.9669710895067201,0.9623635142836453,0.27009754429306687,0.19976549769108282
Kent,D,FVR,2019,6704.0,18727.0,70.0,23325675.0,367226.0,24073424.0,2538236.0,1245934.0,8174876.0,15898548.0,47130546.0,0.0,0.0,9263744.0,45604157.0,63029094.0,7665527.0,2752412.0,763708.0,2887230.0,0.0,548448.0,0.0,205527.0,0.0,0.0,14822852.0,2148271.0,1709193.0,254432.0,0.0,864523.0,1572496.0,1906984.0,293276.0,837432.0,0.0,1751578.0,,0.0,0.0,11338185.0,46850091.0,47130546.0,2023322.0,0.0,755600.0,1245934.0,60490.0,816090.0,11523642.0,2880911.0,816090.0,2064821.0,10620328.0,11091154.0,9191885.0,301995.0,10723928.0,367226.0,75710400.0,28860309.0,46850091.0,3678047.0,4660689.0,0.0,kent-d,Kent,kent-d|2019,Kent|2019,"5,000 to 19,999",9263744.0,3650938.0,753975.0,9526117.0,3484667.0,0.23508748518841044,2211.045942720764,1691.2567124105012,2371.5017899761338,1381.8233890214797,185.84934367541766,2.8533368579535643,0.7891637910188816,1.0,0.7167250220503167,0.9668901901461291,,,,,,,,,,,,,,,,,,,,,,
Kent,D,FVR,2020,6641.0,18727.0,70.0,28696243.0,348904.0,29632803.0,4372336.0,1175226.0,10606338.0,19026465.0,48423676.0,0.0,0.0,9687844.0,46875878.0,67450141.0,8013874.0,2856966.0,343733.0,2658535.0,0.0,433656.0,0.0,1586769.0,18032.0,0.0,15911565.0,2213600.0,2038989.0,275766.0,0.0,760150.0,1544345.0,1674688.0,229248.0,885688.0,0.0,1868044.0,,0.0,0.0,11490518.0,48088086.0,48423676.0,1245934.0,36982.0,62166.0,1212208.0,34152.0,96318.0,11876885.0,2969221.0,96318.0,2872903.0,10948473.0,11368233.0,9490571.0,305628.0,11019329.0,348904.0,80365536.0,32277450.0,48088086.0,3106041.0,5518330.0,0.0,kent-d,Kent,kent-d|2020,Kent|2020,"5,000 to 19,999",9687844.0,3002268.0,2038457.0,9588322.0,4421047.0,0.27785117303043416,2395.9591928926366,1730.2391206143652,2865.0,1458.7929528685438,182.5339557295588,2.705575006189695,0.5628588721587872,1.0,0.9675611886080557,0.9693088626878074,,,,,,,,,,,,,,,,,,,,,,
Kent,D,FVR,2021,6635.0,18727.0,70.0,28289815.0,313641.0,29467399.0,2689034.0,1102044.0,7953693.0,21513706.0,51057195.0,0.0,0.0,11010615.0,49622604.0,72570901.0,8128859.0,3321729.0,707698.0,2326798.0,0.0,308959.0,0.0,2672200.0,0.0,0.0,17466243.0,2412643.0,2113743.0,332430.0,0.0,804178.0,1691217.0,1746028.0,310440.0,948164.0,0.0,1886520.0,,100120.0,0.0,12345483.0,50753095.0,51057195.0,1212208.0,0.0,70700.0,1130491.0,34458.0,105158.0,12312934.0,3078234.0,105158.0,2973076.0,11523384.0,11930137.0,10078516.0,284399.0,11616496.0,313641.0,84832048.0,34078953.0,50753095.0,4916565.0,5497885.0,0.0,kent-d,Kent,kent-d|2021,Kent|2021,"5,000 to 19,999",11010615.0,3034496.0,2981159.0,10424505.0,5120760.0,0.2931803937458101,2632.440542577242,1860.6605877920122,3242.4575734740015,1659.4747550866616,170.38296910324038,3.5568150543401664,0.8942647945528144,1.0,0.9658382046329161,0.9737101929340795,,,,,,,,,,,,,,,,,,,,,,
Kent,D,FVR,2022,1761.0,18727.0,70.0,31620821.0,292852.0,32844114.0,2846918.0,1026300.0,11178564.0,21665550.0,51846541.0,1017640.0,1822470.0,8252120.0,50378515.0,73512091.0,8517932.0,3297713.0,402385.0,971923.0,0.0,592974.0,0.0,250483.0,6192.0,0.0,14039602.0,2528894.0,2165851.0,365021.0,0.0,927055.0,1863732.0,1983661.0,308076.0,1022621.0,0.0,1933501.0,,0.0,0.0,13098412.0,51424728.0,51846541.0,1130491.0,0.0,70700.0,1046213.0,34458.0,105158.0,13071487.0,3267872.0,105158.0,3162714.0,12154727.0,12547394.0,10720196.0,257695.0,12254542.0,292852.0,87181712.0,35756984.0,51424728.0,2605944.0,6579125.0,0.0,kent-d,Kent,kent-d|2022,Kent|2022,"Under 5,000",11092230.0,1374308.0,849649.0,11130453.0,941190.0,0.06703822515766472,7972.516751845542,7438.053378762067,12302.981260647359,6298.824531516184,594.1016467915957,2.828701521948615,0.39609279349457566,1.0,0.9678206490339891,0.9766603328149256,,,,,,,,,,,,,,,,,,,,,,
Kent,D,FVR,2023,7201.0,18727.0,70.0,39246916.0,246168.0,40589797.0,2884601.0,947905.0,12470269.0,28119528.0,53426492.0,1327793.0,2092747.0,11651657.0,51907619.0,81546020.0,9350839.0,3585400.0,346203.0,3666182.0,0.0,1382341.0,0.0,1796353.0,860868.0,0.0,20988186.0,2597860.0,1739018.0,464771.0,0.0,817279.0,1800808.0,2146015.0,328496.0,1083132.0,0.0,1966877.0,10001.0,0.0,0.0,12954257.0,52998091.0,53426492.0,1046213.0,0.0,70699.0,959284.0,33540.0,104239.0,14833350.0,3708338.0,104239.0,3604099.0,13194178.0,13564985.0,11807247.0,258527.0,13318817.0,246168.0,90721954.0,37723863.0,52998091.0,3419054.0,7473366.0,0.0,kent-d,Kent,kent-d|2023,Kent|2023,"5,000 to 19,999",15072197.0,4012385.0,4039562.0,10953840.0,8033929.0,0.382783390617941,2914.6210248576585,1798.952506596306,3904.9476461602553,2093.069990279128,133.21538675184001,3.1472389248379486,0.45749853546581287,1.0,0.971890642115147,0.9818526891109721,,,,,,,,,,,,,,,,,,,,,,
Kent,D,FVR,2024,7201.0,18727.0,70.0,36914375.0,327440.0,41333570.0,4518105.0,866767.0,13118460.0,28215110.0,61355933.0,676060.0,2263861.0,11696628.0,59918579.0,89571043.0,10032233.0,3402267.0,357445.0,5983732.0,0.0,1939034.0,0.0,716128.0,0.0,0.0,22430839.0,2689783.0,2284536.0,414777.0,0.0,846971.0,2230749.0,2264866.0,354596.0,1239816.0,0.0,2051485.0,10001.0,18236.0,0.0,14405816.0,60911143.0,61355933.0,959284.0,0.0,70699.0,869612.0,34458.0,105157.0,15931261.0,3982815.0,105157.0,3877658.0,14284402.0,14610099.0,1296325.0,200878.0,14282659.0,327440.0,100599249.0,39688106.0,60911143.0,9982773.0,119867105.0,2595758.0,kent-d,Kent,kent-d|2024,Kent|2024,"5,000 to 19,999",14636549.0,6341177.0,2655162.0,12319873.0,8025023.0,0.3577674022804051,3114.9616719900014,2000.5299263991112,3918.2210804054994,2032.571726149146,120.76267185113178,2.813925948625067,0.08328200635195118,0.9783447009919861,0.9735973174752028,0.9775881053235848,2567.538946805667,3546.5079302077975,2045.0195609464422,2783.665107049771,2217.25520024837,2437.8724475115623,799.2304887641933,1604.3462673977224,386.9249167164944,518.5374381567245,1.5629948984418691,1.7099330852451193,0.04472396775938227,0.02529861000232605,0.9792813777328785,0.9815511712696461,0.8510570773833829,0.8619101997275483,0.9732053424599786,0.9623635142836453,0.170495619408603,0.19976549769108282
Keremeos,V,OKS,2019,1692.0,209.0,56.0,2913117.0,113454.0,3177870.0,128640.0,153240.0,1584224.0,1593646.0,8083287.0,0.0,0.0,0.0,7840815.0,9676933.0,960289.0,411203.0,0.0,570268.0,0.0,34355.0,0.0,0.0,0.0,0.0,1976115.0,762275.0,63621.0,94452.0,13874.0,0.0,289892.0,87317.0,5359.0,304448.0,0.0,368145.0,,0.0,0.0,1989383.0,8063530.0,8083287.0,242889.0,0.0,17985.0,222715.0,8892.0,26877.0,1793261.0,448315.0,26877.0,421438.0,2122655.0,2256579.0,1544355.0,73627.0,2143125.0,113454.0,13832528.0,5768998.0,8063530.0,76008.0,0.0,0.0,keremeos-v,Keremeos,keremeos-v|2019,Keremeos|2019,"Under 5,000",0,570268.0,34355.0,1612346.0,-13268.0,-0.006714184144141409,1167.9166666666667,1175.7582742316786,941.871158392435,0.0,131.62825059101655,1.8388289787302805,,,0.9400488495812096,0.9497230099189968,,,,,,,,,,,,,,,,,,,,,,
Keremeos,V,OKS,2020,1695.0,209.0,56.0,4046611.0,128325.0,4543565.0,115608.0,145587.0,1872834.0,2670731.0,8314150.0,0.0,0.0,0.0,8098893.0,10984881.0,978566.0,913651.0,0.0,1370102.0,0.0,15951.0,0.0,0.0,0.0,0.0,3278270.0,790268.0,66051.0,97140.0,13050.0,0.0,316501.0,67894.0,492.0,237798.0,0.0,381128.0,,0.0,0.0,1970322.0,8300326.0,8314150.0,222715.0,0.0,18799.0,201433.0,4845.0,23644.0,2307187.0,576797.0,23644.0,553153.0,2176225.0,2309171.0,1565566.0,77661.0,2180846.0,128325.0,14444033.0,6143707.0,8300326.0,617924.0,0.0,0.0,keremeos-v,Keremeos,keremeos-v|2020,Keremeos|2020,"Under 5,000",0,1370102.0,15951.0,1584349.0,1307948.0,0.39897506916757924,1934.0825958702064,1162.4318584070797,1575.6525073746313,0.0,118.83952802359882,2.1606885607587216,,,0.9590081085719933,0.9444281086156028,,,,,,,,,,,,,,,,,,,,,,
Keremeos,V,OKS,2021,1820.0,209.0,56.0,4906861.0,114344.0,5291097.0,194145.0,137628.0,2558998.0,2732099.0,8540972.0,0.0,0.0,0.0,8346512.0,11273071.0,1000650.0,667193.0,0.0,675387.0,0.0,18648.0,0.0,0.0,0.0,0.0,2361878.0,725644.0,71742.0,102224.0,13223.0,0.0,381917.0,119225.0,293.0,263797.0,0.0,395623.0,,0.0,0.0,2073688.0,8525718.0,8540972.0,201433.0,0.0,19438.0,179206.0,5304.0,24742.0,2105826.0,526457.0,24742.0,501715.0,2303187.0,2438374.0,1689562.0,89270.0,2324030.0,114344.0,15065047.0,6539329.0,8525718.0,621014.0,579500.0,0.0,keremeos-v,Keremeos,keremeos-v|2021,Keremeos|2021,"Under 5,000",0,675387.0,18648.0,1672761.0,288190.0,0.12201730995419746,1297.7351648351648,1139.389010989011,1501.1532967032967,0.0,98.46483516483516,1.9174930969074615,1.0716376186367558,1.0,0.9530028093462524,0.9531064553673883,,,,,,,,,,,,,,,,,,,,,,
Keremeos,V,OKS,2022,8394.0,209.0,56.0,4887576.0,83010.0,5586885.0,595969.0,129351.0,2924125.0,2662760.0,11227295.0,0.0,0.0,0.0,10999160.0,13890055.0,1038809.0,447977.0,96227.0,541747.0,2668966.0,70636.0,0.0,0.0,0.0,0.0,4864362.0,766977.0,83155.0,113197.0,0.0,0.0,419493.0,133163.0,7686.0,265482.0,18807.0,439418.0,,0.0,0.0,2247378.0,11209035.0,11227295.0,179206.0,53421.0,19644.0,209876.0,5606.0,25250.0,2092315.0,523079.0,25250.0,497829.0,2431833.0,2570406.0,1836724.0,85640.0,2487396.0,83010.0,18187781.0,6978746.0,11209035.0,3122734.0,579500.0,0.0,keremeos-v,Keremeos,keremeos-v|2022,Keremeos|2022,"5,000 to 19,999",0,3306940.0,70636.0,1802354.0,2616984.0,0.5379912103581107,579.5046461758399,267.7362401715511,317.22182511317607,0.0,25.003097450559924,1.6714661650921216,5.388669542709232,1.0,0.9517281328441785,0.9677054908835414,,,,,,,,,,,,,,,,,,,,,,
Keremeos,V,OKS,2023,1836.0,209.0,56.0,5898714.0,109783.0,7151483.0,436721.0,120742.0,3948810.0,3202673.0,12972768.0,0.0,0.0,0.0,12784696.0,16175441.0,1077479.0,430311.0,0.0,476922.0,2191704.0,207933.0,0.0,160327.0,0.0,0.0,4544676.0,761918.0,226493.0,109297.0,0.0,0.0,339256.0,103530.0,3888.0,263643.0,21530.0,429735.0,0.0,0.0,0.0,2259290.0,12948842.0,12972768.0,209876.0,0.0,42292.0,164146.0,4845.0,47137.0,2130285.0,532571.0,47137.0,485434.0,2607962.0,2714622.0,1967935.0,58962.0,2604839.0,109783.0,20357323.0,7408481.0,12948842.0,2169545.0,579500.0,0.0,keremeos-v,Keremeos,keremeos-v|2023,Keremeos|2023,"Under 5,000",0,2668626.0,368260.0,1824710.0,2285386.0,0.5028710517537444,2475.3137254901962,1230.5501089324619,1744.3752723311547,0.0,89.4041394335512,1.493795345939663,3.7438222605694564,1.0,0.9114916133247961,0.9595586420503481,,,,,,,,,,,,,,,,,,,,,,
Keremeos,V,OKS,2024,1836.0,209.0,56.0,5874544.0,111857.0,6185707.0,176599.0,111789.0,2451710.0,3733997.0,13864585.0,0.0,0.0,0.0,13689740.0,17598582.0,1132001.0,375195.0,185374.0,955982.0,0.0,216437.0,0.0,0.0,0.0,36734.0,2901723.0,1088413.0,77602.0,112852.0,18194.0,0.0,476592.0,168826.0,2947.0,298529.0,0.0,587233.0,0.0,0.0,0.0,2831188.0,13834917.0,13864585.0,164146.0,0.0,15186.0,145177.0,4845.0,20031.0,2214284.0,553571.0,20031.0,533540.0,2806946.0,2862020.0,2743929.0,6234.0,2750163.0,111857.0,21830637.0,7995720.0,13834917.0,1473311.0,738994.0,0.0,keremeos-v,Keremeos,keremeos-v|2024,Keremeos|2024,"Under 5,000",0,1141356.0,253171.0,2239110.0,70535.0,0.0243079715052057,1580.4591503267975,1542.041394335512,2033.7674291938997,0.0,79.07244008714596,2.3961006807493543,1.9936711258819422,1.0,0.9638149397276953,0.960916765082005,4648.097865362712,3546.5079302077975,3428.422456291105,2783.665107049771,5030.364110900993,2437.8724475115623,2420.45,1604.3462673977224,224.31236112962716,518.5374381567245,2.204313821553219,1.7099330852451193,0.030042455998363887,0.02529861000232605,0.9786113537119745,0.9815511712696461,0.9039920521842442,0.8619101997275483,0.9333160528846489,0.9623635142836453,0.20869205825466772,0.19976549769108282
Kimberley,C,EKO,2019,8038.0,6104.0,195.0,17348067.0,646173.0,24419549.0,2557624.0,7602300.0,13449514.0,10970035.0,88034976.0,0.0,0.0,2280753.0,79041055.0,99005011.0,11369481.0,9521013.0,4022.0,1643210.0,1381661.0,432931.0,0.0,35147.0,0.0,0.0,24387465.0,2015980.0,2586927.0,135935.0,308109.0,781048.0,3175242.0,5010804.0,1081969.0,1020431.0,145608.0,4460900.0,,2641772.0,0.0,23364725.0,87109731.0,88034976.0,8979298.0,0.0,801057.0,8068676.0,338995.0,1140052.0,21798974.0,5449744.0,1140052.0,4309692.0,14803704.0,15651250.0,12123918.0,552893.0,15005077.0,646173.0,153783484.0,66673753.0,87109731.0,4504393.0,23544297.0,0.0,kimberley-c,Kimberley,kimberley-c|2019,Kimberley|2019,"5,000 to 19,999",2280753.0,3028893.0,468078.0,18564830.0,1022740.0,0.041937118105551355,3034.0215227668573,2906.7834038317988,1364.7717093804429,283.7463299328191,1003.8163722318985,1.2898657155938869,0.1913156719013526,1.0,0.7908063204436759,0.9587142879961664,,,,,,,,,,,,,,,,,,,,,,
Kimberley,C,EKO,2020,8151.0,6104.0,195.0,23988543.0,696445.0,30216564.0,2542486.0,6950232.0,12651969.0,17564595.0,92278523.0,0.0,0.0,5848658.0,84175630.0,109843118.0,11571082.0,7630629.0,0.0,3954347.0,875635.0,192431.0,0.0,943018.0,1560722.0,0.0,26727864.0,2164950.0,2223895.0,118818.0,264884.0,545109.0,3378328.0,3704177.0,1192371.0,1117606.0,195980.0,4164510.0,,0.0,0.0,19070628.0,91442435.0,92278523.0,8068676.0,0.0,675202.0,7266805.0,339918.0,1015120.0,19869478.0,4967370.0,1015120.0,3952250.0,15355239.0,16123578.0,12621262.0,433320.0,15427133.0,696445.0,161974216.0,70531781.0,91442435.0,6693885.0,23419203.0,0.0,kimberley-c,Kimberley,kimberley-c|2020,Kimberley|2020,"5,000 to 19,999",5848658.0,4829982.0,2696171.0,14566200.0,7657236.0,0.28648888665401767,3279.0901729849097,2339.6672800883325,2154.9006256900993,717.5387069071279,891.5231259968102,1.8960323883183716,0.28582889861794186,1.0,0.7956423620547695,0.9568058032776596,,,,,,,,,,,,,,,,,,,,,,
Kimberley,C,EKO,2021,8308.0,6104.0,195.0,31346489.0,522986.0,34076331.0,3142156.0,6348401.0,12949990.0,21126341.0,90535524.0,0.0,0.0,8933379.0,83270738.0,111661865.0,11456070.0,6997382.0,0.0,1349531.0,1192744.0,235811.0,0.0,0.0,20216.0,0.0,21251754.0,2223044.0,2365477.0,424484.0,271749.0,703320.0,3262107.0,2976043.0,1111114.0,1581375.0,154209.0,3825817.0,,534268.0,0.0,19433007.0,89619141.0,90535524.0,7266805.0,0.0,794518.0,6348401.0,312460.0,1106978.0,19163361.0,4790840.0,1106978.0,3683862.0,15807769.0,16621360.0,13143812.0,546076.0,16098374.0,522986.0,157958352.0,68339211.0,89619141.0,2644572.0,23964727.0,0.0,kimberley-c,Kimberley,kimberley-c|2021,Kimberley|2021,"5,000 to 19,999",8933379.0,2542275.0,256027.0,15294730.0,1818747.0,0.0855810301587342,2557.986759749639,2339.0716177178624,2542.8913095811267,1075.2743139142995,764.1310784785749,2.420580170332178,0.11035268626260587,1.0,0.768938641240367,0.9685353063768548,,,,,,,,,,,,,,,,,,,,,,
Kimberley,C,EKO,2022,8647.0,6104.0,96.0,32645126.0,661499.0,36047800.0,3035236.0,5774435.0,12301661.0,23746139.0,94558695.0,0.0,0.0,9188677.0,87834916.0,118304834.0,12678113.0,7356809.0,0.0,1932749.0,953338.0,891737.0,0.0,2444766.0,125537.0,0.0,26383049.0,2258104.0,2765051.0,302895.0,333237.0,701249.0,3199039.0,3462044.0,1217054.0,1319063.0,94187.0,4088157.0,,0.0,0.0,19740080.0,93609353.0,94558695.0,6348401.0,0.0,463700.0,5774435.0,236404.0,700104.0,21494165.0,5373541.0,700104.0,1540937.0,17293075.0,17953680.0,14421088.0,361451.0,17292181.0,661499.0,165600790.0,71991437.0,93609353.0,8218231.0,24695142.0,0.0,kimberley-c,Kimberley,kimberley-c|2022,Kimberley|2022,"5,000 to 19,999",9188677.0,2886087.0,3462040.0,15415519.0,6642969.0,0.25178928333870737,3051.121660691569,2282.881924366832,2746.170810685787,1062.6433445125476,667.7963455533711,2.6537169248933132,0.3327873555049815,1.0,0.2867637931859085,0.9631552417108916,,,,,,,,,,,,,,,,,,,,,,
Kimberley,C,EKO,2023,8674.0,6104.0,96.0,37482771.0,610038.0,41842190.0,4024239.0,5181067.0,26820982.0,15021208.0,102501676.0,0.0,0.0,13122046.0,83784775.0,117522884.0,13351925.0,8194050.0,0.0,6297912.0,1135818.0,1933282.0,0.0,29741.0,0.0,1111191.0,32053919.0,2254952.0,2724713.0,584918.0,363256.0,766486.0,3693048.0,3746320.0,1233114.0,1417944.0,138741.0,4835179.0,415797.0,3195.0,0.0,22177663.0,101536099.0,102501676.0,5774435.0,0.0,468009.0,5181067.0,228529.0,696538.0,24995089.0,6248772.0,696538.0,2335734.0,18550261.0,19356241.0,15802962.0,474678.0,18746203.0,610038.0,179043856.0,77507757.0,101536099.0,11295249.0,26962160.0,0.0,kimberley-c,Kimberley,kimberley-c|2023,Kimberley|2023,"5,000 to 19,999",13122046.0,7433730.0,3074214.0,17113955.0,9876256.0,0.3081138378118445,3695.402236569057,2556.797671201291,1731.7509799400507,1512.802167396818,597.3100069172239,1.3975167277618694,0.4189296777409525,1.0,0.37379088243258035,0.9684836534118375,,,,,,,,,,,,,,,,,,,,,,
Kimberley,C,EKO,2024,8674.0,6104.0,97.0,41277649.0,620818.0,43988715.0,3161097.0,4567622.0,25250542.0,18738173.0,106931853.0,0.0,0.0,12596760.0,89345313.0,125670026.0,14220368.0,8602038.0,432919.0,2218898.0,1324654.0,2090853.0,0.0,1970345.0,0.0,157593.0,31017668.0,2552731.0,3044806.0,391389.0,403506.0,835988.0,4011230.0,3730461.0,1487676.0,1316827.0,55312.0,4580908.0,403013.0,56679.0,0.0,22870526.0,105963311.0,106931853.0,5181067.0,0.0,472427.0,4567622.0,219577.0,692004.0,25258921.0,6314730.0,692004.0,2434226.0,19664736.0,20431709.0,16814508.0,468532.0,19810891.0,620818.0,186978448.0,81015137.0,105963311.0,9075249.0,421878397.0,9347632.0,kimberley-c,Kimberley,kimberley-c|2024,Kimberley|2024,"5,000 to 19,999",12596760.0,3976471.0,4218791.0,18070041.0,8147142.0,0.2626613322445775,3575.9359003919762,2636.6758127738067,2160.268964722158,1452.2434862808393,526.5877334563062,1.6347232863357943,0.021511528119322023,0.9778428284869016,0.3854837815710252,0.9696149744497633,3601.3561989291247,3546.5079302077975,2957.8976990295423,2783.665107049771,1917.0647247750476,2437.8724475115623,987.5598464714869,1604.3462673977224,936.3446522221191,518.5374381567245,1.3967465323081123,1.7099330852451193,0.018327243000235003,0.02529861000232605,0.982034678745671,0.9815511712696461,0.7988058564062199,0.8619101997275483,0.970292410805516,0.9623635142836453,0.19624174475580758,0.19976549769108282
Kitimat,D,KIT,2019,8200.0,25854.0,0.0,29662775.0,421348.0,31965942.0,4613187.0,3251227.0,15250896.0,16715046.0,50576921.0,0.0,0.0,5566315.0,46686800.0,67291967.0,27053401.0,5691380.0,16256.0,582293.0,2412627.0,801309.0,0.0,57119.0,328391.0,0.0,36942776.0,4449796.0,7205009.0,951322.0,128094.0,2154134.0,5729148.0,7207809.0,1527300.0,629689.0,107379.0,2570049.0,,0.0,0.0,32659729.0,49938027.0,50576921.0,3460410.0,0.0,146968.0,3251229.0,147768.0,294736.0,25605300.0,6401325.0,294736.0,5894770.0,35015312.0,35275118.0,32395258.0,82489.0,34853770.0,421348.0,88285319.0,38347292.0,49938027.0,2846820.0,4894708.0,0.0,kitimat-d,Kitimat,kitimat-d|2019,Kitimat|2019,"5,000 to 19,999",5566315.0,3011176.0,1186819.0,29941912.0,4283047.0,0.11593733508277776,4505.2165853658535,3982.893780487805,2038.420243902439,678.8189024390244,396.49134146341464,1.944985724117455,0.5816118142287549,1.0,0.9208671642199076,0.988055376597181,,,,,,,,,,,,,,,,,,,,,,
Kitimat,D,KIT,2020,8548.0,25854.0,0.0,36468973.0,469661.0,38526181.0,6138955.0,3033676.0,16083598.0,22442583.0,54853954.0,0.0,0.0,12652753.0,51082693.0,77296537.0,28652507.0,5338279.0,2018455.0,3870970.0,4571045.0,750129.0,0.0,937271.0,21030.0,0.0,46159686.0,5605578.0,7315565.0,1012451.0,129366.0,2349761.0,7250753.0,6930796.0,1738369.0,913702.0,134355.0,2774423.0,,0.0,0.0,36155119.0,54116373.0,54853954.0,3251229.0,0.0,146968.0,3033676.0,98321.0,245289.0,33373364.0,8343341.0,245289.0,7886233.0,35642992.0,35804194.0,33000445.0,-27657.0,35334533.0,469661.0,95154373.0,41038000.0,54116373.0,6952766.0,4909077.0,0.0,kitimat-d,Kitimat,kitimat-d|2020,Kitimat|2020,"5,000 to 19,999",12652753.0,10460470.0,1708430.0,33282375.0,10004567.0,0.21673819444958964,5400.056855404773,4229.658282639214,2625.477655591951,1480.2003977538604,354.8989237248479,2.2674635986301075,1.4163081980584131,1.0,0.9452128350021892,0.9868825143780642,,,,,,,,,,,,,,,,,,,,,,
Kitimat,D,KIT,2021,8564.0,25854.0,0.0,46497170.0,469588.0,49515366.0,10365629.0,2730924.0,26816300.0,22699066.0,75201900.0,0.0,0.0,11503069.0,71692765.0,97900966.0,31303191.0,3436903.0,20973903.0,1704892.0,514917.0,632100.0,0.0,556002.0,319983.0,0.0,59441891.0,5718097.0,7671023.0,1229942.0,131113.0,2646596.0,8351438.0,7642255.0,1555170.0,949979.0,150201.0,2791647.0,,0.0,0.0,38837461.0,74423689.0,75201900.0,3033676.0,0.0,223469.0,2730924.0,98321.0,321790.0,28197490.0,7049373.0,321790.0,6409855.0,40362078.0,40636250.0,37601230.0,53403.0,40166662.0,469588.0,118204091.0,43780402.0,74423689.0,23098966.0,5222241.0,0.0,kitimat-d,Kitimat,kitimat-d|2021,Kitimat|2021,"5,000 to 19,999",11503069.0,23193712.0,1508085.0,35947493.0,20604430.0,0.3466314690425983,6940.902732368052,4534.96742176553,2650.521485287249,1343.1888136384866,318.88416627744044,1.7339144475561505,4.4231903506559735,1.0,0.9092801586751048,0.9884441108616075,,,,,,,,,,,,,,,,,,,,,,
Kitimat,D,KIT,2022,9334.0,25854.0,0.0,40475847.0,532181.0,43495081.0,12718345.0,2495622.0,26686980.0,16808101.0,99292531.0,0.0,0.0,8206488.0,95875039.0,116100632.0,32776073.0,3930405.0,21546101.0,860760.0,53251.0,893234.0,0.0,208239.0,35000.0,0.0,60303063.0,6482339.0,8459816.0,1398492.0,137159.0,2434558.0,8958126.0,8914610.0,1590780.0,492595.0,180536.0,3003866.0,,0.0,0.0,42052877.0,98370660.0,99292531.0,2730924.0,0.0,146969.0,2495622.0,98321.0,245290.0,25040000.0,6260000.0,245290.0,5895476.0,42597805.0,43163453.0,38795997.0,320268.0,42631272.0,532181.0,144982378.0,46611718.0,98370660.0,26950838.0,5252247.0,0.0,kitimat-d,Kitimat,kitimat-d|2022,Kitimat|2022,"5,000 to 19,999",8206488.0,22460112.0,1136473.0,38950690.0,18250186.0,0.3026411112815281,6460.580994214699,4505.343582601243,1800.7393400471394,879.2037711592029,267.36897364473964,1.5166889247116009,5.131296757368799,1.0,0.9417693290734824,0.9876705647252086,,,,,,,,,,,,,,,,,,,,,,
Kitimat,D,KIT,2023,8905.0,25854.0,180.0,39455938.0,576841.0,42603190.0,14513626.0,2250913.0,53068591.0,-10465401.0,140638351.0,0.0,0.0,9446589.0,109120341.0,130172950.0,37430426.0,4050772.0,14708879.0,3813922.0,0.0,1912682.0,0.0,533321.0,2150.0,0.0,62452152.0,6759853.0,9319473.0,2061913.0,158442.0,4333137.0,8767703.0,8891951.0,2504179.0,1229921.0,211835.0,3927727.0,0.0,211636.0,0.0,48377770.0,139642103.0,140638351.0,2495626.0,0.0,146968.0,2250913.0,98321.0,245289.0,25167789.0,6291947.0,245289.0,6046658.0,48068187.0,48770468.0,45588010.0,336856.0,48193629.0,576841.0,190181549.0,50539446.0,139642103.0,18187435.0,274661885.0,7695620.0,kitimat-d,Kitimat,kitimat-d|2023,Kitimat|2023,"5,000 to 19,999",9446589.0,18522801.0,2448153.0,44351722.0,14074382.0,0.2253626424274379,7013.155755193711,5432.652442448063,-1175.227512633352,1060.8185289163391,252.76956765861874,0.7434894587647899,0.06621754234301566,0.9719814782455163,0.9610154058831074,0.9881723710340446,,,,,,,,,,,,,,,,,,,,,,
Kitimat,D,KIT,2024,8905.0,25854.0,,,,,,,,,,,,,,,,,,,,,,,,,,,,,,,,,,,,,,,,,,,,,,,,,,,,,,,,,,,,,,,,,kitimat-d,Kitimat,kitimat-d|2024,Kitimat|2024,"5,000 to 19,999",0,0,0,,,,,,,0.0,,,,,,,2567.538946805667,3546.5079302077975,2045.0195609464422,2783.665107049771,2217.25520024837,2437.8724475115623,799.2304887641933,1604.3462673977224,386.9249167164944,518.5374381567245,1.5629948984418691,1.7099330852451193,0.04472396775938227,0.02529861000232605,0.9792813777328785,0.9815511712696461,0.8510570773833829,0.8619101997275483,0.9732053424599786,0.9623635142836453,0.170495619408603,0.19976549769108282
Ladysmith,T,COW,2019,9031.0,1235.0,66.0,24653055.0,852318.0,30921521.0,2052902.0,17915128.0,30363318.0,558203.0,110765822.0,0.0,0.0,1591351.0,91775014.0,111324025.0,11701281.0,4893339.0,12502.0,5918358.0,1804880.0,528984.0,0.0,2191949.0,0.0,0.0,27051293.0,2541641.0,1262141.0,527606.0,0.0,569494.0,1382940.0,3520856.0,1378331.0,1525573.0,29068.0,3489917.0,,120835.0,0.0,16348402.0,110605787.0,110765822.0,13537538.0,6000000.0,660706.0,18830773.0,413328.0,1074034.0,16872248.0,4218062.0,1074034.0,3144028.0,17646682.0,18658839.0,14204612.0,598245.0,17806521.0,852318.0,161151162.0,50545375.0,110605787.0,16559019.0,26608731.0,0.0,ladysmith-t,Ladysmith,ladysmith-t|2019,Ladysmith|2019,"5,000 to 19,999",1591351.0,7735740.0,2720933.0,12445157.0,10702891.0,0.3956517346509093,2995.3817960358765,1810.2537924925257,61.80965563060569,176.20983279813973,2085.1260104085927,0.8119354742456012,0.6223152468263142,1.0,0.745372637955535,0.9543209521235485,,,,,,,,,,,,,,,,,,,,,,
Ladysmith,T,COW,2020,9036.0,1235.0,67.0,32457247.0,926945.0,35661779.0,2509899.0,17109013.0,32793862.0,2867917.0,114157580.0,0.0,0.0,3864577.0,96025150.0,117025497.0,12049982.0,4838096.0,31416.0,2908171.0,1764723.0,279681.0,0.0,2667153.0,0.0,0.0,24539222.0,2195493.0,1754610.0,429609.0,0.0,610804.0,1461873.0,3372469.0,2376598.0,2696283.0,25910.0,3872923.0,,41178.0,0.0,18837750.0,113991581.0,114157580.0,18830773.0,0.0,812837.0,17966433.0,429802.0,1242639.0,16897418.0,4224355.0,1242639.0,2507116.0,18166661.0,19106733.0,14753910.0,483549.0,18179788.0,926945.0,167669987.0,53678406.0,113991581.0,7314206.0,11562848.0,0.0,ladysmith-t,Ladysmith,ladysmith-t|2020,Ladysmith|2020,"5,000 to 19,999",3864577.0,4704310.0,2946834.0,14535025.0,5701472.0,0.2323411883229224,2715.7173528109784,2084.7443559096946,317.38789287295265,427.6866976538291,1988.3170650730412,0.9897354267088152,0.6325609400037084,1.0,0.5934908406135374,0.9514859500051631,,,,,,,,,,,,,,,,,,,,,,
Ladysmith,T,COW,2021,9213.0,1235.0,68.0,40312838.0,838969.0,43281037.0,1856833.0,16292299.0,36736711.0,6544326.0,113808817.0,0.0,0.0,3592745.0,96535392.0,120353143.0,12283394.0,5860516.0,180998.0,686069.0,638373.0,284829.0,0.0,2562965.0,0.0,0.0,22497144.0,2200182.0,1555172.0,495217.0,0.0,806166.0,1458115.0,3691409.0,2729584.0,1713988.0,41051.0,4180476.0,,298138.0,0.0,19169498.0,113619315.0,113808817.0,17966433.0,0.0,820403.0,17083928.0,346144.0,1166547.0,18130582.0,4532646.0,1166547.0,2831659.0,18951761.0,19948456.0,15473816.0,618095.0,19109487.0,838969.0,170697621.0,57078306.0,113619315.0,4287414.0,11985639.0,0.0,ladysmith-t,Ladysmith,ladysmith-t|2021,Ladysmith|2021,"5,000 to 19,999",3592745.0,1505440.0,2847794.0,14642878.0,3327646.0,0.14791415301426705,2441.8912406382287,2080.7009660262675,710.3360468902638,389.9647237599045,1854.3284489308585,1.0973447786330137,0.3577125925451284,1.0,0.6247253811570549,0.9579431611148251,,,,,,,,,,,,,,,,,,,,,,
Ladysmith,T,COW,2022,17372.0,1235.0,68.0,40683632.0,972621.0,44017209.0,2660627.0,14511912.0,36588568.0,7428641.0,116478340.0,0.0,0.0,2652576.0,98932686.0,123906981.0,12893052.0,5803238.0,323567.0,1866519.0,850561.0,899100.0,0.0,954078.0,70055.0,0.0,23660170.0,2414811.0,1899861.0,501989.0,0.0,908096.0,1700852.0,3763862.0,2709422.0,1955815.0,40640.0,4210984.0,,0.0,0.0,20106332.0,116279171.0,116478340.0,17083928.0,2100000.0,1764363.0,17346490.0,383125.0,2147488.0,19382480.0,4845620.0,2147488.0,2143232.0,20150933.0,21072587.0,16400891.0,515425.0,20099966.0,972621.0,177331573.0,61052402.0,116279171.0,6997135.0,13954494.0,0.0,ladysmith-t,Ladysmith,ladysmith-t|2022,Ladysmith|2022,"5,000 to 19,999",2652576.0,3040647.0,1923233.0,15512223.0,3553838.0,0.15020340090540346,1361.9715634354134,1157.3988026709649,427.62151738429657,152.6926087957633,998.5315450149666,1.111921953327061,0.5014252039522178,1.0,0.44230294575307183,0.9538442527251163,,,,,,,,,,,,,,,,,,,,,,
Ladysmith,T,COW,2023,9690.0,1235.0,69.0,45156809.0,850530.0,48217174.0,2524067.0,13670140.0,38323459.0,9893715.0,122119596.0,0.0,0.0,6157954.0,102421391.0,132013311.0,13003358.0,6303381.0,411793.0,4761899.0,1761256.0,1792143.0,0.0,4988227.0,0.0,0.0,33022057.0,2991836.0,2546354.0,552275.0,0.0,824987.0,1825676.0,4131556.0,2084452.0,1734850.0,44236.0,4419318.0,3086870.0,673317.0,0.0,24915727.0,121941879.0,122119596.0,17346490.0,0.0,831318.0,16433618.0,519643.0,1350961.0,20768716.0,5192179.0,1350961.0,3271438.0,21414008.0,22493301.0,17608594.0,582401.0,21160932.0,850530.0,186768343.0,64826464.0,121941879.0,10787906.0,13047443.0,0.0,ladysmith-t,Ladysmith,ladysmith-t|2023,Ladysmith|2023,"5,000 to 19,999",6157954.0,6934948.0,6780370.0,19976766.0,8106330.0,0.24548228476499814,3407.8490196078433,2571.282456140351,1021.0232198142415,635.4957688338493,1695.935810113519,1.1783072347409977,0.8268214699232639,1.0,0.6300703423360404,0.9407659640530307,,,,,,,,,,,,,,,,,,,,,,
Ladysmith,T,COW,2024,9690.0,1235.0,69.0,54167730.0,964169.0,57277420.0,2642488.0,12816879.0,40129609.0,17147811.0,119282274.0,0.0,0.0,7477872.0,103621802.0,136430085.0,13815541.0,6317801.0,647315.0,1102256.0,1803873.0,2011086.0,0.0,459523.0,25423.0,0.0,26182818.0,2562953.0,2438333.0,582994.0,0.0,889415.0,1913013.0,4393547.0,2016803.0,2021348.0,32328.0,4557908.0,13222.0,344180.0,0.0,21766044.0,119097968.0,119282274.0,16433618.0,0.0,864402.0,15476172.0,505541.0,1369943.0,22247446.0,5561862.0,1369943.0,3627099.0,23733911.0,24704088.0,20297158.0,647890.0,23974686.0,964169.0,187958005.0,68860037.0,119097968.0,2952054.0,276549434.0,7203312.0,ladysmith-t,Ladysmith,ladysmith-t|2024,Ladysmith|2024,"5,000 to 19,999",7477872.0,3553444.0,2496032.0,16702595.0,4416774.0,0.16868978732541318,2702.0452012383903,2246.237770897833,1769.6399380804953,771.7102167182662,1597.128173374613,1.3498195310101326,0.010674597873159993,0.9739528955246388,0.6521375395506037,0.9704744413151378,2866.2208483821423,3546.5079302077975,2297.657175284081,2783.665107049771,1859.732534766857,2437.8724475115623,918.4907099893891,1604.3462673977224,814.8464198087386,518.5374381567245,1.5120151567026447,1.7099330852451193,0.024769834473671436,0.02529861000232605,0.9804574834797263,0.9815511712696461,0.8566659461626738,0.8619101997275483,0.9770312225566793,0.9623635142836453,0.17479552285244132,0.19976549769108282
Lake Country,D,COK,2019,15143.0,12089.0,0.0,36800772.0,915044.0,44657707.0,3116920.0,7604383.0,28021870.0,16635837.0,173161042.0,0.0,0.0,531908.0,165490720.0,189796879.0,16213474.0,11104122.0,514781.0,422945.0,1381282.0,1019849.0,0.0,14555239.0,323138.0,914487.0,46449317.0,3066595.0,3760400.0,1190446.0,0.0,1214545.0,3958890.0,3291636.0,2395886.0,1916669.0,554065.0,4075366.0,,5036.0,0.0,25429534.0,173095100.0,173161042.0,8766410.0,0.0,710873.0,7604383.0,707406.0,1418279.0,29199194.0,7299799.0,1418279.0,5343216.0,26329229.0,27276231.0,22416759.0,570913.0,26361187.0,915044.0,217106040.0,44010940.0,173095100.0,19700422.0,42182604.0,0.0,lake-country-d,Lake Country,lake-country-d|2019,Lake Country|2019,"5,000 to 19,999",531908.0,2319008.0,16812713.0,20646762.0,21019783.0,0.45253158404891075,3067.3787888793504,1679.2930066697484,1098.582645446741,35.12566862576768,502.17149838209076,1.3132875143593201,0.46702716598529576,1.0,0.7319675514353203,0.9664526964887488,,,,,,,,,,,,,,,,,,,,,,
Lake Country,D,COK,2020,15654.0,12089.0,209.0,44423360.0,1068767.0,52129098.0,10364732.0,6543916.0,30975802.0,21153296.0,185346799.0,0.0,0.0,202630.0,177711478.0,206500095.0,17520564.0,10747622.0,2661280.0,4139714.0,826994.0,730877.0,0.0,3927306.0,951655.0,1428417.0,42934429.0,3549908.0,3713365.0,766100.0,0.0,1214213.0,4140158.0,3213226.0,2653727.0,1853489.0,645138.0,4419434.0,,62455.0,0.0,26231213.0,185285974.0,185346799.0,7604380.0,0.0,634310.0,6543916.0,642875.0,1277185.0,30406158.0,7601540.0,1277185.0,5751275.0,28041557.0,29118716.0,23982191.0,636628.0,28049949.0,1068767.0,233460467.0,48174493.0,185285974.0,16747695.0,52208611.0,0.0,lake-country-d,Lake Country,lake-country-d|2020,Lake Country|2020,"5,000 to 19,999",202630.0,7627988.0,7038255.0,21168904.0,16703216.0,0.3890401337350964,2742.7129807078063,1675.6875558962565,1351.3029257697713,12.944295387760317,418.03475150121375,1.4341310678574197,0.32078415187103904,1.0,0.7565934008108883,0.9632962181436846,,,,,,,,,,,,,,,,,,,,,,
Lake Country,D,COK,2021,16238.0,12089.0,209.0,31224222.0,969327.0,36441910.0,5614750.0,5544583.0,21922792.0,14519118.0,204367248.0,0.0,0.0,206643.0,192654799.0,218886366.0,18600618.0,10358030.0,1662562.0,1272379.0,1455155.0,797372.0,0.0,6792040.0,2890.0,437341.0,41378387.0,4112593.0,4069709.0,847287.0,0.0,2344731.0,3702589.0,3694142.0,2789348.0,2156696.0,614957.0,4659568.0,,495.0,0.0,28992115.0,204323383.0,204367248.0,6543916.0,0.0,576266.0,5544583.0,572407.0,1148673.0,30166698.0,7541675.0,1148673.0,5006475.0,30234552.0,31754939.0,26123010.0,1044369.0,30785612.0,969327.0,257154902.0,52831519.0,204323383.0,23701978.0,56865010.0,0.0,lake-country-d,Lake Country,lake-country-d|2021,Lake Country|2021,"5,000 to 19,999",206643.0,4390096.0,8029643.0,23760140.0,12386272.0,0.29934158622471196,2548.2440571498955,1785.4486389949502,894.1444759206798,12.725889887917232,341.45726074639737,1.4242812685537498,0.4168112869407743,1.0,0.6638412554240272,0.9694747642248659,,,,,,,,,,,,,,,,,,,,,,
Lake Country,D,COK,2022,3612.0,12089.0,209.0,39367788.0,835663.0,46089862.0,5509226.0,19666130.0,37373284.0,8716578.0,216040248.0,0.0,0.0,211232.0,196274224.0,224756826.0,19940042.0,11090867.0,0.0,933386.0,862382.0,1126020.0,0.0,2954756.0,4649.0,0.0,36912102.0,4134742.0,4907417.0,864026.0,0.0,1596355.0,4029277.0,4136230.0,3206679.0,2109948.0,642154.0,5389600.0,,25214.0,0.0,31041642.0,215940354.0,216040248.0,5544583.0,14964000.0,502246.0,19666130.0,771044.0,1273290.0,32227210.0,8056803.0,1273290.0,6683183.0,32650640.0,33906185.0,28459390.0,800366.0,33070522.0,835663.0,273951929.0,58011575.0,215940354.0,17050160.0,57120529.0,0.0,lake-country-d,Lake Country,lake-country-d|2022,Lake Country|2022,"Under 5,000",211232.0,1795768.0,4085425.0,24880998.0,5870460.0,0.15903889732424342,10219.29734219269,8594.031561461794,2413.2275747508306,58.48062015503876,5444.665005537098,1.0533671057646419,0.2984944344615576,1.0,0.8295080567316838,0.9753536707240876,,,,,,,,,,,,,,,,,,,,,,
Lake Country,D,COK,2023,18705.0,12089.0,210.0,47733178.0,999728.0,54935775.0,8368736.0,18345449.0,37523822.0,17411953.0,222473569.0,0.0,0.0,798336.0,203024074.0,239885522.0,23211440.0,12282469.0,0.0,7769172.0,913306.0,2383888.0,0.0,4021652.0,389661.0,812848.0,51784436.0,4504165.0,7391794.0,1779858.0,0.0,1722258.0,4747356.0,4756474.0,3395369.0,2343986.0,0.0,5991423.0,23057.0,0.0,0.0,36655740.0,221928322.0,222473569.0,19666130.0,0.0,1014857.0,18345449.0,1111118.0,2125975.0,38697821.0,9674455.0,2125975.0,7504736.0,36851635.0,37381209.0,32695736.0,9617.0,36444814.0,999728.0,285885385.0,63957063.0,221928322.0,11460076.0,42271323.0,0.0,lake-country-d,Lake Country,lake-country-d|2023,Lake Country|2023,"5,000 to 19,999",798336.0,8682478.0,7608049.0,29553199.0,15128696.0,0.29214754796209425,2768.4809409248865,1959.6760224538893,930.8715851376637,42.6803528468324,980.7778134188719,1.272076655730858,0.2711075780618459,1.0,0.7757270047770133,0.9749501146418245,,,,,,,,,,,,,,,,,,,,,,
Lake Country,D,COK,2024,18705.0,12089.0,210.0,39152070.0,1159160.0,47280229.0,5724893.0,16974916.0,35902557.0,11377672.0,237298910.0,0.0,0.0,26795.0,219478895.0,248676582.0,25411940.0,13312784.0,783621.0,3557223.0,379598.0,2386944.0,0.0,2060790.0,132916.0,0.0,48025816.0,5086713.0,7413158.0,2008954.0,0.0,1882579.0,5239640.0,5047102.0,3723469.0,2310609.0,93669.0,6360172.0,68691.0,0.0,0.0,39234756.0,237192814.0,237298910.0,18345449.0,0.0,1019966.0,16974916.0,938163.0,1958129.0,41086001.0,10271500.0,1958129.0,8313371.0,39845979.0,41764785.0,35595612.0,1161485.0,40605625.0,1159160.0,306978520.0,69785706.0,237192814.0,21527333.0,306978520.0,6360172.0,lake-country-d,Lake Country,lake-country-d|2024,Lake Country|2024,"5,000 to 19,999",26795.0,4720442.0,4580650.0,31936421.0,8791060.0,0.18304863367652097,2567.538946805667,2097.554450681636,608.2690189788826,1.4325046778936112,907.5068698209035,1.0905092358742026,0.0701265124348114,0.9792813777328785,0.8093628973372925,0.9722455173658862,2567.538946805667,3546.5079302077975,2045.0195609464422,2783.665107049771,2217.25520024837,2437.8724475115623,799.2304887641933,1604.3462673977224,386.9249167164944,518.5374381567245,1.5629948984418691,1.7099330852451193,0.04472396775938227,0.02529861000232605,0.9792813777328785,0.9815511712696461,0.8510570773833829,0.8619101997275483,0.9732053424599786,0.9623635142836453,0.170495619408603,0.19976549769108282
Lake Cowichan,T,COW,2019,3594.0,816.0,0.0,11964924.0,296768.0,12525423.0,347663.0,728017.0,5172953.0,7352470.0,32173222.0,8553.0,1739.0,1997377.0,31272777.0,39525692.0,2669923.0,2593383.0,0.0,731803.0,26724.0,157578.0,0.0,0.0,7815.0,0.0,6187226.0,596074.0,639752.0,390275.0,0.0,0.0,277446.0,866393.0,662720.0,427286.0,0.0,1002407.0,,0.0,0.0,4862353.0,32000794.0,32173222.0,659712.0,225000.0,156695.0,728017.0,0.0,156695.0,5895966.0,1473992.0,156695.0,1317297.0,5377520.0,5792291.0,4187928.0,293347.0,5495523.0,296768.0,43891685.0,11890891.0,32000794.0,2432416.0,6078722.0,0.0,lake-cowichan-t,Lake Cowichan,lake-cowichan-t|2019,Lake Cowichan|2019,"Under 5,000",2007669.0,758527.0,165393.0,3859946.0,1324873.0,0.21413037118734632,1721.5431274346133,1352.9084585420144,2045.7623817473568,558.6168614357263,202.56455203116306,2.3129775198034856,0.400152532061838,1.0,0.8936934528816981,0.9487650050731222,,,,,,,,,,,,,,,,,,,,,,
Lake Cowichan,T,COW,2020,3651.0,816.0,0.0,14228078.0,448821.0,14924075.0,308549.0,0.0,5533141.0,9390934.0,32080834.0,8625.0,1753.0,2950535.0,31400336.0,41471768.0,2958243.0,2359631.0,0.0,1660411.0,42795.0,76729.0,0.0,0.0,0.0,7334.0,7105143.0,650848.0,533010.0,408715.0,0.0,0.0,411398.0,727592.0,908130.0,466862.0,0.0,1036198.0,,16314.0,0.0,5159067.0,31926966.0,32080834.0,728017.0,0.0,201387.0,526630.0,15135.0,216522.0,5877804.0,1469451.0,216522.0,1252929.0,5819369.0,6193141.0,4547304.0,179195.0,5744320.0,448821.0,44819233.0,12892267.0,31926966.0,1005684.0,5958372.0,0.0,lake-cowichan-t,Lake Cowichan,lake-cowichan-t|2020,Lake Cowichan|2020,"Under 5,000",2960913.0,1703206.0,84063.0,4107734.0,1946076.0,0.2738968096771592,1946.0813475760065,1413.0558751027115,2572.153930430019,810.9868529170091,144.24267324020815,2.571428777976198,0.1687850305418997,1.0,0.8526510921425757,0.9275293425420155,,,,,,,,,,,,,,,,,,,,,,
Lake Cowichan,T,COW,2021,3600.0,816.0,0.0,16269986.0,347246.0,16877550.0,407014.0,0.0,6335826.0,10541724.0,33244423.0,8639.0,1756.0,2816109.0,32707426.0,43786147.0,3027862.0,2986289.0,0.0,517792.0,133291.0,19914.0,0.0,1290359.0,0.0,0.0,7975507.0,990823.0,631038.0,410766.0,0.0,0.0,374842.0,834422.0,716571.0,480833.0,0.0,1213466.0,,8367.0,0.0,5661128.0,33043864.0,33244423.0,526630.0,0.0,190192.0,336438.0,7280.0,197472.0,6526893.0,1631723.0,197472.0,1434251.0,6042220.0,6355627.0,4788580.0,170021.0,6008381.0,347246.0,47106456.0,14062592.0,33043864.0,2610015.0,6071874.0,0.0,lake-cowichan-t,Lake Cowichan,lake-cowichan-t|2021,Lake Cowichan|2021,"Under 5,000",2826504.0,651083.0,1310273.0,4440382.0,2314379.0,0.29018581514629727,2215.418611111111,1572.5355555555554,2928.2566666666667,785.14,93.455,2.5679344729479627,0.429853287469404,1.0,0.8789794591361402,0.9453640057857392,,,,,,,,,,,,,,,,,,,,,,
Lake Cowichan,T,COW,2022,49345.0,816.0,0.0,17961979.0,411156.0,18826402.0,816522.0,0.0,5604802.0,13221600.0,34468021.0,8806.0,1790.0,1998400.0,34103559.0,47689621.0,3506809.0,3319765.0,0.0,829733.0,1654748.0,261699.0,0.0,0.0,0.0,0.0,9572754.0,740365.0,790782.0,412771.0,0.0,0.0,294850.0,934851.0,778370.0,444884.0,0.0,1272407.0,,0.0,0.0,5669280.0,34269011.0,34468021.0,336438.0,0.0,170986.0,165452.0,9050.0,180036.0,7900619.0,1975155.0,180036.0,1795119.0,6896720.0,7316858.0,5494500.0,280467.0,6905702.0,411156.0,49604010.0,15334999.0,34269011.0,2497554.0,8108112.0,0.0,lake-cowichan-t,Lake Cowichan,lake-cowichan-t|2022,Lake Cowichan|2022,"20,000 to 99,999",2008996.0,2484481.0,261699.0,4387823.0,3903474.0,0.4077691748894832,193.99643327591448,114.89066774749215,267.94204073361027,40.713263755193026,3.352963826122201,3.2047481784369904,0.3080315121448742,1.0,0.9088496852145781,0.9438070275519902,,,,,,,,,,,,,,,,,,,,,,
Lake Cowichan,T,COW,2023,3748.0,816.0,0.0,22278043.0,435378.0,23143340.0,1193893.0,0.0,5182609.0,17960731.0,37646588.0,9251.0,1880.0,2173159.0,36980762.0,55607319.0,3680980.0,3603347.0,0.0,2787228.0,1358780.0,908026.0,0.0,1999368.0,0.0,0.0,14337729.0,956095.0,861685.0,507941.0,0.0,0.0,256825.0,1051054.0,832949.0,658111.0,0.0,1295371.0,0.0,0.0,0.0,6420031.0,37386855.0,37646588.0,165452.0,0.0,132559.0,32893.0,9370.0,141929.0,8666996.0,2166749.0,141929.0,2024820.0,7622797.0,8126337.0,6207470.0,343865.0,7690959.0,435378.0,53982353.0,16595498.0,37386855.0,4040015.0,5621318.0,0.0,lake-cowichan-t,Lake Cowichan,lake-cowichan-t|2023,Lake Cowichan|2023,"Under 5,000",2184290.0,4146008.0,2907394.0,5115290.0,7917698.0,0.5522281806274899,3825.4346318036287,1712.9218249733192,4792.084044823906,582.7881536819638,8.776147278548558,4.298615427094732,0.7186953308814765,1.0,0.9344967968140288,0.9464238315491962,,,,,,,,,,,,,,,,,,,,,,
Lake Cowichan,T,COW,2024,3748.0,816.0,0.0,25868014.0,450718.0,26775724.0,422129.0,0.0,5367090.0,21408634.0,38223356.0,9696.0,1971.0,3813403.0,37577443.0,59631990.0,3816193.0,3510725.0,257158.0,1111841.0,193625.0,1040675.0,0.0,625498.0,0.0,0.0,10555715.0,949516.0,671269.0,521102.0,0.0,0.0,201273.0,1058209.0,904438.0,804700.0,0.0,1420537.0,0.0,0.0,0.0,6531044.0,37950643.0,38223356.0,0.0,0.0,0.0,0.0,9346.0,9346.0,8880484.0,2220121.0,9346.0,2210775.0,7993625.0,8521806.0,6589322.0,324066.0,8071088.0,450718.0,55966678.0,18016035.0,37950643.0,2084080.0,194568923.0,4210340.0,lake-cowichan-t,Lake Cowichan,lake-cowichan-t|2024,Lake Cowichan|2024,"Under 5,000",3825070.0,1562624.0,1666173.0,5101161.0,4024671.0,0.3812788617350885,2816.3593916755603,1742.5410885805763,5712.015474919957,1020.5629669156883,0.0,4.819746641103466,0.010711268623304246,0.9783606758207732,0.9957903195366379,0.9471100374732774,3295.226833884918,3546.5079302077975,2651.6543505296113,2783.665107049771,2725.020435376871,2437.8724475115623,1311.726099436231,1604.3462673977224,745.266315888418,518.5374381567245,2.026605100433861,1.7099330852451193,0.015313583120714683,0.02529861000232605,0.9862284812495371,0.9815511712696461,0.804628726290725,0.8619101997275483,0.9387070475233437,0.9623635142836453,0.26007843824193605,0.19976549769108282
Langford,C,CAP,2019,42653.0,4138.0,173.0,50849430.0,1788931.0,65764167.0,13115466.0,23300825.0,73783059.0,-8018892.0,512202479.0,0.0,0.0,14614836.0,488135856.0,504183587.0,33388910.0,28156608.0,102027.0,1767041.0,5455828.0,888676.0,0.0,27984167.0,104970.0,0.0,97848227.0,6464241.0,13968363.0,0.0,0.0,1047989.0,7519962.0,18569324.0,0.0,9241729.0,0.0,9042170.0,,273680.0,0.0,66127458.0,511436681.0,512202479.0,25426850.0,0.0,2126025.0,23300825.0,704428.0,2830453.0,64201235.0,16050309.0,2830453.0,13219856.0,64739602.0,66906970.0,57148556.0,1314765.0,65118039.0,1788931.0,610543259.0,99106578.0,511436681.0,43461970.0,222194898.0,0.0,langford-c,Langford,langford-c|2019,Langford|2019,"20,000 to 99,999",14614836.0,7324896.0,28977813.0,56380860.0,31720769.0,0.3241833804510326,2294.052634046843,1550.3588962089418,-188.0030009612454,342.64497221766345,546.2880688345485,0.6891748687188478,0.19560291613896552,1.0,0.8236511832887454,0.973262411972923,,,,,,,,,,,,,,,,,,,,,,
Langford,C,CAP,2020,44069.0,4138.0,348.0,69718046.0,1048130.0,81777939.0,22795533.0,21103809.0,80518750.0,1259189.0,545653055.0,0.0,0.0,19839193.0,523979864.0,546912244.0,35459312.0,20841820.0,33908.0,5740676.0,3253331.0,606955.0,0.0,39065224.0,1407225.0,0.0,106408451.0,6585289.0,18049444.0,0.0,0.0,1056352.0,7167799.0,16115617.0,0.0,4020753.0,0.0,9747860.0,,936680.0,0.0,63679794.0,545083673.0,545653055.0,23300825.0,0.0,2197016.0,21103809.0,463040.0,2660056.0,57537699.0,14384425.0,2660056.0,11724369.0,66244751.0,68315104.0,58902304.0,1524872.0,67266974.0,1048130.0,653274475.0,108190802.0,545083673.0,43293536.0,240189190.0,0.0,langford-c,Langford,langford-c|2020,Langford|2020,"20,000 to 99,999",19839193.0,9027915.0,41079404.0,53468894.0,42728657.0,0.40155322813598704,2414.5873743447773,1445.002019560235,28.57312396469173,450.18477841566636,478.8810501713223,0.8658610075293022,0.18024764561635767,1.0,0.8150738733039381,0.9846574192436273,,,,,,,,,,,,,,,,,,,,,,
Langford,C,CAP,2021,47313.0,4138.0,353.0,63784815.0,2144197.0,81438470.0,16554332.0,18763889.0,72715556.0,8722914.0,601148068.0,0.0,0.0,22632519.0,581840303.0,609870982.0,38275961.0,26239910.0,0.0,2251115.0,4716653.0,450369.0,0.0,56006342.0,3579657.0,0.0,131520007.0,6972586.0,18106235.0,0.0,0.0,1190479.0,8679697.0,18350112.0,0.0,4655362.0,0.0,10304149.0,,302649.0,0.0,68561269.0,600604192.0,601148068.0,21103809.0,0.0,2339920.0,18763889.0,227701.0,2567621.0,66138425.0,16534606.0,2567621.0,13966985.0,74515931.0,76057512.0,65872412.0,879557.0,73913315.0,2144197.0,719201237.0,118597045.0,600604192.0,64143066.0,275862689.0,0.0,langford-c,Langford,langford-c|2021,Langford|2021,"20,000 to 99,999",22632519.0,6967768.0,60036368.0,58029419.0,62958738.0,0.4787008413100221,2779.7858305328346,1449.100014795088,184.3661150212415,478.35730137594317,396.59055650666835,0.8771825247406484,0.2325180916365243,1.0,0.8447122961381722,0.9718082153410434,,,,,,,,,,,,,,,,,,,,,,
Langford,C,CAP,2022,30084.0,4138.0,357.0,64919845.0,1408437.0,80288300.0,21238369.0,16810340.0,70812006.0,9476294.0,649473296.0,0.0,0.0,19671174.0,631137079.0,658949590.0,41995467.0,28367895.0,358443.0,2585760.0,1764840.0,1479452.0,0.0,43063486.0,7076570.0,0.0,126691913.0,7698107.0,18945902.0,0.0,0.0,1224964.0,10750296.0,21738144.0,0.0,5858523.0,0.0,11189469.0,,207900.0,0.0,77613305.0,647947419.0,649473296.0,18763889.0,0.0,1953549.0,16810340.0,452069.0,2405618.0,73159110.0,18289778.0,2405618.0,11767160.0,79660176.0,82303422.0,71483733.0,1973124.0,80894985.0,1408437.0,776944299.0,128996880.0,647947419.0,60328379.0,298419774.0,0.0,langford-c,Langford,langford-c|2022,Langford|2022,"20,000 to 99,999",19671174.0,4709043.0,51619508.0,65971767.0,49078608.0,0.3873854837127607,4211.272204494083,2579.8864845100384,314.9944821167398,653.874950139609,558.7800824358463,0.9167914971932867,0.20215945542536334,1.0,0.6433735827739407,0.9828872607508349,,,,,,,,,,,,,,,,,,,,,,
Langford,C,CAP,2023,52953.0,4138.0,365.0,80202005.0,1887692.0,96925908.0,23091814.0,26775511.0,88557075.0,8368833.0,704520128.0,0.0,0.0,34248262.0,676563093.0,712888961.0,48345289.0,27282327.0,7040.0,18645270.0,2086488.0,2902211.0,0.0,39055160.0,6078.0,0.0,138329863.0,8926378.0,21955702.0,0.0,0.0,1434204.0,11730473.0,24869461.0,0.0,2442573.0,0.0,11979436.0,0.0,1052264.0,0.0,84390491.0,703367546.0,704520128.0,16810340.0,12485509.0,2520338.0,26775511.0,976801.0,3497139.0,79809952.0,19952488.0,3497139.0,12227949.0,90510173.0,92463015.0,81731420.0,1185447.0,90575323.0,1887692.0,842621090.0,139253544.0,703367546.0,66445773.0,340130721.0,0.0,langford-c,Langford,langford-c|2023,Langford|2023,"20,000 to 99,999",34248262.0,20738798.0,41963449.0,71434254.0,53939372.0,0.3899329532336774,2612.3139954299095,1593.6866844182578,158.04266047249448,646.7671708873906,505.6467244537609,0.9056532750206576,0.19535363581580154,1.0,0.6128533444049684,0.9795843559719527,,,,,,,,,,,,,,,,,,,,,,
Langford,C,CAP,2024,52953.0,4138.0,370.0,73644747.0,4375629.0,92850398.0,16890920.0,38673494.0,103981931.0,-11131533.0,760779944.0,0.0,0.0,34558492.0,721346985.0,749648411.0,57759289.0,29245680.0,2257171.0,2475417.0,254241.0,2788133.0,0.0,34216450.0,195827.0,0.0,129192208.0,10480775.0,26194250.0,0.0,0.0,1980254.0,11234889.0,26984329.0,0.0,2916315.0,0.0,12580370.0,0.0,61577.0,0.0,92432759.0,760020479.0,760779944.0,26775511.0,15010000.0,3112017.0,38673494.0,920528.0,4032545.0,91003168.0,22750792.0,4032545.0,14527647.0,105087641.0,107787821.0,93674135.0,1837692.0,103412192.0,4375629.0,910392260.0,150371781.0,760020479.0,64432188.0,910392260.0,10704877.0,langford-c,Langford,langford-c|2024,Langford|2024,"20,000 to 99,999",34558492.0,4986829.0,37200410.0,78931861.0,36759449.0,0.28453301920499724,2439.7523841897532,1745.5622722036524,-210.21534190697412,652.6257624686042,730.3362226880441,0.7082456181737959,0.07077409467431105,0.9882414674746905,0.6385556599524096,0.9594051632234035,2823.8160359162957,3546.5079302077975,2313.177731087988,2783.665107049771,1634.933826557682,2437.8724475115623,1015.8871081440785,1604.3462673977224,757.3716446138835,518.5374381567245,1.4428133381403412,1.7099330852451193,0.021350493990494074,0.02529861000232605,0.9847118933607182,0.9815511712696461,0.8457939120832807,0.8619101997275483,0.9744645665293163,0.9623635142836453,0.16542076645989975,0.19976549769108282
Langley,C,GVR,2019,27718.0,1021.0,194.0,74975231.0,854184.0,83920314.0,10242246.0,0.0,38301961.0,45618353.0,260480013.0,0.0,0.0,10039764.0,260169178.0,306098366.0,29959362.0,13253385.0,0.0,7989618.0,1506632.0,1596503.0,0.0,2385204.0,0.0,0.0,56690704.0,4908299.0,17443222.0,683060.0,0.0,1549742.0,3675917.0,6408769.0,3683051.0,3041500.0,0.0,5959166.0,,31860.0,0.0,47384586.0,260169178.0,260480013.0,0.0,0.0,0.0,0.0,0.0,0.0,52598600.0,13149650.0,0.0,13127060.0,48873041.0,49733623.0,43478564.0,564770.0,48879439.0,854184.0,367244503.0,107075325.0,260169178.0,8225032.0,66754749.0,0.0,langley-c,Langley (City),langley-c|2019,Langley (City)|2019,"20,000 to 99,999",10039764.0,9496250.0,3981707.0,41425420.0,9306118.0,0.16415597872977553,2045.2667580633524,1709.5239916299877,1645.8024749260408,362.2109820333357,0.0,1.9574776080002796,0.12321268708537875,1.0,0.9982820835535546,0.9828248185337312,,,,,,,,,,,,,,,,,,,,,,
Langley,C,GVR,2020,27774.0,1021.0,194.0,90242672.0,1009758.0,99121320.0,17382065.0,0.0,50478969.0,48642351.0,265334701.0,0.0,0.0,14891748.0,264913669.0,313977052.0,30627832.0,14027819.0,0.0,6308010.0,1314025.0,1280883.0,0.0,3002306.0,0.0,0.0,56560875.0,4907852.0,18615742.0,688451.0,0.0,1190118.0,3674890.0,5878982.0,3900704.0,3731759.0,0.0,5967313.0,,126378.0,0.0,48682189.0,264913669.0,265334701.0,0.0,0.0,0.0,0.0,0.0,0.0,48015481.0,12003870.0,0.0,11981149.0,45576074.0,46611330.0,40067756.0,628210.0,45601572.0,1009758.0,377217311.0,112303642.0,264913669.0,10906932.0,107133894.0,0.0,langley-c,Langley (City),langley-c|2020,Langley (City)|2020,"20,000 to 99,999",14891748.0,7622035.0,4283189.0,42714876.0,7878686.0,0.13929568805291645,2036.4684597105206,1752.7971844170806,1751.3628213437028,536.1758479153165,0.0,1.7877281130682363,0.10180654872864044,1.0,0.9981071937633447,0.9783366404691735,,,,,,,,,,,,,,,,,,,,,,
Langley,C,MVRD,2021,28957.0,1021.0,194.0,90298391.0,907913.0,104128332.0,16563417.0,0.0,56069816.0,48058516.0,272726905.0,0.0,0.0,15143624.0,272261728.0,320785421.0,32373654.0,14545301.0,50000.0,4665279.0,3799097.0,907665.0,0.0,3822864.0,0.0,0.0,60163860.0,5387187.0,19313013.0,715036.0,0.0,1250675.0,4162423.0,6748601.0,5130414.0,3766650.0,0.0,6425833.0,,455659.0,0.0,53355491.0,272261728.0,272726905.0,0.0,0.0,0.0,0.0,0.0,0.0,52359262.0,13089816.0,0.0,12420557.0,54376433.0,55638148.0,48841559.0,795647.0,54730235.0,907913.0,389968733.0,117707005.0,272261728.0,14251062.0,108137963.0,0.0,langley-c,Langley (City),langley-c|2021,Langley (City)|2021,"20,000 to 99,999",15143624.0,8514376.0,4730529.0,46929658.0,6808369.0,0.11316376642057209,2077.6965845909453,1842.5766135994752,1659.6510688261906,522.9693683737956,0.0,1.6104634800299684,0.13178592979414638,1.0,0.9488717794046914,0.9836818256423632,,,,,,,,,,,,,,,,,,,,,,
Langley,C,MVRD,2022,142043.0,1021.0,240.0,120552867.0,1067928.0,135448017.0,18158683.0,7500000.0,80533097.0,54914920.0,277585272.0,0.0,0.0,15785133.0,269571340.0,332500192.0,34160270.0,17092293.0,0.0,8561302.0,2799407.0,2096198.0,0.0,1966379.0,0.0,0.0,66675849.0,5882678.0,20716473.0,747432.0,0.0,1550280.0,3982564.0,7315248.0,4682468.0,3611384.0,0.0,6377562.0,,94989.0,0.0,54961078.0,277071340.0,277585272.0,0.0,7500000.0,0.0,7500000.0,184154.0,184154.0,61577218.0,15394305.0,184154.0,15187341.0,57397169.0,58560587.0,51492298.0,728775.0,57492659.0,1067928.0,400958693.0,123887353.0,277071340.0,11290942.0,118610465.0,0.0,langley-c,Langley (City),langley-c|2022,Langley (City)|2022,"100,000 and over",15785133.0,11360709.0,4062577.0,48399362.0,11714771.0,0.17569736532338717,469.40608829720577,386.93267531662946,386.60771738135634,111.12925663355463,52.80091239976627,1.496935688441238,0.09519347217802408,1.0,0.9865558074885485,0.9817637073890669,,,,,,,,,,,,,,,,,,,,,,
Langley,C,MVRD,2023,31936.0,1021.0,240.0,132666612.0,1332789.0,143582837.0,19812494.0,7081752.0,90813735.0,52769102.0,301279290.0,0.0,0.0,20021802.0,292730376.0,354048392.0,38472924.0,17072635.0,160698.0,15822564.0,1728952.0,5078758.0,0.0,2600733.0,13247.0,0.0,80950511.0,6384891.0,23183837.0,815521.0,0.0,1783238.0,3976693.0,7543979.0,4732243.0,4019318.0,0.0,6916100.0,46491.0,0.0,0.0,59402311.0,300745856.0,301279290.0,7500000.0,0.0,418248.0,7081752.0,252000.0,670248.0,68653618.0,17163405.0,670248.0,14978736.0,65576303.0,66983888.0,59677950.0,820444.0,65651099.0,1332789.0,431389226.0,130643370.0,300745856.0,29738848.0,127764922.0,0.0,langley-c,Langley (City),langley-c|2023,Langley (City)|2023,"20,000 to 99,999",20021802.0,17712214.0,7692738.0,52234211.0,21548200.0,0.26618979588652625,2534.773014779559,1860.0423033567133,1652.339115731463,626.9351828657315,221.74824649298597,1.460865055269448,0.2327622287438175,1.0,0.8727135437286483,0.9801028420446422,,,,,,,,,,,,,,,,,,,,,,
Langley,C,MVRD,2024,31936.0,1021.0,240.0,148188796.0,1935924.0,165342299.0,23395912.0,21653047.0,113758000.0,51584299.0,326935824.0,0.0,0.0,22651235.0,310464665.0,378520123.0,42726338.0,23212400.0,526965.0,10068913.0,1219031.0,6014383.0,0.0,3251697.0,0.0,0.0,87019727.0,7600799.0,25207991.0,874701.0,0.0,1983730.0,4135400.0,9168898.0,4949033.0,3898626.0,0.0,7168443.0,50396.0,59800.0,0.0,65097817.0,326369942.0,326935824.0,7081752.0,15000000.0,418249.0,21653047.0,391122.0,809371.0,79624056.0,19906014.0,809371.0,19096643.0,73095888.0,74816673.0,66795924.0,909386.0,72880749.0,1935924.0,464011699.0,137641757.0,326369942.0,32857174.0,1254860022.0,26147061.0,langley-c,Langley (City),langley-c|2024,Langley (City)|2024,"20,000 to 99,999",22651235.0,11814909.0,9266080.0,57538252.0,21921910.0,0.2519188551349971,2724.816100951904,2038.3835483466935,1615.2398233967936,709.2696330160321,678.013746242485,1.302667030011076,0.026183935597559424,0.9791633644059146,0.9593403782394607,0.9741244307936547,2823.8160359162957,3546.5079302077975,2313.177731087988,2783.665107049771,1634.933826557682,2437.8724475115623,1015.8871081440785,1604.3462673977224,757.3716446138835,518.5374381567245,1.4428133381403412,1.7099330852451193,0.021350493990494074,0.02529861000232605,0.9847118933607182,0.9815511712696461,0.8457939120832807,0.8619101997275483,0.9744645665293163,0.9623635142836453,0.16542076645989975,0.19976549769108282
Langley,D,GVR,2019,130924.0,31007.0,0.0,300940000.0,6557000.0,368813000.0,67173000.0,114969000.0,329645000.0,39168000.0,1727530000.0,12999000.0,17769000.0,2288000.0,1609481000.0,1766698000.0,144279000.0,97875000.0,1992000.0,1734000.0,4828000.0,6924000.0,0.0,105641000.0,339000.0,7870000.0,371482000.0,25792000.0,58279000.0,10896000.0,0.0,6571000.0,21634000.0,52274000.0,19535000.0,14551000.0,9549000.0,38646000.0,,914000.0,0.0,258641000.0,1724450000.0,1727530000.0,111501000.0,8950000.0,4918806.0,114969000.0,3866000.0,8784806.0,257287063.0,64321766.0,8784806.0,51953627.0,246890000.0,254409000.0,220747614.0,4704000.0,247852000.0,6557000.0,2360667000.0,636217000.0,1724450000.0,170433000.0,2360668000.0,38646000.0,langley-d,Langley (District),langley-d|2019,Langley (District)|2019,"100,000 and over",33056000.0,8554000.0,120774000.0,216129000.0,112841000.0,0.30375899774417064,2837.3865754177996,1975.504873056124,299.1659283248297,252.48235617610217,878.1354068008922,0.9129214761334162,0.07219693747701922,0.983629210037159,0.8077145611953502,0.9742265407277259,,,,,,,,,,,,,,,,,,,,,,
Langley,D,GVR,2020,133302.0,31007.0,0.0,394146000.0,6792000.0,469334000.0,103288000.0,197200000.0,465897000.0,3437000.0,1909680000.0,34156000.0,17852000.0,3565000.0,1708566000.0,1913117000.0,150257000.0,90821000.0,677000.0,11652000.0,3356000.0,5082000.0,0.0,129027000.0,4308000.0,4530000.0,399710000.0,25124000.0,52872000.0,11135000.0,0.0,10261000.0,24475000.0,40582000.0,22582000.0,14992000.0,10531000.0,40737000.0,,0.0,0.0,253291000.0,1905766000.0,1909680000.0,114969000.0,88626000.0,5687640.0,197200000.0,4549000.0,10236640.0,251431997.0,62857999.0,10236640.0,48398918.0,242619000.0,250208000.0,216132000.0,5095000.0,243416000.0,6792000.0,2578165000.0,672399000.0,1905766000.0,224853000.0,2578165000.0,40737000.0,langley-d,Langley (District),langley-d|2020,Langley (District)|2020,"100,000 and over",55573000.0,15685000.0,142947000.0,208005000.0,146419000.0,0.3663130769808111,2998.5296544688003,1900.1290303221258,25.783559136397052,416.89547043555234,1479.3476466969737,0.8459938570113137,0.08721435594696228,0.9841992269695694,0.7699722989909367,0.9728545849852922,,,,,,,,,,,,,,,,,,,,,,
Langley,D,MVRD,2021,137399.0,31007.0,0.0,474028000.0,7840000.0,553558000.0,57192000.0,188910000.0,497040000.0,56518000.0,2113962000.0,34397000.0,19385000.0,13510000.0,1921259000.0,2170480000.0,157650000.0,116696000.0,831000.0,3873000.0,5817000.0,4694000.0,0.0,215680000.0,12424000.0,5289000.0,522954000.0,26987000.0,57189000.0,11901000.0,0.0,10987000.0,26157000.0,41324000.0,25432000.0,15516000.0,8637000.0,41461000.0,,0.0,0.0,265591000.0,2110169000.0,2113962000.0,197200000.0,822000.0,8308000.0,188910000.0,4652000.0,12960000.0,284876000.0,71219000.0,12960000.0,53880373.0,278313000.0,286429000.0,249850000.0,5702000.0,278589000.0,7840000.0,2819289000.0,709120000.0,2110169000.0,248381000.0,2819289000.0,41461000.0,langley-d,Langley (District),langley-d|2021,Langley (District)|2021,"100,000 and over",67292000.0,10521000.0,238087000.0,219478000.0,257363000.0,0.4921331512905533,3806.097569851309,1932.9907786810675,411.34214950618275,489.75611176209435,1374.9008362506277,0.9537019153388058,0.08810058138771867,0.9852938098932036,0.7565449248093907,0.9726284698825887,,,,,,,,,,,,,,,,,,,,,,
Langley,D,MVRD,2022,3969.0,31007.0,0.0,557850000.0,8816000.0,642419000.0,83246000.0,177091000.0,517703000.0,124716000.0,2215992000.0,36724000.0,22542000.0,40064000.0,2034548000.0,2340708000.0,167465000.0,122396000.0,2978000.0,5666000.0,7058000.0,13721000.0,0.0,98981000.0,44645000.0,7559000.0,470469000.0,30358000.0,62777000.0,13114000.0,0.0,13175000.0,29159000.0,53705000.0,30400000.0,16106000.0,8763000.0,42684000.0,,0.0,0.0,300241000.0,2211639000.0,2215992000.0,188910000.0,0.0,10806000.0,177091000.0,4479030.0,15285030.0,310737000.0,77684250.0,15285030.0,58006098.0,304244000.0,313615000.0,274170000.0,6730000.0,304799000.0,8816000.0,2959326000.0,747687000.0,2211639000.0,156075000.0,2211639000.0,42684000.0,langley-d,Langley (District),langley-d|2022,Langley (District)|2022,"Under 5,000",99330000.0,15702000.0,164906000.0,253077970.0,170228000.0,0.3618261777077767,118535.90325018896,75646.51045603426,31422.524565381707,25026.455026455027,44618.54371378181,1.0775483240390726,0.0705698353121825,0.9807002860774294,0.746690583998687,0.9718890996922979,,,,,,,,,,,,,,,,,,,,,,
Langley,D,MVRD,2023,148653.0,31007.0,0.0,475500000.0,12323000.0,579315000.0,98955000.0,167263000.0,504368000.0,74947000.0,2409699000.0,28321000.0,25545000.0,37683000.0,2234424000.0,2484646000.0,178335000.0,115690000.0,1744000.0,28682000.0,15603000.0,22727000.0,0.0,115500000.0,1905000.0,0.0,480186000.0,33998000.0,67526000.0,13838000.0,0.0,13277000.0,36973000.0,54843000.0,38128000.0,18711000.0,10041000.0,46240000.0,0.0,2673000.0,0.0,336248000.0,2405015000.0,2409699000.0,177091000.0,0.0,8537000.0,167263000.0,4730650.0,13267650.0,316548000.0,79137000.0,13267650.0,61938564.0,334469000.0,345398730.0,302065000.0,7427730.0,333075730.0,12323000.0,3192715000.0,787700000.0,2405015000.0,239021000.0,2405015000.0,46240000.0,langley-d,Langley (District),langley-d|2023,Langley (District)|2023,"100,000 and over",91549000.0,46029000.0,140132000.0,285277350.0,143938000.0,0.2997546783954551,3230.247623660471,2261.9657860924435,504.17415053850243,615.857063093244,1125.1908807760356,0.9427640135773879,0.09938441132383789,0.980773508689135,0.7826751582698358,0.9643223934262873,,,,,,,,,,,,,,,,,,,,,,
Langley,D,MVRD,2024,148653.0,31007.0,0.0,596810000.0,17771000.0,709384000.0,111892000.0,317305000.0,717913000.0,-8529000.0,2653092000.0,40023000.0,30809000.0,27685000.0,2376466000.0,2644563000.0,194972000.0,162517000.0,2323000.0,5220000.0,10497000.0,22235000.0,0.0,110720000.0,2161000.0,271000.0,510916000.0,36175000.0,72552000.0,9354000.0,0.0,15680000.0,42871000.0,64594000.0,24428000.0,20773000.0,16786000.0,47786000.0,0.0,0.0,0.0,350999000.0,2639615000.0,2653092000.0,167263000.0,164387000.0,12824000.0,317305000.0,5610000.0,18434000.0,379522000.0,94880500.0,18434000.0,67329681.0,369916000.0,385054000.0,332882000.0,9994000.0,367283000.0,17771000.0,3466955000.0,827340000.0,2639615000.0,295359000.0,2639615000.0,47855000.0,langley-d,Langley (District),langley-d|2024,Langley (District)|2024,"100,000 and over",98517000.0,18040000.0,135387000.0,297603000.0,159917000.0,0.3130005715225203,3436.970663222404,2361.196881327656,-57.37522956146193,662.7313273193275,2134.534789072538,0.8313124292219252,0.11189472707194041,0.9818704621696724,0.7096261191709572,0.953848031704644,2926.770007924518,3546.5079302077975,2253.2286473116947,2783.665107049771,505.31078643357574,2437.8724475115623,835.9639870535584,1604.3462673977224,1385.6199903478357,518.5374381567245,1.168434818156359,1.7099330852451193,0.06451572223281492,0.02529861000232605,0.982732789016175,0.9815511712696461,0.742372553201734,0.8619101997275483,0.9707950553258613,0.9623635142836453,0.21263543020394,0.19976549769108282
Lantzville,D,NAN,2019,3790.0,2793.0,65.0,12149352.0,119763.0,12575060.0,204878.0,0.0,7581333.0,4993727.0,50926385.0,920728.0,363142.0,3066145.0,50867795.0,55920112.0,2600254.0,857757.0,273905.0,561541.0,10304.0,226333.0,0.0,16067307.0,0.0,243118.0,20840519.0,1140430.0,436404.0,203786.0,0.0,167252.0,503581.0,347700.0,270174.0,150786.0,0.0,889891.0,,6192.0,0.0,4116196.0,50867795.0,50926385.0,0.0,0.0,0.0,0.0,0.0,0.0,4376117.0,1094029.0,0.0,907784.0,5969116.0,6102302.0,4793379.0,102171.0,5982539.0,119763.0,61431844.0,10564049.0,50867795.0,17780610.0,78419847.0,696757.0,lantzville-d,Lantzville,lantzville-d|2019,Lantzville|2019,"Under 5,000",4350015.0,845750.0,16536758.0,3226305.0,16724323.0,0.8024907153223967,5498.817678100264,1086.0675461741425,1317.606068601583,1147.7612137203166,0.0,1.6025350687009792,0.22673609653943855,0.9911150425988462,0.8297622823526616,0.9803741276652647,,,,,,,,,,,,,,,,,,,,,,
Lantzville,D,NAN,2020,3816.0,2793.0,65.0,13000698.0,133837.0,14265318.0,1475712.0,4300000.0,10267208.0,3998110.0,58096020.0,1273297.0,406316.0,3191191.0,53737392.0,62094130.0,2779505.0,1153600.0,2354078.0,3492290.0,12139.0,128063.0,0.0,267966.0,21109.0,282232.0,10490982.0,1269892.0,447329.0,213469.0,0.0,299608.0,470225.0,150642.0,315713.0,179449.0,44699.0,925938.0,,0.0,0.0,4316964.0,58037392.0,58096020.0,0.0,4300000.0,0.0,4300000.0,0.0,0.0,4794301.0,1198575.0,0.0,1000298.0,6286491.0,6422536.0,5092732.0,109225.0,6288699.0,133837.0,69399868.0,11362476.0,58037392.0,8105926.0,87403453.0,912911.0,lantzville-d,Lantzville,lantzville-d|2020,Lantzville|2020,"Under 5,000",4870804.0,5858507.0,699370.0,3391026.0,6174018.0,0.5885071578618665,2749.2091194968552,1131.2798742138364,1047.722746331237,1276.416142557652,1126.8343815513626,1.2662349881291974,0.09274148470999195,0.9895552067033324,0.8345727217737731,0.9791613468573784,,,,,,,,,,,,,,,,,,,,,,
Lantzville,D,NAN,2021,3874.0,2793.0,65.0,13231300.0,185581.0,13888942.0,803522.0,4189792.0,10065869.0,3823073.0,64336759.0,1946808.0,845635.0,3555623.0,60100070.0,68159832.0,2954176.0,1928497.0,646766.0,704561.0,182421.0,106281.0,0.0,4417045.0,0.0,209559.0,11149306.0,1514362.0,529621.0,248121.0,0.0,400686.0,609380.0,162750.0,352543.0,256248.0,0.0,1009893.0,,0.0,0.0,5083604.0,64289862.0,64336759.0,4300000.0,0.0,110208.0,4189792.0,39130.0,149338.0,5657994.0,1414499.0,149338.0,894501.0,6706172.0,6859578.0,5472856.0,109569.0,6673997.0,185581.0,76649736.0,12359874.0,64289862.0,7262363.0,19650993.0,0.0,lantzville-d,Lantzville,lantzville-d|2021,Lantzville|2021,"Under 5,000",6348066.0,1533748.0,4732885.0,4034581.0,6065702.0,0.5440430103900638,2877.9829633453796,1312.2364481156428,986.8541559112028,1638.6334537945277,1081.5157459989675,1.3144717063176563,0.3695672274678435,1.0,0.6323800865182655,0.9729457118207563,,,,,,,,,,,,,,,,,,,,,,
Lantzville,D,NAN,2022,2179.0,2793.0,65.0,14770860.0,241338.0,15490212.0,867528.0,4077655.0,10900887.0,4589325.0,66902129.0,1758555.0,963707.0,4011767.0,62787052.0,71491454.0,3753054.0,1587074.0,32115.0,659528.0,123543.0,297832.0,0.0,2298938.0,0.0,89510.0,8841594.0,1331850.0,511392.0,205613.0,0.0,372224.0,691668.0,215195.0,586927.0,276264.0,0.0,1137945.0,,46775.0,0.0,5375853.0,66864707.0,66902129.0,4189792.0,0.0,110208.0,4077655.0,39130.0,149338.0,6317987.0,1579497.0,149338.0,1045309.0,8351438.0,8435175.0,8187395.0,6442.0,8193837.0,241338.0,80362527.0,13497820.0,66864707.0,3759565.0,92642198.0,2456900.0,lantzville-d,Lantzville,lantzville-d|2022,Lantzville|2022,"Under 5,000",6734029.0,815186.0,2686280.0,4198778.0,3465741.0,0.3919814684999108,4057.6383662230382,2467.119320789353,2106.1610830656264,3090.421753097751,1871.3423588802202,1.3550145047829594,0.040581560899494204,0.9734796879495454,0.6617986612193629,0.9713890938836479,,,,,,,,,,,,,,,,,,,,,,
Lantzville,D,NAN,2023,4099.0,2793.0,65.0,18496961.0,289170.0,19704084.0,1564515.0,3963556.0,11352737.0,8351347.0,67875489.0,1980115.0,1151914.0,7219956.0,63755945.0,76226836.0,3795168.0,1744023.0,448877.0,2504230.0,664887.0,735589.0,0.0,417433.0,65765.0,0.0,10375972.0,1749631.0,675156.0,251462.0,0.0,229873.0,614952.0,238069.0,462491.0,147133.0,0.0,1332097.0,0.0,105010.0,-125519.0,5680355.0,67832291.0,67875489.0,4077655.0,0.0,110208.0,3963556.0,39130.0,149338.0,6726889.0,1681722.0,149338.0,1532384.0,8953830.0,9239688.0,7637366.0,218141.0,9094127.0,289170.0,82472032.0,14639741.0,67832291.0,2309386.0,91892408.0,2570024.0,lantzville-d,Lantzville,lantzville-d|2023,Lantzville|2023,"Under 5,000",10351985.0,3617994.0,1218787.0,4309128.0,4695617.0,0.4525471926871044,2531.3422786045376,1385.790436691876,2037.410831910222,2525.4903635032933,966.9568187362771,1.6292952968081618,0.025131412379573295,0.9720322488447577,0.9111993539954879,0.9842461130722163,,,,,,,,,,,,,,,,,,,,,,
Lantzville,D,NAN,2024,4099.0,2793.0,65.0,19260961.0,357811.0,20080645.0,2220939.0,3847461.0,10671969.0,9408676.0,69424846.0,2460427.0,1471980.0,6916505.0,65557178.0,78833522.0,3889550.0,1534984.0,8675.0,1031958.0,5725.0,753243.0,0.0,34985.0,0.0,123214.0,7382334.0,1614080.0,690721.0,287809.0,0.0,452911.0,660957.0,255290.0,628878.0,220396.0,0.0,1324327.0,0.0,0.0,0.0,6135369.0,69404640.0,69424846.0,3963556.0,0.0,110208.0,3847461.0,39130.0,149338.0,6800404.0,1700101.0,149338.0,1550763.0,10095874.0,10490838.0,8548805.0,303721.0,10091146.0,357811.0,85368716.0,15964076.0,69404640.0,2944349.0,105384662.0,1389488.0,lantzville-d,Lantzville,lantzville-d|2024,Lantzville|2024,"Under 5,000",10848912.0,1046358.0,911442.0,4771912.0,1246965.0,0.1689120270093442,1801.0085386679677,1496.7965357404246,2295.3588680165894,2646.72163942425,938.6340570870944,1.8048179300370906,0.027939065743741723,0.986815083204423,0.9121593364158953,0.9619008510092331,4486.511144130758,3546.5079302077975,3557.844717668488,2783.665107049771,5496.677373974208,2437.8724475115623,3386.4506393861893,1604.3462673977224,624.7436119532265,518.5374381567245,3.324657351485151,1.7099330852451193,0.02521828600111612,0.02529861000232605,0.9816336034641139,0.9815511712696461,0.8531878894527055,0.8619101997275483,0.9614729661922712,0.9623635142836453,0.23352896680225554,0.19976549769108282
Lillooet,D,SQL,2019,2249.0,2762.0,35.0,7646150.0,249156.0,8375891.0,449123.0,148933.0,1316842.0,7059049.0,29083810.0,848290.0,849189.0,3635019.0,28912244.0,36142859.0,2575561.0,2309506.0,9702.0,772749.0,237442.0,187284.0,0.0,28142.0,0.0,0.0,6120386.0,874153.0,462586.0,145239.0,0.0,132702.0,856000.0,797872.0,675657.0,364062.0,163946.0,1321319.0,,0.0,0.0,5793536.0,29061177.0,29083810.0,249820.0,0.0,61568.0,148933.0,20126.0,81694.0,5518861.0,1379715.0,81694.0,1298021.0,4438436.0,4769767.0,3663018.0,197022.0,4520611.0,249156.0,49041771.0,19980594.0,29061177.0,1360089.0,77755810.0,1910465.0,lillooet-d,Lillooet,lillooet-d|2019,Lillooet|2019,"Under 5,000",5332498.0,1019893.0,215426.0,4452091.0,326850.0,0.05340349448547853,2721.38105824811,2576.0497999110717,3138.7501111605156,2371.052912405514,66.22187638950645,5.806429321057499,0.017491799005116146,0.9754299389331806,0.9407892209623002,0.9477634861409373,,,,,,,,,,,,,,,,,,,,,,
Lillooet,D,SQL,2020,2132.0,2762.0,35.0,9352082.0,195543.0,10458994.0,579269.0,44011.0,1386039.0,9072955.0,28507520.0,934396.0,1136706.0,3936911.0,28374011.0,37580475.0,2613236.0,1978939.0,10570.0,1630133.0,631987.0,116223.0,0.0,51663.0,0.0,0.0,7032751.0,659476.0,531476.0,147001.0,0.0,213455.0,786956.0,641446.0,687081.0,449888.0,105375.0,1372981.0,,0.0,0.0,5595135.0,28485010.0,28507520.0,148933.0,0.0,61567.0,44011.0,14516.0,76083.0,5139148.0,1284787.0,76083.0,1208704.0,4529351.0,4868305.0,3802316.0,220834.0,4672762.0,195543.0,49838583.0,21353573.0,28485010.0,796814.0,80351894.0,1960170.0,lillooet-d,Lillooet,lillooet-d|2020,Lillooet|2020,"Under 5,000",6008013.0,2272690.0,167886.0,4207638.0,1437616.0,0.20441730412465905,3298.6636960600376,2624.359756097561,4255.607410881801,2818.0173545966227,20.643058161350844,6.747344050203494,0.009916555296132784,0.9756051798853678,0.9407816237243994,0.9598334533271847,,,,,,,,,,,,,,,,,,,,,,
Lillooet,D,SQL,2021,2181.0,2762.0,35.0,12375597.0,133105.0,12841517.0,565531.0,0.0,3135255.0,9706262.0,28392364.0,1338053.0,1365539.0,4748253.0,28370031.0,38098626.0,2628150.0,2184611.0,739137.0,1212654.0,523380.0,78395.0,0.0,67994.0,0.0,0.0,7434321.0,845948.0,426464.0,150915.0,0.0,303273.0,821440.0,778698.0,677655.0,360786.0,160441.0,1393359.0,,117191.0,0.0,6036170.0,28370031.0,28392364.0,44011.0,0.0,25415.0,0.0,4453.0,29868.0,5426377.0,1356594.0,29868.0,1326726.0,4650484.0,4880582.0,3921525.0,155439.0,4747477.0,133105.0,50944351.0,22574320.0,28370031.0,1396071.0,88392844.0,2232805.0,lillooet-d,Lillooet,lillooet-d|2021,Lillooet|2021,"Under 5,000",7451845.0,2475171.0,146389.0,4638358.0,1398151.0,0.18806707431653813,3408.67537826685,2767.6157725813846,4450.3723062815225,3416.7102246675836,0.0,3.9472377844864295,0.015793936893805566,0.9747399800825506,0.9779830959004684,0.9727276378104087,,,,,,,,,,,,,,,,,,,,,,
Lillooet,D,SQL,2022,1325.0,2762.0,35.0,13666558.0,140606.0,14332794.0,544401.0,0.0,2876139.0,11456655.0,27580987.0,1399092.0,1424816.0,5068780.0,27556158.0,39037642.0,2764697.0,2445499.0,-55259.0,1637454.0,477577.0,241675.0,0.0,100308.0,0.0,0.0,7611951.0,1125467.0,572951.0,170090.0,0.0,343632.0,903852.0,946160.0,824436.0,263806.0,145711.0,1367880.0,,8950.0,0.0,6672935.0,27556158.0,27580987.0,0.0,0.0,0.0,0.0,0.0,0.0,5995871.0,1498968.0,0.0,1498968.0,4907678.0,5085416.0,4162108.0,112416.0,4944810.0,140606.0,51469819.0,23913661.0,27556158.0,562957.0,97079225.0,2483109.0,lillooet-d,Lillooet,lillooet-d|2022,Lillooet|2022,"Under 5,000",7892688.0,2059772.0,341983.0,5305055.0,939016.0,0.12336075205949171,5744.868679245283,5036.177358490566,8646.532075471698,5956.745660377359,0.0,4.751702890576568,0.005798944109823703,0.9744218291812692,1.0,0.9723511311562318,,,,,,,,,,,,,,,,,,,,,,
Lillooet,D,SQL,2023,2196.0,2762.0,35.0,15728760.0,253591.0,16317695.0,331587.0,0.0,2230151.0,14087544.0,27901061.0,1498637.0,1488615.0,6834385.0,27615474.0,41988605.0,2969995.0,2577466.0,60698.0,2839049.0,406399.0,773201.0,0.0,367643.0,0.0,0.0,9994451.0,840838.0,452048.0,161665.0,0.0,261760.0,1025491.0,1118949.0,1057139.0,425189.0,209716.0,1454639.0,8584.0,27470.0,0.0,7043488.0,27828494.0,27901061.0,0.0,0.0,0.0,0.0,0.0,0.0,6733662.0,1683416.0,0.0,1683416.0,5162865.0,5528340.0,4337451.0,280814.0,5274749.0,253591.0,53007026.0,25178532.0,27828494.0,1252111.0,97514614.0,2496551.0,lillooet-d,Lillooet,lillooet-d|2023,Lillooet|2023,"Under 5,000",9821637.0,3306146.0,1140844.0,5588849.0,2950963.0,0.29526013985160365,4551.207194899818,3207.417122040073,6415.092896174863,4472.512295081967,0.0,7.052778040590077,0.012840239515279217,0.9743981861016237,1.0,0.9541289066880836,,,,,,,,,,,,,,,,,,,,,,
Lillooet,D,SQL,2024,2196.0,2762.0,35.0,16545743.0,362283.0,17407821.0,690508.0,0.0,2418232.0,14989589.0,27471536.0,1570038.0,1624237.0,7548130.0,27279755.0,42461125.0,3168663.0,2531470.0,65643.0,1285438.0,353797.0,859289.0,0.0,17947.0,3300.0,0.0,8285547.0,824577.0,405067.0,176938.0,0.0,337799.0,1597243.0,1059694.0,1283485.0,448044.0,153426.0,1496106.0,8947.0,21701.0,0.0,7813027.0,27450866.0,27471536.0,0.0,0.0,0.0,0.0,0.0,0.0,7014922.0,1753731.0,0.0,1753731.0,5547357.0,6041900.0,4689097.0,331980.0,5679617.0,362283.0,53418458.0,25967592.0,27450866.0,1143479.0,98120554.0,2512391.0,lillooet-d,Lillooet,lillooet-d|2024,Lillooet|2024,"Under 5,000",10742405.0,1704878.0,880536.0,6316921.0,472520.0,0.05702942726654016,3773.0177595628415,3557.844717668488,6825.860200364299,4891.805555555556,0.0,6.842082562797945,0.011653817201235941,0.9743948551289264,1.0,0.9400382330061735,4486.511144130758,3546.5079302077975,3557.844717668488,2783.665107049771,5496.677373974208,2437.8724475115623,3386.4506393861893,1604.3462673977224,624.7436119532265,518.5374381567245,3.324657351485151,1.7099330852451193,0.02521828600111612,0.02529861000232605,0.9816336034641139,0.9815511712696461,0.8531878894527055,0.8619101997275483,0.9614729661922712,0.9623635142836453,0.23352896680225554,0.19976549769108282
Lions Bay,V,GVR,2019,1366.0,277.0,10.0,3780886.0,65095.0,5308601.0,415456.0,1782678.0,2626423.0,2682178.0,22311782.0,0.0,0.0,2264396.0,20420110.0,24993960.0,1717593.0,1397826.0,943207.0,952910.0,129511.0,91958.0,0.0,0.0,1810716.0,100760.0,7144481.0,682573.0,397267.0,187969.0,0.0,38963.0,459240.0,221014.0,637871.0,82473.0,0.0,557046.0,,63713.0,0.0,3328129.0,22292774.0,22311782.0,1710499.0,385645.0,190934.0,1872664.0,78343.0,269277.0,3573358.0,893340.0,269277.0,435408.0,3030652.0,3162885.0,2733662.0,101426.0,3097790.0,65095.0,31527958.0,9235184.0,22292774.0,2532333.0,57142140.0,1033766.0,lions-bay-v,Lions Bay,lions-bay-v|2019,Lions Bay|2019,"Under 5,000",2264396.0,2025628.0,2003434.0,2692740.0,3816352.0,0.5341678422827354,5230.220351390923,2436.404831625183,1963.5270863836017,1657.683748169839,1370.9106881405564,1.4395571467353125,0.044316383670615064,0.9819088679562928,0.48739337766136076,0.9794191062906176,,,,,,,,,,,,,,,,,,,,,,
Lions Bay,V,GVR,2020,1357.0,277.0,10.0,5493309.0,60231.0,6219584.0,1131806.0,1882463.0,3671463.0,2548121.0,23427827.0,0.0,0.0,1548309.0,21162820.0,25975948.0,1768267.0,1440913.0,650.0,1052942.0,136467.0,76575.0,0.0,0.0,0.0,36041.0,4511855.0,865158.0,456089.0,186343.0,0.0,40256.0,404216.0,242466.0,659773.0,38022.0,0.0,612374.0,,25170.0,0.0,3529867.0,23412300.0,23427827.0,1872664.0,600000.0,192703.0,2249480.0,78944.0,271647.0,3590785.0,897696.0,271647.0,472666.0,3097866.0,3184371.0,2800605.0,63342.0,3124140.0,60231.0,32773923.0,9361623.0,23412300.0,1757070.0,11927455.0,0.0,lions-bay-v,Lions Bay,lions-bay-v|2020,Lions Bay|2020,"Under 5,000",1548309.0,1190059.0,112616.0,2838549.0,981988.0,0.21764617878899034,3324.8747236551217,2601.2284450994844,1877.7605011053795,1140.9793662490788,1657.6860722181282,1.4962179926639598,0.14731306888183607,1.0,0.5265323673047446,0.981085432570514,,,,,,,,,,,,,,,,,,,,,,
Lions Bay,V,MVRD,2021,1338.0,277.0,10.0,5709347.0,98753.0,5998773.0,573706.0,1751992.0,2865174.0,3133599.0,23735961.0,0.0,0.0,1986485.0,21713265.0,26869560.0,1931350.0,1646966.0,162985.0,448295.0,121170.0,65649.0,0.0,0.0,430186.0,39743.0,4846344.0,888549.0,531899.0,192751.0,0.0,55470.0,582768.0,293341.0,765825.0,66321.0,0.0,575808.0,,0.0,0.0,3952732.0,23706653.0,23735961.0,2249480.0,0.0,221890.0,1993388.0,80252.0,302142.0,3951242.0,987811.0,302142.0,518519.0,3301608.0,3379629.0,2985229.0,29320.0,3280876.0,98753.0,33374317.0,9667664.0,23706653.0,872582.0,12609262.0,0.0,lions-bay-v,Lions Bay,lions-bay-v|2021,Lions Bay|2021,"Under 5,000",1986485.0,732450.0,535578.0,3296672.0,893612.0,0.18438889191522517,3622.080717488789,2954.2092675635276,2342.0022421524664,1484.6674140508221,1489.8266068759342,1.9926702531853213,0.06920167096218637,1.0,0.5249172159451555,0.970779928802836,,,,,,,,,,,,,,,,,,,,,,
Lions Bay,V,MVRD,2022,2298.0,277.0,10.0,5663477.0,74272.0,5896551.0,742736.0,1616995.0,2978103.0,2918448.0,23909720.0,0.0,0.0,2760826.0,21939321.0,26828168.0,2021691.0,1735115.0,0.0,494135.0,26620.0,159380.0,0.0,0.0,40500.0,0.0,4477441.0,1218850.0,551889.0,198788.0,0.0,47406.0,757987.0,311700.0,795144.0,69314.0,0.0,567755.0,,0.0,0.0,4518833.0,23871310.0,23909720.0,1993388.0,195000.0,217838.0,1931989.0,80345.0,298183.0,4258625.0,1064656.0,298183.0,592924.0,3653390.0,3775612.0,3383872.0,92258.0,3701340.0,74272.0,34031739.0,10160429.0,23871310.0,732412.0,12739710.0,0.0,lions-bay-v,Lions Bay,lions-bay-v|2022,Lions Bay|2022,"Under 5,000",2760826.0,520755.0,199880.0,3870733.0,-41392.0,-0.009244566260057922,1948.4077458659704,1966.4199303742384,1269.9947780678851,1201.4038294168843,840.7262837249782,1.901706220369141,0.05749047662780393,1.0,0.5569160367292346,0.9803284871432764,,,,,,,,,,,,,,,,,,,,,,
Lions Bay,V,MVRD,2023,1353.0,277.0,10.0,6421298.0,182983.0,6914393.0,428562.0,1477308.0,2448668.0,4465725.0,23448606.0,0.0,0.0,3129251.0,21691763.0,27914331.0,2160360.0,1826408.0,38200.0,1441266.0,13295.0,217141.0,0.0,0.0,0.0,0.0,5696670.0,1115309.0,580969.0,192771.0,0.0,39853.0,1130577.0,247783.0,630460.0,54859.0,0.0,617926.0,0.0,0.0,0.0,4610507.0,23405096.0,23448606.0,1931989.0,0.0,228078.0,1660828.0,84012.0,312090.0,4458826.0,1114707.0,312090.0,802617.0,3923160.0,3948469.0,3569147.0,0.0,3765486.0,182983.0,34183451.0,10778355.0,23405096.0,150017.0,11844831.0,0.0,lions-bay-v,Lions Bay,lions-bay-v|2023,Lions Bay|2023,"Under 5,000",3129251.0,1492761.0,217141.0,3908569.0,1086163.0,0.19066630154107575,4210.39911308204,3407.6178861788617,3300.609756097561,2312.8240946045826,1227.5151515151515,2.6223636687374525,0.012665187033905338,1.0,0.7200250828244552,0.9536572276495017,,,,,,,,,,,,,,,,,,,,,,
Lions Bay,V,MVRD,2024,1353.0,277.0,10.0,6218225.0,256052.0,6954635.0,784200.0,1332858.0,2606180.0,4348455.0,24244084.0,0.0,0.0,4216538.0,22707217.0,28592539.0,2321492.0,1986140.0,8200.0,854328.0,102815.0,260288.0,0.0,13082.0,16095.0,0.0,5562440.0,1328665.0,845364.0,201913.0,0.0,40296.0,381055.0,383315.0,998803.0,85747.0,0.0,616715.0,2359.0,0.0,0.0,4884232.0,24223228.0,24244084.0,1660828.0,0.0,151907.0,1461149.0,104511.0,256418.0,4848548.0,1212137.0,256418.0,955719.0,4133746.0,4485015.0,3780083.0,248225.0,4228963.0,256052.0,35618298.0,11395070.0,24223228.0,1434847.0,35618297.0,434741.0,lions-bay-v,Lions Bay,lions-bay-v|2024,Lions Bay|2024,"Under 5,000",4216538.0,965343.0,289465.0,4163006.0,678208.0,0.12192634886848218,4111.189948263119,3609.927568366593,3213.9356984478936,3116.4360679970437,1079.9327420546933,2.3859537714202395,0.04028398662631175,0.9877944473313814,0.788457905335783,0.9429094440040892,4648.097865362712,3546.5079302077975,3428.422456291105,2783.665107049771,5030.364110900993,2437.8724475115623,2420.45,1604.3462673977224,224.31236112962716,518.5374381567245,2.204313821553219,1.7099330852451193,0.030042455998363887,0.02529861000232605,0.9786113537119745,0.9815511712696461,0.9039920521842442,0.8619101997275483,0.9333160528846489,0.9623635142836453,0.20869205825466772,0.19976549769108282
Logan Lake,D,TNR,2019,2117.0,32269.0,66.0,5159788.0,155291.0,10228874.0,216884.0,1627826.0,3212544.0,7016330.0,18981389.0,0.0,31536.0,2060141.0,17222574.0,25997719.0,3919346.0,1011244.0,36497.0,603999.0,191888.0,68379.0,291475.0,0.0,728420.0,0.0,6851248.0,1071774.0,475052.0,213853.0,0.0,40354.0,1430429.0,1405466.0,307584.0,84539.0,0.0,887363.0,,0.0,0.0,5916414.0,18850400.0,18981389.0,1867939.0,0.0,216568.0,1627826.0,55894.0,272462.0,4487655.0,1121914.0,272462.0,849452.0,6151126.0,6331032.0,5375114.0,92476.0,6175741.0,155291.0,36267676.0,17417276.0,18850400.0,1639574.0,3324793.0,0.0,logan-lake-d,Logan Lake,logan-lake-d|2019,Logan Lake|2019,"Under 5,000",2091677.0,832384.0,1088274.0,4973157.0,934834.0,0.1364472574923576,3236.3004251299008,2794.716107699575,3314.279641001417,988.0382616910723,768.9305621162022,1.6061376902542035,0.49313566288186966,1.0,0.7571453783445077,0.9754714555225752,,,,,,,,,,,,,,,,,,,,,,
Logan Lake,D,TNR,2020,2292.0,32269.0,66.0,6431070.0,201052.0,11776392.0,301150.0,1349575.0,3256534.0,8519858.0,18603921.0,0.0,31536.0,1433575.0,17130039.0,27123779.0,3967050.0,1177905.0,32704.0,1595434.0,114749.0,31522.0,-727144.0,0.0,567136.0,0.0,6759356.0,1200585.0,470931.0,186134.0,0.0,600538.0,742911.0,1191599.0,268956.0,108771.0,0.0,857801.0,,0.0,0.0,5628226.0,18479614.0,18603921.0,1598092.0,0.0,216568.0,1349575.0,55894.0,272462.0,4753597.0,1188399.0,272462.0,915937.0,5972931.0,6059647.0,5175402.0,-54656.0,5858595.0,201052.0,36754953.0,18275339.0,18479614.0,487015.0,3245485.0,0.0,logan-lake-d,Logan Lake,logan-lake-d|2020,Logan Lake|2020,"Under 5,000",1465111.0,1742887.0,-128486.0,4714531.0,1131130.0,0.16734286520786892,2949.108202443281,2455.5959860383946,3717.2155322862127,639.228184991274,588.8198080279232,1.9748204686332156,0.15005923613882055,1.0,0.7707318838201648,0.9668211696159859,,,,,,,,,,,,,,,,,,,,,,
Logan Lake,D,TNR,2021,2272.0,32269.0,66.0,7051178.0,140197.0,11648357.0,244912.0,1085775.0,3264411.0,8383946.0,19221039.0,0.0,31536.0,1423523.0,18007840.0,27604985.0,4056313.0,1002915.0,25102.0,1079968.0,50937.0,14916.0,-1055517.0,0.0,796561.0,0.0,5971195.0,1072717.0,455303.0,185442.0,0.0,706494.0,697064.0,1226920.0,188895.0,58818.0,0.0,895331.0,,3005.0,0.0,5489989.0,19093615.0,19221039.0,1349575.0,0.0,216568.0,1085775.0,55894.0,272462.0,4786699.0,1196675.0,272462.0,924213.0,6321529.0,6465917.0,5497879.0,65316.0,6325720.0,140197.0,38205478.0,19111863.0,19093615.0,1515837.0,3245485.0,0.0,logan-lake-d,Logan Lake,logan-lake-d|2021,Logan Lake|2021,"Under 5,000",1455059.0,1156007.0,-244040.0,4538764.0,481206.0,0.08058788902388886,2628.166813380282,2416.368397887324,3690.1170774647885,640.4308978873239,477.89392605633805,2.16001539021894,0.46706023907058575,1.0,0.7723174629703136,0.9783175379455072,,,,,,,,,,,,,,,,,,,,,,
Logan Lake,D,TNR,2022,2072.0,32269.0,66.0,7473307.0,62557.0,12545572.0,344729.0,812741.0,3044681.0,9500891.0,19078691.0,0.0,0.0,774401.0,18147646.0,28579582.0,4178436.0,1066059.0,0.0,638829.0,625644.0,121727.0,196772.0,0.0,677852.0,0.0,7505319.0,1185576.0,672327.0,197595.0,0.0,1068244.0,683582.0,1421040.0,206864.0,123578.0,0.0,947905.0,,24011.0,0.0,6530722.0,18960384.0,19078691.0,1085775.0,0.0,216568.0,812741.0,55894.0,272462.0,5588646.0,1397162.0,272462.0,1124700.0,6475711.0,6634044.0,5676556.0,134189.0,6571487.0,62557.0,38977265.0,20016881.0,18960384.0,838685.0,3245485.0,0.0,logan-lake-d,Logan Lake,logan-lake-d|2022,Logan Lake|2022,"Under 5,000",774401.0,1264473.0,996351.0,5526923.0,974597.0,0.1298541740864046,3622.2582046332045,3151.8928571428573,4585.372104247104,373.7456563706564,392.2495173745174,2.4545451559621516,0.2584159224276187,1.0,0.8049889704987682,0.9905703067389966,,,,,,,,,,,,,,,,,,,,,,
Logan Lake,D,TNR,2023,2371.0,32269.0,66.0,11340447.0,112169.0,15365938.0,254795.0,530288.0,4043812.0,11322126.0,19689485.0,0.0,31536.0,2493969.0,19044187.0,31011611.0,4416813.0,1185634.0,11886.0,2781186.0,419909.0,349974.0,0.0,0.0,26025.0,0.0,9191427.0,1452990.0,711493.0,198339.0,0.0,37821.0,796656.0,1552946.0,231676.0,92495.0,0.0,952959.0,0.0,732023.0,0.0,6759398.0,19574475.0,19689485.0,812741.0,0.0,226559.0,530288.0,55894.0,282453.0,6278527.0,1569632.0,282453.0,1287179.0,6787161.0,6870745.0,5916445.0,52197.0,6758576.0,112169.0,40544315.0,20969840.0,19574475.0,1567050.0,22459979.0,0.0,logan-lake-d,Logan Lake,logan-lake-d|2023,Logan Lake|2023,"Under 5,000",2525505.0,3212981.0,375999.0,5750545.0,2432029.0,0.2645975429060145,3876.6035428089413,2850.863770560945,4775.253479544496,1065.1644875579925,223.65584141712358,2.8043952092728346,0.0697707687081987,1.0,0.8200514515504271,0.9836744050317687,,,,,,,,,,,,,,,,,,,,,,
Logan Lake,D,TNR,2024,2371.0,32269.0,40.0,9626757.0,201818.0,14587230.0,352072.0,237670.0,2720924.0,11866306.0,22807385.0,0.0,0.0,3803905.0,22421500.0,34673691.0,4585490.0,1236693.0,1050178.0,1344706.0,303694.0,464455.0,990836.0,0.0,117133.0,0.0,10093185.0,1468077.0,724927.0,215997.0,0.0,74930.0,881148.0,1678224.0,261381.0,156093.0,3524.0,963994.0,0.0,2810.0,0.0,6431105.0,22659170.0,22807385.0,530288.0,0.0,216568.0,237670.0,55894.0,272462.0,6636288.0,1659072.0,272462.0,1386610.0,7082917.0,7227355.0,6182035.0,49598.0,7025537.0,201818.0,44542565.0,21883395.0,22659170.0,4051499.0,79828797.0,1956806.0,logan-lake-d,Logan Lake,logan-lake-d|2024,Logan Lake|2024,"Under 5,000",3803905.0,2698578.0,1572424.0,5411217.0,3662080.0,0.3628269966318858,4256.9316743989875,2712.4019401096584,5004.768452129903,1604.3462673977224,100.24040489245044,3.5380470016803116,0.050752349430995436,0.975487467260718,0.8357744570458666,0.972075814734436,4486.511144130758,3546.5079302077975,3557.844717668488,2783.665107049771,5496.677373974208,2437.8724475115623,3386.4506393861893,1604.3462673977224,624.7436119532265,518.5374381567245,3.324657351485151,1.7099330852451193,0.02521828600111612,0.02529861000232605,0.9816336034641139,0.9815511712696461,0.8531878894527055,0.8619101997275483,0.9614729661922712,0.9623635142836453,0.23352896680225554,0.19976549769108282
Lumby,V,NOK,2019,1984.0,602.0,0.0,2168747.0,92094.0,5613196.0,751385.0,371135.0,2002686.0,3610510.0,16485789.0,112235.0,0.0,349593.0,16095052.0,20096299.0,984829.0,1289903.0,0.0,2462388.0,263892.0,78157.0,335359.0,0.0,0.0,0.0,5414528.0,826763.0,121306.0,80592.0,24156.0,365523.0,725094.0,181181.0,257757.0,283673.0,1516226.0,653577.0,,49154.0,0.0,5085002.0,16466187.0,16485789.0,416015.0,0.0,25056.0,371135.0,24665.0,49721.0,2738803.0,684701.0,49721.0,634980.0,2606277.0,2661771.0,2027668.0,11613.0,2569677.0,92094.0,29448751.0,12982564.0,16466187.0,716018.0,1292337.0,0.0,lumby-v,Lumby,lumby-v|2019,Lumby|2019,"Under 5,000",461828.0,2726280.0,413516.0,4406760.0,329526.0,0.060859598472849344,2729.0967741935483,2563.0050403225805,1819.813508064516,232.77620967741936,187.0640120967742,1.082919139595523,0.5540489825796212,1.0,0.9273829014416511,0.9654012309849345,,,,,,,,,,,,,,,,,,,,,,
Lumby,V,NOK,2020,2014.0,602.0,15.0,5367840.0,293532.0,6926759.0,455007.0,324211.0,2011265.0,4915494.0,16298466.0,0.0,0.0,219993.0,15952102.0,21213960.0,1024454.0,1239493.0,0.0,1624286.0,132316.0,80781.0,638999.0,0.0,45000.0,0.0,4785329.0,867960.0,120316.0,94444.0,31470.0,185679.0,531166.0,257270.0,312158.0,236182.0,364223.0,666800.0,,0.0,0.0,3667668.0,16276313.0,16298466.0,371135.0,0.0,25056.0,324211.0,21475.0,46531.0,2732772.0,683193.0,46531.0,636662.0,2674896.0,2728471.0,1861429.0,13241.0,2434939.0,293532.0,29919570.0,13643257.0,16276313.0,477765.0,66411542.0,1256071.0,lumby-v,Lumby,lumby-v|2020,Lumby|2020,"Under 5,000",219993.0,1756602.0,764780.0,2979393.0,1117661.0,0.23355990779317368,2376.03227408143,1821.0863952333664,2440.6623634558096,109.23187686196624,160.97864945382324,2.6688874912057834,0.007194005523919321,0.9810865557074401,0.9318918665735744,0.8924188675635548,,,,,,,,,,,,,,,,,,,,,,
Lumby,V,NOK,2021,2042.0,602.0,15.0,4933066.0,121471.0,7688679.0,374928.0,275149.0,1513173.0,6175506.0,16647059.0,0.0,0.0,195635.0,16349462.0,22822565.0,1067015.0,1270471.0,0.0,1201526.0,213796.0,112505.0,1327567.0,0.0,5662.0,0.0,5198542.0,743691.0,113264.0,102542.0,15877.0,191676.0,1167745.0,156483.0,307366.0,186860.0,0.0,604433.0,,0.0,0.0,3589937.0,16624611.0,16647059.0,324211.0,0.0,25057.0,275149.0,21475.0,46532.0,2963829.0,740957.0,46532.0,694425.0,2873573.0,2943537.0,2283197.0,1282.0,2822066.0,121471.0,30797100.0,14172489.0,16624611.0,1002070.0,74332671.0,1725227.0,lumby-v,Lumby,lumby-v|2021,Lumby|2021,"Under 5,000",195635.0,1415322.0,1445734.0,2964029.0,1608605.0,0.3094338758828918,2545.809010773751,1758.0494613124388,3024.243878550441,95.80558276199804,134.74485798237023,3.2600806384993652,0.013480882450732869,0.9767904613571602,0.9372001344207559,0.9587329800848435,,,,,,,,,,,,,,,,,,,,,,
Lumby,V,NOK,2022,279.0,602.0,15.0,4921704.0,105202.0,8029430.0,327535.0,246335.0,1718740.0,6310690.0,18457767.0,0.0,0.0,330839.0,18137823.0,24768457.0,1070772.0,1486859.0,0.0,937748.0,138554.0,203943.0,1449928.0,0.0,0.0,0.0,5287804.0,812734.0,124135.0,152506.0,28192.0,116486.0,759631.0,219489.0,304951.0,210682.0,0.0,613106.0,,0.0,0.0,3341912.0,18384158.0,18457767.0,275149.0,0.0,12571.0,246335.0,20784.0,33355.0,3576008.0,894002.0,33355.0,600945.0,2893913.0,2961792.0,2291495.0,1016.0,2856590.0,105202.0,33169554.0,14785396.0,18384158.0,2372653.0,104425116.0,2094881.0,lumby-v,Lumby,lumby-v|2022,Lumby|2022,"Under 5,000",330839.0,1076302.0,1653871.0,2708022.0,1945892.0,0.36799624191819513,18952.702508960574,11978.179211469534,22618.960573476703,1185.8028673835126,882.921146953405,2.863553533402376,0.022721095181737695,0.979938916227778,0.6721964827819177,0.9644802876096633,,,,,,,,,,,,,,,,,,,,,,
Lumby,V,NOK,2023,2147.0,602.0,15.0,8174849.0,402605.0,11271732.0,301929.0,216080.0,2913653.0,8358079.0,18895633.0,0.0,0.0,380897.0,18438885.0,27253712.0,1169810.0,1390135.0,0.0,2432437.0,246941.0,379590.0,619353.0,0.0,28489.0,0.0,6266755.0,1069137.0,143939.0,118442.0,15609.0,127143.0,762642.0,189514.0,330724.0,213560.0,0.0,633475.0,9666.0,0.0,0.0,3613851.0,18840366.0,18895633.0,246335.0,0.0,12571.0,216080.0,24238.0,36809.0,3505145.0,876286.0,36809.0,572811.0,3149922.0,3384483.0,2263966.0,157773.0,2981878.0,402605.0,34231852.0,15391486.0,18840366.0,1092609.0,105091701.0,2094881.0,lumby-v,Lumby,lumby-v|2023,Lumby|2023,"Under 5,000",380897.0,2679378.0,1027432.0,2956138.0,2652904.0,0.42332977753239115,2918.842571029343,1683.2095947834187,3892.910572892408,177.4089427107592,100.64275733581742,2.8057043855256616,0.010396720098764032,0.9800661614564599,0.6536804194064495,0.8810438699204576,,,,,,,,,,,,,,,,,,,,,,
Lumby,V,NOK,2024,2147.0,602.0,15.0,7419875.0,495344.0,11227962.0,676471.0,184312.0,4504115.0,6723847.0,23246823.0,0.0,0.0,552428.0,23003806.0,29970670.0,1307661.0,1580688.0,157348.0,2305349.0,0.0,357058.0,702487.0,0.0,0.0,0.0,6410591.0,1167972.0,189068.0,126792.0,16446.0,154587.0,579867.0,235086.0,260483.0,260123.0,0.0,721433.0,0.0,0.0,0.0,3711857.0,23188116.0,23246823.0,216080.0,0.0,12571.0,184312.0,23002.0,35573.0,3676210.0,919053.0,35573.0,619135.0,3459962.0,3931905.0,2641119.0,209030.0,3436561.0,495344.0,39306067.0,16117951.0,23188116.0,4979400.0,111452752.0,2164881.0,lumby-v,Lumby,lumby-v|2024,Lumby|2024,"Under 5,000",552428.0,2462697.0,1059545.0,2967422.0,2698734.0,0.42098053050023,2985.836516068933,1728.8574755472753,3131.740568234746,257.30228225430835,85.84629715882627,1.647354696760629,0.044677227889357095,0.9805757959211272,0.6736662629902737,0.8740193366828547,4648.097865362712,3546.5079302077975,3428.422456291105,2783.665107049771,5030.364110900993,2437.8724475115623,2420.45,1604.3462673977224,224.31236112962716,518.5374381567245,2.204313821553219,1.7099330852451193,0.030042455998363887,0.02529861000232605,0.9786113537119745,0.9815511712696461,0.9039920521842442,0.8619101997275483,0.9333160528846489,0.9623635142836453,0.20869205825466772,0.19976549769108282
Lytton,V,TNR,2019,273.0,624.0,18.0,1910757.0,79814.0,2339006.0,204086.0,85361.0,452147.0,1886859.0,6414668.0,0.0,0.0,1080.0,6318849.0,8301527.0,372326.0,376025.0,130806.0,1439988.0,572868.0,32230.0,0.0,0.0,0.0,0.0,2924243.0,553647.0,65418.0,0.0,0.0,68111.0,177090.0,75977.0,73206.0,104148.0,2080.0,112991.0,,0.0,0.0,1232668.0,6404208.0,6414668.0,104222.0,0.0,9073.0,85361.0,12709.0,21782.0,1060469.0,265117.0,21782.0,243335.0,530532.0,581005.0,431104.0,14091.0,501191.0,79814.0,8700704.0,2296496.0,6404208.0,1389137.0,3555307.0,0.0,lytton-v,Lytton,lytton-v|2019,Lytton|2019,"Under 5,000",1080.0,2143662.0,32230.0,1106968.0,1691575.0,0.5784659482813159,10711.51282051282,4515.267399267399,6911.571428571428,3.956043956043956,312.67765567765565,4.225964122287663,0.3907220951664652,1.0,0.9178400479788169,0.8626276882298776,,,,,,,,,,,,,,,,,,,,,,
Lytton,V,TNR,2020,275.0,624.0,18.0,2229743.0,85583.0,2511702.0,221152.0,65556.0,407717.0,2103985.0,6468905.0,0.0,0.0,1080.0,6380714.0,8572890.0,376457.0,360783.0,69035.0,819690.0,0.0,24077.0,0.0,0.0,0.0,0.0,1650042.0,599527.0,74536.0,0.0,0.0,65805.0,219286.0,24987.0,140024.0,79347.0,0.0,175167.0,,0.0,0.0,1378679.0,6446270.0,6468905.0,85361.0,0.0,9073.0,65556.0,8550.0,17623.0,1056029.0,264007.0,17623.0,246384.0,537579.0,576983.0,451410.0,-19279.0,491400.0,85583.0,8917933.0,2471663.0,6446270.0,217229.0,292870.0,0.0,lytton-v,Lytton,lytton-v|2020,Lytton|2020,"Under 5,000",1080.0,888725.0,24077.0,1194962.0,271363.0,0.16445823803272885,6000.152727272727,5013.3781818181815,7650.854545454546,3.9272727272727272,238.38545454545454,5.468849716837905,0.7417249974391368,1.0,0.9332479820610817,0.8516715397160748,,,,,,,,,,,,,,,,,,,,,,
Lytton,V,TNR,2021,276.0,624.0,18.0,3465449.0,314619.0,6705794.0,2954804.0,44761.0,4107811.0,2597983.0,5584225.0,0.0,0.0,0.0,5538744.0,8182208.0,391965.0,379836.0,138222.0,3699824.0,222543.0,16053.0,0.0,0.0,0.0,5570.0,4854013.0,648294.0,119019.0,0.0,0.0,2930198.0,164406.0,48915.0,202439.0,166626.0,0.0,154538.0,,810357.0,0.0,5244792.0,5583505.0,5584225.0,65556.0,0.0,9073.0,44761.0,8550.0,17623.0,1092542.0,273136.0,17623.0,255513.0,554925.0,630449.0,241406.0,30377.0,315830.0,314619.0,7431772.0,1848267.0,5583505.0,102130.0,75641.0,0.0,lytton-v,Lytton,lytton-v|2021,Lytton|2021,"Under 5,000",0,4060589.0,21623.0,5081704.0,-390779.0,-0.08050637688856623,17587.003623188404,19002.869565217392,9412.981884057972,0.0,162.17753623188406,0.8436242563253276,1.3501936780317552,1.0,0.9354790287622283,0.5009604266165859,,,,,,,,,,,,,,,,,,,,,,
Lytton,V,TNR,2022,3592.0,624.0,18.0,23300402.0,225089.0,24451000.0,6345705.0,22926.0,17163497.0,7287503.0,6112918.0,0.0,0.0,0.0,6084528.0,13400421.0,343183.0,82933.0,68839.0,24743955.0,0.0,183895.0,0.0,0.0,0.0,107572.0,25530377.0,461427.0,24842.0,0.0,0.0,19399440.0,77917.0,3678.0,125220.0,53056.0,0.0,166584.0,,0.0,0.0,20312164.0,6107454.0,6112918.0,44761.0,0.0,9073.0,22926.0,8550.0,17623.0,1121728.0,280432.0,17623.0,262809.0,408038.0,745626.0,352371.0,145198.0,520537.0,225089.0,8122306.0,2014852.0,6107454.0,690533.0,75641.0,0.0,lytton-v,Lytton,lytton-v|2022,Lytton|2022,"Under 5,000",0,24812794.0,291467.0,20137030.0,5218213.0,0.20439232056776913,7107.565979955457,5654.834075723831,2028.8148663697104,0.0,6.382516703786192,1.3575556309999064,9.129083433587605,1.0,0.937157671021852,0.698120773685467,,,,,,,,,,,,,,,,,,,,,,
Lytton,V,TNR,2023,281.0,624.0,18.0,12754569.0,97491.0,19694140.0,1631350.0,0.0,11965522.0,7728618.0,6380354.0,0.0,0.0,0.0,6374890.0,14108972.0,363872.0,100552.0,0.0,17735584.0,50000.0,878540.0,0.0,0.0,0.0,657404.0,19785952.0,966095.0,53590.0,0.0,0.0,17476419.0,156107.0,1981.0,152684.0,62223.0,0.0,195540.0,0.0,0.0,0.0,19064639.0,6374890.0,6380354.0,35688.0,0.0,9072.0,0.0,8550.0,17622.0,2310887.0,577722.0,17622.0,560100.0,452075.0,834941.0,380357.0,336392.0,737450.0,97491.0,8585281.0,2210391.0,6374890.0,462976.0,14444161.0,323673.0,lytton-v,Lytton,lytton-v|2023,Lytton|2023,"Under 5,000",0,17785584.0,1535944.0,18860549.0,721313.0,0.036455814711366934,70412.64056939502,67845.69039145908,27503.978647686832,0.0,0.0,1.0659433829965796,0.032052813590211296,0.9775914295056667,0.9694974399451639,0.8832360609911359,,,,,,,,,,,,,,,,,,,,,,
Lytton,V,TNR,2024,281.0,624.0,18.0,20071789.0,23639.0,20854781.0,209332.0,0.0,10132187.0,10722594.0,6729069.0,0.0,0.0,0.0,6654925.0,17451663.0,352662.0,178120.0,219826.0,2865270.0,239414.0,622750.0,0.0,70.0,3201968.0,0.0,7680080.0,1348834.0,97353.0,0.0,0.0,2119209.0,201180.0,6912.0,242865.0,126928.0,0.0,194108.0,0.0,0.0,0.0,4337389.0,6654925.0,6729069.0,0.0,0.0,0.0,0.0,0.0,0.0,1567769.0,391942.0,0.0,391942.0,487573.0,607948.0,458401.0,103088.0,584309.0,23639.0,9059424.0,2404499.0,6654925.0,474143.0,6654925.0,6134925.0,lytton-v,Lytton,lytton-v|2024,Lytton|2024,"Under 5,000",0,3324510.0,3824788.0,4143281.0,3342691.0,0.43524169019072717,27331.245551601423,15435.548042704626,38158.697508896796,0.0,0.0,1.9809927511207601,0.07124693366191204,0.07813761988301893,1.0,0.9611167402475211,4648.097865362712,3546.5079302077975,3428.422456291105,2783.665107049771,5030.364110900993,2437.8724475115623,2420.45,1604.3462673977224,224.31236112962716,518.5374381567245,2.204313821553219,1.7099330852451193,0.030042455998363887,0.02529861000232605,0.9786113537119745,0.9815511712696461,0.9039920521842442,0.8619101997275483,0.9333160528846489,0.9623635142836453,0.20869205825466772,0.19976549769108282
Mackenzie,D,FFG,2019,4046.0,14436.0,103.0,18583816.0,1016627.0,23923497.0,1029262.0,0.0,1565585.0,22357912.0,41941004.0,0.0,0.0,9291565.0,39879840.0,64298916.0,8095222.0,2384731.0,5000.0,5869699.0,470402.0,398815.0,764908.0,0.0,0.0,0.0,17988777.0,2261471.0,1122158.0,362097.0,41911.0,0.0,1733724.0,3534844.0,336679.0,284451.0,0.0,1668673.0,,113742.0,0.0,11459750.0,41640078.0,41941004.0,0.0,0.0,0.0,0.0,624.0,624.0,10691147.0,2672787.0,624.0,2672163.0,8499320.0,9638807.0,6852392.0,853044.0,8622180.0,1016627.0,68878450.0,27238372.0,41640078.0,2819748.0,39879840.0,1200448.0,mackenzie-d,Mackenzie,mackenzie-d|2019,Mackenzie|2019,"Under 5,000",9291565.0,6345101.0,1163723.0,9790453.0,6529027.0,0.3629500215606653,4446.064508156203,2832.3652990608007,5525.929807217004,2296.481710331191,0.0,11.870205705854362,0.07070610112778787,0.9698983747176518,0.9997665358294544,0.8945277148925173,,,,,,,,,,,,,,,,,,,,,,
Mackenzie,D,FFG,2020,3830.0,14436.0,103.0,23900005.0,812657.0,32565497.0,2486880.0,0.0,3434986.0,29130511.0,42018159.0,856836.0,25911.0,17647140.0,41700732.0,71148670.0,8452096.0,2056556.0,102883.0,4317912.0,1968755.0,358856.0,1367256.0,0.0,0.0,274984.0,18899298.0,2153682.0,1862623.0,314941.0,79039.0,0.0,1956161.0,3187283.0,320078.0,248001.0,0.0,1718076.0,,209660.0,0.0,12049544.0,41700732.0,42018159.0,0.0,0.0,0.0,0.0,394.0,394.0,10888643.0,2722161.0,394.0,2721767.0,8468478.0,9694960.0,6964925.0,889476.0,8882303.0,812657.0,69973875.0,28273143.0,41700732.0,3722964.0,41700731.0,1355677.0,mackenzie-d,Mackenzie,mackenzie-d|2020,Mackenzie|2020,"Under 5,000",18529887.0,6389550.0,2001096.0,10331074.0,6849754.0,0.36243430840658736,4934.542558746736,3146.095039164491,7605.877545691906,4838.090600522193,0.0,6.9578172953252215,0.08927814718643662,0.9674903300855805,0.9998552620509955,0.9161773746358933,,,,,,,,,,,,,,,,,,,,,,
Mackenzie,D,FFG,2021,3692.0,14436.0,0.0,23669815.0,252591.0,30793499.0,2009391.0,0.0,2758091.0,28035408.0,45112491.0,1365861.0,145863.0,17046129.0,44776882.0,73147899.0,8074637.0,1898723.0,39749.0,1618021.0,1560634.0,216829.0,0.0,0.0,262292.0,83305.0,13754190.0,1992327.0,1842151.0,344385.0,52034.0,0.0,1881827.0,3167250.0,411661.0,283860.0,232267.0,1792044.0,,36178.0,0.0,12035984.0,44776882.0,45112491.0,0.0,0.0,0.0,0.0,0.0,0.0,10081813.0,2520453.0,0.0,2520453.0,8292759.0,9152879.0,7305994.0,693116.0,8900288.0,252591.0,75655965.0,30879083.0,44776882.0,4791134.0,44776883.0,1426164.0,mackenzie-d,Mackenzie,mackenzie-d|2021,Mackenzie|2021,"Under 5,000",18557853.0,3218404.0,562426.0,10243940.0,1718206.0,0.1249223691107946,3725.4035752979416,3260.017334777898,7593.55579631636,5026.50406283857,0.0,8.581955780284261,0.10700016792146966,0.9681495471670059,1.0,0.9724031094478579,,,,,,,,,,,,,,,,,,,,,,
Mackenzie,D,FFG,2022,96378.0,14436.0,103.0,23771995.0,307781.0,30172739.0,1529067.0,0.0,2054909.0,28117830.0,46163460.0,1619373.0,386220.0,16508430.0,45767852.0,74281290.0,7747371.0,2144992.0,62089.0,1264373.0,721827.0,595647.0,9974.0,0.0,0.0,175003.0,12721276.0,2115429.0,1037296.0,361703.0,91122.0,0.0,1825352.0,3251366.0,480664.0,305182.0,209232.0,1845828.0,,64711.0,0.0,11587885.0,45767852.0,46163460.0,0.0,0.0,0.0,0.0,0.0,0.0,10651584.0,2662896.0,0.0,2662896.0,7698955.0,8016069.0,6621643.0,147479.0,7708288.0,307781.0,78353859.0,32586007.0,45767852.0,2901509.0,45767853.0,1458930.0,mackenzie-d,Mackenzie,mackenzie-d|2022,Mackenzie|2022,"20,000 to 99,999",18514023.0,2048289.0,780624.0,9742057.0,1133391.0,0.08909412860785348,131.9935669966175,120.23371516321153,291.74531532092385,192.09802029508808,0.0,11.568393052928378,0.06339622267183911,0.9681232589171268,1.0,0.9616044971668781,,,,,,,,,,,,,,,,,,,,,,
Mackenzie,D,FFG,2023,3729.0,14436.0,103.0,25908355.0,381380.0,33543824.0,1767873.0,0.0,3479578.0,30064246.0,48502320.0,1704499.0,619795.0,1810108.0,46994607.0,78566566.0,8242248.0,2491058.0,142424.0,2625716.0,1428130.0,1150001.0,989769.0,0.0,0.0,315502.0,17384848.0,1658218.0,1110071.0,314696.0,44447.0,0.0,1835254.0,3291781.0,501494.0,286176.0,201398.0,1943294.0,0.0,1215183.0,0.0,12402012.0,48056607.0,48502320.0,0.0,0.0,0.0,0.0,0.0,0.0,11954103.0,2988526.0,0.0,2988526.0,8195325.0,8568421.0,7100753.0,165131.0,8187041.0,381380.0,82320929.0,34264322.0,48056607.0,5036745.0,48056607.0,1552324.0,mackenzie-d,Mackenzie,mackenzie-d|2023,Mackenzie|2023,"Under 5,000",4134402.0,4196270.0,2455272.0,10458718.0,4982836.0,0.2866194746137556,4662.067042102441,3325.8278358809334,8062.28104049343,1108.7160096540626,0.0,7.445832511873566,0.10480858542510087,0.9676980108062977,1.0,0.9554900488666465,,,,,,,,,,,,,,,,,,,,,,
Mackenzie,D,FFG,2024,3729.0,14436.0,103.0,20878729.0,1937780.0,31152672.0,2412090.0,0.0,4569109.0,26583563.0,56247901.0,1426414.0,869859.0,46052.0,53081998.0,82831464.0,8854511.0,2554588.0,2630080.0,967663.0,1074415.0,1302325.0,502681.0,0.0,0.0,329335.0,18215598.0,3215036.0,1158491.0,285548.0,50558.0,0.0,2257135.0,3545689.0,589070.0,343739.0,0.0,2240036.0,0.0,265398.0,0.0,13950700.0,54182998.0,56247901.0,0.0,0.0,0.0,0.0,4883.0,4883.0,12750984.0,3187746.0,4883.0,3182863.0,8569867.0,9296326.0,6164338.0,250914.0,7358546.0,1937780.0,90139826.0,35956828.0,54182998.0,8590629.0,53471714.0,1841026.0,mackenzie-d,Mackenzie,mackenzie-d|2024,Mackenzie|2024,"Under 5,000",2342325.0,4672158.0,2134341.0,11705781.0,4264898.0,0.23413439405063727,4884.847948511665,3741.137034057388,7128.871815500134,628.1375703942076,0.0,4.5695405822010375,0.16065744591617168,0.9655700956210231,0.9984681966505486,0.7915542118467016,4486.511144130758,3546.5079302077975,3557.844717668488,2783.665107049771,5496.677373974208,2437.8724475115623,3386.4506393861893,1604.3462673977224,624.7436119532265,518.5374381567245,3.324657351485151,1.7099330852451193,0.02521828600111612,0.02529861000232605,0.9816336034641139,0.9815511712696461,0.8531878894527055,0.8619101997275483,0.9614729661922712,0.9623635142836453,0.23352896680225554,0.19976549769108282
Maple Ridge,C,GVR,2019,91222.0,26893.0,498.0,228328719.0,5377516.0,249258459.0,27047300.0,23370381.0,137004272.0,112254187.0,1110824633.0,0.0,1314082.0,32061825.0,1086471200.0,1223078820.0,91155385.0,44728329.0,923293.0,4448285.0,1758960.0,5628425.0,0.0,49182521.0,2809623.0,0.0,200634821.0,14885747.0,37845703.0,6452333.0,1805078.0,2662159.0,9991720.0,16926935.0,11552263.0,9777038.0,0.0,21257458.0,,3031576.0,0.0,136188010.0,1109841581.0,1110824633.0,25822631.0,0.0,2100831.0,23370381.0,1729612.0,3830443.0,143861062.0,35965266.0,3830443.0,27612177.0,136413655.0,142399289.0,116643886.0,3903826.0,137021773.0,5377516.0,1490915031.0,381073450.0,1109841581.0,92131841.0,2549534687.0,47076848.0,maple-ridge-c,Maple Ridge,maple-ridge-c|2019,Maple Ridge|2019,"20,000 to 99,999",33375907.0,7130538.0,57620569.0,113200940.0,64446811.0,0.3212144864923522,2199.41265264958,1492.929446843963,1230.560467869593,365.87563307096974,256.19237683892044,1.666581017269301,0.03613672779969516,0.9815351215890321,0.7677456632741156,0.9622363563907963,,,,,,,,,,,,,,,,,,,,,,
Maple Ridge,C,GVR,2020,91479.0,26893.0,499.0,221282110.0,6824750.0,239860523.0,19534704.0,20676495.0,115637031.0,124223492.0,1139289286.0,0.0,1198573.0,36039090.0,1117297622.0,1263512778.0,95767396.0,44580810.0,918996.0,8527889.0,1881826.0,5286485.0,0.0,34824923.0,0.0,0.0,191788325.0,15790669.0,38567159.0,3289817.0,698360.0,2531978.0,10686101.0,16500093.0,12667213.0,10162621.0,0.0,23641391.0,,3099311.0,0.0,137634713.0,1137974117.0,1139289286.0,23291350.0,0.0,2215522.0,20676495.0,1317565.0,3533087.0,146732531.0,36683133.0,3533087.0,28382020.0,138685192.0,144915197.0,118086447.0,3693221.0,138090447.0,6824750.0,1540219506.0,402245389.0,1137974117.0,69544005.0,2627695109.0,42090284.0,maple-ridge-c,Maple Ridge,maple-ridge-c|2020,Maple Ridge|2020,"20,000 to 99,999",37237663.0,11328711.0,40111408.0,112675757.0,54153612.0,0.28236135854463507,2096.5284382207938,1504.5498201773084,1357.9454519616525,407.06241869718735,226.02449742563866,1.9135921087423975,0.026465781650925925,0.9839820518537944,0.7737076328785767,0.9529052153170657,,,,,,,,,,,,,,,,,,,,,,
Maple Ridge,C,MVRD,2021,94742.0,26893.0,501.0,267414519.0,5594269.0,287780731.0,28284530.0,46975903.0,166428513.0,121352218.0,1171388547.0,0.0,1227204.0,43297068.0,1122875676.0,1292740765.0,100490111.0,49303788.0,1697618.0,3299207.0,2587251.0,2411236.0,0.0,21451085.0,0.0,0.0,181240296.0,18649405.0,42833766.0,3467762.0,533382.0,2941755.0,10901303.0,18682996.0,14010636.0,10628828.0,0.0,23863066.0,,1065038.0,0.0,147577937.0,1169851579.0,1171388547.0,20676495.0,29000000.0,2260235.0,46975903.0,1630317.0,3890552.0,153746461.0,38436615.0,3890552.0,31372742.0,151696014.0,159714176.0,131470369.0,5591914.0,154119907.0,5594269.0,1592074248.0,422222669.0,1169851579.0,57444676.0,2772653388.0,43722374.0,maple-ridge-c,Maple Ridge,maple-ridge-c|2021,Maple Ridge|2021,"20,000 to 99,999",44524272.0,7584076.0,23862321.0,122084554.0,33662359.0,0.185733304033006,1912.9878617719703,1557.6823056300268,1280.8703426146799,469.952840345359,495.82975871313675,1.6067830816946613,0.020718304079629875,0.9842308547511818,0.8162202108588387,0.9649732469583664,,,,,,,,,,,,,,,,,,,,,,
Maple Ridge,C,MVRD,2022,760.0,26893.0,502.0,276184748.0,6400737.0,305463796.0,29111043.0,42930686.0,166360070.0,139103726.0,1195438271.0,0.0,1200270.0,47815014.0,1150440526.0,1334541997.0,105368221.0,54250411.0,919955.0,4334343.0,3647811.0,6801307.0,0.0,26194373.0,0.0,0.0,201516421.0,20151243.0,46528272.0,3692099.0,399089.0,2860685.0,12763398.0,21600483.0,14592970.0,10511704.0,0.0,26466120.0,,149126.0,0.0,159715189.0,1193371210.0,1195438271.0,46975903.0,0.0,3544334.0,42930686.0,2156373.0,5700707.0,168377824.0,42094456.0,5700707.0,32989471.0,162778043.0,169542817.0,141526821.0,4412571.0,163142080.0,6400737.0,1639538971.0,446167761.0,1193371210.0,50169026.0,2992835797.0,47674115.0,maple-ridge-c,Maple Ridge,maple-ridge-c|2022,Maple Ridge|2022,"Under 5,000",49015284.0,8902109.0,32995680.0,131092696.0,41801232.0,0.20743337834488437,265153.18552631576,210151.5644736842,183031.21842105262,64493.79473684211,56487.744736842105,1.660162489712826,0.01676303994034324,0.9840705878191552,0.7837010888084645,0.9622470765010351,,,,,,,,,,,,,,,,,,,,,,
Maple Ridge,C,MVRD,2023,99996.0,26893.0,502.0,298019276.0,8022168.0,336478412.0,36685123.0,38761184.0,192222316.0,144256096.0,1232092810.0,0.0,0.0,67983907.0,1171483531.0,1376348906.0,112617169.0,58250159.0,1186485.0,20030795.0,6084902.0,9886033.0,0.0,26655189.0,0.0,0.0,234710732.0,24938549.0,48991571.0,4058155.0,544049.0,3086173.0,13403980.0,23357511.0,16050056.0,11864197.0,0.0,27971733.0,787442.0,1307350.0,0.0,176360766.0,1229915658.0,1232092810.0,42930686.0,0.0,3601500.0,38761184.0,1592477.0,5193977.0,182674968.0,45668742.0,5193977.0,36990344.0,175063458.0,182940007.0,153790347.0,4792568.0,174887671.0,8022168.0,1699783990.0,469868332.0,1229915658.0,66040048.0,3109901901.0,50208930.0,maple-ridge-c,Maple Ridge,maple-ridge-c|2023,Maple Ridge|2023,"20,000 to 99,999",67983907.0,27302182.0,36541222.0,146796556.0,58349966.0,0.24860374088049797,2347.201208048322,1763.678207128285,1442.61866474659,679.866264650586,387.62734509380374,1.5503885407353015,0.021235411952629304,0.9838551402589725,0.8099707235202581,0.9559837340555037,,,,,,,,,,,,,,,,,,,,,,
Maple Ridge,C,MVRD,2024,99996.0,26893.0,502.0,311548103.0,9535604.0,341906643.0,36118805.0,34467441.0,173828709.0,168077934.0,1283312573.0,0.0,0.0,68789549.0,1223559590.0,1451390507.0,121031185.0,84130277.0,5792049.0,4510688.0,3273898.0,11862370.0,0.0,40637270.0,35315.0,0.0,271273052.0,24147206.0,55932411.0,7720287.0,634329.0,3923558.0,13763713.0,26904090.0,16637468.0,13650904.0,0.0,29891313.0,820278.0,1268049.0,0.0,195293606.0,1264349949.0,1283312573.0,38761184.0,0.0,3651533.0,34467441.0,1952288.0,5603821.0,218818165.0,54704541.0,5603821.0,45582841.0,188589845.0,198417380.0,182656545.0,6343795.0,189000340.0,9535604.0,1760145618.0,495795669.0,1264349949.0,81300188.0,3238414701.0,51441455.0,maple-ridge-c,Maple Ridge,maple-ridge-c|2024,Maple Ridge|2024,"20,000 to 99,999",68789549.0,13576635.0,52534955.0,163450005.0,75979446.0,0.2800847538663737,2712.8390335613426,1953.0141805672226,1680.8465738629545,687.9230069202769,344.68819752790114,1.7922707059856264,0.02510493420589249,0.9841152354625505,0.8332551588359,0.9525392382461657,2823.8160359162957,3546.5079302077975,2313.177731087988,2783.665107049771,1634.933826557682,2437.8724475115623,1015.8871081440785,1604.3462673977224,757.3716446138835,518.5374381567245,1.4428133381403412,1.7099330852451193,0.021350493990494074,0.02529861000232605,0.9847118933607182,0.9815511712696461,0.8457939120832807,0.8619101997275483,0.9744645665293163,0.9623635142836453,0.16542076645989975,0.19976549769108282
Masset,V,SKQ,2019,766.0,2132.0,38.0,6508879.0,191824.0,7135505.0,539048.0,3698804.0,7563427.0,-427922.0,26737558.0,0.0,0.0,62448.0,22837935.0,26309636.0,693874.0,3004544.0,0.0,439208.0,547836.0,93805.0,0.0,0.0,0.0,0.0,4779267.0,714829.0,62408.0,151186.0,24467.0,0.0,310597.0,137692.0,194520.0,148483.0,1841968.0,704768.0,,0.0,0.0,4290918.0,26676352.0,26737558.0,4078549.0,0.0,173688.0,3821896.0,119733.0,293421.0,4148466.0,1037117.0,293421.0,743696.0,1172862.0,1426838.0,922452.0,120252.0,1235014.0,191824.0,44790011.0,18113659.0,26676352.0,462681.0,10805022.0,0.0,masset-v,Masset,masset-v|2019,Masset|2019,"Under 5,000",62448.0,987044.0,93805.0,3466417.0,488349.0,0.10218073189884558,6239.251958224543,5601.7206266318535,-558.644908616188,81.52480417754569,4989.4203655352485,0.8605727271513297,0.04282092160478711,1.0,0.717080136570898,0.8655600705896535,,,,,,,,,,,,,,,,,,,,,,
Masset,V,SKQ,2020,764.0,2132.0,38.0,7300900.0,165888.0,8425137.0,771586.0,3462684.0,4786059.0,3639078.0,27119539.0,0.0,0.0,62448.0,23515132.0,30758617.0,737701.0,1221148.0,0.0,887812.0,1874830.0,92440.0,0.0,0.0,0.0,0.0,4813931.0,743600.0,64630.0,150432.0,27215.0,0.0,338792.0,157799.0,202539.0,145768.0,544701.0,734212.0,,0.0,0.0,3109688.0,27077972.0,27119539.0,3821896.0,0.0,175270.0,3554578.0,118151.0,293421.0,2418053.0,604513.0,293421.0,311092.0,1182697.0,1447209.0,930932.0,147268.0,1281321.0,165888.0,45925843.0,18847871.0,27077972.0,1152353.0,10805022.0,0.0,masset-v,Masset,masset-v|2020,Masset|2020,"Under 5,000",62448.0,2762642.0,92440.0,2257325.0,1704243.0,0.35402314657189726,6300.956806282723,4070.2722513089006,4763.191099476439,81.73821989528795,4652.589005235602,1.5254513159992387,0.10664975971358504,1.0,0.5146158974248692,0.8853738471775673,,,,,,,,,,,,,,,,,,,,,,
Masset,V,NCRD,2021,724.0,2132.0,38.0,8353738.0,161538.0,9182189.0,465743.0,3217120.0,4352230.0,4829959.0,27799779.0,0.0,0.0,62448.0,24478500.0,32629738.0,818981.0,2849849.0,927658.0,814040.0,313530.0,78499.0,0.0,0.0,0.0,0.0,5802557.0,843828.0,53942.0,175545.0,34679.0,0.0,318670.0,197423.0,217750.0,105965.0,1208408.0,783488.0,,0.0,0.0,3939698.0,27763394.0,27799779.0,3554578.0,0.0,176452.0,3276633.0,116968.0,293420.0,4078778.0,1019695.0,293420.0,726275.0,1342148.0,1589564.0,1091629.0,130575.0,1428026.0,161538.0,47394753.0,19631359.0,27763394.0,1468910.0,10805022.0,0.0,masset-v,Masset,masset-v|2021,Masset|2021,"Under 5,000",62448.0,2055228.0,78499.0,3039242.0,1862859.0,0.3210410513847602,8014.581491712707,5441.57182320442,6671.21408839779,86.25414364640883,4525.736187845304,1.9194155639752495,0.13594696984420762,1.0,0.7122472896307229,0.8983759068524451,,,,,,,,,,,,,,,,,,,,,,
Masset,V,NCRD,2022,669.0,2132.0,38.0,9595678.0,187824.0,10616955.0,770548.0,2961732.0,4328052.0,6288903.0,28201061.0,0.0,0.0,62448.0,25172488.0,34489964.0,946383.0,3164207.0,802523.0,1701538.0,177726.0,188470.0,0.0,0.0,0.0,0.0,6980847.0,860130.0,48715.0,171037.0,82830.0,0.0,300115.0,300854.0,215395.0,90705.0,2206448.0,843344.0,,0.0,0.0,5119573.0,28161094.0,28201061.0,3276633.0,0.0,176712.0,2988606.0,106656.0,283368.0,4706745.0,1176686.0,283368.0,893318.0,1467686.0,1693123.0,1196577.0,100075.0,1505299.0,187824.0,48635797.0,20474703.0,28161094.0,1241044.0,40651383.0,16522264.0,masset-v,Masset,masset-v|2022,Masset|2022,"Under 5,000",62448.0,2681787.0,188470.0,4169573.0,1861274.0,0.2666258120253889,10434.748878923767,7652.575485799701,9400.452914798207,93.34529147982063,4467.273542600897,2.2170893510521594,0.030528949039691958,0.5935620689706915,0.7591812939050859,0.8890665356267679,,,,,,,,,,,,,,,,,,,,,,
Masset,V,NCRD,2023,766.0,2132.0,38.0,10451713.0,213513.0,11730102.0,603457.0,2696130.0,4543454.0,7186648.0,28669951.0,37757.0,35157.0,62448.0,25951971.0,35856599.0,1130977.0,3403251.0,382207.0,1497856.0,72496.0,451088.0,0.0,0.0,0.0,0.0,6937875.0,1171624.0,93796.0,326589.0,173067.0,0.0,425564.0,168609.0,213762.0,99257.0,2035948.0,863024.0,0.0,0.0,0.0,5571240.0,28648101.0,28669951.0,2988806.0,0.0,171145.0,2696130.0,102162.0,273307.0,5257785.0,1314446.0,273307.0,1041139.0,1710365.0,1974283.0,1417813.0,120127.0,1760770.0,213513.0,49923794.0,21275693.0,28648101.0,1350031.0,49923794.0,21275693.0,masset-v,Masset,masset-v|2023,Masset|2023,"Under 5,000",135362.0,1952559.0,451088.0,4606054.0,1366635.0,0.1969817847683909,9057.278067885118,7273.159268929504,9382.046997389034,176.71279373368145,3519.751958224543,2.3003893073419475,0.02704183500156258,0.5738366158629691,0.7920743796245718,0.8918528903910938,,,,,,,,,,,,,,,,,,,,,,
Masset,V,NCRD,2024,766.0,2132.0,38.0,9169749.0,212828.0,10587504.0,469262.0,2419904.0,4135886.0,6451618.0,31509135.0,37757.0,35157.0,62448.0,29040956.0,37960753.0,1275260.0,5852978.0,141712.0,2170512.0,263851.0,491409.0,0.0,0.0,0.0,0.0,10195722.0,1106374.0,72703.0,205166.0,74229.0,0.0,2938975.0,222730.0,212006.0,267584.0,2045539.0,954523.0,0.0,0.0,0.0,8099829.0,31460860.0,31509135.0,2696130.0,0.0,144071.0,2419904.0,120050.0,264121.0,7913192.0,1978298.0,264121.0,1714177.0,1917914.0,2210649.0,1642805.0,135281.0,1997821.0,212828.0,53691076.0,22230216.0,31460860.0,3767282.0,53691076.0,22230216.0,masset-v,Masset,masset-v|2024,Masset|2024,"Under 5,000",135362.0,2576075.0,491409.0,7025256.0,2095893.0,0.20556592264873444,13310.342036553524,10574.189295039165,8422.47780678851,176.71279373368145,3159.143603133159,2.21711841187112,0.0701658875303598,0.5859606911211837,0.8664907915794284,0.9037260098731187,4648.097865362712,3546.5079302077975,3428.422456291105,2783.665107049771,5030.364110900993,2437.8724475115623,2420.45,1604.3462673977224,224.31236112962716,518.5374381567245,2.204313821553219,1.7099330852451193,0.030042455998363887,0.02529861000232605,0.9786113537119745,0.9815511712696461,0.9039920521842442,0.8619101997275483,0.9333160528846489,0.9623635142836453,0.20869205825466772,0.19976549769108282
McBride,V,FFG,2019,666.0,429.0,0.0,4258806.0,157019.0,5479056.0,330195.0,308102.0,734480.0,4744576.0,10034429.0,0.0,0.0,2631966.0,9690794.0,14779005.0,534671.0,671065.0,212072.0,2859875.0,368581.0,54112.0,1462.0,0.0,0.0,0.0,4701838.0,844114.0,5125.0,77614.0,0.0,0.0,316869.0,137598.0,82738.0,43403.0,66131.0,445694.0,,0.0,0.0,2019286.0,9998896.0,10034429.0,180000.0,236750.0,108648.0,308102.0,0.0,108648.0,1642150.0,410538.0,108648.0,301890.0,1055920.0,1231331.0,829396.0,89151.0,1074312.0,157019.0,20081805.0,10082909.0,9998896.0,779274.0,409176.0,0.0,mcbride-v,McBride,mcbride-v|2019,McBride|2019,"Under 5,000",2631966.0,3440528.0,55574.0,1573592.0,2682552.0,0.5705326300055426,7059.816816816817,3031.960960960961,7123.987987987988,3951.900900900901,462.61561561561564,5.79839614421087,1.9044958648601091,1.0,0.7353521476696433,0.8724802672879998,,,,,,,,,,,,,,,,,,,,,,
McBride,V,FFG,2020,671.0,429.0,14.0,5381273.0,163866.0,6377008.0,242702.0,0.0,454833.0,5922175.0,9811900.0,0.0,0.0,3185396.0,9600307.0,15734075.0,530632.0,716179.0,0.0,1856861.0,212203.0,43775.0,-40039.0,0.0,0.0,0.0,3319611.0,1162563.0,6770.0,80816.0,0.0,0.0,314106.0,105232.0,94659.0,71045.0,52725.0,476626.0,,0.0,0.0,2364542.0,9772521.0,9811900.0,308102.0,0.0,135888.0,172214.0,0.0,135888.0,1694952.0,423738.0,135888.0,287850.0,1059128.0,1230480.0,813666.0,83543.0,1066614.0,163866.0,20332055.0,10559534.0,9772521.0,250251.0,372449.0,0.0,mcbride-v,McBride,mcbride-v|2020,McBride|2020,"Under 5,000",3185396.0,2069064.0,3736.0,1887916.0,955069.0,0.28770509556692037,4947.259314456036,3523.907600596125,8825.894187779433,4747.23695976155,256.6527570789866,11.831316109429174,0.6719067577037393,1.0,0.6793112725316115,0.8668275794811781,,,,,,,,,,,,,,,,,,,,,,
McBride,V,FFG,2021,673.0,429.0,14.0,4294119.0,176713.0,4696725.0,191630.0,0.0,325829.0,4370896.0,10617611.0,0.0,0.0,2915350.0,10455913.0,14988507.0,534587.0,675766.0,0.0,461621.0,485286.0,28789.0,-649146.0,0.0,0.0,0.0,1536903.0,838428.0,22172.0,91276.0,0.0,0.0,366503.0,114538.0,171785.0,100895.0,69833.0,507040.0,,0.0,0.0,2282470.0,10578007.0,10617611.0,172214.0,0.0,50120.0,122094.0,0.0,50120.0,1661824.0,415456.0,50120.0,365336.0,1096776.0,1192014.0,822692.0,17915.0,1015301.0,176713.0,21644581.0,11066574.0,10578007.0,1312526.0,372449.0,0.0,mcbride-v,McBride,mcbride-v|2021,McBride|2021,"Under 5,000",2915350.0,946907.0,-620357.0,1775430.0,-745567.0,-0.48510999067605437,2283.659732540862,3391.48588410104,6494.644873699852,4331.872213967311,181.41753343239228,13.179057112780017,3.5240422178607003,1.0,0.8793614726950628,0.8517525800871466,,,,,,,,,,,,,,,,,,,,,,
McBride,V,FFG,2022,7611.0,429.0,14.0,2857195.0,217016.0,3978461.0,447204.0,0.0,520774.0,3457687.0,11767056.0,0.0,0.0,1631382.0,11641289.0,15224743.0,605975.0,770823.0,252136.0,614931.0,513712.0,64090.0,187728.0,0.0,60000.0,0.0,3069395.0,1156901.0,2342.0,95402.0,0.0,0.0,415188.0,167053.0,212970.0,77863.0,64275.0,641165.0,,0.0,0.0,2833159.0,11712977.0,11767056.0,122094.0,0.0,50406.0,71688.0,0.0,50406.0,1925779.0,481445.0,50406.0,431039.0,1141294.0,1339093.0,866413.0,88462.0,1122077.0,217016.0,23420716.0,11707739.0,11712977.0,1776135.0,396646.0,0.0,mcbride-v,McBride,mcbride-v|2022,McBride|2022,"5,000 to 19,999",1631382.0,1380779.0,311818.0,2191994.0,236236.0,0.07696500450414495,403.284062541059,372.2453028511365,454.3012744711602,214.34528971225856,9.418998817500986,5.486439415178177,4.477884562052813,1.0,0.8953026825494086,0.8379380670349259,,,,,,,,,,,,,,,,,,,,,,
McBride,V,FFG,2023,671.0,429.0,14.0,2924116.0,226521.0,5222521.0,166134.0,0.0,936194.0,4286327.0,13169953.0,0.0,0.0,2007476.0,12865832.0,17456280.0,599418.0,626831.0,766200.0,1515409.0,58832.0,129491.0,897205.0,0.0,0.0,170951.0,4764337.0,1075546.0,8543.0,92789.0,0.0,110606.0,168742.0,34931.0,159310.0,48592.0,287035.0,562738.0,0.0,0.0,0.0,2548832.0,13095893.0,13169953.0,71688.0,0.0,45551.0,26137.0,0.0,45551.0,1945691.0,486423.0,45551.0,440872.0,1212347.0,1463493.0,939575.0,128610.0,1236972.0,226521.0,25350339.0,12254446.0,13095893.0,1725699.0,1660746.0,0.0,mcbride-v,McBride,mcbride-v|2023,McBride|2023,"Under 5,000",2007476.0,2340441.0,1197647.0,1986094.0,2215505.0,0.4650185324841631,7100.353204172877,3798.55737704918,6387.968703427719,2991.7675111773474,38.95230998509687,3.1234081824920903,1.0391107369820551,1.0,0.906355168238344,0.845218938525842,,,,,,,,,,,,,,,,,,,,,,
McBride,V,FFG,2024,671.0,429.0,14.0,3562711.0,280478.0,6087225.0,246026.0,0.0,1718298.0,4368927.0,13303529.0,0.0,0.0,1928697.0,12811970.0,17672456.0,699848.0,854774.0,0.0,820229.0,134755.0,140524.0,518879.0,38.0,0.0,0.0,3169047.0,1153357.0,11060.0,92945.0,0.0,268122.0,161234.0,44968.0,179745.0,81526.0,403929.0,555986.0,0.0,0.0,0.0,2952872.0,13235881.0,13303529.0,26137.0,259502.0,65655.0,219984.0,11090.0,76745.0,2116002.0,529001.0,76745.0,452256.0,1320025.0,1658251.0,1018106.0,193715.0,1377773.0,280478.0,26018597.0,12782716.0,13235881.0,695973.0,41120666.0,880000.0,mcbride-v,McBride,mcbride-v|2024,McBride|2024,"Under 5,000",1928697.0,954984.0,659441.0,2385796.0,216175.0,0.06821451370080658,4722.871833084948,4400.703427719821,6511.068554396424,2874.3621460506706,327.8450074515648,2.0733953016298687,0.01692513929613883,0.978599568401932,0.8549246598777696,0.8308591401422342,4648.097865362712,3546.5079302077975,3428.422456291105,2783.665107049771,5030.364110900993,2437.8724475115623,2420.45,1604.3462673977224,224.31236112962716,518.5374381567245,2.204313821553219,1.7099330852451193,0.030042455998363887,0.02529861000232605,0.9786113537119745,0.9815511712696461,0.9039920521842442,0.8619101997275483,0.9333160528846489,0.9623635142836453,0.20869205825466772,0.19976549769108282
Merritt,C,TNR,2019,7722.0,2599.0,0.0,19228864.0,1205203.0,22767656.0,2023039.0,6055617.0,14880563.0,7887093.0,65723563.0,0.0,0.0,805968.0,59177994.0,73610656.0,9319596.0,4624267.0,0.0,784489.0,1034912.0,368535.0,0.0,0.0,0.0,211716.0,16343515.0,2374818.0,3310691.0,610599.0,79716.0,591879.0,1744257.0,2778910.0,861844.0,707336.0,0.0,2352071.0,,291199.0,0.0,15703320.0,65719894.0,65723563.0,6797550.0,300000.0,443995.0,6541900.0,296003.0,739998.0,14694795.0,3673699.0,739998.0,2769535.0,13784711.0,15336706.0,11279489.0,1057393.0,14131503.0,1205203.0,103122857.0,37402963.0,65719894.0,3708912.0,7626259.0,0.0,merritt-c,Merritt,merritt-c|2019,Merritt|2019,"5,000 to 19,999",805968.0,1819401.0,580251.0,13055246.0,640195.0,0.03917119420149215,2116.487308987309,2033.5819735819737,1021.3795648795649,104.37296037296038,847.1768971768972,1.2922134733746298,0.4863343875417816,1.0,0.7538818504183386,0.9214170891715601,,,,,,,,,,,,,,,,,,,,,,
Merritt,C,TNR,2020,7805.0,2599.0,0.0,18767818.0,1142942.0,22485825.0,3326986.0,5615742.0,16121146.0,6364679.0,69542632.0,0.0,0.0,13262.0,63363344.0,75907311.0,9491310.0,4223998.0,0.0,3581940.0,821494.0,277132.0,0.0,0.0,2675.0,195170.0,18593719.0,2496565.0,4087078.0,589569.0,100005.0,746418.0,1822510.0,2347232.0,1000405.0,772816.0,0.0,2334467.0,,0.0,0.0,16297065.0,69535882.0,69542632.0,6541900.0,273165.0,513750.0,6172741.0,266546.0,780296.0,14378883.0,3594721.0,780296.0,2639654.0,13735851.0,14204176.0,11373523.0,165733.0,13061234.0,1142942.0,109011594.0,39475712.0,69535882.0,6150454.0,9185963.0,0.0,merritt-c,Merritt,merritt-c|2020,Merritt|2020,"5,000 to 19,999",13262.0,4403434.0,474977.0,13696052.0,2296654.0,0.12351773198250442,2382.2830237027547,2088.0288276745678,815.4617552850737,1.699167200512492,790.8700832799487,1.1641739365179125,0.6695491806357156,1.0,0.7343140121305659,0.9195347903320826,,,,,,,,,,,,,,,,,,,,,,
Merritt,C,TNR,2021,7606.0,2599.0,0.0,20181628.0,943842.0,27446422.0,5623418.0,7345182.0,21129105.0,6317317.0,70405986.0,0.0,0.0,13320.0,62374429.0,76723303.0,9994906.0,5252200.0,0.0,6244173.0,1049558.0,210962.0,0.0,0.0,50000.0,442790.0,23244589.0,2392550.0,8907993.0,620345.0,77440.0,784324.0,2101617.0,2634260.0,1070659.0,830295.0,0.0,2530121.0,,478993.0,0.0,22428597.0,70335372.0,70405986.0,6172741.0,2486910.0,552541.0,7960942.0,287323.0,839864.0,16058615.0,4014654.0,839864.0,3174790.0,14703796.0,16057017.0,12296696.0,1020738.0,15113175.0,943842.0,111531202.0,41195830.0,70335372.0,3933604.0,8120401.0,0.0,merritt-c,Merritt,merritt-c|2021,Merritt|2021,"5,000 to 19,999",13320.0,7293731.0,703752.0,19611153.0,815992.0,0.03510460004261637,3056.085853273731,2948.803181698659,830.5702077307388,1.7512490139363661,1046.6660531159612,0.955157731479871,0.4844100679264485,1.0,0.7908004027246184,0.9412193435430752,,,,,,,,,,,,,,,,,,,,,,
Merritt,C,TNR,2022,5142.0,2599.0,0.0,39116940.0,1248585.0,50871126.0,3044310.0,6802830.0,42890306.0,7980820.0,74764594.0,0.0,0.0,13583.0,66802937.0,82745414.0,10887332.0,6232742.0,122907.0,9860402.0,706261.0,898253.0,0.0,62998.0,2256211.0,0.0,31027106.0,3094344.0,10648802.0,579907.0,50266.0,764380.0,2503559.0,2897630.0,921958.0,1089428.0,43131.0,2411590.0,,0.0,0.0,25004995.0,74722147.0,74764594.0,7960943.0,807090.0,684356.0,7919210.0,344104.0,1028460.0,18320896.0,4580224.0,1028460.0,2875681.0,15954255.0,17032164.0,13246205.0,743444.0,15783579.0,1248585.0,118327980.0,43605833.0,74722147.0,6798743.0,11299009.0,0.0,merritt-c,Merritt,merritt-c|2022,Merritt|2022,"5,000 to 19,999",13583.0,10689570.0,3217462.0,22249301.0,6022111.0,0.19409193367889355,6034.054064566317,4862.892843251653,1552.0847919097628,2.641579152080902,1540.1030727343446,0.9120228706225598,0.6017114421273583,1.0,0.6278472406589721,0.9266925212791516,,,,,,,,,,,,,,,,,,,,,,
Merritt,C,TNR,2023,7809.0,2599.0,0.0,54611112.0,893711.0,64050550.0,6274421.0,6840292.0,54932822.0,9117728.0,92204300.0,0.0,0.0,14250.0,83991734.0,101322028.0,12016336.0,6562408.0,0.0,16437307.0,1211341.0,2538864.0,0.0,350903.0,4295467.0,9737.0,43422363.0,3109341.0,5465331.0,625763.0,74530.0,723454.0,2499487.0,3168655.0,1032641.0,1109874.0,3568104.0,3167571.0,8831.0,292167.0,0.0,24845749.0,92189050.0,92204300.0,7919210.0,1034148.0,759967.0,8020273.0,417913.0,1177880.0,21267642.0,5316911.0,1177880.0,3444818.0,17373728.0,18792271.0,15061707.0,1010205.0,17898560.0,893711.0,138962459.0,46773409.0,92189050.0,20758429.0,16336023.0,0.0,merritt-c,Merritt,merritt-c|2023,Merritt|2023,"5,000 to 19,999",14250.0,17648648.0,7194971.0,21260265.0,18576614.0,0.42781213910445176,5560.55359200922,3181.6812652068124,1167.59226533487,1.8248175182481752,1027.0550646689717,0.9941435741276864,1.2707149714468449,1.0,0.6478983755793543,0.9524426292064434,,,,,,,,,,,,,,,,,,,,,,
Merritt,C,TNR,2024,7809.0,2599.0,0.0,49140275.0,1053090.0,61743541.0,6329507.0,13155331.0,53563711.0,8179830.0,121900211.0,0.0,0.0,14920.0,107658560.0,130080041.0,13524729.0,6052598.0,384470.0,21179433.0,251166.0,2439322.0,0.0,299978.0,5679451.0,1568212.0,51379359.0,2921950.0,5699623.0,692610.0,274226.0,555082.0,2452977.0,3214516.0,1408916.0,1097757.0,1002586.0,3282482.0,5375.0,13246.0,0.0,22621346.0,121892690.0,121900211.0,8020273.0,7000112.0,777377.0,14049244.0,702633.0,1480010.0,23668678.0,5917170.0,1480010.0,3748991.0,18926286.0,20487320.0,16546765.0,1040558.0,19434230.0,1053090.0,171948576.0,50055886.0,121892690.0,32999368.0,368982101.0,7496753.0,merritt-c,Merritt,merritt-c|2024,Merritt|2024,"5,000 to 19,999",14920.0,21815069.0,9986963.0,18636231.0,28758013.0,0.5597191860645828,6579.505570495582,2896.830067870406,1047.487514406454,1.9106159559482647,1799.1092329363555,0.9174172976924619,0.08943351970343949,0.9796826106749281,0.6335783829093976,0.9485979620565306,3601.3561989291247,3546.5079302077975,2957.8976990295423,2783.665107049771,1917.0647247750476,2437.8724475115623,987.5598464714869,1604.3462673977224,936.3446522221191,518.5374381567245,1.3967465323081123,1.7099330852451193,0.018327243000235003,0.02529861000232605,0.982034678745671,0.9815511712696461,0.7988058564062199,0.8619101997275483,0.970292410805516,0.9623635142836453,0.19624174475580758,0.19976549769108282
Metchosin,D,CAP,2019,5168.0,6851.0,92.0,11728706.0,131461.0,12034814.0,1331905.0,0.0,2091775.0,9943039.0,35430248.0,0.0,0.0,5528613.0,35391966.0,45373287.0,3813799.0,582993.0,29226.0,621122.0,546202.0,242268.0,0.0,0.0,0.0,294376.0,6129986.0,992315.0,867525.0,0.0,0.0,69024.0,753099.0,1442176.0,0.0,0.0,0.0,1356116.0,,0.0,0.0,5480255.0,35391966.0,35430248.0,0.0,0.0,0.0,0.0,0.0,0.0,5554558.0,1388640.0,0.0,1388640.0,5975163.0,6159707.0,4905577.0,125735.0,6028246.0,131461.0,80418092.0,45026126.0,35391966.0,1394904.0,8326460.0,0.0,metchosin-d,Metchosin,metchosin-d|2019,Metchosin|2019,"5,000 to 19,999",5528613.0,1196550.0,536644.0,4124139.0,649731.0,0.10599224859567379,1186.142801857585,1060.420859133127,1923.9626547987616,1069.7780572755419,0.0,5.607059076621529,0.16752665598585714,1.0,1.0,0.978657913436467,,,,,,,,,,,,,,,,,,,,,,
Metchosin,D,CAP,2020,5049.0,6851.0,95.0,15657627.0,147933.0,15917091.0,2526608.0,0.0,3424020.0,12493071.0,35412702.0,0.0,0.0,6173156.0,35391723.0,47905773.0,4086400.0,340474.0,55522.0,2136422.0,253389.0,184542.0,0.0,0.0,0.0,203627.0,7260376.0,933572.0,894424.0,0.0,0.0,103453.0,557378.0,998299.0,0.0,0.0,0.0,1404524.0,,0.0,0.0,4891650.0,35391723.0,35412702.0,0.0,0.0,0.0,0.0,0.0,0.0,5411465.0,1352866.0,0.0,1352866.0,6141494.0,6293175.0,5055685.0,101604.0,6145242.0,147933.0,81355212.0,45963489.0,35391723.0,1335674.0,8381916.0,0.0,metchosin-d,Metchosin,metchosin-d|2020,Metchosin|2020,"5,000 to 19,999",6173156.0,2445333.0,388169.0,3487126.0,2368726.0,0.3262539020017696,1437.9829669241433,968.83541295306,2474.365418894831,1222.6492374727668,0.0,4.572878371037552,0.1593518713382477,1.0,1.0,0.9764931056263333,,,,,,,,,,,,,,,,,,,,,,
Metchosin,D,CAP,2021,5186.0,6851.0,95.0,15029701.0,123729.0,15900082.0,1643415.0,0.0,2426870.0,13473212.0,35669117.0,0.0,0.0,6974904.0,35584638.0,49142329.0,4111598.0,449342.0,345589.0,577983.0,730075.0,101995.0,0.0,0.0,0.0,707910.0,7024492.0,1122865.0,1469692.0,0.0,0.0,99537.0,582191.0,1124418.0,0.0,0.0,0.0,1389234.0,,0.0,0.0,5787937.0,35584638.0,35669117.0,0.0,0.0,0.0,0.0,0.0,0.0,5948828.0,1487207.0,0.0,1487207.0,6419924.0,6601186.0,5376033.0,116213.0,6477457.0,123729.0,82430687.0,46846049.0,35584638.0,1768104.0,8466458.0,0.0,metchosin-d,Metchosin,metchosin-d|2021,Metchosin|2021,"5,000 to 19,999",6974904.0,1653647.0,809905.0,4398703.0,1236555.0,0.1760347936904192,1354.5106054762823,1116.0696104897802,2597.996914770536,1344.948708060162,0.0,6.19303918215644,0.20883632801343843,1.0,1.0,0.9812565499593557,,,,,,,,,,,,,,,,,,,,,,
Metchosin,D,CAP,2022,726.0,6851.0,95.0,16808799.0,195027.0,17922054.0,2496086.0,0.0,3336766.0,14585288.0,35931999.0,0.0,0.0,7210931.0,35665744.0,50517287.0,4795436.0,911902.0,106082.0,837854.0,859260.0,331127.0,0.0,4840.0,0.0,0.0,7846501.0,1291774.0,1943241.0,0.0,0.0,109065.0,636895.0,1030928.0,0.0,0.0,0.0,1459640.0,,0.0,0.0,6471543.0,35665743.0,35931999.0,0.0,0.0,0.0,0.0,0.0,0.0,6801237.0,1700309.0,0.0,1700309.0,6943692.0,7102362.0,5833508.0,94130.0,6907335.0,195027.0,83685636.0,48019893.0,35665743.0,1396218.0,8408958.0,0.0,metchosin-d,Metchosin,metchosin-d|2022,Metchosin|2022,"Under 5,000",7210931.0,1803196.0,335967.0,5011903.0,1374958.0,0.17523199194137618,10807.85261707989,8913.971074380166,20089.928374655647,9932.411845730028,0.0,5.037452131794677,0.16603935945452455,1.0,1.0,0.9725405435543837,,,,,,,,,,,,,,,,,,,,,,
Metchosin,D,CAP,2023,5271.0,6851.0,95.0,21462267.0,152655.0,22861840.0,2680400.0,0.0,3924458.0,18937382.0,36265431.0,0.0,0.0,8736259.0,35952881.0,55202813.0,5322092.0,1636047.0,0.0,3784805.0,390752.0,955704.0,0.0,0.0,10500.0,0.0,12099900.0,1399047.0,2263850.0,0.0,0.0,160280.0,775794.0,1324090.0,0.0,0.0,0.0,1491313.0,0.0,0.0,0.0,7414374.0,36233379.0,36265431.0,0.0,0.0,0.0,0.0,0.0,0.0,8522208.0,2130552.0,0.0,2130552.0,7529534.0,7775704.0,6488650.0,162235.0,7623049.0,152655.0,85553637.0,49320258.0,36233379.0,1830419.0,8380510.0,0.0,metchosin-d,Metchosin,metchosin-d|2023,Metchosin|2023,"5,000 to 19,999",8736259.0,4175557.0,966204.0,5923061.0,4685526.0,0.38723675402276053,2295.5606146841205,1406.6351735913488,3592.749383418706,1657.4196547144754,0.0,5.468848691972242,0.21841379581910886,1.0,1.0,0.980367694037736,,,,,,,,,,,,,,,,,,,,,,
Metchosin,D,CAP,2024,5271.0,6851.0,95.0,26060195.0,125814.0,26664558.0,3182691.0,0.0,5047660.0,21616898.0,35622266.0,0.0,0.0,14132715.0,35282357.0,57239164.0,5771997.0,1013665.0,294132.0,1187601.0,83410.0,1332893.0,0.0,0.0,6000.0,75522.0,9765220.0,1627711.0,2016521.0,0.0,0.0,163353.0,805032.0,1631566.0,0.0,0.0,0.0,1472373.0,12314.0,0.0,0.0,7728870.0,35575169.0,35622266.0,0.0,0.0,0.0,0.0,0.0,0.0,8848779.0,2212195.0,0.0,2212195.0,8218212.0,8434483.0,7163993.0,158819.0,8308669.0,125814.0,86267349.0,50692180.0,35575169.0,933818.0,80785321.0,1852438.0,metchosin-d,Metchosin,metchosin-d|2024,Metchosin|2024,"5,000 to 19,999",14132715.0,1565143.0,1414415.0,6256497.0,2036350.0,0.20853088819299515,1852.631379244925,1466.3005122367672,4101.099981028268,2681.220830961867,0.0,5.162826933668274,0.011559253444075565,0.9770696213486606,1.0,0.9850833773688322,2567.538946805667,3546.5079302077975,2045.0195609464422,2783.665107049771,2217.25520024837,2437.8724475115623,799.2304887641933,1604.3462673977224,386.9249167164944,518.5374381567245,1.5629948984418691,1.7099330852451193,0.04472396775938227,0.02529861000232605,0.9792813777328785,0.9815511712696461,0.8510570773833829,0.8619101997275483,0.9732053424599786,0.9623635142836453,0.170495619408603,0.19976549769108282
Midway,V,KOO,2019,663.0,1209.0,21.0,4511953.0,63169.0,5162180.0,124779.0,120492.0,425573.0,4736607.0,6669851.0,729326.0,311072.0,1896945.0,6511934.0,11406458.0,694618.0,484808.0,0.0,492172.0,168316.0,75627.0,239070.0,0.0,0.0,0.0,2154611.0,628373.0,183210.0,0.0,0.0,0.0,174579.0,198807.0,113195.0,137321.0,0.0,263903.0,,0.0,0.0,1699388.0,6643792.0,6669851.0,184947.0,0.0,44953.0,131858.0,8180.0,53133.0,1594277.0,398569.0,53133.0,345436.0,1099249.0,1187725.0,848421.0,40354.0,1124556.0,63169.0,11601720.0,4957928.0,6643792.0,751019.0,1888118.0,0.0,midway-v,Midway,midway-v|2019,Midway|2019,"Under 5,000",2937343.0,660488.0,314697.0,1427305.0,455223.0,0.21127850920653427,3249.790346907994,2563.1794871794873,7144.203619909502,4430.381598793363,198.88084464555052,10.602065920535372,0.3977606272489325,1.0,0.8666905855698762,0.9468151297648867,,,,,,,,,,,,,,,,,,,,,,
Midway,V,KOO,2020,705.0,1209.0,21.0,5231976.0,29367.0,5700149.0,234456.0,100474.0,420538.0,5279611.0,6577139.0,781977.0,347648.0,2152262.0,6455606.0,11856750.0,685575.0,473570.0,0.0,981246.0,54773.0,87402.0,-134187.0,0.0,0.0,0.0,2148379.0,613670.0,263164.0,0.0,0.0,0.0,204415.0,222764.0,56079.0,83523.0,0.0,254472.0,,0.0,0.0,1698087.0,6556080.0,6577139.0,131858.0,0.0,22429.0,100474.0,7676.0,30105.0,1593453.0,398363.0,30105.0,368258.0,1086397.0,1156982.0,844934.0,54806.0,1127615.0,29367.0,11768480.0,5212400.0,6556080.0,166760.0,1888118.0,0.0,midway-v,Midway,midway-v|2020,Midway|2020,"Under 5,000",3281887.0,1036019.0,-46785.0,1435939.0,450292.0,0.2095961652948572,3047.3460992907803,2408.6340425531916,7488.809929078014,4655.158865248227,142.51631205673758,12.441149194603103,0.08832075113949446,1.0,0.9244282225005837,0.9746175826417351,,,,,,,,,,,,,,,,,,,,,,
Midway,V,KOO,2021,681.0,1209.0,21.0,6216970.0,33830.0,7573994.0,152424.0,79499.0,950846.0,6623148.0,6892710.0,845590.0,394039.0,2190125.0,6752204.0,13515858.0,690358.0,546687.0,0.0,757347.0,61737.0,69612.0,1252139.0,0.0,44518.0,0.0,3422398.0,668836.0,349351.0,0.0,0.0,0.0,187598.0,179404.0,40470.0,78521.0,0.0,259110.0,,0.0,0.0,1763290.0,6875986.0,6892710.0,100474.0,46851.0,14290.0,123782.0,6205.0,20495.0,1653890.0,413473.0,20495.0,392978.0,1137261.0,1152396.0,888229.0,0.0,1118566.0,33830.0,12098166.0,5222180.0,6875986.0,580795.0,2232568.0,0.0,midway-v,Midway,midway-v|2021,Midway|2021,"Under 5,000",3429754.0,819084.0,1366269.0,1497975.0,1659108.0,0.48477938568220297,5025.5477239353895,2589.265785609398,9725.621145374449,5036.349486049927,181.76505139500733,6.538356368959852,0.2601466114357995,1.0,0.9504320717434995,0.9706437717590134,,,,,,,,,,,,,,,,,,,,,,
Midway,V,KOO,2022,43706.0,1209.0,0.0,6341569.0,32003.0,7323627.0,230161.0,57678.0,859549.0,6464078.0,7442439.0,886487.0,428814.0,2145588.0,7311030.0,13906517.0,714810.0,612428.0,0.0,1086584.0,92482.0,72939.0,-33343.0,0.0,0.0,0.0,2545900.0,824290.0,426089.0,0.0,0.0,0.0,210385.0,218721.0,86480.0,122227.0,0.0,267049.0,,0.0,0.0,2155241.0,7397850.0,7442439.0,123783.0,0.0,26862.0,86821.0,6909.0,33771.0,1835077.0,458769.0,33771.0,424998.0,1187251.0,1206578.0,936768.0,0.0,1174575.0,32003.0,12898335.0,5500485.0,7397850.0,788913.0,2232568.0,0.0,midway-v,Midway,midway-v|2022,Midway|2022,"20,000 to 99,999",3460889.0,1179066.0,39596.0,1881283.0,390659.0,0.1534463254644723,58.250583443920746,49.31224545828948,147.89909852194208,79.18567244771884,1.9864778291310117,7.377786490357153,0.3533657205514009,1.0,0.9263877899334959,0.9734762278112149,,,,,,,,,,,,,,,,,,,,,,
Midway,V,KOO,2023,738.0,1209.0,21.0,7649917.0,38972.0,8293625.0,276767.0,34974.0,1140038.0,7153587.0,8101121.0,976231.0,450198.0,3043950.0,7976512.0,15254708.0,740793.0,628046.0,0.0,1952491.0,155010.0,154642.0,-127054.0,0.0,0.0,0.0,3503928.0,838369.0,427362.0,0.0,0.0,0.0,196752.0,221250.0,49131.0,141131.0,0.0,281742.0,0.0,0.0,0.0,2155737.0,8074800.0,8101121.0,86821.0,0.0,26421.0,49418.0,6206.0,32627.0,1861499.0,465375.0,32627.0,432748.0,1256453.0,1290575.0,995778.0,12637.0,1251603.0,38972.0,13857027.0,5782227.0,8074800.0,958692.0,2232568.0,0.0,midway-v,Midway,midway-v|2023,Midway|2023,"Under 5,000",4470379.0,2107501.0,27588.0,1867789.0,1348191.0,0.3847656116221566,4747.869918699187,2921.0528455284552,9693.207317073171,6057.424119241193,66.96205962059621,6.710229834444115,0.4294122284293244,1.0,0.929890948160086,0.9698026073649343,,,,,,,,,,,,,,,,,,,,,,
Midway,V,KOO,2024,738.0,1209.0,21.0,8929602.0,43709.0,9811569.0,346302.0,11347.0,1656804.0,8154765.0,8149765.0,1074450.0,540812.0,3468550.0,7991208.0,16304530.0,784953.0,699894.0,172985.0,734784.0,0.0,248590.0,743555.0,0.0,0.0,0.0,3384761.0,958125.0,470249.0,0.0,0.0,0.0,226850.0,255251.0,56373.0,62229.0,0.0,303550.0,2312.0,0.0,0.0,2334939.0,8053738.0,8149765.0,49418.0,0.0,26166.0,11347.0,3855.0,30021.0,2104132.0,526033.0,30021.0,496012.0,1315368.0,1347145.0,1039923.0,11327.0,1303436.0,43709.0,14139513.0,6085775.0,8053738.0,282487.0,2399495.0,0.0,midway-v,Midway,midway-v|2024,Midway|2024,"Under 5,000",5083812.0,907769.0,992145.0,2027534.0,1049822.0,0.31016133783153377,4586.3970189701895,3163.8739837398375,11049.817073170732,6888.634146341464,15.375338753387535,5.38965502256151,0.11772768853446246,1.0,0.9429294359859552,0.9675543464140831,4648.097865362712,3546.5079302077975,3428.422456291105,2783.665107049771,5030.364110900993,2437.8724475115623,2420.45,1604.3462673977224,224.31236112962716,518.5374381567245,2.204313821553219,1.7099330852451193,0.030042455998363887,0.02529861000232605,0.9786113537119745,0.9815511712696461,0.9039920521842442,0.8619101997275483,0.9333160528846489,0.9623635142836453,0.20869205825466772,0.19976549769108282
Mission,C,FVR,2019,43202.0,22725.0,298.0,110046109.0,2944599.0,120415838.0,10055839.0,3929501.0,47081152.0,73334686.0,486236131.0,20015633.0,16213819.0,31724283.0,481217385.0,559570817.0,37703172.0,29962169.0,5493591.0,2837961.0,0.0,2270086.0,0.0,7994196.0,81682.0,2726301.0,89069158.0,7779363.0,16588573.0,5998164.0,0.0,3010604.0,10455019.0,9230454.0,2584723.0,2453714.0,2817565.0,9755243.0,,28858.0,0.0,70702280.0,485151070.0,486236131.0,4437436.0,0.0,321850.0,3929501.0,239292.0,561142.0,73659721.0,18414930.0,561142.0,17853788.0,57854065.0,61046416.0,49361008.0,2097539.0,58101817.0,2944599.0,652408976.0,167257906.0,485151070.0,23236013.0,652744888.0,9768927.0,mission-c,Mission,mission-c|2019,Mission|2019,"20,000 to 99,999",67953735.0,8331552.0,13072265.0,60707745.0,18366878.0,0.2062091796129924,2061.690616175177,1636.551085597889,1697.4835887227443,1572.9303041525854,90.95646034905792,2.337370780562039,0.03559738793389065,0.9850340811860943,0.9695278776514491,0.9517645884403763,,,,,,,,,,,,,,,,,,,,,,
Mission,C,FVR,2020,42855.0,22725.0,312.0,133753796.0,3496875.0,145087028.0,20503471.0,3402095.0,65944399.0,79142629.0,497137467.0,21203819.0,18539504.0,29699168.0,492323448.0,576280096.0,39992552.0,28811968.0,1734944.0,8330606.0,0.0,2030752.0,0.0,6877494.0,0.0,1918881.0,89697197.0,8875328.0,18107023.0,7598585.0,0.0,3514654.0,8311312.0,7707296.0,2719968.0,2743206.0,2667263.0,10201348.0,,541933.0,0.0,72987916.0,495725543.0,497137467.0,3929501.0,0.0,321850.0,3402095.0,204305.0,526155.0,73297514.0,18324379.0,526155.0,17798224.0,58769486.0,62133439.0,50079964.0,1972627.0,58636564.0,3496875.0,670889081.0,175163538.0,495725543.0,21430109.0,1304139005.0,8331568.0,mission-c,Mission,mission-c|2020,Mission|2020,"20,000 to 99,999",69442491.0,10065550.0,10827127.0,62582263.0,16709281.0,0.18628543097060213,2093.039248629098,1703.1365301598414,1846.7536810173842,1620.4058102905146,79.38618597596546,2.028281370795418,0.016432380994539766,0.9936114417496469,0.9712866122229845,0.9437199186737435,,,,,,,,,,,,,,,,,,,,,,
Mission,C,FVR,2021,43270.0,22725.0,313.0,159250421.0,2768873.0,168828583.0,19214745.0,2852648.0,74651310.0,94177273.0,529902288.0,22635392.0,19608584.0,37044497.0,525611994.0,624079561.0,41929022.0,35881650.0,3507245.0,11000789.0,0.0,1851591.0,0.0,27824448.0,1362210.0,2411960.0,125768915.0,10240640.0,18742838.0,4702771.0,0.0,3697238.0,9904859.0,9527030.0,3087031.0,2903230.0,4795216.0,10368594.0,,0.0,0.0,77969447.0,528468831.0,529902288.0,3402095.0,0.0,333811.0,2852648.0,152864.0,486675.0,82729336.0,20682334.0,486675.0,20195659.0,63918665.0,67924114.0,55442288.0,2852346.0,65155241.0,2768873.0,712409782.0,183940951.0,528468831.0,44078745.0,1413661342.0,37125464.0,mission-c,Mission,mission-c|2021,Mission|2021,"20,000 to 99,999",79288473.0,14508034.0,33450209.0,67447989.0,47799468.0,0.38005788632270543,2906.6076958631847,1801.9285186041136,2176.50272706263,1832.4121331176334,65.92669285879361,2.13325688457443,0.031180554840410993,0.9737380779278606,0.976469048415909,0.959235787749841,,,,,,,,,,,,,,,,,,,,,,
Mission,C,FVR,2022,1070.0,22725.0,312.0,160216597.0,3491762.0,176571919.0,17283322.0,14783053.0,86097447.0,90474472.0,572047048.0,24919753.0,21951912.0,39947727.0,555777783.0,662521520.0,45577046.0,36562816.0,1902425.0,7035125.0,0.0,3338286.0,0.0,28066651.0,0.0,2671444.0,125153793.0,13185945.0,20353038.0,4947208.0,0.0,4298059.0,10995888.0,10623061.0,3206767.0,3111136.0,5239277.0,10545794.0,,205658.0,0.0,86711831.0,570560836.0,572047048.0,2852648.0,12500000.0,333811.0,14783053.0,263507.0,597318.0,89088675.0,22272169.0,597318.0,21674851.0,69323937.0,72754176.0,60240452.0,2198843.0,69262414.0,3491762.0,764328693.0,193767857.0,570560836.0,52858235.0,1465994346.0,37927967.0,mission-c,Mission,mission-c|2022,Mission|2022,"Under 5,000",86819392.0,8937550.0,34076381.0,75902530.0,38441962.0,0.30715778626062096,116966.161682243,81039.09439252336,84555.58130841122,81139.61869158878,13815.93738317757,1.860875119793041,0.03605623387581605,0.974128162838085,0.9731809685890943,0.9520060264307028,,,,,,,,,,,,,,,,,,,,,,
Mission,C,FVR,2023,45231.0,22725.0,313.0,185849356.0,4462006.0,203191553.0,17726901.0,13750548.0,107452923.0,95738630.0,604530481.0,25466419.0,20454773.0,62032848.0,567106648.0,700269111.0,49614488.0,43128107.0,3375995.0,11915827.0,0.0,5878319.0,0.0,28560768.0,0.0,2713349.0,145186853.0,12011535.0,22106912.0,6537276.0,0.0,4813212.0,9660594.0,11347031.0,5001508.0,3620199.0,4860822.0,11182837.0,675420.0,408831.0,0.0,92226177.0,602772245.0,604530481.0,14783053.0,0.0,775824.0,13750548.0,634940.0,1410764.0,102274075.0,25568519.0,1410764.0,24157755.0,75626431.0,80079233.0,66377756.0,2701366.0,75617227.0,4462006.0,810101938.0,207329693.0,602772245.0,43027501.0,1516452080.0,40901469.0,mission-c,Mission,mission-c|2023,Mission|2023,"20,000 to 99,999",107954040.0,15291822.0,37152436.0,80408400.0,52960676.0,0.3647759759625067,3209.897039640954,2039.0037142667638,2116.659591872831,2386.7268024142736,304.00716322875905,1.7295886497196544,0.02837379536582521,0.9730281823346505,0.944824180078635,0.9442801106748863,,,,,,,,,,,,,,,,,,,,,,
Mission,C,FVR,2024,45231.0,22725.0,315.0,193871240.0,4739588.0,217814066.0,19065236.0,12680894.0,113130449.0,104683617.0,626913272.0,26240901.0,21477723.0,69293248.0,595477404.0,731596889.0,53692273.0,37355772.0,2112157.0,7209512.0,0.0,7164756.0,0.0,17817392.0,700094.0,2845655.0,128897611.0,12929998.0,25364111.0,5138910.0,0.0,5281883.0,10957081.0,12453384.0,4548720.0,3695245.0,4037057.0,11261783.0,696899.0,1204762.0,0.0,97569833.0,625056419.0,626913272.0,13750548.0,0.0,775824.0,12680894.0,634940.0,1410764.0,101906076.0,25476519.0,1410764.0,24065755.0,81889547.0,87333881.0,72149386.0,3809718.0,82594293.0,4739588.0,842257794.0,217201375.0,625056419.0,35069852.0,1546000700.0,43045140.0,mission-c,Mission,mission-c|2024,Mission|2024,"20,000 to 99,999",117011872.0,9321669.0,28527897.0,85673110.0,31327778.0,0.24304389939391507,2849.762574340607,2157.145165926024,2314.4219009086687,2586.983971170215,280.35847096018216,1.7136963718759748,0.022684240699244185,0.9721571018693588,0.9446249309020592,0.9457302487221425,2823.8160359162957,3546.5079302077975,2313.177731087988,2783.665107049771,1634.933826557682,2437.8724475115623,1015.8871081440785,1604.3462673977224,757.3716446138835,518.5374381567245,1.4428133381403412,1.7099330852451193,0.021350493990494074,0.02529861000232605,0.9847118933607182,0.9815511712696461,0.8457939120832807,0.8619101997275483,0.9744645665293163,0.9623635142836453,0.16542076645989975,0.19976549769108282
Montrose,V,KOO,2019,1055.0,135.0,12.0,3395954.0,76976.0,3498427.0,83692.0,0.0,481819.0,3016608.0,8037626.0,874853.0,528581.0,1480947.0,7920278.0,11054234.0,517470.0,417436.0,0.0,421867.0,257392.0,32118.0,0.0,0.0,0.0,0.0,1646283.0,459566.0,33952.0,23463.0,0.0,49285.0,193926.0,72303.0,96727.0,138357.0,0.0,315056.0,,0.0,0.0,1382635.0,8023583.0,8037626.0,125000.0,0.0,21694.0,103306.0,2855.0,24549.0,1388891.0,347223.0,24549.0,322674.0,1278521.0,1367730.0,870071.0,65107.0,1290754.0,76976.0,13715328.0,5691745.0,8023583.0,187748.0,753653.0,0.0,montrose-v,Montrose,montrose-v|2019,Montrose|2019,"Under 5,000",2884381.0,679259.0,32118.0,1064724.0,263648.0,0.16014743516151234,1560.4578199052132,1310.5545023696682,2859.344075829384,2734.0104265402842,97.92037914691943,7.048194446462261,0.249117299340678,1.0,0.929299038370154,0.9437198862348563,,,,,,,,,,,,,,,,,,,,,,
Montrose,V,KOO,2020,1049.0,135.0,12.0,4047275.0,54313.0,4155558.0,96599.0,0.0,916491.0,3239067.0,8852563.0,799721.0,433760.0,1813789.0,8764559.0,12091630.0,521081.0,417336.0,0.0,1186512.0,248647.0,21593.0,0.0,0.0,0.0,0.0,2395169.0,428361.0,30993.0,28490.0,0.0,72828.0,159895.0,65839.0,106043.0,122738.0,0.0,342587.0,,0.0,0.0,1357774.0,8841106.0,8852563.0,103306.0,0.0,26757.0,76549.0,2248.0,29005.0,1395013.0,348753.0,29005.0,319748.0,1325291.0,1340570.0,1283942.0,2315.0,1286257.0,54313.0,14875436.0,6034330.0,8841106.0,1160109.0,825636.0,0.0,montrose-v,Montrose,montrose-v|2020,Montrose|2020,"Under 5,000",3047270.0,1435159.0,21593.0,1012939.0,1037395.0,0.4331197506313751,2283.2878932316494,1294.3508102955195,3087.7664442326027,2904.928503336511,72.97330791229743,4.416055367701374,1.4051095155734488,1.0,0.9168322566400863,0.9594851443788837,,,,,,,,,,,,,,,,,,,,,,
Montrose,V,KOO,2021,1052.0,135.0,12.0,4376171.0,63542.0,4490226.0,82140.0,0.0,817468.0,3672758.0,9182331.0,802870.0,436684.0,2103554.0,9114542.0,12855089.0,532327.0,449560.0,201976.0,813736.0,102833.0,15656.0,0.0,0.0,22000.0,0.0,2138088.0,433342.0,44352.0,28472.0,0.0,49007.0,149989.0,99244.0,94747.0,124500.0,0.0,350976.0,,0.0,0.0,1374629.0,9164929.0,9182331.0,76549.0,0.0,26162.0,50387.0,596.0,26758.0,1432229.0,358057.0,26758.0,331299.0,1379229.0,1442955.0,1325711.0,48032.0,1379413.0,63542.0,15503524.0,6338595.0,9164929.0,674799.0,1316507.0,0.0,montrose-v,Montrose,montrose-v|2021,Montrose|2021,"Under 5,000",3343108.0,1118545.0,37656.0,1023057.0,763459.0,0.3570755740643042,2032.403041825095,1306.6815589353612,3491.2148288973385,3177.8593155893536,47.89638783269962,5.353323922159644,0.5125677265673483,1.0,0.9252688817702209,0.9559639767005901,,,,,,,,,,,,,,,,,,,,,,
Montrose,V,KOO,2022,1716.0,135.0,12.0,4480891.0,57261.0,4647386.0,399378.0,0.0,785596.0,3861790.0,9674232.0,808042.0,439385.0,2385886.0,9615653.0,13536022.0,516562.0,482565.0,101716.0,1089074.0,94235.0,28536.0,0.0,0.0,0.0,0.0,2312688.0,539271.0,35843.0,26318.0,0.0,115015.0,200826.0,91520.0,97741.0,171441.0,0.0,353780.0,,0.0,0.0,1631755.0,9641549.0,9674232.0,50387.0,0.0,24491.0,25896.0,2267.0,26758.0,1564663.0,391166.0,26758.0,364408.0,1424580.0,1441814.0,1022177.0,586.0,1384553.0,57261.0,16212433.0,6570884.0,9641549.0,830400.0,1886770.0,0.0,montrose-v,Montrose,montrose-v|2022,Montrose|2022,"Under 5,000",3633313.0,1285025.0,28536.0,1275708.0,680933.0,0.29443357685948124,1347.7202797202797,950.9061771561771,2250.4603729603728,2117.315268065268,15.090909090909092,5.703810864617437,0.440117237395125,1.0,0.9315942592147579,0.9602854459729202,,,,,,,,,,,,,,,,,,,,,,
Montrose,V,KOO,2023,1097.0,135.0,12.0,4830200.0,82865.0,5385020.0,389808.0,0.0,1686502.0,3698518.0,12095023.0,810308.0,440497.0,2794103.0,10951825.0,15793541.0,559816.0,501956.0,156590.0,2507142.0,111799.0,156706.0,0.0,0.0,1500.0,0.0,3995509.0,493118.0,43335.0,25964.0,0.0,59872.0,224201.0,110030.0,131244.0,137483.0,0.0,469771.0,42972.0,0.0,0.0,1737990.0,12037886.0,12095023.0,25896.0,199982.0,54434.0,171444.0,9664.0,64098.0,1626478.0,406620.0,64098.0,342522.0,1518991.0,1539350.0,1091387.0,0.0,1452572.0,82865.0,19165587.0,7127701.0,12037886.0,1994463.0,3558424.0,0.0,montrose-v,Montrose,montrose-v|2023,Montrose|2023,"Under 5,000",4044908.0,2775531.0,158206.0,1258555.0,2257519.0,0.565014119602784,3642.214220601641,1584.3117593436646,3371.4840474020057,3687.2452142206016,156.28441203281676,2.8640345519898585,0.5604905430044311,1.0,0.8423638778220451,0.9436268554909539,,,,,,,,,,,,,,,,,,,,,,
Montrose,V,KOO,2024,1097.0,135.0,12.0,5123169.0,106802.0,5544808.0,349996.0,0.0,747173.0,4797635.0,11820390.0,872016.0,474377.0,3420621.0,11546777.0,16618025.0,580451.0,531823.0,113661.0,900734.0,98305.0,187024.0,0.0,0.0,29660.0,0.0,2441658.0,496408.0,57048.0,28855.0,0.0,73559.0,203197.0,125038.0,116631.0,157851.0,0.0,354386.0,4201.0,0.0,0.0,1617174.0,11790927.0,11820390.0,171444.0,0.0,37052.0,134392.0,7948.0,45000.0,1745998.0,436500.0,45000.0,391500.0,1601564.0,1632432.0,1164170.0,0.0,1525630.0,106802.0,19247003.0,7456076.0,11790927.0,916487.0,18563585.0,252994.0,montrose-v,Montrose,montrose-v|2024,Montrose|2024,"Under 5,000",4767014.0,1112700.0,216684.0,1254840.0,824484.0,0.33767382655556183,2225.7593436645398,1474.1786690975387,4373.41385597083,4345.500455788514,122.50865998176846,6.856737328570492,0.04937015129351362,0.9863714902051517,0.8969072164948454,0.9345749164436865,4648.097865362712,3546.5079302077975,3428.422456291105,2783.665107049771,5030.364110900993,2437.8724475115623,2420.45,1604.3462673977224,224.31236112962716,518.5374381567245,2.204313821553219,1.7099330852451193,0.030042455998363887,0.02529861000232605,0.9786113537119745,0.9815511712696461,0.9039920521842442,0.8619101997275483,0.9333160528846489,0.9623635142836453,0.20869205825466772,0.19976549769108282
Nakusp,V,CKO,2019,1710.0,752.0,21.0,4675319.0,169238.0,6722881.0,278479.0,1269378.0,2215478.0,4507403.0,20524994.0,566294.0,672391.0,2140264.0,18829428.0,25032397.0,1201135.0,2446891.0,0.0,422476.0,871794.0,68370.0,69203.0,0.0,46802.0,0.0,5126671.0,803072.0,216607.0,67879.0,0.0,101917.0,582644.0,843050.0,276933.0,181611.0,728910.0,915102.0,,0.0,0.0,4717725.0,20416490.0,20524994.0,1768605.0,0.0,164202.0,1587061.0,64241.0,228443.0,4121530.0,1030383.0,228443.0,801940.0,2460468.0,2699691.0,1926863.0,152662.0,2530453.0,169238.0,35353809.0,14937319.0,20416490.0,542700.0,1352771.0,0.0,nakusp-v,Nakusp,nakusp-v|2019,Nakusp|2019,"Under 5,000",3378949.0,1294270.0,184375.0,3738382.0,408946.0,0.07976833309568725,2998.053216374269,2758.90350877193,2635.908187134503,1975.993567251462,928.1058479532164,2.110298093684523,0.4011765479892753,1.0,0.7782931201310581,0.9373120849756509,,,,,,,,,,,,,,,,,,,,,,
Nakusp,V,CKO,2020,1789.0,752.0,21.0,5584530.0,143976.0,7843467.0,321171.0,1192801.0,2050355.0,5793112.0,20648273.0,724080.0,806461.0,2218840.0,19072158.0,26441385.0,1199839.0,2079075.0,0.0,1127879.0,845350.0,51103.0,440215.0,0.0,33491.0,0.0,5776952.0,721463.0,221367.0,63434.0,0.0,91164.0,591304.0,623534.0,337376.0,197994.0,595462.0,924867.0,,0.0,0.0,4367965.0,20556500.0,20648273.0,1587061.0,0.0,82418.0,1484342.0,60448.0,142866.0,3745595.0,936399.0,142866.0,793533.0,2392171.0,2642029.0,1867848.0,187488.0,2498053.0,143976.0,36243773.0,15687273.0,20556500.0,1064879.0,1619215.0,0.0,nakusp-v,Nakusp,nakusp-v|2020,Nakusp|2020,"Under 5,000",3749381.0,1973229.0,524809.0,3382650.0,1408987.0,0.2438979932670377,3229.151481274455,2441.567915036333,3238.18446059251,2095.7970933482393,829.7048630519844,2.7236893123385952,0.657651392804538,1.0,0.847430422287935,0.9455055186752302,,,,,,,,,,,,,,,,,,,,,,
Nakusp,V,CKO,2021,1687.0,752.0,21.0,6622961.0,166391.0,8495166.0,385322.0,1113148.0,2014127.0,6481039.0,20278140.0,785559.0,976591.0,2557146.0,18780821.0,26759179.0,1256410.0,2569793.0,0.0,717003.0,574398.0,44118.0,-151246.0,0.0,0.0,0.0,5010476.0,934700.0,233376.0,58017.0,0.0,92498.0,578641.0,668040.0,278060.0,223733.0,689016.0,936601.0,,0.0,0.0,4692682.0,20156702.0,20278140.0,1484342.0,0.0,85084.0,1375881.0,57779.0,142863.0,4281918.0,1070480.0,142863.0,927617.0,2580419.0,2861637.0,2018397.0,219139.0,2695246.0,166391.0,36780576.0,16623874.0,20156702.0,536803.0,1698936.0,0.0,nakusp-v,Nakusp,nakusp-v|2021,Nakusp|2021,"Under 5,000",4319296.0,1291401.0,-107128.0,3698302.0,317794.0,0.06342591003329823,2970.0509780675757,2781.672791938352,3841.7540011855363,2560.341434499111,815.5785417901601,3.288253918447049,0.3159642270220891,1.0,0.8665430461101562,0.9418546097915285,,,,,,,,,,,,,,,,,,,,,,
Nakusp,V,CKO,2022,104064.0,752.0,21.0,7020271.0,230666.0,9177010.0,525347.0,1029337.0,2333067.0,6843943.0,21078078.0,694319.0,1163088.0,2284574.0,19682250.0,27922021.0,1290821.0,2699725.0,499722.0,1156066.0,521546.0,110406.0,25917.0,0.0,50000.0,0.0,6354203.0,934735.0,217822.0,67514.0,0.0,100030.0,564074.0,941089.0,294882.0,268148.0,841752.0,961315.0,,0.0,0.0,5191361.0,20951534.0,21078078.0,1375881.0,0.0,81670.0,1269284.0,46181.0,127851.0,4614025.0,1153506.0,127851.0,1025655.0,2684616.0,2948084.0,2047986.0,183644.0,2717418.0,230666.0,38536723.0,17585189.0,20951534.0,1756147.0,72496243.0,0.0,nakusp-v,Nakusp,nakusp-v|2022,Nakusp|2022,"100,000 and over",4141981.0,2177334.0,186323.0,4183865.0,1162842.0,0.18300359620238763,61.060530058425584,49.886233471709716,65.76667243234932,39.802246694341946,12.19714790897909,3.0090310308276615,0.024223972544342748,1.0,0.8891631252893353,0.9217573176340973,,,,,,,,,,,,,,,,,,,,,,
Nakusp,V,CKO,2023,1762.0,752.0,21.0,9036775.0,225805.0,11598605.0,520337.0,942362.0,3035793.0,8562812.0,21336136.0,644521.0,1439405.0,3751143.0,19358967.0,29898948.0,1451769.0,2911439.0,50000.0,2174195.0,572436.0,339049.0,443991.0,0.0,0.0,0.0,7942879.0,1312445.0,306527.0,69655.0,0.0,88961.0,637498.0,910341.0,294273.0,270025.0,966481.0,1078573.0,31173.0,0.0,0.0,5965952.0,21195082.0,21336136.0,1269284.0,0.0,71139.0,1170054.0,57592.0,128731.0,5088166.0,1272042.0,128731.0,1143311.0,2929132.0,3268180.0,2308661.0,254908.0,3042375.0,225805.0,39858845.0,18663763.0,21195082.0,687233.0,78985651.0,0.0,nakusp-v,Nakusp,nakusp-v|2023,Nakusp|2023,"Under 5,000",5835069.0,2796631.0,783040.0,4829787.0,1976927.0,0.24889300214695453,4507.876844494892,3385.8978433598186,4859.711691259932,3311.6169125993188,664.0488081725313,2.976742814809837,0.008700732238061823,1.0,0.8987997251663074,0.9309080283215735,,,,,,,,,,,,,,,,,,,,,,
Nakusp,V,CKO,2024,1762.0,752.0,21.0,9555767.0,210077.0,12580289.0,420935.0,850973.0,4360359.0,8219930.0,23254291.0,966751.0,1483028.0,4093872.0,20077380.0,31474221.0,1607902.0,3000637.0,0.0,1586883.0,935245.0,420984.0,-164320.0,0.0,62000.0,0.0,7449331.0,1127432.0,218183.0,73847.0,0.0,60983.0,631387.0,925165.0,335509.0,310116.0,965179.0,1151511.0,74746.0,0.0,0.0,5874058.0,23094113.0,23254291.0,1170054.0,0.0,74468.0,1063954.0,58605.0,133073.0,5445691.0,1361423.0,133073.0,1228350.0,3147674.0,3508351.0,2551394.0,271603.0,3298274.0,210077.0,42909387.0,19815274.0,23094113.0,3050542.0,79781009.0,0.0,nakusp-v,Nakusp,nakusp-v|2024,Nakusp|2024,"Under 5,000",6543651.0,2522128.0,318664.0,4663942.0,1575273.0,0.21146502954426377,4227.770147559591,3333.744608399546,4665.11350737798,3713.7633371169127,603.8331441543701,2.191509231235318,0.03823644296100592,1.0,0.9022544793205345,0.9401208716003615,4648.097865362712,3546.5079302077975,3428.422456291105,2783.665107049771,5030.364110900993,2437.8724475115623,2420.45,1604.3462673977224,224.31236112962716,518.5374381567245,2.204313821553219,1.7099330852451193,0.030042455998363887,0.02529861000232605,0.9786113537119745,0.9815511712696461,0.9039920521842442,0.8619101997275483,0.9333160528846489,0.9623635142836453,0.20869205825466772,0.19976549769108282
Nanaimo,C,NAN,2019,99856.0,9073.0,628.0,235637689.0,3740485.0,255531003.0,28034410.0,41616953.0,157565494.0,97965509.0,733081574.0,6919104.0,2227853.0,39560288.0,688222557.0,831047083.0,115063537.0,51830613.0,279748.0,4229726.0,8910635.0,6384384.0,0.0,16251506.0,0.0,2382833.0,205332982.0,17781646.0,49852946.0,4920244.0,0.0,7596635.0,12810821.0,31628095.0,10201427.0,4364789.0,0.0,24606903.0,,679600.0,0.0,164443106.0,729839510.0,733081574.0,46120643.0,0.0,3381656.0,41616953.0,1905007.0,5286663.0,179356184.0,44839046.0,5286663.0,38278270.0,178690369.0,185003009.0,153022390.0,4515118.0,181262524.0,3740485.0,1176318237.0,446478727.0,729839510.0,56737759.0,124581319.0,0.0,nanaimo-c,Nanaimo,nanaimo-c|2019,Nanaimo|2019,"20,000 to 99,999",48707245.0,13420109.0,25018723.0,137931196.0,40889876.0,0.19913934722868828,2056.2908788655664,1646.8024555359718,981.0678276718475,487.7748457779202,416.769678336805,1.4954904339651929,0.45542750273819144,1.0,0.853681632744818,0.9797814910134786,,,,,,,,,,,,,,,,,,,,,,
Nanaimo,C,NAN,2020,101336.0,9073.0,633.0,263573470.0,4274391.0,289640184.0,37390028.0,35980651.0,173915641.0,115724543.0,752511557.0,7604782.0,3441257.0,60401015.0,710044827.0,868236100.0,121612920.0,45415888.0,482716.0,9654268.0,5308085.0,5896764.0,0.0,12783373.0,283403.0,2387498.0,203824915.0,20540339.0,52824429.0,6070695.0,0.0,8729277.0,12239989.0,25639484.0,10453288.0,4623885.0,0.0,25514512.0,,0.0,0.0,166635898.0,749351662.0,752511557.0,41616953.0,2406585.0,3456136.0,39306835.0,1830533.0,5286669.0,177480881.0,44370220.0,5286669.0,37494768.0,182938390.0,189177413.0,156547516.0,4526262.0,184903022.0,4274391.0,1218931757.0,469580095.0,749351662.0,46326877.0,124209282.0,0.0,nanaimo-c,Nanaimo,nanaimo-c|2020,Nanaimo|2020,"100,000 and over",71447054.0,15445069.0,21351038.0,139290853.0,37189017.0,0.18245569733219316,2011.3771512591775,1644.389930528144,1141.9884641193653,705.0510578668982,387.886190494987,1.5155248170002145,0.37297435629649645,1.0,0.845043544972281,0.9774053840137882,,,,,,,,,,,,,,,,,,,,,,
Nanaimo,C,NAN,2021,101987.0,9073.0,638.0,281237205.0,3401049.0,304627617.0,40434921.0,44029145.0,192306655.0,112320962.0,785379905.0,10636466.0,4099117.0,60636556.0,735608005.0,897700867.0,127271403.0,52578165.0,514730.0,3351118.0,9113369.0,4091434.0,0.0,10789766.0,0.0,2664025.0,210374010.0,21709910.0,58963270.0,6114736.0,0.0,8717732.0,14695505.0,28650028.0,10506096.0,4687355.0,0.0,26687264.0,,177347.0,0.0,180909243.0,781555105.0,785379905.0,39306835.0,11160000.0,3501991.0,45947100.0,1951207.0,5453198.0,188793270.0,47198318.0,5453198.0,40853933.0,198934023.0,204869610.0,172471297.0,4522799.0,201468561.0,3401049.0,1273995450.0,492440345.0,781555105.0,59412236.0,143276465.0,0.0,nanaimo-c,Nanaimo,nanaimo-c|2021,Nanaimo|2021,"100,000 and over",75372139.0,12979217.0,17545225.0,152270772.0,29464767.0,0.14005896926145964,2062.753194034534,1773.8461078372734,1101.3262670732545,739.0367301714924,450.51918381754535,1.4624413544086656,0.41466849422897195,1.0,0.8655802734326253,0.9833989580006522,,,,,,,,,,,,,,,,,,,,,,
Nanaimo,C,NAN,2022,11467.0,9073.0,639.0,290427315.0,3595561.0,317471186.0,42184704.0,40628639.0,195605053.0,121866133.0,813935561.0,10309745.0,5618996.0,65926815.0,768285027.0,935801694.0,136775357.0,58647653.0,1441622.0,4421908.0,5379827.0,6823576.0,0.0,10212699.0,1387738.0,2459971.0,227550351.0,17846040.0,60291531.0,7198228.0,0.0,11578463.0,16624136.0,32490217.0,10503008.0,4881909.0,0.0,28035992.0,,0.0,0.0,189449524.0,809586940.0,813935561.0,45947100.0,280269.0,3786428.0,41301913.0,2158064.0,5944492.0,206733429.0,51683357.0,5944492.0,44709833.0,217871037.0,224478918.0,190973983.0,5180238.0,220883357.0,3595561.0,1324306191.0,514719251.0,809586940.0,57341340.0,143971639.0,0.0,nanaimo-c,Nanaimo,nanaimo-c|2022,Nanaimo|2022,"5,000 to 19,999",81855556.0,11243357.0,20883984.0,159255468.0,38100827.0,0.16743910449955754,19843.930496206507,16521.28054417023,10627.551495596059,7138.358419813378,3601.8063137699487,1.4847638675264692,0.3982821922309296,1.0,0.865072154658994,0.9839826339505076,,,,,,,,,,,,,,,,,,,,,,
Nanaimo,C,NAN,2023,108438.0,9073.0,640.0,314049911.0,4046184.0,346656657.0,46393650.0,36781217.0,201307449.0,145349208.0,862930254.0,5526573.0,8561081.0,90454808.0,817500840.0,1008279462.0,148412399.0,62987603.0,3974704.0,22879897.0,5568418.0,12780099.0,0.0,18183614.0,0.0,3730674.0,278517408.0,19205052.0,66334845.0,7777985.0,0.0,13483749.0,16417756.0,36147424.0,12543143.0,4797079.0,0.0,29258862.0,0.0,73745.0,0.0,206039640.0,857489915.0,862930254.0,41301913.0,1292314.0,3262191.0,38170336.0,2298983.0,5561174.0,231132579.0,57783145.0,5561174.0,50192161.0,238349689.0,244989590.0,211139494.0,4964562.0,240943406.0,4046184.0,1398625049.0,541135134.0,857489915.0,75466909.0,4999146050.0,107855820.0,nanaimo-c,Nanaimo,nanaimo-c|2023,Nanaimo|2023,"100,000 and over",104542462.0,32423019.0,34694387.0,174481795.0,72477768.0,0.26022706630962184,2568.448403696121,1900.0686106346484,1340.3899739943563,964.07589590365,352.0014754975193,1.560051118625024,0.015095960039015064,0.9784251512315788,0.8686297881501603,0.9834842615149485,,,,,,,,,,,,,,,,,,,,,,
Nanaimo,C,NAN,2024,108438.0,9073.0,642.0,309871027.0,5340040.0,343056225.0,44289722.0,32786201.0,194822031.0,148234194.0,906911800.0,8119115.0,8987607.0,89101600.0,862107518.0,1055145994.0,160579527.0,66371584.0,5565069.0,5941527.0,1543858.0,14649070.0,0.0,13659466.0,1194887.0,3456874.0,272961862.0,27820978.0,74055684.0,8729347.0,1961547.0,8494320.0,18791285.0,35920548.0,13802984.0,4929426.0,0.0,31532838.0,56373.0,0.0,0.0,226095330.0,901259929.0,906911800.0,38170336.0,0.0,3042380.0,33860958.0,2470717.0,5513097.0,246821195.0,61705299.0,5513097.0,54162651.0,261181668.0,269168689.0,232512510.0,5607095.0,263151093.0,5340040.0,1470748948.0,569489019.0,901259929.0,75681395.0,4964017971.0,98040673.0,nanaimo-c,Nanaimo,nanaimo-c|2024,Nanaimo|2024,"100,000 and over",106208322.0,13050454.0,32960297.0,192091775.0,46866532.0,0.1716962642935078,2517.2159390619527,2085.019365904941,1366.9949095335583,979.438222763238,312.26099706744867,1.5905338087764829,0.01524599536950387,0.9802497344746216,0.8777633668058232,0.9776437741612658,3003.390678329474,3546.5079302077975,2379.369597210911,2783.665107049771,2052.765446183268,2437.8724475115623,1093.3312652075697,1604.3462673977224,312.26099706744867,518.5374381567245,1.6357691597817738,1.7099330852451193,0.025378934003535983,0.02529861000232605,0.9802497344746216,0.9815511712696461,0.9023585311053542,0.8619101997275483,0.9669710895067201,0.9623635142836453,0.27009754429306687,0.19976549769108282
Nelson,C,CKO,2019,11359.0,1167.0,92.0,38738681.0,373560.0,48531192.0,5754441.0,12727028.0,24953974.0,23577218.0,168044246.0,5814901.0,5725153.0,19139151.0,153253303.0,191621464.0,10614400.0,36039954.0,1166406.0,746164.0,2218135.0,1311918.0,0.0,0.0,511965.0,0.0,52608942.0,3527635.0,7466803.0,240002.0,0.0,869232.0,5487610.0,3298957.0,1539905.0,1876112.0,12134683.0,6081018.0,,0.0,0.0,42521957.0,166317373.0,168044246.0,14392153.0,0.0,897916.0,13064068.0,767434.0,1665350.0,48358044.0,12089511.0,1665350.0,10424161.0,24058230.0,24565209.0,21282638.0,323270.0,24191649.0,373560.0,272649271.0,106331898.0,166317373.0,11848821.0,1482552251.0,8914196.0,nelson-c,Nelson,nelson-c|2019,Nelson|2019,"5,000 to 19,999",30679205.0,4130705.0,1823883.0,35673505.0,10086985.0,0.19173518068468284,4631.476538427679,3743.459547495378,2075.6420459547494,2700.871995774276,1150.1072277489216,1.552405280217091,0.007992177673338543,0.9939872635220868,0.8622483572743348,0.9847931275488029,,,,,,,,,,,,,,,,,,,,,,
Nelson,C,CKO,2020,11557.0,1167.0,92.0,51245033.0,400940.0,60551346.0,10795755.0,11351444.0,29722018.0,30829328.0,173427292.0,0.0,0.0,1403707.0,159835915.0,204256620.0,10732784.0,33765520.0,639072.0,7160576.0,2304388.0,1504650.0,0.0,0.0,0.0,0.0,56106990.0,3503947.0,7584250.0,459546.0,0.0,952565.0,5074753.0,2769946.0,1946879.0,1994226.0,12658738.0,6156782.0,,370202.0,0.0,43471834.0,171516924.0,173427292.0,13064068.0,0.0,898520.0,11681004.0,576520.0,1475040.0,46383339.0,11595835.0,1475040.0,10120795.0,23994117.0,24473395.0,21208390.0,277029.0,24072455.0,400940.0,283418253.0,111901329.0,171516924.0,11800827.0,9533729.0,0.0,nelson-c,Nelson,nelson-c|2020,Nelson|2020,"5,000 to 19,999",1403707.0,10104036.0,1504650.0,36738532.0,12635156.0,0.22519753777559623,4854.805745435667,3761.5154451847366,2667.589166738773,121.45946179804447,1010.729774162845,1.724143798042246,1.2377976130850794,1.0,0.8727957063894062,0.9836173117787703,,,,,,,,,,,,,,,,,,,,,,
Nelson,C,CKO,2021,11733.0,1167.0,92.0,53035868.0,338209.0,63615707.0,6021270.0,7683456.0,22893955.0,40721752.0,172745450.0,0.0,0.0,1451657.0,163137591.0,213467202.0,11017240.0,34484541.0,1385504.0,3156639.0,2318667.0,879290.0,0.0,0.0,142267.0,0.0,53384148.0,4162669.0,7535823.0,361699.0,222196.0,0.0,5266495.0,3164753.0,1428036.0,2000343.0,13816772.0,6214780.0,,0.0,0.0,44173566.0,170821047.0,172745450.0,11681004.0,0.0,3624383.0,7683456.0,458251.0,4082634.0,46873456.0,11718364.0,4082634.0,7635730.0,25336602.0,25853887.0,22543041.0,332907.0,25515678.0,338209.0,283856786.0,113035739.0,170821047.0,9754206.0,10327924.0,0.0,nelson-c,Nelson,nelson-c|2021,Nelson|2021,"5,000 to 19,999",1451657.0,6860810.0,1021557.0,37500535.0,9210582.0,0.17253402639300341,4549.9145998465865,3764.899514190744,3470.7024631381573,123.72428193982783,654.8586039376119,2.3165882871701284,0.944449823604434,1.0,0.6516037562922606,0.9869184467310467,,,,,,,,,,,,,,,,,,,,,,
Nelson,C,CKO,2022,506.0,1167.0,92.0,53741064.0,421308.0,64301498.0,8596483.0,6807277.0,23528854.0,40772644.0,182999198.0,0.0,0.0,1324141.0,173584145.0,223771842.0,11562329.0,36919648.0,818465.0,3620862.0,2620182.0,1584636.0,0.0,0.0,0.0,0.0,57126122.0,4893069.0,8300291.0,460379.0,285422.0,0.0,6260487.0,3314608.0,1582325.0,1921541.0,13524447.0,6155398.0,,123515.0,0.0,46821482.0,180391422.0,182999198.0,7683456.0,0.0,498769.0,6807277.0,448330.0,947099.0,50364644.0,12591161.0,947099.0,11644062.0,26468969.0,26939001.0,23596807.0,250067.0,26517693.0,421308.0,298818232.0,118426810.0,180391422.0,16199919.0,17162732.0,0.0,nelson-c,Nelson,nelson-c|2022,Nelson|2022,"Under 5,000",1324141.0,7059509.0,1584636.0,40217754.0,10304640.0,0.18038402816840954,112897.4743083004,92532.57312252965,80578.34782608696,2616.879446640316,13453.116600790514,2.2840493633901593,0.9439009477045962,1.0,0.9247806457244093,0.98436066727196,,,,,,,,,,,,,,,,,,,,,,
Nelson,C,CKO,2023,11716.0,1167.0,92.0,56216342.0,534460.0,67127228.0,8061476.0,5913435.0,25810723.0,41316505.0,197578926.0,0.0,0.0,887078.0,186868177.0,238895431.0,12297471.0,39206695.0,930947.0,7866950.0,1126429.0,2579838.0,0.0,0.0,253375.0,0.0,64261705.0,5120585.0,8834149.0,566476.0,277179.0,0.0,5972057.0,3631174.0,1683346.0,1959334.0,14422984.0,6595885.0,74947.0,0.0,0.0,49138116.0,194441068.0,197578926.0,6807277.0,0.0,503349.0,5913435.0,464128.0,967477.0,54211511.0,13552878.0,967477.0,12199421.0,27617849.0,28167347.0,24747911.0,282221.0,27632887.0,534460.0,318545157.0,124104089.0,194441068.0,19502990.0,25663895.0,0.0,nelson-c,Nelson,nelson-c|2023,Nelson|2023,"5,000 to 19,999",887078.0,9924326.0,2833213.0,42078103.0,15123589.0,0.2353437245401441,5484.952628883578,4194.103448275862,3526.5026459542505,75.7150904745647,504.7315636736087,2.1780227543412867,0.759938816769629,1.0,0.9001350856991408,0.9810255470634135,,,,,,,,,,,,,,,,,,,,,,
Nelson,C,CKO,2024,11716.0,1167.0,91.0,52666455.0,641220.0,65435456.0,6380145.0,4982173.0,22832617.0,42602839.0,207108006.0,0.0,0.0,951855.0,197745230.0,249710845.0,13229473.0,39445134.0,2570091.0,6675389.0,972920.0,2270662.0,0.0,0.0,0.0,0.0,65163669.0,5792788.0,9436635.0,596726.0,266181.0,0.0,7406393.0,3827010.0,1589091.0,2218975.0,15936164.0,7088829.0,101874.0,87589.0,0.0,54348255.0,204119471.0,207108006.0,5913435.0,0.0,507086.0,4982173.0,501938.0,1009024.0,55081393.0,13770348.0,1009024.0,12378704.0,29213717.0,29905895.0,26280808.0,365602.0,29264675.0,641220.0,335007030.0,130887559.0,204119471.0,16870591.0,722886822.0,10277448.0,nelson-c,Nelson,nelson-c|2024,Nelson|2024,"5,000 to 19,999",951855.0,10218400.0,2270662.0,46757488.0,10815414.0,0.1659730669861453,5561.938289518607,4638.806333219529,3636.2955786958005,81.24402526459542,425.2452202116763,2.306632437271645,0.023337804047007513,0.9857827702937432,0.8989390827305164,0.9785587423482895,3601.3561989291247,3546.5079302077975,2957.8976990295423,2783.665107049771,1917.0647247750476,2437.8724475115623,987.5598464714869,1604.3462673977224,936.3446522221191,518.5374381567245,1.3967465323081123,1.7099330852451193,0.018327243000235003,0.02529861000232605,0.982034678745671,0.9815511712696461,0.7988058564062199,0.8619101997275483,0.970292410805516,0.9623635142836453,0.19624174475580758,0.19976549769108282
New Denver,V,CKO,2019,496.0,83.0,29.0,1379908.0,19461.0,1445125.0,75726.0,302225.0,551887.0,893238.0,3958328.0,354633.0,0.0,848364.0,3640203.0,4851566.0,297145.0,435583.0,7762.0,507784.0,91189.0,19761.0,0.0,0.0,0.0,0.0,1359224.0,292110.0,94230.0,56658.0,10652.0,6027.0,223126.0,227213.0,75897.0,0.0,0.0,136375.0,,0.0,0.0,1122288.0,3942428.0,3958328.0,329317.0,0.0,20364.0,302225.0,15255.0,35619.0,1095905.0,273976.0,35619.0,238357.0,622173.0,639760.0,457737.0,8078.0,620299.0,19461.0,6296655.0,2354227.0,3942428.0,127621.0,1221201.0,0.0,new-denver-v,New Denver,new-denver-v|2019,New Denver|2019,"Under 5,000",1202997.0,606735.0,19761.0,970658.0,236936.0,0.1743171103512004,2740.3709677419356,2262.6774193548385,1800.883064516129,2425.3971774193546,609.3245967741935,2.5003451793573683,0.10450450007820171,1.0,0.86999226209595,0.9695807802926097,,,,,,,,,,,,,,,,,,,,,,
New Denver,V,CKO,2020,499.0,83.0,29.0,1601437.0,19547.0,1848856.0,203107.0,274070.0,548142.0,1300714.0,4282381.0,358084.0,0.0,706960.0,3989313.0,5583095.0,299799.0,408984.0,34590.0,822428.0,397710.0,16372.0,0.0,0.0,0.0,0.0,1979883.0,378799.0,99910.0,51187.0,15708.0,0.0,240731.0,192552.0,122161.0,0.0,0.0,147306.0,,0.0,0.0,1248354.0,4263384.0,4282381.0,302225.0,0.0,20364.0,274070.0,15255.0,35619.0,1084947.0,271237.0,35619.0,235618.0,642447.0,666910.0,471886.0,14430.0,647363.0,19547.0,6764915.0,2501531.0,4263384.0,468262.0,1221201.0,0.0,new-denver-v,New Denver,new-denver-v|2020,New Denver|2020,"Under 5,000",1065044.0,1254728.0,16372.0,1085793.0,731529.0,0.3694809238727743,3967.701402805611,2501.7114228456912,2606.64128256513,2134.3567134268537,549.2384769539078,2.9215732419701466,0.3834438393024572,1.0,0.8686794205805255,0.9706901980777016,,,,,,,,,,,,,,,,,,,,,,
New Denver,V,CKO,2021,504.0,151.0,29.0,2028964.0,20951.0,2897970.0,573565.0,244807.0,1429480.0,1468490.0,4953330.0,358162.0,0.0,777899.0,4698612.0,6421820.0,307938.0,455805.0,14941.0,663216.0,736803.0,12716.0,0.0,0.0,0.0,0.0,2191419.0,489201.0,128137.0,64149.0,13645.0,0.0,177963.0,190128.0,126114.0,0.0,0.0,163357.0,,0.0,0.0,1352694.0,4943420.0,4953330.0,274070.0,0.0,20364.0,244807.0,9733.0,30097.0,1119725.0,279931.0,30097.0,249834.0,682081.0,707235.0,500858.0,18301.0,686284.0,20951.0,7608310.0,2664890.0,4943420.0,843393.0,1221201.0,0.0,new-denver-v,New Denver,new-denver-v|2021,New Denver|2021,"Under 5,000",1136061.0,1414960.0,12716.0,1179604.0,838725.0,0.3827314630383327,4348.053571428572,2683.9166666666665,2913.6706349206347,2254.089285714286,485.7281746031746,1.4193720793575286,0.6906258674861878,1.0,0.8924842193254766,0.9703761833054076,,,,,,,,,,,,,,,,,,,,,,
New Denver,V,CKO,2022,629.0,151.0,31.0,2175737.0,32143.0,2668059.0,350298.0,214389.0,1257938.0,1410121.0,6189819.0,359587.0,0.0,521900.0,5965557.0,7599940.0,351806.0,482417.0,123286.0,744628.0,820747.0,16911.0,0.0,0.0,17469.0,0.0,2557264.0,386882.0,133462.0,90824.0,18965.0,0.0,247435.0,224743.0,89315.0,0.0,0.0,187518.0,,0.0,0.0,1379144.0,6179946.0,6189819.0,244807.0,0.0,20364.0,214389.0,9733.0,30097.0,1280080.0,320020.0,30097.0,289923.0,793545.0,821689.0,580832.0,16004.0,789546.0,32143.0,9006824.0,2826878.0,6179946.0,1424044.0,2232531.0,0.0,new-denver-v,New Denver,new-denver-v|2022,New Denver|2022,"Under 5,000",881487.0,1688661.0,34380.0,1181893.0,1178120.0,0.4606954933084734,4065.6025437201906,2192.597774244833,2241.845786963434,1401.4101748807632,340.8410174880763,1.729605910625166,0.637860795661964,1.0,0.9059527529529404,0.9608817934766073,,,,,,,,,,,,,,,,,,,,,,
New Denver,V,CKO,2023,520.0,151.0,31.0,2067103.0,59443.0,2766609.0,162513.0,182769.0,1077278.0,1689331.0,8060612.0,61185.0,0.0,1246869.0,7790208.0,9749943.0,386298.0,527384.0,350253.0,1551401.0,824551.0,22482.0,0.0,0.0,13421.0,0.0,3675790.0,468586.0,124595.0,81031.0,20477.0,0.0,210484.0,284923.0,113541.0,0.0,0.0,218864.0,3287.0,0.0,0.0,1525788.0,8044754.0,8060612.0,214389.0,0.0,20363.0,182769.0,9733.0,30096.0,1258907.0,314727.0,30096.0,175178.0,911491.0,952961.0,692201.0,11319.0,893518.0,59443.0,11010178.0,2965424.0,8044754.0,2026919.0,2624899.0,0.0,new-denver-v,New Denver,new-denver-v|2023,New Denver|2023,"Under 5,000",1308054.0,2726205.0,35903.0,1297191.0,2150002.0,0.5849088223211881,7068.826923076923,2934.2076923076925,3248.7134615384616,2515.4884615384617,351.4788461538462,1.9188203973347642,0.7721893299513619,1.0,0.5566030242082821,0.9376228408088054,,,,,,,,,,,,,,,,,,,,,,
New Denver,V,CKO,2024,520.0,151.0,31.0,2404403.0,61717.0,3187171.0,200118.0,149895.0,1487145.0,1700026.0,8831221.0,87654.0,0.0,1170980.0,8579605.0,10531247.0,441546.0,524825.0,127692.0,1069444.0,290183.0,24069.0,0.0,0.0,40660.0,0.0,2518419.0,436662.0,202207.0,91753.0,22301.0,0.0,231779.0,333475.0,159725.0,0.0,0.0,255771.0,3442.0,0.0,0.0,1737115.0,8805717.0,8831221.0,182769.0,0.0,20364.0,149895.0,9733.0,30097.0,1333930.0,333483.0,30097.0,303386.0,1008394.0,1078963.0,782121.0,48757.0,1017246.0,61717.0,12012603.0,3206886.0,8805717.0,1026074.0,23350218.0,267176.0,new-denver-v,New Denver,new-denver-v|2024,New Denver|2024,"Under 5,000",1258634.0,1487319.0,64729.0,1471611.0,781304.0,0.31023590593940087,4843.113461538462,3340.605769230769,3269.2807692307692,2420.45,288.25961538461536,1.6167912342105175,0.04394280173315727,0.9885578798450618,0.9097495224644134,0.942799706755468,4648.097865362712,3546.5079302077975,3428.422456291105,2783.665107049771,5030.364110900993,2437.8724475115623,2420.45,1604.3462673977224,224.31236112962716,518.5374381567245,2.204313821553219,1.7099330852451193,0.030042455998363887,0.02529861000232605,0.9786113537119745,0.9815511712696461,0.9039920521842442,0.8619101997275483,0.9333160528846489,0.9623635142836453,0.20869205825466772,0.19976549769108282
New Hazelton,D,KIT,2019,604.0,2498.0,18.0,3526708.0,35902.0,3823999.0,243901.0,0.0,243901.0,3580098.0,10177591.0,-268825.0,226946.0,2385066.0,10090142.0,13757689.0,626282.0,752571.0,0.0,3772657.0,8006.0,74023.0,0.0,0.0,20010.0,0.0,5253549.0,638727.0,61667.0,84397.0,0.0,452500.0,583193.0,26978.0,191626.0,79376.0,0.0,439248.0,,0.0,0.0,2557712.0,10090141.0,10177591.0,0.0,0.0,0.0,0.0,0.0,0.0,1917387.0,479347.0,0.0,479347.0,963637.0,1037087.0,795187.0,55817.0,1001185.0,35902.0,17197513.0,7107372.0,10090141.0,1536368.0,683707.0,0.0,new-hazelton-d,New Hazelton,new-hazelton-d|2019,New Hazelton|2019,"Under 5,000",2343187.0,3780663.0,94033.0,2118464.0,2695837.0,0.5131458752930638,8697.92880794702,4234.622516556291,5927.314569536424,3879.448675496689,0.0,14.459588111569857,2.24711462658712,1.0,1.0,0.9653818821371785,,,,,,,,,,,,,,,,,,,,,,
New Hazelton,D,KIT,2020,612.0,2498.0,18.0,4258810.0,30160.0,4524186.0,91913.0,0.0,91913.0,4432273.0,9925413.0,0.0,229215.0,2818973.0,9804359.0,14357686.0,635342.0,871824.0,0.0,1514436.0,72439.0,32067.0,0.0,0.0,0.0,0.0,3126108.0,769251.0,124831.0,91594.0,0.0,52500.0,611271.0,17203.0,137152.0,70324.0,0.0,442626.0,,209360.0,0.0,2526112.0,9804359.0,9925413.0,0.0,0.0,0.0,0.0,0.0,0.0,2025655.0,506414.0,0.0,506414.0,977363.0,1025549.0,816557.0,27449.0,995389.0,30160.0,17100970.0,7296611.0,9804359.0,413623.0,643281.0,0.0,new-hazelton-d,New Hazelton,new-hazelton-d|2020,New Hazelton|2020,"Under 5,000",3048188.0,1586875.0,32067.0,2083486.0,599996.0,0.1919306690619774,5108.019607843137,4127.633986928105,7242.276143790849,4980.699346405228,0.0,46.33523005450807,0.6429896110719887,1.0,1.0,0.9705913613098935,,,,,,,,,,,,,,,,,,,,,,
New Hazelton,D,KIT,2021,622.0,2498.0,18.0,2838307.0,32962.0,3256660.0,227348.0,0.0,350651.0,2906009.0,12004735.0,0.0,231288.0,370234.0,11875795.0,14910744.0,643570.0,826563.0,40000.0,609138.0,92365.0,17808.0,0.0,0.0,476038.0,0.0,2705482.0,712654.0,132047.0,91888.0,0.0,52500.0,594591.0,7858.0,25024.0,48561.0,0.0,491235.0,,0.0,0.0,2156358.0,11875794.0,12004735.0,0.0,0.0,0.0,0.0,0.0,0.0,1969549.0,492387.0,0.0,492387.0,1026550.0,1068035.0,883552.0,21028.0,1035073.0,32962.0,19603242.0,7727448.0,11875794.0,2613674.0,11875795.0,0.0,new-hazelton-d,New Hazelton,new-hazelton-d|2021,New Hazelton|2021,"Under 5,000",601522.0,741503.0,493846.0,1665123.0,549124.0,0.20296716074991444,4349.6495176848875,3466.813504823151,4672.040192926045,967.0771704180064,0.0,8.094393000447738,0.22008412910461994,1.0,1.0,0.9691377155243039,,,,,,,,,,,,,,,,,,,,,,
New Hazelton,D,KIT,2022,85708.0,2498.0,18.0,2786958.0,74498.0,3104906.0,141472.0,0.0,310130.0,2794776.0,12062216.0,0.0,236904.0,95974.0,11929797.0,14856992.0,657528.0,794730.0,2192.0,681746.0,46680.0,60266.0,0.0,0.0,0.0,0.0,2243142.0,785190.0,98649.0,92663.0,0.0,52500.0,531893.0,42765.0,129720.0,50440.0,0.0,513074.0,,0.0,0.0,2296894.0,11929797.0,12062216.0,0.0,0.0,0.0,0.0,6934.0,6934.0,2103524.0,525881.0,6934.0,518947.0,1063929.0,1092992.0,737495.0,863.0,1018494.0,74498.0,20170121.0,8240324.0,11929797.0,567078.0,11929998.0,0.0,new-hazelton-d,New Hazelton,new-hazelton-d|2022,New Hazelton|2022,"20,000 to 99,999",332878.0,730618.0,60266.0,1776886.0,-53752.0,-0.02396281644229389,26.171909273346714,26.79906193120829,32.60811126149251,3.883861483175433,0.0,8.986418598652179,0.04753378835436519,1.0,0.9868145074646165,0.9318403062419487,,,,,,,,,,,,,,,,,,,,,,
New Hazelton,D,KIT,2023,667.0,2498.0,0.0,3646749.0,55241.0,3906166.0,96694.0,0.0,416579.0,3489587.0,11882321.0,0.0,248886.0,110836.0,11709560.0,15371908.0,676009.0,867775.0,6291.0,1331828.0,5000.0,108190.0,0.0,0.0,0.0,0.0,2995093.0,878334.0,116505.0,91700.0,0.0,18345.0,607296.0,24937.0,139460.0,83930.0,0.0,518021.0,1649.0,0.0,0.0,2480177.0,11712702.0,11882321.0,0.0,0.0,0.0,0.0,0.0,0.0,2111974.0,527994.0,0.0,527994.0,1119320.0,1161039.0,971130.0,0.0,1105798.0,55241.0,20469341.0,8756639.0,11712702.0,299432.0,11712699.0,0.0,new-hazelton-d,New Hazelton,new-hazelton-d|2023,New Hazelton|2023,"Under 5,000",359722.0,1343119.0,108190.0,1962156.0,514916.0,0.17191987026780137,4490.3943028485755,3718.406296851574,5231.764617691155,539.3133433283358,0.0,8.75403944990026,0.02556473106668241,1.0,1.0,0.9524210642364296,,,,,,,,,,,,,,,,,,,,,,
New Hazelton,D,KIT,2024,667.0,2498.0,18.0,4840433.0,72177.0,5116773.0,136033.0,0.0,532765.0,4584008.0,12025470.0,0.0,278355.0,1370616.0,11891377.0,16609478.0,706579.0,985459.0,0.0,2072614.0,5000.0,178693.0,0.0,0.0,11000.0,0.0,3959345.0,977024.0,148276.0,94806.0,0.0,29620.0,749915.0,28930.0,149814.0,45851.0,0.0,497539.0,0.0,0.0,0.0,2721775.0,11811487.0,12025470.0,0.0,0.0,0.0,0.0,0.0,0.0,2379331.0,594833.0,0.0,594833.0,1211774.0,1249381.0,1048727.0,0.0,1177204.0,72177.0,21030610.0,9219123.0,11811487.0,596104.0,11811487.0,0.0,new-hazelton-d,New Hazelton,new-hazelton-d|2024,New Hazelton|2024,"Under 5,000",1648971.0,2077614.0,189693.0,2224236.0,1237570.0,0.31256937700554005,5936.049475262369,4080.6221889055473,6872.575712143928,2472.2203898050975,0.0,9.085493604121892,0.05046815866622043,1.0,1.0,0.942229792193094,4486.511144130758,3546.5079302077975,3557.844717668488,2783.665107049771,5496.677373974208,2437.8724475115623,3386.4506393861893,1604.3462673977224,624.7436119532265,518.5374381567245,3.324657351485151,1.7099330852451193,0.02521828600111612,0.02529861000232605,0.9816336034641139,0.9815511712696461,0.8531878894527055,0.8619101997275483,0.9614729661922712,0.9623635142836453,0.23352896680225554,0.19976549769108282
New Westminster,C,GVR,2019,79737.0,1571.0,230.0,178673742.0,2707076.0,203331980.0,26995775.0,65903601.0,153324853.0,50007127.0,709517605.0,0.0,0.0,14410810.0,639824649.0,759524732.0,85489152.0,116728188.0,0.0,8911973.0,838162.0,4586546.0,0.0,14369551.0,5938712.0,53425.0,236915709.0,19119876.0,46923131.0,3028986.0,211453.0,5603874.0,14945722.0,24749753.0,7694774.0,11917440.0,44273292.0,23448644.0,,3664497.0,0.0,205581442.0,705728250.0,709517605.0,59584661.0,23850000.0,17104432.0,65903601.0,1849968.0,18954400.0,214080351.0,53520088.0,18954400.0,24701991.0,131811244.0,134269992.0,118584668.0,1111541.0,131562916.0,2707076.0,1018835392.0,313107142.0,705728250.0,60525312.0,1565335758.0,39600000.0,new-westminster-c,New Westminster,new-westminster-c|2019,New Westminster|2019,"20,000 to 99,999",14410810.0,9750135.0,24948234.0,180282830.0,31334267.0,0.13225913609637427,2971.214229278754,2578.2440021570915,627.1508459059157,180.7292724832888,826.5121712630272,1.1653279850201455,0.03866602528605879,0.9747019131214404,0.4615461581453304,0.9798385628860393,,,,,,,,,,,,,,,,,,,,,,
New Westminster,C,GVR,2020,82590.0,1571.0,230.0,230028967.0,3557411.0,258860374.0,43574187.0,62130349.0,180793676.0,78066698.0,721199021.0,0.0,0.0,12986853.0,655319275.0,799265719.0,89683699.0,115704563.0,480864.0,11181076.0,831972.0,5255751.0,0.0,12078301.0,10462.0,19865.0,235246553.0,16737763.0,46027403.0,3000912.0,276171.0,6085605.0,13866745.0,23229068.0,7468660.0,11948332.0,42060723.0,23545497.0,,1419316.0,0.0,195666195.0,717449624.0,721199021.0,65742972.0,0.0,3056724.0,62130349.0,1830720.0,4887444.0,211492853.0,52873213.0,4887444.0,37484848.0,129345237.0,131825186.0,115260292.0,1066081.0,128267775.0,3557411.0,1046768285.0,329318661.0,717449624.0,36689831.0,1599484685.0,40552491.0,new-westminster-c,New Westminster,new-westminster-c|2020,New Westminster|2020,"20,000 to 99,999",12986853.0,12493912.0,17364379.0,170289978.0,39580358.0,0.1682505333032446,2848.366061266497,2369.126952415547,945.2318440489163,157.24486015256085,752.2744763288533,1.2723286128658615,0.022938532231085412,0.9746465274845691,0.7089572559170936,0.973014178034234,,,,,,,,,,,,,,,,,,,,,,
New Westminster,C,MVRD,2021,82866.0,1571.0,230.0,216741614.0,3139525.0,245781570.0,33347637.0,60514159.0,169099760.0,76681810.0,755426913.0,0.0,0.0,12669574.0,689018433.0,832108723.0,93431431.0,121069908.0,1127525.0,9037565.0,834825.0,3566380.0,0.0,14826899.0,21244.0,9611.0,243925388.0,18997775.0,51541659.0,3203748.0,347907.0,7346818.0,14388101.0,27016561.0,7888348.0,13316371.0,42734139.0,24204386.0,,96571.0,0.0,211082384.0,749532592.0,755426913.0,62130349.0,2076529.0,3073794.0,60514159.0,1796682.0,4870476.0,224634365.0,56158591.0,4870476.0,40375195.0,142703362.0,146114310.0,128615961.0,1930287.0,142974785.0,3139525.0,1100459345.0,350926753.0,749532592.0,56406956.0,1649116286.0,41279486.0,new-westminster-c,New Westminster,new-westminster-c|2021,New Westminster|2021,"20,000 to 99,999",12669574.0,10999915.0,18424134.0,185081316.0,32843004.0,0.13464364767147569,2943.6124345328603,2547.273719016243,925.3712016991287,152.8923080636208,730.2652354403494,1.281738152673901,0.03420435325201803,0.9749687233396226,0.7189495726486442,0.9785132270754315,,,,,,,,,,,,,,,,,,,,,,
New Westminster,C,MVRD,2022,33347.0,1571.0,267.0,352923172.0,4088524.0,376918287.0,41223832.0,175240332.0,304314077.0,72604210.0,832732170.0,0.0,0.0,12696337.0,651399738.0,905336380.0,98892223.0,164132338.0,1811488.0,9505900.0,1023563.0,7823919.0,0.0,12161517.0,1116030.0,23588.0,296490566.0,22113684.0,52790921.0,3158107.0,364285.0,7436447.0,16784419.0,26304819.0,8454113.0,14355401.0,46801769.0,24419906.0,,279039.0,0.0,223262910.0,826640070.0,832732170.0,60514159.0,122430000.0,6920070.0,175240332.0,3177181.0,10097251.0,277363671.0,69340918.0,10097251.0,59243667.0,148669720.0,152528744.0,134332859.0,1580116.0,148440220.0,4088524.0,1195084081.0,368444011.0,826640070.0,101893470.0,2638033812.0,54155392.0,new-westminster-c,New Westminster,new-westminster-c|2022,New Westminster|2022,"20,000 to 99,999",12696337.0,12340951.0,21125054.0,195665823.0,73227656.0,0.24698140311149058,8891.071640627342,6695.142291660419,2177.233634209974,380.73400905628694,5255.0553872912105,1.159733310661143,0.03862477786922316,0.9794713048204099,0.8543825018295835,0.9731950588932929,,,,,,,,,,,,,,,,,,,,,,
New Westminster,C,MVRD,2023,88945.0,1571.0,267.0,390360357.0,6109855.0,427510850.0,53613865.0,166859642.0,314975562.0,112535288.0,889441864.0,0.0,0.0,115978101.0,702465103.0,1001977152.0,106067024.0,157557523.0,860540.0,27221040.0,4808349.0,18003989.0,0.0,9671841.0,26091117.0,0.0,350281423.0,24792557.0,57569388.0,3957413.0,384176.0,7646333.0,18203587.0,31368638.0,8941539.0,14972968.0,49253280.0,26084927.0,0.0,1373613.0,0.0,244548419.0,881724658.0,889441864.0,175240333.0,0.0,7436197.0,166859642.0,6744933.0,14181130.0,287648408.0,71912102.0,14181130.0,57271472.0,160035186.0,166406913.0,143776561.0,4236228.0,160297058.0,6109855.0,1276792609.0,395067951.0,881724658.0,78367444.0,3365454348.0,63586349.0,new-westminster-c,New Westminster,new-westminster-c|2023,New Westminster|2023,"20,000 to 99,999",115978101.0,32889929.0,53766947.0,211718559.0,105733004.0,0.3018515886296374,3938.1800326044186,2749.434133453258,1265.2233177806509,1303.9305301028726,1875.9867558603632,1.239335377390326,0.023285843721686995,0.9811061620735436,0.7964093720970638,0.963283646755709,,,,,,,,,,,,,,,,,,,,,,
New Westminster,C,MVRD,2024,88945.0,1571.0,259.0,413321571.0,6779924.0,456159520.0,45216987.0,158211877.0,316559713.0,139599807.0,912277153.0,0.0,0.0,14942866.0,762729639.0,1051876960.0,115607494.0,157089935.0,2546783.0,7558055.0,1308260.0,20322332.0,0.0,14988901.0,359641.0,0.0,319781401.0,28688289.0,60972246.0,4421357.0,424701.0,8886791.0,19089876.0,36181277.0,10036281.0,17088486.0,52624822.0,31052147.0,0.0,415320.0,0.0,269881593.0,903099949.0,912277153.0,166859642.0,0.0,7453681.0,158211877.0,6800011.0,14253692.0,294940278.0,73735070.0,14253692.0,59481378.0,175538530.0,179756431.0,163878380.0,1348320.0,177594807.0,6779924.0,1322174392.0,419074443.0,903099949.0,52935487.0,3344945602.0,80765788.0,new-westminster-c,New Westminster,new-westminster-c|2024,New Westminster|2024,"20,000 to 99,999",14942866.0,11413098.0,35670874.0,232029435.0,49899808.0,0.15604349672606507,3595.2712462757886,3034.2525493282365,1569.5070774073865,168.00119174770927,1778.7607735117208,1.3056670006521014,0.015825515060199774,0.9758543792306491,0.8066904662869379,0.9879747056170691,2823.8160359162957,3546.5079302077975,2313.177731087988,2783.665107049771,1634.933826557682,2437.8724475115623,1015.8871081440785,1604.3462673977224,757.3716446138835,518.5374381567245,1.4428133381403412,1.7099330852451193,0.021350493990494074,0.02529861000232605,0.9847118933607182,0.9815511712696461,0.8457939120832807,0.8619101997275483,0.9744645665293163,0.9623635142836453,0.16542076645989975,0.19976549769108282
North Cowichan,D,COW,2019,32120.0,19590.0,297.0,75617245.0,1929934.0,82658064.0,4657259.0,19012952.0,46476320.0,36181744.0,272227420.0,0.0,91820.0,17226507.0,252553038.0,308409164.0,36473691.0,13119108.0,0.0,3005278.0,281639.0,1781787.0,0.0,2595164.0,47796.0,0.0,57304463.0,5835932.0,9526723.0,1316239.0,0.0,1168797.0,4942089.0,9591833.0,3532717.0,2832684.0,1671243.0,9569240.0,,0.0,0.0,49987497.0,271565986.0,272227420.0,20407420.0,0.0,1014571.0,19012952.0,936729.0,1951300.0,51287881.0,12821970.0,1951300.0,10800856.0,60949014.0,62965945.0,50793757.0,1137219.0,61036011.0,1929934.0,451543030.0,179977044.0,271565986.0,9119545.0,1441275594.0,26234825.0,north-cowichan-d,North Cowichan,north-cowichan-d|2019,North Cowichan|2019,"20,000 to 99,999",17318327.0,3286917.0,4424747.0,39481528.0,7316966.0,0.1276857964797611,1784.0741905354919,1556.2732565379827,1126.455292652553,539.1758094645081,591.9349937733499,1.6270058601885864,0.006327412354697793,0.9817974958368718,0.8423710241093997,0.9693495587178117,,,,,,,,,,,,,,,,,,,,,,
North Cowichan,D,COW,2020,32475.0,19590.0,298.0,86971781.0,1965668.0,95522004.0,9066329.0,17563984.0,51580056.0,43941948.0,285471644.0,0.0,93689.0,21304542.0,267178487.0,329413592.0,37549669.0,10659117.0,0.0,8801672.0,176322.0,1559832.0,0.0,11080199.0,3144.0,0.0,69829955.0,5794748.0,9873198.0,1436058.0,0.0,1168202.0,5073225.0,8211310.0,3463499.0,2607683.0,1316656.0,9852916.0,,28032.0,0.0,48825527.0,284742467.0,285471644.0,19012952.0,0.0,1015556.0,17563984.0,845206.0,1860762.0,49669129.0,12417282.0,1860762.0,6675440.0,62695033.0,64909671.0,52313926.0,1439883.0,62944003.0,1965668.0,474381581.0,189639114.0,284742467.0,23070126.0,1464165668.0,26514659.0,north-cowichan-d,North Cowichan,north-cowichan-d|2020,North Cowichan|2020,"20,000 to 99,999",21398231.0,8977994.0,12643175.0,38127405.0,21004428.0,0.300793950103505,2150.26805234796,1503.4804311008468,1353.1007852193995,658.9139645881447,540.8463125481139,1.6861513488857012,0.01575649976242989,0.981890943368302,0.5375926873529973,0.9697168700793446,,,,,,,,,,,,,,,,,,,,,,
North Cowichan,D,COW,2021,32850.0,19590.0,299.0,95499658.0,1896035.0,102660215.0,7898807.0,27155374.0,63506649.0,39153566.0,294193641.0,0.0,93686.0,21837731.0,265663922.0,333347207.0,38793213.0,12685813.0,0.0,3085725.0,1460350.0,672754.0,0.0,1889214.0,0.0,0.0,58587069.0,6329359.0,10385460.0,2040890.0,0.0,1393651.0,6463036.0,10766016.0,3758659.0,2664925.0,629516.0,10101493.0,,120440.0,0.0,54653445.0,293335991.0,294193641.0,17563984.0,11616700.0,1028523.0,27672074.0,819131.0,1847654.0,52014098.0,13003525.0,1847654.0,6910033.0,66349256.0,68453475.0,55742045.0,1447739.0,66557440.0,1896035.0,492838001.0,199502010.0,293335991.0,18825744.0,1476630595.0,25826275.0,north-cowichan-d,North Cowichan,north-cowichan-d|2021,North Cowichan|2021,"20,000 to 99,999",21931417.0,4546075.0,2561968.0,43732821.0,3933624.0,0.06714150523556657,1783.4724200913242,1663.727397260274,1191.8893759512937,667.6230441400304,842.3766818873668,1.5037741638674715,0.012749122267780182,0.9825099960088528,0.5313969096841049,0.9723018444279126,,,,,,,,,,,,,,,,,,,,,,
North Cowichan,D,COW,2022,12671.0,19590.0,299.0,96084051.0,2377304.0,103954062.0,9946373.0,36488727.0,79089285.0,24864777.0,315240215.0,0.0,93521.0,19383850.0,277252994.0,340104992.0,40926423.0,13189783.0,0.0,1811950.0,1633902.0,3689790.0,0.0,3574846.0,0.0,0.0,64826694.0,6528063.0,11772337.0,2434044.0,0.0,1424693.0,6816211.0,11380580.0,3793267.0,2751953.0,557762.0,10428914.0,,181085.0,0.0,58068909.0,314093229.0,315240215.0,27672074.0,10900000.0,12294782.0,36840235.0,1225772.0,2420554.0,57400947.0,14350237.0,2420554.0,9446764.0,69983591.0,72379588.0,58883371.0,1410757.0,70002284.0,2377304.0,523924115.0,209830886.0,314093229.0,31367237.0,1457140842.0,27267346.0,north-cowichan-d,North Cowichan,north-cowichan-d|2022,North Cowichan|2022,"5,000 to 19,999",19477371.0,3445852.0,7264636.0,46414223.0,6757785.0,0.10424386287537661,5116.1466340462475,4582.819745876411,1962.33738457896,1537.161313234946,2907.4449530423803,1.2148807641894854,0.02152656496605151,0.9812870896113418,0.6583002078641628,0.9671550492937319,,,,,,,,,,,,,,,,,,,,,,
North Cowichan,D,COW,2023,34546.0,19590.0,301.0,98160554.0,2252692.0,108161545.0,9330771.0,34082989.0,116971804.0,-8810259.0,364874819.0,0.0,97949.0,28306226.0,297289376.0,356064560.0,43499899.0,16313441.0,1222951.0,9782139.0,971476.0,3680051.0,0.0,7063829.0,0.0,0.0,82533786.0,7333376.0,12428261.0,1648394.0,1098318.0,1596649.0,6992417.0,11821327.0,4421161.0,2982332.0,697337.0,12374329.0,1151850.0,224036.0,0.0,64769787.0,361413490.0,364874819.0,36840235.0,0.0,1971315.0,34274193.0,1754962.0,3726277.0,62951263.0,15737816.0,3726277.0,9622139.0,75488085.0,78390835.0,64586051.0,1941546.0,76138143.0,2252692.0,582371841.0,220958351.0,361413490.0,31341938.0,1581153934.0,29750396.0,north-cowichan-d,North Cowichan,north-cowichan-d|2023,North Cowichan|2023,"20,000 to 99,999",28404175.0,11976566.0,10743880.0,50640496.0,17763999.0,0.2152330561934963,2389.0981879233486,1874.8852833902622,-255.02978637179413,822.2131361083773,992.1320268627337,0.8391813295450243,0.01982219272016813,0.9811843772068811,0.6114024334761571,0.9712633243414234,,,,,,,,,,,,,,,,,,,,,,
North Cowichan,D,COW,2024,34546.0,19590.0,304.0,96070672.0,2569654.0,111879736.0,8369287.0,31584655.0,115897251.0,-4017515.0,371665962.0,0.0,102905.0,26528730.0,308283682.0,367648447.0,46121341.0,17851588.0,1520040.0,2943751.0,292318.0,3248699.0,0.0,7978045.0,35462.0,0.0,79991244.0,7618555.0,15094904.0,1893298.0,821576.0,2067455.0,6530495.0,12744214.0,4743172.0,3138040.0,888987.0,12710677.0,1226594.0,44207.0,0.0,69522174.0,368084191.0,371665962.0,34274193.0,0.0,2011317.0,31584655.0,1953325.0,3964642.0,66625387.0,16656347.0,3964642.0,10323105.0,81926528.0,85415884.0,70737902.0,2399592.0,82846230.0,2569654.0,601231531.0,233147340.0,368084191.0,22337568.0,1648226022.0,28912905.0,north-cowichan-d,North Cowichan,north-cowichan-d|2024,North Cowichan|2024,"20,000 to 99,999",26631635.0,4756109.0,11262206.0,54858172.0,10469070.0,0.1308776995642173,2315.499450008684,2012.452208649337,-116.29465061077983,770.9035778382447,914.2782087651248,0.8289296870380471,0.013552490800318161,0.9824581673786971,0.6197700492190754,0.9699159701958947,4511.346779173996,3546.5079302077975,2919.303585494507,2783.665107049771,1671.5377681570433,2437.8724475115623,2013.8680402698296,1604.3462673977224,758.072703793099,518.5374381567245,1.4106251913295584,1.7099330852451193,0.02395434950880719,0.02529861000232605,0.982881188126185,0.9815511712696461,0.7663674777332005,0.8619101997275483,0.9710385348590358,0.9623635142836453,0.1541512928248161,0.19976549769108282
North Saanich,D,CAP,2019,11876.0,3715.0,366.0,38900528.0,581606.0,41325812.0,4390989.0,6162054.0,15498141.0,25827671.0,80556058.0,675983.0,455081.0,6058419.0,73715350.0,106383729.0,12682705.0,5560457.0,1073732.0,627231.0,0.0,833917.0,0.0,6021136.0,0.0,284483.0,27083661.0,3073847.0,3202485.0,69825.0,0.0,998141.0,1983945.0,1478908.0,2923875.0,1102845.0,0.0,2825316.0,,168971.0,0.0,17828158.0,79877404.0,80556058.0,6545686.0,0.0,269343.0,6162054.0,229205.0,498548.0,19651795.0,4912949.0,498548.0,3907315.0,26415962.0,27405737.0,23287593.0,746508.0,26824131.0,581606.0,126580996.0,46703592.0,79877404.0,7822950.0,430198474.0,5814800.0,north-saanich-d,North Saanich,north-saanich-d|2019,North Saanich|2019,"5,000 to 19,999",7189483.0,1700963.0,7139536.0,14773637.0,9255503.0,0.341737514732591,2280.5373021219266,1501.1921522398113,2174.77862916807,605.3791680700573,518.8661165375547,2.5100125234374886,0.018184513597321594,0.9864834481026077,0.7953094974118396,0.978777947113774,,,,,,,,,,,,,,,,,,,,,,
North Saanich,D,CAP,2020,11965.0,3715.0,367.0,42648004.0,871678.0,46045344.0,7271229.0,5763076.0,17755753.0,28289591.0,86529618.0,737128.0,517710.0,5447791.0,80416948.0,114819209.0,13039686.0,5802535.0,528843.0,3777271.0,0.0,807471.0,0.0,3303213.0,0.0,158055.0,27417074.0,3383891.0,3215138.0,100005.0,0.0,1143724.0,2287420.0,1679727.0,3019259.0,1210383.0,0.0,2935746.0,,6301.0,0.0,18981594.0,86180023.0,86529618.0,6162054.0,0.0,269343.0,5763076.0,229205.0,498548.0,20099925.0,5024981.0,498548.0,3976312.0,25020544.0,25701176.0,21691268.0,372453.0,24829498.0,871678.0,135796320.0,49616297.0,86180023.0,9244669.0,442225328.0,6259680.0,north-saanich-d,North Saanich,north-saanich-d|2020,North Saanich|2020,"5,000 to 19,999",6702629.0,4306114.0,4268739.0,15816643.0,8435480.0,0.30767251093242115,2291.4395319682408,1586.42657751776,2364.361972419557,560.1862933556206,481.6611784371082,2.401925956054919,0.020904883584596492,0.9858450441355091,0.7913088626603763,0.9660841200418222,,,,,,,,,,,,,,,,,,,,,,
North Saanich,D,CAP,2021,12500.0,3715.0,367.0,42116660.0,429477.0,45215176.0,4879022.0,5317525.0,14540348.0,30674828.0,87532073.0,2593343.0,2844114.0,19785042.0,81873036.0,118206901.0,13706632.0,6675282.0,1081813.0,487500.0,0.0,473839.0,0.0,474907.0,170997.0,150593.0,23221563.0,3708662.0,3180710.0,85847.0,0.0,1323702.0,2108938.0,1738897.0,3466067.0,1293346.0,0.0,2954184.0,,0.0,0.0,19860353.0,87190561.0,87532073.0,5736594.0,0.0,269343.0,5317525.0,229205.0,498548.0,21262128.0,5315532.0,498548.0,4152447.0,27919544.0,28883674.0,24797513.0,817406.0,28454197.0,429477.0,138366949.0,51176388.0,87190561.0,4068193.0,442675393.0,6335300.0,north-saanich-d,North Saanich,north-saanich-d|2021,North Saanich|2021,"5,000 to 19,999",25222499.0,1569313.0,1270336.0,16676964.0,3361210.0,0.14474520944175895,1857.72504,1588.82824,2453.98624,2017.79992,425.402,2.896537276824461,0.009190013866435988,0.9856886104351411,0.7811912335397473,0.9851308043429655,,,,,,,,,,,,,,,,,,,,,,
North Saanich,D,CAP,2022,61973.0,3715.0,367.0,43733589.0,334513.0,47005110.0,4998655.0,4883220.0,15167840.0,31837270.0,88661051.0,1936839.0,3130939.0,21342923.0,83310923.0,120498321.0,14565979.0,6441483.0,552971.0,1010554.0,0.0,828735.0,0.0,152600.0,53285.0,197472.0,23803079.0,4009133.0,3952614.0,110774.0,0.0,1475662.0,2190914.0,1726855.0,3469883.0,1315730.0,0.0,3003249.0,,256844.0,0.0,21511658.0,88194142.0,88661051.0,5317525.0,0.0,269343.0,4883220.0,239679.0,509022.0,22336927.0,5584232.0,509022.0,4685465.0,30180403.0,30698143.0,27154389.0,373770.0,30363630.0,334513.0,140117562.0,51923420.0,88194142.0,4432872.0,23653638.0,0.0,north-saanich-d,North Saanich,north-saanich-d|2022,North Saanich|2022,"20,000 to 99,999",26410701.0,1563525.0,1232092.0,18268730.0,2291421.0,0.09626573940287304,384.0878931147435,347.11338808836103,513.7280751294919,426.16463621254417,78.7959272586449,2.883310280171732,0.1874076199187626,1.0,0.8390527112770386,0.9891031519398421,,,,,,,,,,,,,,,,,,,,,,
North Saanich,D,CAP,2023,13198.0,3715.0,367.0,49570558.0,568445.0,53182313.0,5586843.0,4422351.0,15791355.0,37390958.0,93202712.0,2282187.0,3338429.0,29681152.0,88266321.0,130593670.0,15334032.0,7113548.0,577184.0,5639282.0,0.0,2119753.0,0.0,2158650.0,13772.0,161136.0,33117357.0,4540922.0,4361308.0,63603.0,0.0,1162743.0,2660418.0,1891634.0,3709079.0,1471376.0,0.0,3118094.0,0.0,42832.0,0.0,23022009.0,92751612.0,93202712.0,4883220.0,0.0,295730.0,4422351.0,367107.0,662837.0,24932330.0,6233083.0,662837.0,5178260.0,32497780.0,32978691.0,29411574.0,269680.0,32410246.0,568445.0,147414017.0,54662405.0,92751612.0,7655461.0,24169073.0,0.0,north-saanich-d,North Saanich,north-saanich-d|2023,North Saanich|2023,"5,000 to 19,999",35301768.0,6216466.0,4453311.0,19536808.0,10095348.0,0.3048355579824803,2509.2708743749054,1744.3558872556448,2833.0775875132595,2674.7816335808457,335.07736020609184,3.1390946502057613,0.3167461573722749,1.0,0.8307702624848731,0.9827632637086778,,,,,,,,,,,,,,,,,,,,,,
North Saanich,D,CAP,2024,13198.0,3715.0,367.0,52344112.0,702915.0,55338524.0,4764442.0,3948249.0,14368520.0,40970004.0,92764676.0,3259183.0,3494562.0,31861262.0,88396663.0,133734680.0,16216882.0,7133237.0,620518.0,641184.0,0.0,2710218.0,0.0,651033.0,30000.0,0.0,28003072.0,5005400.0,5266377.0,177956.0,0.0,941810.0,2693760.0,2089782.0,3738417.0,1734515.0,0.0,3210961.0,3084.0,0.0,0.0,24862062.0,92410936.0,92764676.0,4422351.0,0.0,295730.0,3948249.0,371654.0,667384.0,26282365.0,6570591.0,667384.0,5476469.0,35034637.0,35759070.0,31836660.0,466600.0,35056155.0,702915.0,150174073.0,57763137.0,92410936.0,2870284.0,24304622.0,0.0,north-saanich-d,North Saanich,north-saanich-d|2024,North Saanich|2024,"5,000 to 19,999",38615007.0,1261702.0,3391251.0,21279447.0,3141010.0,0.11216662229058298,2121.7663282315502,1883.7749659039248,3104.258524018791,2925.822624640097,299.15509925746323,3.642971718729556,0.11809622054603441,1.0,0.8334819501015966,0.9803430290552858,2567.538946805667,3546.5079302077975,2045.0195609464422,2783.665107049771,2217.25520024837,2437.8724475115623,799.2304887641933,1604.3462673977224,386.9249167164944,518.5374381567245,1.5629948984418691,1.7099330852451193,0.04472396775938227,0.02529861000232605,0.9792813777328785,0.9815511712696461,0.8510570773833829,0.8619101997275483,0.9732053424599786,0.9623635142836453,0.170495619408603,0.19976549769108282
North Vancouver,C,GVR,2019,57325.0,1213.0,557.0,202192226.0,1301025.0,256686560.0,24888130.0,684287.0,97800532.0,158886028.0,416468704.0,4556000.0,0.0,102996000.0,414092885.0,575354732.0,67351840.0,43871227.0,59383.0,3694346.0,5026719.0,6090235.0,595000.0,4745961.0,0.0,0.0,131434711.0,15382882.0,26595372.0,4215308.0,2685151.0,6339801.0,5250259.0,24534949.0,9178085.0,8847316.0,0.0,15350315.0,,427374.0,0.0,118806812.0,414092885.0,416468704.0,895066.0,0.0,166582.0,684287.0,6000.0,172582.0,117872327.0,29468082.0,172582.0,28677067.0,115490635.0,117210266.0,106618522.0,1126491.0,115909241.0,1301025.0,615129531.0,201036646.0,414092885.0,27400560.0,586316715.0,6677337.0,north-vancouver-c,North Vancouver (City),north-vancouver-c|2019,North Vancouver (City)|2019,"20,000 to 99,999",107552000.0,8780448.0,11431196.0,103450497.0,12627899.0,0.09607735204743593,2292.7991452245965,2072.513074574793,2771.6707893589182,1876.1796772786743,11.936973397296118,2.0673939278776112,0.04673337685759138,0.9886113821605785,0.97315688886708,0.9889000763806816,,,,,,,,,,,,,,,,,,,,,,
North Vancouver,C,GVR,2020,58985.0,1213.0,558.0,274781492.0,1461411.0,332681899.0,39355102.0,465077.0,164512776.0,168169123.0,448155166.0,4691000.0,0.0,103135000.0,445624462.0,616324289.0,71054667.0,40401654.0,1628417.0,8473704.0,6757163.0,5632236.0,1237875.0,24693182.0,0.0,0.0,159878898.0,17382312.0,26534131.0,3950550.0,2763865.0,5406126.0,5098864.0,22019111.0,8828711.0,9690194.0,0.0,16413463.0,,822546.0,0.0,118909873.0,445624462.0,448155166.0,684287.0,0.0,166582.0,465077.0,6000.0,172582.0,117727107.0,29431777.0,172582.0,28566366.0,109160213.0,110952714.0,100022364.0,1120653.0,109491303.0,1461411.0,661742872.0,216118410.0,445624462.0,48801778.0,658729901.0,9039139.0,north-vancouver-c,North Vancouver (City),north-vancouver-c|2020,North Vancouver (City)|2020,"20,000 to 99,999",107826000.0,16859284.0,31563293.0,102490410.0,40969025.0,0.2562503589435549,2710.5009409171826,2015.934101890311,2851.048961600407,1828.0240739170977,7.88466559294736,1.6702744837276347,0.07408465582921824,0.9862779281974632,0.9705960329884261,0.986828524086396,,,,,,,,,,,,,,,,,,,,,,
North Vancouver,C,MVRD,2021,59576.0,1213.0,558.0,261563406.0,1543214.0,317464619.0,22679908.0,237098.0,147732147.0,169732472.0,463376771.0,4774000.0,0.0,95602000.0,460849486.0,633109243.0,74791583.0,46721921.0,349851.0,2105909.0,7416865.0,4996068.0,666529.0,7349680.0,0.0,0.0,144398406.0,18069886.0,27464241.0,3163261.0,2723800.0,7494028.0,5467323.0,24428133.0,10019368.0,10971637.0,0.0,17098868.0,,714131.0,0.0,127614676.0,461086584.0,463376771.0,465077.0,0.0,166582.0,237098.0,6000.0,172582.0,127159729.0,31789932.0,172582.0,31060350.0,127056312.0,129231404.0,117765278.0,1338967.0,127688190.0,1543214.0,692288392.0,231201808.0,461086584.0,33487999.0,1257170225.0,33840294.0,north-vancouver-c,North Vancouver (City),north-vancouver-c|2021,North Vancouver (City)|2021,"20,000 to 99,999",100376000.0,9872625.0,13012277.0,110509808.0,16783730.0,0.11623210023523389,2423.7680609641466,2142.0484087552036,2849.0075198066334,1684.8395326977306,3.979756949107023,1.7705246374033947,0.026637601125177778,0.9730821703162752,0.9770499037242357,0.988058521750642,,,,,,,,,,,,,,,,,,,,,,
North Vancouver,C,MVRD,2022,92390.0,1213.0,558.0,297513512.0,1566147.0,351312165.0,22199276.0,0.0,149735596.0,201576569.0,482770901.0,4935988.0,0.0,119591591.0,479068821.0,684347470.0,77872621.0,53814734.0,378198.0,903290.0,8945107.0,7549904.0,213140.0,40039952.0,0.0,0.0,189716946.0,20722276.0,27538189.0,3253729.0,2792566.0,7715960.0,7132343.0,28081655.0,10776251.0,11353013.0,0.0,17969333.0,,1142788.0,0.0,138478103.0,479068821.0,482770901.0,237098.0,0.0,166582.0,0.0,3000.0,169582.0,139759613.0,34939903.0,169582.0,25014821.0,129353333.0,131459854.0,119792653.0,1397281.0,129893707.0,1566147.0,723483770.0,244414949.0,479068821.0,37214184.0,1432613461.0,37904542.0,north-vancouver-c,North Vancouver (City),north-vancouver-c|2022,North Vancouver (City)|2022,"20,000 to 99,999",124527579.0,10226595.0,47802996.0,120505770.0,51238843.0,0.2700804755733312,2053.4359346249594,1498.8429808420824,2181.8007251867084,1347.8469423097738,0.0,1.9869257541139382,0.025976430497884315,0.9735416823645217,0.715938478707282,0.9880864997765781,,,,,,,,,,,,,,,,,,,,,,
North Vancouver,C,MVRD,2023,64847.0,1213.0,558.0,299439012.0,2002665.0,354576953.0,30356229.0,0.0,169769828.0,184807125.0,532315868.0,5271443.0,0.0,93934947.0,525280195.0,717122993.0,82296552.0,58192744.0,748829.0,13210252.0,11008866.0,14505733.0,2924.0,5348052.0,746394.0,0.0,186060346.0,24145334.0,32018106.0,3703661.0,2980780.0,9603776.0,6966038.0,30700101.0,11550677.0,12075021.0,0.0,16860456.0,92721.0,0.0,0.0,150696671.0,528022097.0,532315868.0,0.0,0.0,0.0,0.0,0.0,0.0,155564029.0,38891007.0,0.0,28873907.0,135720114.0,138052327.0,126169290.0,1462170.0,136049662.0,2002665.0,788000025.0,259977928.0,528022097.0,66033882.0,1708233373.0,43481244.0,north-vancouver-c,North Vancouver (City),north-vancouver-c|2023,North Vancouver (City)|2023,"20,000 to 99,999",99206390.0,24967947.0,20603103.0,133836215.0,35363675.0,0.19006561989302115,2869.2205653307014,2323.8803799713173,2849.894752263019,1529.8531929002113,0.0,1.7637940470788485,0.03865624161412517,0.9745460750929844,0.7424314572260883,0.9854934353985935,,,,,,,,,,,,,,,,,,,,,,
North Vancouver,C,MVRD,2024,64847.0,1213.0,558.0,268067121.0,2178541.0,318134520.0,30062880.0,872552.0,184465835.0,133668685.0,602861211.0,5585993.0,0.0,71605214.0,595951071.0,736529896.0,88235961.0,60325201.0,5290887.0,2438561.0,6807181.0,13591586.0,241517.0,3865742.0,1231387.0,0.0,182028023.0,26246406.0,35046673.0,3737125.0,3140316.0,8872128.0,9014726.0,33735503.0,12161855.0,12999373.0,0.0,17571725.0,95656.0,0.0,0.0,162621486.0,599653169.0,602861211.0,0.0,872552.0,0.0,872552.0,1856.0,1856.0,162662748.0,40665687.0,1856.0,25739150.0,145189250.0,148085222.0,135622316.0,1917963.0,145906681.0,2178541.0,875320412.0,275667243.0,599653169.0,89966019.0,1791929786.0,44066528.0,north-vancouver-c,North Vancouver (City),north-vancouver-c|2024,North Vancouver (City)|2024,"20,000 to 99,999",77191207.0,14536629.0,18930232.0,145047905.0,19406537.0,0.10661290871680786,2807.0384597591255,2507.7719246842566,2061.293274939473,1190.3589526115318,13.455549215846531,1.4532074245618436,0.0502062188501397,0.9754083400229835,0.6329451657855921,0.9852885995605962,2823.8160359162957,3546.5079302077975,2313.177731087988,2783.665107049771,1634.933826557682,2437.8724475115623,1015.8871081440785,1604.3462673977224,757.3716446138835,518.5374381567245,1.4428133381403412,1.7099330852451193,0.021350493990494074,0.02529861000232605,0.9847118933607182,0.9815511712696461,0.8457939120832807,0.8619101997275483,0.9744645665293163,0.9623635142836453,0.16542076645989975,0.19976549769108282
North Vancouver,D,GVR,2019,89763.0,16255.0,383.0,312708798.0,5631044.0,328541314.0,42678134.0,35092990.0,177235396.0,151305918.0,704727613.0,9467099.0,25935071.0,54799009.0,666996276.0,856033531.0,111521856.0,102798518.0,473369.0,1877913.0,1771874.0,7408556.0,0.0,7232058.0,-752150.0,173327.0,232505321.0,21665889.0,48661859.0,7972282.0,2749330.0,4447143.0,11352917.0,39860145.0,19582836.0,17274212.0,0.0,20142397.0,,0.0,0.0,193709010.0,702089266.0,704727613.0,37154419.0,0.0,1653182.0,35092991.0,1108563.0,2761745.0,222410203.0,55602551.0,2761745.0,52840806.0,185583758.0,192066686.0,170413288.0,4194716.0,186435642.0,5631044.0,1059607899.0,357518633.0,702089266.0,47977209.0,2443529676.0,38102227.0,north-vancouver-d,North Vancouver (District),north-vancouver-d|2019,North Vancouver (District)|2019,"20,000 to 99,999",90201179.0,4123156.0,14061791.0,172458050.0,38796311.0,0.16686203495532045,2590.2133507124317,2158.0050800441163,1685.6156545570002,1004.8815101990798,390.9516281764201,1.7643699004684144,0.01963438769384522,0.9844068900106945,0.9503306062342356,0.9706818287060984,,,,,,,,,,,,,,,,,,,,,,
North Vancouver,D,GVR,2020,89767.0,16255.0,383.0,364503788.0,6110364.0,380142680.0,86175800.0,32760765.0,215976048.0,164166632.0,736491464.0,8389285.0,18404114.0,82200463.0,700678321.0,900658096.0,104703219.0,98091949.0,0.0,8446059.0,770191.0,5931940.0,0.0,15404083.0,0.0,142491.0,233489932.0,19842067.0,49232455.0,7858789.0,3002340.0,4607849.0,10327086.0,35090018.0,19758812.0,18209762.0,0.0,20933021.0,,315402.0,0.0,189177601.0,733439086.0,736491464.0,34899160.0,0.0,1653182.0,32760765.0,1108563.0,2761745.0,209373037.0,52343259.0,2761745.0,49581514.0,169693306.0,176316904.0,153625689.0,4813463.0,170206540.0,6110364.0,1107955263.0,374516177.0,733439086.0,52678750.0,2508486565.0,39277295.0,north-vancouver-d,North Vancouver (District),north-vancouver-d|2020,North Vancouver (District)|2020,"20,000 to 99,999",108993862.0,9216250.0,21478514.0,167136017.0,44312331.0,0.18978261983476016,2601.06644980895,2107.4292445999085,1828.808270299776,1214.1863045439861,364.95332360444263,1.6877046847342998,0.0210002121338848,0.9843422342586874,0.9472378095525157,0.9653444232437294,,,,,,,,,,,,,,,,,,,,,,
North Vancouver,D,MVRD,2021,91790.0,16255.0,383.0,333192955.0,6392488.0,350051212.0,53033049.0,30503882.0,178429813.0,171621399.0,778365435.0,9776617.0,20494137.0,89138463.0,744777030.0,949986834.0,115856623.0,111011068.0,25652.0,12103509.0,1645887.0,3414602.0,0.0,6662182.0,0.0,405433.0,251124956.0,21533683.0,53306772.0,7226706.0,3534428.0,4393316.0,11572650.0,39042184.0,19789391.0,18985564.0,0.0,21522413.0,,889111.0,0.0,201796218.0,775280912.0,778365435.0,32760765.0,0.0,1691814.0,30503882.0,1108563.0,2800377.0,231139067.0,57784767.0,2800377.0,54984390.0,194253423.0,201637891.0,178190103.0,4906822.0,195245403.0,6392488.0,1167865899.0,392584987.0,775280912.0,64253350.0,2685353899.0,41470785.0,north-vancouver-d,North Vancouver (District),north-vancouver-d|2021,North Vancouver (District)|2021,"20,000 to 99,999",119409217.0,13775048.0,10482217.0,179165242.0,49328738.0,0.1964310468609898,2735.8639938991178,2198.4553655082254,1869.7178232922977,1300.8957075934197,332.32249700403094,1.867361453772302,0.02392733040659085,0.98455667797997,0.9515377988804559,0.968297188746137,,,,,,,,,,,,,,,,,,,,,,
North Vancouver,D,MVRD,2022,4356.0,16255.0,382.0,325356464.0,5809670.0,339993797.0,51367394.0,28166939.0,166610607.0,173383190.0,844613248.0,12451308.0,20750757.0,72792435.0,812850911.0,1017996438.0,126992313.0,116445425.0,291843.0,3469552.0,1972565.0,7785961.0,0.0,25824013.0,0.0,692655.0,283474327.0,26003047.0,53337672.0,7376014.0,3606411.0,4185083.0,13532435.0,43045855.0,20549220.0,20715053.0,0.0,22036260.0,,1077673.0,0.0,215464723.0,841017850.0,844613248.0,30503882.0,0.0,1689024.0,28166939.0,1129102.0,2818126.0,252015918.0,63003980.0,2818126.0,60185854.0,209799464.0,217397323.0,193670973.0,5871236.0,211587653.0,5809670.0,1249309512.0,408291662.0,841017850.0,88850871.0,3010443232.0,45657253.0,north-vancouver-d,North Vancouver (District),north-vancouver-d|2022,North Vancouver (District)|2022,"Under 5,000",105994500.0,5733960.0,34302629.0,192299361.0,68009604.0,0.23991450908356862,65076.75091827365,49463.89416896235,39803.30348943985,24332.988980716254,6466.239439853076,1.9527956224299694,0.029514215732602128,0.9848337106926054,0.955270667027702,0.97327625786818,,,,,,,,,,,,,,,,,,,,,,
North Vancouver,D,MVRD,2023,95350.0,16255.0,381.0,335140340.0,5829148.0,354344365.0,59860218.0,25730403.0,190926617.0,163417748.0,912345352.0,14652769.0,28817403.0,87444174.0,877116923.0,1075763100.0,128651525.0,120740931.0,1208873.0,14012350.0,4527601.0,14467649.0,0.0,11998662.0,870362.0,0.0,296477953.0,32160527.0,58697888.0,7800758.0,4437259.0,6811345.0,11239872.0,49777173.0,21555456.0,21914184.0,0.0,23626074.0,185707.0,505048.0,0.0,238711291.0,908154260.0,912345352.0,28166939.0,0.0,1713301.0,25730403.0,1358455.0,3071756.0,263886870.0,65971718.0,3071756.0,58507142.0,215301333.0,222538305.0,199415726.0,5271209.0,216641247.0,5829148.0,1336737343.0,428583083.0,908154260.0,86146305.0,3776014139.0,59502371.0,north-vancouver-d,North Vancouver (District),north-vancouver-d|2023,North Vancouver (District)|2023,"20,000 to 99,999",130914346.0,19748824.0,27336673.0,213726762.0,57766662.0,0.1948430276702565,3109.3650026219193,2503.5269113791296,1713.8725537493444,1372.9873728369166,269.85215521761927,1.7553358733633246,0.02281408433041887,0.9842420158374307,0.8868518779517005,0.9735009305476646,,,,,,,,,,,,,,,,,,,,,,
North Vancouver,D,MVRD,2024,95350.0,16255.0,381.0,342706582.0,7174855.0,360940129.0,50672565.0,43212589.0,193524296.0,167415833.0,962390525.0,15700131.0,19900563.0,103459649.0,912591934.0,1129806358.0,137396242.0,131291967.0,3075739.0,6472621.0,2282694.0,14962455.0,0.0,7382813.0,0.0,1733427.0,304597958.0,30000765.0,60114213.0,8369181.0,4799053.0,8582355.0,12552631.0,53881517.0,22611375.0,23338953.0,0.0,25330485.0,149471.0,824701.0,0.0,250554700.0,958396875.0,962390525.0,25730403.0,20000000.0,1749930.0,43212589.0,1925055.0,3674985.0,285290207.0,71322552.0,3674985.0,65114987.0,230975173.0,238461551.0,214081028.0,5228808.0,231339336.0,7174855.0,1406282031.0,447885156.0,958396875.0,76397801.0,3990152997.0,66618761.0,north-vancouver-d,North Vancouver (District),north-vancouver-d|2024,North Vancouver (District)|2024,"20,000 to 99,999",139060343.0,11831054.0,24078695.0,223299160.0,54043258.0,0.17742488608541493,3194.5249921342424,2627.7367593078134,1755.8031777661247,1458.419958049292,453.19967488201365,1.7708710951724635,0.019146584368428917,0.9833042088736729,0.9129649062473255,0.9701326483446382,4511.346779173996,3546.5079302077975,2919.303585494507,2783.665107049771,1671.5377681570433,2437.8724475115623,2013.8680402698296,1604.3462673977224,758.072703793099,518.5374381567245,1.4106251913295584,1.7099330852451193,0.02395434950880719,0.02529861000232605,0.982881188126185,0.9815511712696461,0.7663674777332005,0.8619101997275483,0.9710385348590358,0.9623635142836453,0.1541512928248161,0.19976549769108282
Northern Rockies,D,,2019,4380.0,8482521.0,390.0,22478766.0,6016120.0,38906864.0,7541285.0,27220586.0,37973789.0,933075.0,215622082.0,0.0,0.0,374038.0,187899690.0,216555157.0,23761154.0,3688238.0,339190.0,14858217.0,1180523.0,298848.0,0.0,0.0,15782.0,0.0,44141952.0,6046771.0,2126811.0,1132535.0,0.0,1328674.0,3589359.0,6566441.0,1385900.0,1675548.0,1520452.0,7244463.0,,0.0,0.0,32616954.0,215120276.0,215622082.0,30297368.0,0.0,2777934.0,27220586.0,945878.0,3723812.0,37935984.0,9483996.0,3723812.0,5760184.0,33836341.0,38194728.0,30091914.0,1757840.0,32178608.0,6016120.0,322703688.0,107583412.0,215120276.0,16312363.0,619219834.0,14418884.0,northern-rockies-d,Northern Rockies,northern-rockies-d|2019,Northern Rockies|2019,"Under 5,000",374038.0,16377930.0,314630.0,24426613.0,11524998.0,0.2610894506885423,10078.071232876713,7446.793150684932,213.03082191780823,85.39680365296803,6214.745662100457,0.5919547822841698,0.026343411667915016,0.9767144345056622,0.6073583329221143,0.8424882093675337,,,,,,,,,,,,,,,,,,,,,,
Northern Rockies,D,,2020,585.0,8482521.0,390.0,40780834.0,4529078.0,51949204.0,13231284.0,26189573.0,42705852.0,9243352.0,211664111.0,0.0,0.0,358928.0,185271511.0,220907463.0,23432172.0,2809539.0,375242.0,7385818.0,881948.0,303405.0,0.0,0.0,31037.0,0.0,35219161.0,5665753.0,2101224.0,892472.0,0.0,1096850.0,3722077.0,5791835.0,1879219.0,597521.0,1673258.0,7446646.0,,0.0,0.0,30866855.0,211461084.0,211664111.0,27220586.0,0.0,766358.0,26189573.0,901857.0,1668215.0,31814715.0,7953679.0,1668215.0,6285464.0,30834897.0,37695584.0,27419701.0,4874405.0,33166506.0,4529078.0,326491140.0,115030056.0,211461084.0,3787452.0,731439295.0,16911424.0,northern-rockies-d,Northern Rockies,northern-rockies-d|2020,Northern Rockies|2020,"Under 5,000",358928.0,8643008.0,334442.0,22518352.0,4352306.0,0.12357778767075116,60203.694017094014,52763.8547008547,15800.60170940171,613.5521367521368,44768.500854700855,0.9549237888990014,0.005178081114715063,0.9768792514763648,0.7902586966358587,0.8798512313803123,,,,,,,,,,,,,,,,,,,,,,
Northern Rockies,D,,2021,4365.0,8482521.0,390.0,33439661.0,3261507.0,55047928.0,7416825.0,25053220.0,37130447.0,17917481.0,219116525.0,0.0,0.0,507089.0,193884514.0,237034006.0,23218341.0,2615494.0,13208314.0,6748147.0,408880.0,597524.0,0.0,0.0,1393.0,2524.0,46800617.0,5121677.0,2173631.0,880585.0,0.0,1032167.0,3713079.0,6707085.0,1828165.0,553667.0,1719125.0,7437954.0,,0.0,0.0,31167135.0,218937734.0,219116525.0,26134215.0,0.0,778622.0,25053220.0,880405.0,1659027.0,31645075.0,7911269.0,1659027.0,6252242.0,33279707.0,38556685.0,31326567.0,3251297.0,35295178.0,3261507.0,341405744.0,122468010.0,218937734.0,14914603.0,607999863.0,16911424.0,northern-rockies-d,Northern Rockies,northern-rockies-d|2021,Northern Rockies|2021,"Under 5,000",507089.0,20365341.0,601441.0,22848776.0,15633482.0,0.3340443567229039,10721.790836197022,7140.237113402062,4104.806643757159,116.17159221076747,5739.569301260023,0.9005994729877612,0.024530602566928537,0.9721851516272464,0.7902957161486988,0.9154100773964359,,,,,,,,,,,,,,,,,,,,,,
Northern Rockies,D,,2022,19211.0,8482521.0,390.0,50818305.0,2183069.0,58399964.0,4800668.0,23935674.0,34157609.0,24242355.0,218007206.0,5485830.0,2053734.0,33744997.0,193869216.0,242249561.0,22917949.0,2718621.0,412722.0,6513108.0,0.0,1398824.0,-41598.0,0.0,3867.0,215077.0,34138570.0,2544177.0,2342798.0,569283.0,0.0,1294584.0,3659258.0,7257439.0,1488308.0,483258.0,1622759.0,7655306.0,,0.0,0.0,28917170.0,217804890.0,218007206.0,25053220.0,0.0,778622.0,23935674.0,917793.0,1696415.0,32469547.0,8117387.0,1696415.0,6420972.0,32921830.0,37019243.0,28301687.0,2626513.0,34836174.0,2183069.0,347928205.0,130123315.0,217804890.0,6522464.0,646293468.0,16827317.0,northern-rockies-d,Northern Rockies,northern-rockies-d|2022,Northern Rockies|2022,"5,000 to 19,999",41284561.0,6925830.0,1576170.0,20344071.0,5221400.0,0.15294723827037865,1777.0324293373587,1505.240226953308,1261.899692884285,2149.0063505283433,1245.9358700744365,1.4877594330446255,0.010092108806521312,0.9739633497270623,0.7910146454764323,0.9410288049380157,,,,,,,,,,,,,,,,,,,,,,
Northern Rockies,D,,2023,4400.0,8482521.0,390.0,57125438.0,2813996.0,66946556.0,6796845.0,22772590.0,36867072.0,30079484.0,215190733.0,6182925.0,2802172.0,37323415.0,190326690.0,245270217.0,24441574.0,3035597.0,5000.0,6419330.0,755116.0,3307661.0,-443181.0,78200.0,80576.0,0.0,37679873.0,6272415.0,2756796.0,1099861.0,0.0,1251624.0,3648219.0,5956303.0,1667806.0,476665.0,1716049.0,8097791.0,76521.0,0.0,0.0,33020050.0,214891523.0,215190733.0,23935674.0,0.0,799590.0,22772590.0,990529.0,1790119.0,35860338.0,8965085.0,1790119.0,7174966.0,34601523.0,37855501.0,30711586.0,1968738.0,33592294.0,2813996.0,354864883.0,139973360.0,214891523.0,7239297.0,620837105.0,16387317.0,northern-rockies-d,Northern Rockies,northern-rockies-d|2023,Northern Rockies|2023,"Under 5,000",46308512.0,7179446.0,3023256.0,23931730.0,4659823.0,0.12366875546528514,8563.6075,7504.556818181818,6836.246363636364,10524.661818181818,5175.588636363636,1.549497557061217,0.011660541777701898,0.973604481967939,0.8003232540461134,0.8873821006886159,,,,,,,,,,,,,,,,,,,,,,
Northern Rockies,D,,2024,4400.0,8482521.0,0.0,56468546.0,2749742.0,67022294.0,6568220.0,21569914.0,34256632.0,32765662.0,216924195.0,6643977.0,1064952.0,43850882.0,195539023.0,249689857.0,26172356.0,4580461.0,0.0,6418997.0,2246892.0,3504137.0,-104225.0,0.0,20019.0,0.0,42838637.0,8109292.0,4435446.0,1235199.0,0.0,1893114.0,4266194.0,6497585.0,1990285.0,980811.0,1568324.0,7678001.0,107557.0,0.0,0.0,38761808.0,216623360.0,216924195.0,22772590.0,0.0,799590.0,21569914.0,1095229.0,1894819.0,39340368.0,9835092.0,1894819.0,7940273.0,36751618.0,40848812.0,31202404.0,817299.0,32930151.0,2749742.0,363838420.0,147215060.0,216623360.0,9589773.0,625432581.0,16387317.0,northern-rockies-d,Northern Rockies,northern-rockies-d|2024,Northern Rockies|2024,"Under 5,000",51559811.0,8665889.0,3419931.0,29988578.0,4076829.0,0.09516710347250311,9736.053863636364,8809.501818181818,7446.7413636363635,11718.138863636364,4902.2531818181815,1.6483974840258668,0.015333024359982935,0.9737984276837666,0.807340998945409,0.806147091866466,4486.511144130758,3546.5079302077975,3557.844717668488,2783.665107049771,5496.677373974208,2437.8724475115623,3386.4506393861893,1604.3462673977224,624.7436119532265,518.5374381567245,3.324657351485151,1.7099330852451193,0.02521828600111612,0.02529861000232605,0.9816336034641139,0.9815511712696461,0.8531878894527055,0.8619101997275483,0.9614729661922712,0.9623635142836453,0.23352896680225554,0.19976549769108282
Oak Bay,D,CAP,2019,18568.0,1057.0,106.0,58503414.0,668564.0,62355294.0,2682890.0,1341588.0,21713699.0,40641595.0,63431327.0,1320887.0,672792.0,30691553.0,61020567.0,104072922.0,26882573.0,17499921.0,1675250.0,677942.0,47145.0,1199944.0,0.0,305167.0,0.0,0.0,48287942.0,4903614.0,10550798.0,1316487.0,0.0,0.0,2845254.0,13161379.0,2746866.0,2535311.0,0.0,2316894.0,,5126.0,0.0,40381729.0,62383009.0,63431327.0,1743524.0,0.0,227234.0,1362442.0,136013.0,363247.0,45823590.0,11455898.0,363247.0,11092651.0,47146411.0,47562162.0,43329085.0,81884.0,46893598.0,668564.0,109542437.0,47159428.0,62383009.0,3738001.0,244421514.0,3466310.0,oak-bay-d,Oak Bay,oak-bay-d|2019,Oak Bay|2019,"5,000 to 19,999",32685232.0,2400337.0,1505111.0,37928822.0,7906213.0,0.16373058516347622,2600.600064627316,2174.802294269711,2188.7976626454115,1760.2990090478243,73.37580784144765,2.6943089705719876,0.015293256877543113,0.9858183105763758,0.968291704412871,0.9859433639707127,,,,,,,,,,,,,,,,,,,,,,
Oak Bay,D,CAP,2020,18918.0,1057.0,106.0,72109148.0,897033.0,77123161.0,12525246.0,1030324.0,29457598.0,47665563.0,67419121.0,1496436.0,4005712.0,20245094.0,65233566.0,115084684.0,28814709.0,14826978.0,865600.0,4704435.0,0.0,996321.0,0.0,514405.0,0.0,0.0,50722448.0,5141547.0,10176977.0,1458399.0,0.0,392479.0,3035495.0,10985518.0,3143156.0,2910242.0,0.0,2441405.0,,2519.0,0.0,39687737.0,66263890.0,67419121.0,1362442.0,0.0,163448.0,1030324.0,134507.0,297955.0,44872932.0,11218233.0,297955.0,10920278.0,48369964.0,49212172.0,44443502.0,421339.0,48315139.0,897033.0,115753029.0,49489139.0,66263890.0,6347753.0,3454674.0,0.0,oak-bay-d,Oak Bay,oak-bay-d|2020,Oak Bay|2020,"5,000 to 19,999",25747242.0,5570035.0,1510726.0,37111825.0,11034711.0,0.2175508366630885,2681.173908446982,2097.882281425098,2519.5878528385665,1360.9917538851887,54.462628184797545,2.4478963967123186,1.8374390752933563,1.0,0.973440113073066,0.9817721314962485,,,,,,,,,,,,,,,,,,,,,,
Oak Bay,D,CAP,2021,18930.0,1057.0,106.0,70801414.0,636214.0,74013412.0,3151964.0,703496.0,15685855.0,58327557.0,71610423.0,1695511.0,4849153.0,19082287.0,69902133.0,129937980.0,30889835.0,16794082.0,7990795.0,1139694.0,0.0,911714.0,0.0,421748.0,57272.0,0.0,58205140.0,5302930.0,10740365.0,1421293.0,0.0,456764.0,3568665.0,12211444.0,3313875.0,3721712.0,0.0,2614797.0,,0.0,0.0,43351845.0,70605629.0,71610423.0,1030324.0,0.0,142594.0,703496.0,134378.0,276972.0,48823068.0,12205767.0,276972.0,11928795.0,51984563.0,53123996.0,48234189.0,775258.0,52487782.0,636214.0,122049125.0,51443496.0,70605629.0,7043518.0,818533498.0,11216000.0,oak-bay-d,Oak Bay,oak-bay-d|2021,Oak Bay|2021,"5,000 to 19,999",25626951.0,9130489.0,1390734.0,40602670.0,14853295.0,0.25518871701021595,3074.75647120972,2290.1133122028527,3081.2232963549923,1353.7744849445326,37.163021658742736,4.513710856054707,0.008605045507862648,0.9862974453368065,0.9773081036201986,0.9880239807261487,,,,,,,,,,,,,,,,,,,,,,
Oak Bay,D,CAP,2022,5619.0,1057.0,106.0,74234288.0,738857.0,79427024.0,5753526.0,307236.0,17955137.0,61471887.0,76708027.0,1695511.0,4849153.0,21832755.0,75393599.0,138179914.0,32644549.0,19103143.0,854232.0,1912699.0,0.0,1909881.0,0.0,12218.0,0.0,0.0,56436722.0,6205080.0,12431197.0,1429906.0,0.0,446576.0,3951160.0,13515074.0,3680424.0,3543229.0,0.0,2796657.0,,244395.0,0.0,48243698.0,75700838.0,76708027.0,703496.0,0.0,142594.0,307236.0,134378.0,276972.0,53791770.0,13447943.0,276972.0,13170971.0,55018409.0,55890372.0,51181082.0,507169.0,55151515.0,738857.0,129598516.0,53897678.0,75700838.0,8160505.0,5138210.0,0.0,oak-bay-d,Oak Bay,oak-bay-d|2022,Oak Bay|2022,"5,000 to 19,999",28377419.0,2766931.0,1922099.0,45312663.0,8193024.0,0.14517186168254068,10043.908524648514,8585.815625556148,10940.004805125467,5050.261434418936,54.67805659369995,4.134431722798885,1.5881999762563228,1.0,0.9794041363798166,0.9867802454419162,,,,,,,,,,,,,,,,,,,,,,
Oak Bay,D,CAP,2023,19703.0,1057.0,106.0,82859856.0,1030628.0,88811117.0,10886690.0,0.0,24411435.0,64399682.0,88383936.0,1431192.0,7844856.0,21395907.0,86287604.0,152783618.0,35830453.0,20447442.0,206222.0,6236772.0,908803.0,3620515.0,0.0,6016.0,0.0,0.0,67256223.0,7426364.0,11924429.0,1632363.0,0.0,737074.0,4740077.0,14830400.0,4246542.0,4043155.0,0.0,2979473.0,38520.0,54119.0,0.0,52652516.0,87289123.0,88383936.0,307236.0,0.0,142594.0,0.0,134378.0,276972.0,60064768.0,15016192.0,276972.0,14739220.0,59514641.0,60560358.0,55807965.0,483804.0,59529730.0,1030628.0,144089906.0,56800783.0,87289123.0,13658880.0,11897462.0,0.0,oak-bay-d,Oak Bay,oak-bay-d|2023,Oak Bay|2023,"5,000 to 19,999",30671955.0,7351797.0,3626531.0,49538665.0,14603707.0,0.2171354017307811,3413.501649495001,2672.30959752322,3268.5216464497794,1556.7149672638684,0.0,3.3943050050109713,1.1480498950112217,1.0,0.981555110643231,0.9829818046980502,,,,,,,,,,,,,,,,,,,,,,
Oak Bay,D,CAP,2024,19703.0,1057.0,106.0,82393303.0,564895.0,86707570.0,9843634.0,0.0,24170564.0,62537006.0,101436864.0,1903032.0,7144223.0,14291093.0,99615093.0,163973870.0,38747386.0,20504204.0,3519334.0,1569450.0,0.0,3484052.0,0.0,5000.0,0.0,0.0,67829426.0,7756672.0,13155425.0,1708717.0,0.0,1350479.0,4595746.0,15806272.0,4448033.0,4017359.0,0.0,3369978.0,40061.0,16064.0,0.0,56264806.0,100656673.0,101436864.0,0.0,0.0,0.0,0.0,0.0,0.0,63092042.0,15773011.0,0.0,15773011.0,63686960.0,64281164.0,60155988.0,245348.0,63716269.0,564895.0,160747710.0,60091037.0,100656673.0,16753590.0,16928827.0,0.0,oak-bay-d,Oak Bay,oak-bay-d|2024,Oak Bay|2024,"5,000 to 19,999",23338348.0,5088784.0,3489052.0,52894828.0,11564620.0,0.170495619408603,3442.593818200274,2855.6466527939906,3173.9839618332235,1184.5073339085418,0.0,3.408828316956112,0.9896486035328969,1.0,1.0,0.9912121224189406,2567.538946805667,3546.5079302077975,2045.0195609464422,2783.665107049771,2217.25520024837,2437.8724475115623,799.2304887641933,1604.3462673977224,386.9249167164944,518.5374381567245,1.5629948984418691,1.7099330852451193,0.04472396775938227,0.02529861000232605,0.9792813777328785,0.9815511712696461,0.8510570773833829,0.8619101997275483,0.9732053424599786,0.9623635142836453,0.170495619408603,0.19976549769108282
Oliver,T,OKS,2019,5384.0,537.0,41.0,10704488.0,205030.0,12274796.0,1369576.0,3342387.0,7406854.0,4867942.0,52864104.0,1991602.0,1457793.0,938332.0,49335834.0,57732046.0,2631853.0,4434962.0,530837.0,560323.0,52958.0,320855.0,0.0,305481.0,0.0,0.0,8837269.0,1051840.0,381958.0,360378.0,0.0,400240.0,844006.0,0.0,1936812.0,769237.0,0.0,1412098.0,,89320.0,0.0,7245889.0,52678220.0,52864104.0,3790881.0,0.0,379940.0,3342387.0,155055.0,534995.0,7864971.0,1966243.0,534995.0,1431248.0,7138791.0,7358087.0,5422537.0,113583.0,7153057.0,205030.0,77909018.0,25230798.0,52678220.0,1823278.0,112692676.0,2154600.0,oliver-t,Oliver,oliver-t|2019,Oliver|2019,"5,000 to 19,999",4387727.0,1144118.0,626336.0,5678736.0,1591380.0,0.18007599406558747,1641.3946879643388,1345.8189078751857,904.1497028231798,814.9567236255572,620.7999628528975,1.4452138519268773,0.016179205825230383,0.980880745080541,0.7279100294317641,0.9721354205243836,,,,,,,,,,,,,,,,,,,,,,
Oliver,T,OKS,2020,5648.0,537.0,41.0,12235724.0,195774.0,17229557.0,3893905.0,2877578.0,9849681.0,7379876.0,55244131.0,2331092.0,1557510.0,951468.0,52132099.0,62624007.0,2667403.0,4165328.0,262653.0,3169746.0,1655398.0,230534.0,0.0,220525.0,0.0,0.0,12371587.0,958099.0,338743.0,400110.0,0.0,426092.0,821041.0,0.0,2129929.0,907922.0,0.0,1446729.0,,50955.0,0.0,7479620.0,55009680.0,55244131.0,3342848.0,0.0,385652.0,2877578.0,155725.0,541377.0,7541240.0,1885310.0,541377.0,1343933.0,7128966.0,7359171.0,5386775.0,144805.0,7163397.0,195774.0,81540119.0,26530439.0,55009680.0,3830643.0,13617807.0,0.0,oliver-t,Oliver,oliver-t|2020,Oliver|2020,"5,000 to 19,999",4840070.0,5087797.0,451059.0,5877166.0,4891967.0,0.3954195205514054,2190.4367917847026,1324.2953257790368,1306.635269121813,856.9529036827196,509.4861898016997,1.2422457133383304,0.2812966140583429,1.0,0.7128445719802049,0.973397275318103,,,,,,,,,,,,,,,,,,,,,,
Oliver,T,OKS,2021,5591.0,537.0,41.0,14333068.0,149545.0,16119201.0,2522834.0,5695753.0,11890779.0,4228422.0,62299330.0,2120352.0,644760.0,958180.0,56377516.0,66527752.0,2888331.0,5253035.0,539807.0,3065211.0,30457.0,213718.0,0.0,442114.0,57004.0,0.0,12489677.0,1311924.0,1027625.0,407215.0,0.0,405733.0,748980.0,0.0,2249821.0,897309.0,0.0,1537328.0,,0.0,0.0,8585935.0,62073269.0,62299330.0,2877578.0,3300000.0,392205.0,5695753.0,161689.0,553894.0,8813816.0,2203454.0,553894.0,1056504.0,7735912.0,7973292.0,5985497.0,166395.0,7823747.0,149545.0,90028473.0,27955204.0,62073269.0,8600915.0,19732927.0,0.0,oliver-t,Oliver,oliver-t|2021,Oliver|2021,"5,000 to 19,999",3723292.0,3635475.0,712836.0,6886918.0,3903742.0,0.31255748247132414,2233.889644070828,1535.6707208012879,756.2908245394384,665.9438383115722,1018.7360042926131,1.2053935238389344,0.4358661540682738,1.0,0.4794763130975278,0.9812442589585331,,,,,,,,,,,,,,,,,,,,,,
Oliver,T,OKS,2022,5553.0,537.0,41.0,16262555.0,186594.0,18305539.0,3025516.0,8776419.0,15995893.0,2309646.0,65594423.0,2648946.0,496060.0,1325247.0,56551875.0,67904069.0,3517449.0,5232095.0,274771.0,887181.0,61064.0,470985.0,0.0,430078.0,245144.0,0.0,11118767.0,1383948.0,1590880.0,418944.0,0.0,421198.0,808317.0,0.0,2392015.0,959773.0,0.0,1767375.0,,0.0,0.0,9742450.0,65328294.0,65594423.0,2395753.0,6880000.0,398306.0,8776419.0,347710.0,746016.0,9814393.0,2453598.0,746016.0,1707582.0,8184505.0,8404124.0,6433188.0,124364.0,8217530.0,186594.0,95008033.0,29679739.0,65328294.0,5131816.0,12434920.0,0.0,oliver-t,Oliver,oliver-t|2022,Oliver|2022,"5,000 to 19,999",4470253.0,1223016.0,1146207.0,7627365.0,1376317.0,0.1237832396343947,2002.2991175940933,1754.4480461012065,415.9276066990816,805.0158472897533,1580.4824419232848,1.0166706541485369,0.4126939296754623,1.0,0.6959501923297948,0.9777973290256069,,,,,,,,,,,,,,,,,,,,,,
Oliver,T,OKS,2023,5824.0,537.0,41.0,18772174.0,274095.0,21424751.0,1926095.0,8117681.0,14940589.0,6484162.0,66959537.0,2630715.0,312672.0,4124031.0,58434698.0,73443699.0,3757945.0,5967259.0,76133.0,4367872.0,0.0,1136498.0,0.0,370596.0,0.0,0.0,15676303.0,1587728.0,1112322.0,453825.0,0.0,371462.0,898782.0,0.0,2804843.0,1005346.0,0.0,1895302.0,7063.0,0.0,0.0,10136673.0,66721433.0,66959537.0,8776419.0,0.0,566669.0,8117681.0,661158.0,1227827.0,11312633.0,2828158.0,1227827.0,1600331.0,8650561.0,8953150.0,6944204.0,96459.0,8679055.0,274095.0,98296474.0,31575041.0,66721433.0,3126451.0,18728073.0,1895302.0,oliver-t,Oliver,oliver-t|2023,Oliver|2023,"5,000 to 19,999",7067418.0,4444005.0,1507094.0,7580213.0,5539630.0,0.35337604791129645,2691.67290521978,1740.5001717032967,1113.3519917582419,1213.4989697802198,1393.8325892857142,1.2564547488723503,0.16693927880353734,0.8987988780265861,0.5658562923287879,0.9693856352233572,,,,,,,,,,,,,,,,,,,,,,
Oliver,T,OKS,2024,5824.0,537.0,41.0,17749523.0,249000.0,20994064.0,2557262.0,7437546.0,15720170.0,5273894.0,71259942.0,853178.0,596822.0,3121371.0,64249298.0,76533836.0,4248114.0,8729120.0,0.0,1819253.0,50000.0,827834.0,0.0,700838.0,0.0,0.0,16375159.0,1714898.0,1795425.0,459064.0,0.0,461886.0,1028379.0,2623548.0,2616850.0,994699.0,0.0,1978931.0,7342.0,0.0,0.0,13681022.0,70329859.0,71259942.0,8117681.0,0.0,573187.0,7437546.0,422123.0,995310.0,14308820.0,3577205.0,995310.0,2581895.0,9490534.0,9831667.0,7625692.0,234746.0,9582667.0,249000.0,103883831.0,33553972.0,70329859.0,5587357.0,204123235.0,1977774.0,oliver-t,Oliver,oliver-t|2024,Oliver|2024,"5,000 to 19,999",4571371.0,1869253.0,1528672.0,11279968.0,2694137.0,0.16452585284820745,2811.6687843406594,2349.0765796703295,905.5449862637363,784.9194711538462,1277.0511675824175,1.1290923062536855,0.027372469381057966,0.9903108825411276,0.7217632201677008,0.9746736743626487,2866.2208483821423,3546.5079302077975,2297.657175284081,2783.665107049771,1859.732534766857,2437.8724475115623,918.4907099893891,1604.3462673977224,814.8464198087386,518.5374381567245,1.5120151567026447,1.7099330852451193,0.024769834473671436,0.02529861000232605,0.9804574834797263,0.9815511712696461,0.8566659461626738,0.8619101997275483,0.9770312225566793,0.9623635142836453,0.17479552285244132,0.19976549769108282
Osoyoos,T,OKS,2019,5410.0,863.0,78.0,25204315.0,225474.0,26632209.0,1699638.0,9609255.0,17874375.0,8757834.0,70893457.0,0.0,0.0,0.0,60687246.0,79651291.0,5011242.0,5633514.0,0.0,1758334.0,380811.0,374300.0,0.0,210068.0,1220.0,0.0,13369489.0,1628153.0,2022581.0,746486.0,50878.0,0.0,666398.0,1395039.0,1673471.0,1273234.0,0.0,2091803.0,,0.0,0.0,11548043.0,70661907.0,70893457.0,6806221.0,3500000.0,289968.0,9974660.0,205931.0,495899.0,11363763.0,2840941.0,495899.0,2230705.0,10282223.0,10597026.0,8330581.0,212821.0,10371552.0,225474.0,99099440.0,28437533.0,70661907.0,3529790.0,14141687.0,0.0,osoyoos-t,Osoyoos,osoyoos-t|2019,Osoyoos|2019,"5,000 to 19,999",0,2139145.0,585588.0,9250309.0,1821446.0,0.13623901407151762,2471.254898336414,2134.5735674676525,1618.8232902033271,0.0,1843.7449168207024,1.4100809119199973,0.24960176250542104,1.0,0.7851993406410059,0.9787228982924077,,,,,,,,,,,,,,,,,,,,,,
Osoyoos,T,OKS,2020,5443.0,863.0,78.0,23985773.0,337665.0,25702181.0,1401617.0,9262625.0,16531562.0,9170619.0,76224167.0,0.0,0.0,0.0,66384613.0,85394786.0,4994866.0,5937063.0,19597.0,4875349.0,631967.0,238689.0,0.0,6714.0,131840.0,0.0,16836085.0,1338978.0,1868111.0,799395.0,41781.0,0.0,669574.0,1161633.0,1686943.0,1364586.0,0.0,2161589.0,,0.0,0.0,11092590.0,75995871.0,76224167.0,9974660.0,89932.0,404002.0,9611258.0,349218.0,753220.0,11746085.0,2936521.0,753220.0,2049404.0,10167558.0,10599888.0,8125601.0,327349.0,10262223.0,337665.0,108109312.0,32113441.0,75995871.0,7531469.0,9277408.0,0.0,osoyoos-t,Osoyoos,osoyoos-t|2020,Osoyoos|2020,"5,000 to 19,999",0,5526913.0,377243.0,8581783.0,5743495.0,0.3411419578839142,3093.1627778798456,2037.9551717802683,1684.846408230755,0.0,1765.8015800110234,1.450907845247775,0.8118074574277643,1.0,0.6979020412249733,0.9681444747340726,,,,,,,,,,,,,,,,,,,,,,
Osoyoos,T,OKS,2021,5518.0,888.0,78.0,25963507.0,293179.0,27861236.0,1171574.0,10442675.0,18399442.0,9461794.0,79347349.0,0.0,0.0,0.0,68246206.0,88809143.0,5237665.0,6481121.0,0.0,2760858.0,530365.0,593312.0,0.0,122190.0,13018.0,0.0,15738529.0,1349329.0,2137175.0,1141746.0,48822.0,0.0,726142.0,1326048.0,1820811.0,1354433.0,0.0,2419666.0,,0.0,0.0,12324172.0,79116833.0,79347349.0,9611258.0,1712680.0,394425.0,10868627.0,288264.0,682689.0,12829681.0,3207420.0,682689.0,2512847.0,10962784.0,11371910.0,8922453.0,285860.0,11078731.0,293179.0,113649940.0,34533107.0,79116833.0,5540628.0,9277408.0,0.0,osoyoos-t,Osoyoos,osoyoos-t|2021,Osoyoos|2021,"5,000 to 19,999",0,3291223.0,728520.0,9616242.0,3414357.0,0.21694257449346124,2852.2162015222907,2233.449075752084,1714.7143892714753,0.0,1969.6678144255166,1.4111029562744348,0.5972172399877207,1.0,0.7834480672939621,0.9742190186169254,,,,,,,,,,,,,,,,,,,,,,
Osoyoos,T,OKS,2022,14164.0,888.0,78.0,28050096.0,345748.0,29669546.0,1027281.0,10021351.0,18375864.0,11293682.0,79938703.0,0.0,0.0,0.0,69144749.0,91232385.0,5497724.0,6604315.0,0.0,1670670.0,1175009.0,1008531.0,0.0,24330.0,17736.0,0.0,15998315.0,1484027.0,2463670.0,1017700.0,55694.0,0.0,949995.0,1422154.0,2175611.0,1471654.0,0.0,2534568.0,,0.0,0.0,13575073.0,79607608.0,79938703.0,10868627.0,128400.0,468168.0,10462859.0,316686.0,784854.0,13705677.0,3426419.0,784854.0,2629991.0,11393278.0,11772983.0,9294638.0,237765.0,11427235.0,345748.0,116675283.0,37067675.0,79607608.0,3025343.0,9277408.0,0.0,osoyoos-t,Osoyoos,osoyoos-t|2022,Osoyoos|2022,"5,000 to 19,999",0,2845679.0,1050597.0,10723819.0,2423242.0,0.1514685765344663,1129.5054363174245,958.4208556904829,797.3511719853149,0.0,738.6938011861056,1.5264640617714629,0.32609787130198437,1.0,0.7675625777232732,0.9706320819455868,,,,,,,,,,,,,,,,,,,,,,
Osoyoos,T,OKS,2023,5730.0,888.0,78.0,42607579.0,345748.0,44012794.0,1972120.0,9586426.0,32503875.0,11508919.0,82923835.0,0.0,0.0,0.0,71047122.0,94432754.0,6053482.0,7521238.0,0.0,2968602.0,1045523.0,2085820.0,0.0,183857.0,0.0,0.0,19858522.0,1674011.0,2543101.0,1099053.0,41194.0,0.0,826386.0,2161926.0,2749514.0,2121019.0,0.0,2635949.0,0.0,0.0,0.0,15852153.0,82627902.0,82923835.0,10462859.0,731000.0,619064.0,10495195.0,318851.0,937915.0,16115415.0,4028854.0,937915.0,3070961.0,12474521.0,12932592.0,10447845.0,299970.0,12586844.0,345748.0,122274479.0,39646577.0,82627902.0,4809888.0,9277408.0,0.0,osoyoos-t,Osoyoos,osoyoos-t|2023,Osoyoos|2023,"5,000 to 19,999",0,4014125.0,2269677.0,12897353.0,4006369.0,0.2017455780445292,3465.7106457242585,2766.518848167539,2008.5373472949389,0.0,1831.6221640488657,1.3108461375759044,0.5184517054763572,1.0,0.7622418186412315,0.9732653747988029,,,,,,,,,,,,,,,,,,,,,,
Osoyoos,T,OKS,2024,5730.0,895.0,78.0,47928310.0,668718.0,49776776.0,3141641.0,9205465.0,33197789.0,16578987.0,86947078.0,0.0,0.0,0.0,75528799.0,103526065.0,6807464.0,11798578.0,0.0,2143583.0,2559354.0,2227470.0,0.0,16667.0,39896.0,0.0,25593012.0,1932305.0,2790382.0,1383268.0,47143.0,0.0,853022.0,2172366.0,2419127.0,1922805.0,0.0,2979283.0,0.0,0.0,0.0,16499701.0,86047482.0,86947078.0,10495194.0,600000.0,526022.0,10518683.0,337862.0,863884.0,21365823.0,5341456.0,863884.0,4477572.0,13650642.0,14486760.0,11419082.0,526447.0,13818042.0,668718.0,128275352.0,42227870.0,86047482.0,6398863.0,128275352.0,31229064.0,osoyoos-t,Osoyoos,osoyoos-t|2024,Osoyoos|2024,"5,000 to 19,999",0,4702937.0,2284033.0,13182556.0,9093311.0,0.35530444794852595,4466.494240837696,2879.528970331588,2893.365968586387,0.0,1835.7212914485165,1.443719941710576,0.04988380776378614,0.7565466513005554,0.8382680677328429,0.9538393678089511,2866.2208483821423,3546.5079302077975,2297.657175284081,2783.665107049771,1859.732534766857,2437.8724475115623,918.4907099893891,1604.3462673977224,814.8464198087386,518.5374381567245,1.5120151567026447,1.7099330852451193,0.024769834473671436,0.02529861000232605,0.9804574834797263,0.9815511712696461,0.8566659461626738,0.8619101997275483,0.9770312225566793,0.9623635142836453,0.17479552285244132,0.19976549769108282
Parksville,C,NAN,2019,13420.0,1440.0,204.0,47418740.0,448688.0,51858064.0,6197681.0,6140917.0,23698321.0,28159743.0,198943302.0,0.0,0.0,5708583.0,192665997.0,227103045.0,14968751.0,9401334.0,161777.0,565116.0,1468042.0,1110458.0,0.0,6353243.0,38107.0,48073.0,34114901.0,2787149.0,4592170.0,689842.0,0.0,901538.0,2660858.0,2891676.0,2042566.0,3583459.0,0.0,3953205.0,,0.0,0.0,24102463.0,198806916.0,198943302.0,4837243.0,1600000.0,216600.0,6140917.0,182225.0,398825.0,25905757.0,6476439.0,398825.0,6077614.0,25001596.0,25506057.0,20248560.0,335250.0,25057369.0,448688.0,268815410.0,70008494.0,198806916.0,13857240.0,54972331.0,0.0,parksville-c,Parksville,parksville-c|2019,Parksville|2019,"5,000 to 19,999",5708583.0,2194935.0,7549881.0,19967033.0,10012438.0,0.29349163287913393,2542.093964232489,1796.0106557377048,2098.3415052160954,425.3787630402384,457.5944113263785,2.000932471123165,0.2520766310600873,1.0,0.9384190911085551,0.982408570638731,,,,,,,,,,,,,,,,,,,,,,
Parksville,C,NAN,2020,13685.0,1440.0,209.0,59640513.0,427880.0,63741327.0,4742682.0,5769934.0,26875151.0,36866176.0,196524911.0,0.0,0.0,6804970.0,190538298.0,233391087.0,15626950.0,8784039.0,0.0,3336792.0,1543406.0,1076045.0,0.0,1122314.0,0.0,39539.0,31529085.0,2767184.0,4513288.0,713410.0,0.0,715071.0,2550840.0,3126235.0,2319418.0,3495865.0,0.0,4938253.0,,116875.0,0.0,25256439.0,196308232.0,196524911.0,6125523.0,0.0,261587.0,5769934.0,235660.0,497247.0,25908363.0,6477091.0,497247.0,5979844.0,25531907.0,26043233.0,20683022.0,359290.0,25615353.0,427880.0,271045637.0,74737405.0,196308232.0,2563048.0,723198945.0,10793000.0,parksville-c,Parksville,parksville-c|2020,Parksville|2020,"5,000 to 19,999",6804970.0,4880198.0,2237898.0,20082526.0,6272646.0,0.1989479237979789,2303.915601023018,1845.5563755937158,2693.911289733285,497.2575812933869,421.6246985750822,2.2191694104341964,0.0035440427806486914,0.9850760291139529,0.9232298882322326,0.983570396194666,,,,,,,,,,,,,,,,,,,,,,
Parksville,C,NAN,2021,13871.0,1440.0,209.0,68843419.0,378777.0,73322262.0,6488628.0,5413664.0,32522088.0,40800174.0,198737199.0,0.0,0.0,8112911.0,193143220.0,239537373.0,16545086.0,9898154.0,126717.0,769636.0,2018275.0,891333.0,0.0,2003415.0,360281.0,198826.0,32811723.0,3217892.0,4864734.0,788238.0,0.0,747260.0,2869178.0,2951541.0,2551518.0,3650325.0,0.0,5009453.0,,15298.0,0.0,26665437.0,198556884.0,198737199.0,5769934.0,0.0,262717.0,5413664.0,222410.0,485127.0,27909727.0,6977432.0,485127.0,6492305.0,27954708.0,28432791.0,23088746.0,337573.0,28054014.0,378777.0,277922264.0,79365380.0,198556884.0,7431815.0,727449602.0,10829900.0,parksville-c,Parksville,parksville-c|2021,Parksville|2021,"5,000 to 19,999",8112911.0,2914628.0,3453855.0,21433574.0,6146286.0,0.18731981859044708,2365.4908081609115,1922.3874990988393,2941.401052555692,584.8829212025088,390.2864970081465,2.116820389883946,0.01021626100222954,0.9851125081789515,0.9304719845352846,0.9866781632517188,,,,,,,,,,,,,,,,,,,,,,
Parksville,C,NAN,2022,6159.0,1440.0,209.0,73721433.0,368485.0,77855478.0,4303095.0,5142048.0,31691223.0,46164255.0,206210581.0,0.0,0.0,9884790.0,200945985.0,252374836.0,17382322.0,10203860.0,364106.0,2180938.0,1435407.0,1150540.0,0.0,6664346.0,828586.0,892877.0,41102982.0,3623591.0,5260595.0,826214.0,0.0,807136.0,2901776.0,2803409.0,2865684.0,3978938.0,0.0,5186911.0,,11265.0,0.0,28265519.0,206088033.0,206210581.0,5413664.0,0.0,223352.0,5142048.0,211307.0,434659.0,30216675.0,7554169.0,434659.0,7119510.0,30504941.0,30678834.0,25532549.0,59903.0,30310349.0,368485.0,290354568.0,84266535.0,206088033.0,14400740.0,1358327389.0,510329000.0,parksville-c,Parksville,parksville-c|2022,Parksville|2022,"5,000 to 19,999",9884790.0,3980451.0,9536349.0,22867301.0,12837463.0,0.3123243710152222,6673.64539698003,4589.303295989609,7495.41402825134,1604.934242571846,834.8835849975645,2.3262413381774505,0.010601818174778775,0.624296024557302,0.9424610436965337,0.9879889502971332,,,,,,,,,,,,,,,,,,,,,,
Parksville,C,NAN,2023,14710.0,1440.0,209.0,81597375.0,538262.0,88609697.0,4776388.0,4919956.0,33484866.0,55124831.0,216166967.0,0.0,0.0,2675335.0,210467674.0,271291798.0,19003260.0,12007778.0,517976.0,5702816.0,635246.0,2652504.0,0.0,6442864.0,123746.0,177434.0,47263624.0,3357094.0,5376282.0,861737.0,0.0,1044207.0,2725012.0,4281149.0,3149318.0,4565535.0,0.0,6992482.0,0.0,208873.0,0.0,32561689.0,215892783.0,216166967.0,5142048.0,0.0,201405.0,4919956.0,167698.0,369103.0,34262905.0,8565726.0,369103.0,8196623.0,33358324.0,34012487.0,32782140.0,432186.0,33474225.0,538262.0,306341134.0,90448351.0,215892783.0,13105982.0,1407029223.0,21909191.0,parksville-c,Parksville,parksville-c|2023,Parksville|2023,"5,000 to 19,999",2675335.0,6856038.0,9396548.0,25401509.0,14701935.0,0.3110623721955811,3213.02678450034,2213.575050985724,3747.4392250169954,181.8718558803535,334.4633582596873,2.436843408601366,0.009314648044093965,0.9844287590891068,0.9569093151006698,0.9841745768252701,,,,,,,,,,,,,,,,,,,,,,
Parksville,C,NAN,2024,14710.0,1440.0,208.0,91682982.0,696023.0,98969909.0,4603202.0,4691342.0,35359262.0,63610647.0,212358034.0,0.0,0.0,7691509.0,206841023.0,275968681.0,20277743.0,12489643.0,684584.0,1041370.0,0.0,3378189.0,0.0,580434.0,0.0,98445.0,38550408.0,4523892.0,6524470.0,928612.0,0.0,848097.0,2628372.0,4418792.0,3474207.0,4727606.0,0.0,5697960.0,24940.0,76577.0,0.0,33873525.0,212037518.0,212358034.0,4919956.0,0.0,202624.0,4691342.0,165654.0,368278.0,36659805.0,9164951.0,368278.0,8796673.0,35993133.0,36912766.0,35296306.0,639211.0,36196833.0,696023.0,308016686.0,95979168.0,212037518.0,1945377.0,1181780016.0,20706461.0,parksville-c,Parksville,parksville-c|2024,Parksville|2024,"5,000 to 19,999",7691509.0,1725954.0,4057068.0,28009911.0,4676883.0,0.1213186381840628,2620.693949694086,2302.7549286199865,4324.313188307274,522.8762066621346,318.9219578518015,2.592898630067562,0.0016461413915125809,0.9824785825452645,0.9598166973287692,0.9806047317071823,3601.3561989291247,3546.5079302077975,2957.8976990295423,2783.665107049771,1917.0647247750476,2437.8724475115623,987.5598464714869,1604.3462673977224,936.3446522221191,518.5374381567245,1.3967465323081123,1.7099330852451193,0.018327243000235003,0.02529861000232605,0.982034678745671,0.9815511712696461,0.7988058564062199,0.8619101997275483,0.970292410805516,0.9623635142836453,0.19624174475580758,0.19976549769108282
Peachland,D,COK,2019,5696.0,1599.0,0.0,21862633.0,425902.0,23831358.0,5273914.0,2823362.0,12796440.0,11034918.0,73207226.0,0.0,0.0,776630.0,69901983.0,84242144.0,6928058.0,2616143.0,6940.0,3718883.0,158180.0,510867.0,0.0,374504.0,31563.0,0.0,14345138.0,1639458.0,1384642.0,666332.0,28379.0,460568.0,975802.0,1380670.0,833871.0,774183.0,406233.0,1555378.0,,0.0,0.0,10105516.0,73207226.0,73207226.0,3298791.0,417999.0,218802.0,3305243.0,169153.0,387955.0,10419342.0,2604836.0,387955.0,1512483.0,10876944.0,11385744.0,8637354.0,354203.0,10959842.0,425902.0,106637436.0,33430210.0,73207226.0,7767564.0,24851311.0,0.0,peachland-d,Peachland,peachland-d|2019,Peachland|2019,"5,000 to 19,999",776630.0,3884003.0,916934.0,8380985.0,4239622.0,0.29554417670990685,2518.4582162921347,1774.1425561797753,1937.3100421348315,136.34655898876406,580.2744030898876,1.7084933778457134,0.3125615385039445,1.0,0.5806442324967868,0.9625933974977832,,,,,,,,,,,,,,,,,,,,,,
Peachland,D,COK,2020,5781.0,1612.0,0.0,19718913.0,664297.0,27071968.0,7945917.0,9427694.0,21612338.0,5459630.0,89304371.0,0.0,0.0,797712.0,79982826.0,94764001.0,7265478.0,2648662.0,1662264.0,6130045.0,157498.0,376834.0,0.0,721149.0,11251.0,0.0,18973181.0,1573806.0,1325838.0,148631.0,28652.0,459232.0,1107094.0,1190586.0,697798.0,776637.0,403906.0,1583700.0,,0.0,0.0,9295880.0,89270036.0,89304371.0,3305243.0,6987632.0,291112.0,9792616.0,169153.0,460265.0,10642198.0,2660550.0,460265.0,2200285.0,11304369.0,11795040.0,8897396.0,313744.0,11130743.0,664297.0,123409028.0,34138992.0,89270036.0,16814663.0,41435961.0,0.0,peachland-d,Peachland,peachland-d|2020,Peachland|2020,"5,000 to 19,999",797712.0,7949807.0,1109234.0,7543027.0,9677301.0,0.5100515828104945,3281.9894481923543,1608.0055353745026,944.4092717522919,137.98858329008823,1693.931153779623,0.9123914774977145,0.4057987939509838,1.0,0.8270038150006578,0.9436799705638981,,,,,,,,,,,,,,,,,,,,,,
Peachland,D,COK,2021,6043.0,1612.0,66.0,24037979.0,587234.0,26619406.0,6222122.0,13264014.0,24137381.0,2482025.0,98021371.0,0.0,0.0,39306.0,84510000.0,100503396.0,7715887.0,3458741.0,26785.0,4010552.0,147511.0,303313.0,0.0,978100.0,0.0,0.0,16640889.0,1680596.0,1428959.0,428670.0,42133.0,651340.0,956994.0,1264831.0,1373994.0,771433.0,421997.0,1880548.0,,0.0,0.0,10901495.0,98021371.0,98021371.0,9792616.0,4240014.0,302660.0,13511371.0,157144.0,459804.0,11813094.0,2953274.0,459804.0,1693064.0,11963343.0,12744129.0,9608010.0,562874.0,12156895.0,587234.0,134040917.0,36019546.0,98021371.0,10631882.0,20818883.0,0.0,peachland-d,Peachland,peachland-d|2021,Peachland|2021,"5,000 to 19,999",39306.0,4184848.0,1281413.0,8863803.0,5739394.0,0.3448970785154567,2753.7463180539467,1803.9872579844448,410.72728777097467,6.504385239119642,2235.8714214793977,0.9958818233013764,0.5106845549782858,1.0,0.5732837522017936,0.9539212134465996,,,,,,,,,,,,,,,,,,,,,,
Peachland,D,COK,2022,3460.0,1612.0,66.0,27162752.0,559791.0,29311119.0,5458036.0,12961588.0,23533429.0,5777690.0,96049226.0,0.0,0.0,45149.0,82930168.0,101826916.0,7743904.0,3630572.0,5000.0,876308.0,405917.0,366901.0,0.0,245878.0,723131.0,0.0,13997611.0,1839839.0,1747646.0,530593.0,35870.0,998206.0,1068399.0,1255647.0,1802553.0,797252.0,436923.0,2161162.0,,0.0,0.0,12674090.0,96049226.0,96049226.0,13511371.0,407811.0,9437868.0,13119058.0,457382.0,1017605.0,12160262.0,3040066.0,1017605.0,456211.0,12405861.0,13115384.0,10025268.0,513705.0,12555593.0,559791.0,134229927.0,38180701.0,96049226.0,1207211.0,20305693.0,0.0,peachland-d,Peachland,peachland-d|2022,Peachland|2022,"Under 5,000",45149.0,1287225.0,1335910.0,10055546.0,1323521.0,0.09455334913936385,4045.552312138728,3663.0317919075146,1669.8526011560693,13.048843930635838,3791.635260115607,1.1542198971514095,0.059451849291723265,1.0,0.15006614987964076,0.9573179862671196,,,,,,,,,,,,,,,,,,,,,,
Peachland,D,COK,2023,6382.0,1612.0,66.0,29195340.0,630137.0,31647664.0,6143573.0,10565042.0,23622928.0,8024736.0,96433122.0,0.0,0.0,45862.0,84057438.0,104457858.0,8271954.0,4531582.0,9693.0,4182784.0,411980.0,954311.0,0.0,0.0,0.0,0.0,18362304.0,2078026.0,1902558.0,575766.0,33521.0,1380439.0,1092833.0,1413426.0,2230333.0,894748.0,468129.0,2169440.0,48122.0,14457.0,0.0,14301798.0,96433122.0,96433122.0,13119058.0,0.0,2234747.0,10639695.0,441023.0,2675770.0,14025231.0,3506308.0,2675770.0,-777712.0,13260912.0,14178753.0,10872433.0,712672.0,13548614.0,630137.0,137016619.0,40583497.0,96433122.0,2574715.0,20517739.0,0.0,peachland-d,Peachland,peachland-d|2023,Peachland|2023,"5,000 to 19,999",45862.0,4604457.0,954311.0,11691335.0,4060506.0,0.22113270752951264,2877.202130993419,2240.9586336571606,1257.4014415543716,7.186148542776559,1667.1411783140081,1.2358899794301537,0.12548726738360402,1.0,-0.2218036749766421,0.9555575162357367,,,,,,,,,,,,,,,,,,,,,,
Peachland,D,COK,2024,6382.0,1612.0,66.0,30876936.0,953910.0,33933344.0,7816841.0,9769313.0,29668373.0,4264971.0,101906004.0,0.0,0.0,48759.0,90489766.0,106170975.0,8565865.0,4116716.0,262839.0,2589640.0,356090.0,1070137.0,0.0,0.0,0.0,0.0,16961287.0,2340458.0,2153432.0,542135.0,62626.0,1482442.0,1356250.0,1483237.0,2396148.0,864073.0,476125.0,2258041.0,68770.0,0.0,-235568.0,15248169.0,101906004.0,101906004.0,10639695.0,0.0,804199.0,9769313.0,377913.0,1182112.0,14252735.0,3563184.0,1182112.0,786822.0,13744221.0,14738112.0,11148340.0,638492.0,13784202.0,953910.0,144747543.0,42841539.0,101906004.0,7730923.0,144747543.0,32723718.0,peachland-d,Peachland,peachland-d|2024,Peachland|2024,"5,000 to 19,999",48759.0,3208569.0,1070137.0,12612215.0,1713118.0,0.1010016515845761,2657.675806957067,2389.246161078032,668.2812597931683,7.640081479160138,1530.760419931056,1.0407357356603275,0.05340970105447662,0.7739255719179979,0.22081991836514758,0.935275970219252,2567.538946805667,3546.5079302077975,2045.0195609464422,2783.665107049771,2217.25520024837,2437.8724475115623,799.2304887641933,1604.3462673977224,386.9249167164944,518.5374381567245,1.5629948984418691,1.7099330852451193,0.04472396775938227,0.02529861000232605,0.9792813777328785,0.9815511712696461,0.8510570773833829,0.8619101997275483,0.9732053424599786,0.9623635142836453,0.170495619408603,0.19976549769108282
Pemberton,V,SQL,2019,2951.0,5028.0,0.0,5163819.0,266272.0,8114455.0,1432719.0,4728110.0,9588863.0,-1474408.0,31221691.0,753753.0,120000.0,1126791.0,26349083.0,29747283.0,2213225.0,3592020.0,25000.0,5765712.0,1450320.0,32944.0,0.0,373379.0,0.0,0.0,13452600.0,1246613.0,639136.0,0.0,0.0,328623.0,876968.0,852015.0,626162.0,636369.0,59765.0,1099280.0,,0.0,0.0,6364931.0,31077193.0,31221691.0,5117183.0,64750.0,359343.0,4728110.0,59815.0,419158.0,6179869.0,1544967.0,419158.0,1052995.0,5021834.0,5476118.0,4238791.0,303292.0,5209846.0,266272.0,45416551.0,14339358.0,31077193.0,6897320.0,2646484.0,0.0,pemberton-v,Pemberton,pemberton-v|2019,Pemberton|2019,"Under 5,000",2000544.0,7241032.0,406323.0,5205836.0,7087669.0,0.5268623909132807,4558.6580820061,2156.8725855642156,-499.6299559471366,677.920704845815,1602.206031853609,0.5385225547596206,2.6062201774127485,1.0,0.6815647195053357,0.9513757738602419,,,,,,,,,,,,,,,,,,,,,,
Pemberton,V,SQL,2020,3103.0,5028.0,0.0,8171229.0,437312.0,10633605.0,1874725.0,4258763.0,10536442.0,97163.0,30900453.0,1077753.0,94438.0,2311226.0,26395831.0,30997616.0,2288943.0,3229176.0,22227.0,1444645.0,1315302.0,47991.0,0.0,24440.0,0.0,0.0,8372724.0,1089631.0,711743.0,0.0,0.0,391079.0,922181.0,1023748.0,898591.0,874713.0,74244.0,1136461.0,,0.0,0.0,7122391.0,30654595.0,30900453.0,4728110.0,20516.0,383910.0,4258763.0,147293.0,531203.0,5859298.0,1464825.0,531203.0,856104.0,4874275.0,5244349.0,3923622.0,212427.0,4807037.0,437312.0,46130414.0,15475819.0,30654595.0,713863.0,2433296.0,0.0,pemberton-v,Pemberton,pemberton-v|2020,Pemberton|2020,"Under 5,000",3483417.0,2782174.0,72431.0,5838637.0,1250333.0,0.14933407574404697,2698.2674830808896,2295.324202384789,31.312600708991297,1122.5965194972607,1372.4663229133098,0.7755207118304263,0.29337285722739853,1.0,0.584441144846654,0.9166127197103016,,,,,,,,,,,,,,,,,,,,,,
Pemberton,V,SQL,2021,3179.0,5028.0,0.0,12041732.0,333492.0,13794691.0,1250905.0,4083682.0,11817650.0,1977041.0,31962544.0,1310939.0,277403.0,3260669.0,27710164.0,33939585.0,2416059.0,4927690.0,0.0,2006983.0,1473239.0,22819.0,245217.0,504307.0,0.0,0.0,11596314.0,1809739.0,975529.0,0.0,0.0,617569.0,1167307.0,1030129.0,902770.0,868872.0,90687.0,1191743.0,,0.0,0.0,8654345.0,31793846.0,31962544.0,4258763.0,329611.0,393917.0,4083682.0,142974.0,536891.0,7671873.0,1917968.0,536891.0,1296601.0,5638567.0,6141636.0,4799188.0,344231.0,5808144.0,333492.0,48461408.0,16667562.0,31793846.0,2330994.0,2460910.0,0.0,pemberton-v,Pemberton,pemberton-v|2021,Pemberton|2021,"Under 5,000",4849011.0,3480222.0,772343.0,7319628.0,2941969.0,0.2536986321688081,3647.7867253853415,2722.3482227115446,621.9065743944636,1525.3258886442277,1284.580685750236,1.0189616378890896,0.9472081465799237,1.0,0.6760284843125641,0.9456998102785642,,,,,,,,,,,,,,,,,,,,,,
Pemberton,V,SQL,2022,36821.0,5032.0,0.0,12025406.0,356766.0,15001885.0,1630352.0,3080872.0,11829216.0,3172669.0,33119026.0,1670554.0,607859.0,3285459.0,29461243.0,36291695.0,2531729.0,4358165.0,0.0,1839425.0,1182566.0,154602.0,643447.0,167028.0,1087170.0,0.0,11964132.0,1788720.0,1106745.0,0.0,0.0,883188.0,1350716.0,1259380.0,917791.0,894332.0,102987.0,1308163.0,,0.0,0.0,9612022.0,33026179.0,33119026.0,4083682.0,0.0,397320.0,3564936.0,116152.0,513472.0,7442070.0,1860518.0,513472.0,1259336.0,5961015.0,6391677.0,5092351.0,284673.0,6034911.0,356766.0,51001904.0,17975725.0,33026179.0,2553326.0,3395706.0,0.0,pemberton-v,Pemberton,pemberton-v|2022,Pemberton|2022,"20,000 to 99,999",5563872.0,3021991.0,2052247.0,8187707.0,2352110.0,0.19659679448538347,324.926862388311,261.0472828005758,86.16466147035659,151.10594497705114,96.81801146085114,1.016585207337494,0.7519278759704168,1.0,0.6768738598605335,0.9441827238766916,,,,,,,,,,,,,,,,,,,,,,
Pemberton,V,SQL,2023,3678.0,5032.0,0.0,11677939.0,273086.0,15206946.0,2050652.0,2783913.0,12675770.0,2531176.0,37182727.0,2132477.0,875632.0,4266470.0,33688173.0,39713903.0,2864609.0,6273150.0,113899.0,3593356.0,1593533.0,252652.0,-363666.0,237478.0,0.0,0.0,14565011.0,1982784.0,1389268.0,0.0,0.0,977916.0,1586330.0,1650530.0,984555.0,1065726.0,105830.0,1399864.0,0.0,0.0,0.0,11142803.0,36970471.0,37182727.0,3564936.0,170000.0,350342.0,3282298.0,127691.0,478033.0,9706115.0,2426529.0,478033.0,1858434.0,7525715.0,8210885.0,6730121.0,643860.0,8027445.0,273086.0,56346060.0,19375589.0,36970471.0,5344156.0,6622921.0,0.0,pemberton-v,Pemberton,pemberton-v|2023,Pemberton|2023,"Under 5,000",7274579.0,5300788.0,126464.0,9615248.0,3422208.0,0.23496089361003572,3960.035617183252,3029.5821098423057,688.1935834692767,1977.862697117999,892.4138118542686,0.921280442923783,0.806918276693924,1.0,0.7658816358675293,0.9776589247078725,,,,,,,,,,,,,,,,,,,,,,
Pemberton,V,SQL,2024,3678.0,5032.0,0.0,10652365.0,324489.0,14970255.0,3109844.0,3330621.0,14311851.0,658404.0,41700156.0,2273613.0,1221458.0,4307938.0,37684791.0,42358560.0,2980199.0,6679198.0,0.0,1832654.0,2499229.0,251582.0,820539.0,0.0,0.0,0.0,15063401.0,2376945.0,1292231.0,0.0,0.0,1419484.0,1821860.0,1813565.0,1165843.0,957826.0,242104.0,1328886.0,0.0,0.0,0.0,12418744.0,41460218.0,41700156.0,3282298.0,949754.0,344243.0,3775427.0,128309.0,472552.0,10268497.0,2567124.0,472552.0,2094572.0,8022522.0,8460570.0,7494676.0,0.0,8224402.0,324489.0,62164693.0,20704475.0,41460218.0,5818633.0,62164693.0,1328886.0,pemberton-v,Pemberton,pemberton-v|2024,Pemberton|2024,"Under 5,000",7803009.0,4331883.0,1072121.0,10961549.0,2644657.0,0.1755683859176291,4095.541326808048,3376.493746601414,179.01141924959217,2121.535889070147,1026.489124524198,0.7443037941074149,0.09360028529377601,0.9786231390220169,0.8159216305873811,0.9720860414842026,4648.097865362712,3546.5079302077975,3428.422456291105,2783.665107049771,5030.364110900993,2437.8724475115623,2420.45,1604.3462673977224,224.31236112962716,518.5374381567245,2.204313821553219,1.7099330852451193,0.030042455998363887,0.02529861000232605,0.9786113537119745,0.9815511712696461,0.9039920521842442,0.8619101997275483,0.9333160528846489,0.9623635142836453,0.20869205825466772,0.19976549769108282
Penticton,C,OKS,2019,36425.0,4201.0,201.0,104342990.0,1237588.0,117326803.0,13523160.0,30980819.0,74725009.0,42601794.0,323920841.0,935879.0,561888.0,22451099.0,288855656.0,366522635.0,35138187.0,70096334.0,0.0,678894.0,3184419.0,4117398.0,0.0,213907.0,32117.0,7677188.0,121138444.0,11606697.0,16675134.0,1897990.0,244253.0,3466906.0,7870398.0,12040690.0,4052828.0,4477822.0,33505170.0,14218490.0,,0.0,0.0,110056378.0,319836475.0,323920841.0,34373676.0,0.0,2332346.0,30980819.0,1806219.0,4138565.0,115753978.0,28938495.0,4138565.0,24799930.0,54738054.0,55927814.0,44791881.0,714346.0,54690226.0,1237588.0,561428842.0,241592367.0,319836475.0,11567786.0,55210990.0,0.0,penticton-c,Penticton,penticton-c|2019,Penticton|2019,"20,000 to 99,999",23948866.0,3863313.0,12040610.0,94031669.0,11082066.0,0.0914826510401603,3325.6950995195607,3021.4516952642416,1169.5756760466713,657.4843102264928,850.5372409059712,1.396359684613755,0.20951962643669314,1.0,0.8569875523934468,0.9778716901039615,,,,,,,,,,,,,,,,,,,,,,
Penticton,C,OKS,2020,36597.0,4201.0,203.0,119847721.0,1160413.0,132694469.0,16770412.0,27500122.0,75141081.0,57553388.0,322510382.0,951978.0,1378862.0,25532001.0,290989540.0,380063770.0,36265720.0,68417340.0,21614.0,5456399.0,1647606.0,3514299.0,0.0,818268.0,182175.0,6561493.0,122884914.0,11826652.0,16701180.0,1926495.0,325406.0,2951196.0,8727758.0,10476331.0,4323297.0,4732200.0,32821396.0,14531868.0,,0.0,0.0,109343779.0,318489659.0,322510382.0,30980819.0,0.0,2308811.0,27500122.0,1414883.0,3723694.0,113559270.0,28389818.0,3723694.0,24666124.0,53655081.0,55034692.0,43789155.0,891919.0,53874279.0,1160413.0,574014970.0,255525311.0,318489659.0,13284958.0,56652412.0,0.0,penticton-c,Penticton,penticton-c|2020,Penticton|2020,"20,000 to 99,999",27862841.0,7125619.0,11076235.0,93397028.0,13541135.0,0.11019363206780615,3357.786539880318,2987.7798453425144,1572.6258436483865,761.3422138426647,751.4310462606225,1.594969348391461,0.23449942431400803,1.0,0.8688369893741481,0.9789148815441722,,,,,,,,,,,,,,,,,,,,,,
Penticton,C,OKS,2021,36362.0,4201.0,240.0,129313277.0,1187212.0,142192857.0,15285175.0,24193133.0,73503627.0,68689230.0,323955018.0,2043243.0,1415440.0,26610376.0,295651861.0,392644248.0,37815929.0,71429332.0,31205.0,2822225.0,3287989.0,1099628.0,0.0,3767244.0,265000.0,8774740.0,129293292.0,12129466.0,20021974.0,1982591.0,381586.0,3859262.0,7375666.0,10924939.0,4455896.0,4324825.0,36463331.0,14793275.0,,0.0,0.0,116712811.0,319844993.0,323955018.0,27500122.0,0.0,2207361.0,24193133.0,1210582.0,3417943.0,117827692.0,29456923.0,3417943.0,26038980.0,58581495.0,60055451.0,48438195.0,911562.0,58868239.0,1187212.0,590402237.0,270557244.0,319844993.0,16152246.0,60905265.0,0.0,penticton-c,Penticton,penticton-c|2021,Penticton|2021,"20,000 to 99,999",30069059.0,6141419.0,13906612.0,100708954.0,12580481.0,0.09730188477218138,3555.7255376491944,3209.7467411033494,1889.0388317474287,826.9363346350585,665.3410978494032,1.7592774979661887,0.2652027866556364,1.0,0.8839680913040374,0.9802314031410737,,,,,,,,,,,,,,,,,,,,,,
Penticton,C,OKS,2022,20399.0,4201.0,257.0,133287547.0,1269952.0,151555742.0,19671163.0,20767185.0,75606123.0,75949619.0,322684463.0,2101067.0,1455497.0,28328848.0,297031038.0,398634082.0,40895358.0,74538279.0,950654.0,6242974.0,237955.0,1214823.0,0.0,2173223.0,321114.0,11836895.0,138411275.0,15239907.0,22520372.0,2126030.0,423727.0,5389187.0,11901358.0,12601594.0,5618995.0,4546598.0,37556752.0,14496921.0,,0.0,0.0,132421441.0,317798223.0,322684463.0,24193133.0,0.0,2211123.0,20767185.0,1206888.0,3418011.0,126482687.0,31620672.0,3418011.0,28202661.0,62321228.0,63828619.0,51773341.0,907970.0,62558667.0,1269952.0,602187525.0,284389302.0,317798223.0,14641140.0,63749721.0,0.0,penticton-c,Penticton,penticton-c|2022,Penticton|2022,"20,000 to 99,999",31885412.0,7431583.0,15546055.0,116717632.0,5989834.0,0.04327562187401279,6785.199029364185,6491.565321829501,3723.203049169077,1563.087014069317,1018.0491690769155,1.762920008476033,0.2296659463027297,1.0,0.8919058076944095,0.9801037211850063,,,,,,,,,,,,,,,,,,,,,,
Penticton,C,OKS,2023,37943.0,4201.0,198.0,147231788.0,1329042.0,165975845.0,18668985.0,25017514.0,83510675.0,82465170.0,330162233.0,11983200.0,10612381.0,42096360.0,295086723.0,412627403.0,45022480.0,81687788.0,419889.0,10963031.0,2788160.0,8888972.0,0.0,3760053.0,0.0,0.0,153530373.0,13143020.0,25387346.0,2120384.0,0.0,4868449.0,11771277.0,14571658.0,6064429.0,5219084.0,39647036.0,16347169.0,130993.0,266206.0,0.0,139537051.0,322992179.0,330162233.0,20767185.0,7800000.0,2218639.0,25017514.0,1430409.0,3649048.0,135311360.0,33827840.0,3649048.0,29710102.0,68186206.0,70080962.0,57792070.0,1307131.0,68751920.0,1329042.0,622355370.0,299363191.0,322992179.0,19485640.0,1729000353.0,0.0,penticton-c,Penticton,penticton-c|2023,Penticton|2023,"20,000 to 99,999",64691941.0,14171080.0,12649025.0,121759473.0,13993322.0,0.09114367226867871,4046.3424874153334,3677.54397385552,2173.396146851857,1704.9769654481722,659.344648551775,1.763029552808668,0.01126988780898184,1.0,0.8782736940933858,0.9810356199162905,,,,,,,,,,,,,,,,,,,,,,
Penticton,C,OKS,2024,37943.0,4201.0,256.0,147203124.0,1254234.0,171074951.0,25233797.0,21373477.0,89566865.0,81508086.0,347704749.0,13964711.0,9840717.0,41751463.0,314601066.0,429212835.0,48293453.0,89741630.0,1742928.0,10152000.0,646052.0,8659917.0,0.0,2641863.0,24190.0,298964.0,162200997.0,13573045.0,28585796.0,2155927.0,461252.0,5016057.0,9641916.0,15597620.0,6212854.0,5573051.0,41256890.0,17083341.0,457816.0,0.0,0.0,145615565.0,341035579.0,347704749.0,25017514.0,0.0,2187647.0,21373477.0,2111111.0,4298758.0,144700239.0,36175060.0,4298758.0,31876302.0,73288790.0,75284742.0,62893071.0,1387336.0,74030508.0,1254234.0,657208194.0,316172615.0,341035579.0,33679407.0,2670452990.0,25777263.0,penticton-c,Penticton,penticton-c|2024,Penticton|2024,"20,000 to 99,999",65556891.0,12540980.0,11624934.0,126421113.0,16585432.0,0.10225234312215725,4274.859578841947,3837.7451703871598,2148.1718894130668,1727.7730016076746,563.3048783701869,1.6434997920268841,0.012611870392820508,0.9903472320626772,0.88116790960402,0.9833401301953058,2823.8160359162957,3546.5079302077975,2313.177731087988,2783.665107049771,1634.933826557682,2437.8724475115623,1015.8871081440785,1604.3462673977224,757.3716446138835,518.5374381567245,1.4428133381403412,1.7099330852451193,0.021350493990494074,0.02529861000232605,0.9847118933607182,0.9815511712696461,0.8457939120832807,0.8619101997275483,0.9744645665293163,0.9623635142836453,0.16542076645989975,0.19976549769108282
Pitt Meadows,C,GVR,2019,19728.0,8673.0,114.0,49211111.0,1139312.0,55331824.0,5467897.0,5085363.0,30707740.0,24624084.0,182190124.0,1895299.0,3131787.0,26449252.0,175192605.0,206814208.0,22583934.0,14434984.0,2354555.0,1344110.0,290826.0,672942.0,0.0,454104.0,0.0,560838.0,42696293.0,4389319.0,7661410.0,960802.0,0.0,891190.0,1735776.0,6664645.0,3371635.0,2023760.0,1535229.0,5527949.0,,215087.0,0.0,34976802.0,180277967.0,182190124.0,5476542.0,0.0,328134.0,5085363.0,222875.0,551009.0,38785905.0,9696476.0,551009.0,8909342.0,34967283.0,36371842.0,30442325.0,1062693.0,35232530.0,1139312.0,270429009.0,90151042.0,180277967.0,9681971.0,470281152.0,0.0,pitt-meadows-c,Pitt Meadows,pitt-meadows-c|2019,Pitt Meadows|2019,"5,000 to 19,999",31476338.0,3989491.0,1687884.0,29225978.0,7719491.0,0.18080002870506814,2164.2484286293593,1772.9522506082726,1248.1794403892943,1595.5159164639092,257.77387469586375,1.6025637510282424,0.020587622869478725,1.0,0.9188226733093549,0.9686759884198332,,,,,,,,,,,,,,,,,,,,,,
Pitt Meadows,C,GVR,2020,19717.0,8673.0,114.0,61179128.0,1532160.0,66637417.0,10219193.0,4684820.0,35433278.0,31204139.0,185780393.0,1584084.0,3212174.0,30882676.0,179104747.0,216984532.0,23894950.0,14201876.0,195827.0,5093528.0,942439.0,425367.0,0.0,1568401.0,0.0,427731.0,46750119.0,5192377.0,8876997.0,1057332.0,0.0,815883.0,2186473.0,5146615.0,3201541.0,2204093.0,1869207.0,5537635.0,,491642.0,0.0,36579795.0,183789567.0,185780393.0,5085363.0,0.0,328134.0,4684820.0,219734.0,547868.0,39278043.0,9819511.0,547868.0,9020263.0,34707969.0,36012481.0,30041415.0,630287.0,34480321.0,1532160.0,278090159.0,94300592.0,183789567.0,9540877.0,479183562.0,12375215.0,pitt-meadows-c,Pitt Meadows,pitt-meadows-c|2020,Pitt Meadows|2020,"5,000 to 19,999",35678934.0,6231794.0,2421499.0,30822426.0,10170324.0,0.21754648367846935,2371.056398032155,1855.2414160369224,1582.6007506212914,1809.551858802049,237.60308363341278,1.7266008524528833,0.019910693430673233,0.9741743749548738,0.918606130183061,0.9574547502017425,,,,,,,,,,,,,,,,,,,,,,
Pitt Meadows,C,MVRD,2021,20112.0,8673.0,114.0,63424535.0,1441256.0,74451757.0,9652940.0,4269439.0,39090030.0,35361727.0,194616521.0,1674899.0,3498030.0,36297905.0,188527745.0,229978248.0,25528604.0,15832148.0,3210.0,1022646.0,505472.0,496155.0,0.0,8335118.0,0.0,473429.0,52196782.0,5171302.0,9406287.0,1089648.0,0.0,906630.0,2369931.0,6266192.0,4127708.0,2143851.0,1713601.0,5827321.0,,180595.0,0.0,39203066.0,192797184.0,194616521.0,4684820.0,0.0,343502.0,4269439.0,128404.0,471906.0,42897704.0,10724426.0,471906.0,10252520.0,40185348.0,41983428.0,35356998.0,1162069.0,40542172.0,1441256.0,291956605.0,99159421.0,192797184.0,15015533.0,493886242.0,10626338.0,pitt-meadows-c,Pitt Meadows,pitt-meadows-c|2021,Pitt Meadows|2021,"20,000 to 99,999",41470834.0,1531328.0,9304702.0,33247341.0,12993716.0,0.2489371088049068,2595.3053898170247,1949.237569610183,1758.2402048528243,2061.9945306284803,212.28316428003183,1.622524592587931,0.0304028169304623,0.9784842396966384,0.9559970855316638,0.9656708356449597,,,,,,,,,,,,,,,,,,,,,,
Pitt Meadows,C,MVRD,2022,19526.0,8673.0,114.0,73668644.0,1112231.0,84123844.0,8878023.0,23845017.0,56500736.0,27623108.0,208516809.0,843162.0,3833334.0,48577653.0,182885768.0,236139917.0,27422489.0,16490232.0,19540.0,939441.0,720414.0,991717.0,0.0,604528.0,0.0,702918.0,47891279.0,5634276.0,9340951.0,1094837.0,0.0,1048689.0,2603340.0,7332044.0,4698426.0,2182864.0,1674329.0,5799024.0,,320830.0,0.0,41729610.0,206730785.0,208516809.0,4269439.0,20000000.0,343503.0,23845017.0,370168.0,713671.0,45881347.0,11470337.0,713671.0,10756666.0,43020950.0,44794989.0,38446987.0,1191210.0,43682758.0,1112231.0,310385801.0,103655016.0,206730785.0,20080406.0,513366155.0,10995550.0,pitt-meadows-c,Pitt Meadows,pitt-meadows-c|2022,Pitt Meadows|2022,"5,000 to 19,999",53254149.0,1679395.0,2299163.0,35560418.0,6161669.0,0.12865952066137135,2452.692768616204,2137.1304926764315,1414.6833964969783,2727.3455392809587,1221.193127112568,1.303852820607505,0.03911517306784667,0.9785814668674447,0.9377811654531162,0.9751706379479187,,,,,,,,,,,,,,,,,,,,,,
Pitt Meadows,C,MVRD,2023,21071.0,8673.0,114.0,84053858.0,1163494.0,93516367.0,9013411.0,23023812.0,59353535.0,34162832.0,212056243.0,988513.0,4517498.0,37259022.0,186139513.0,246219075.0,29844811.0,18635860.0,3840.0,5961814.0,269311.0,2450641.0,0.0,539747.0,47430.0,0.0,57753454.0,6728246.0,10386095.0,1187042.0,0.0,1045861.0,4716577.0,8104263.0,5242245.0,2384512.0,0.0,6434779.0,43370.0,435972.0,0.0,46708962.0,210267109.0,212056243.0,23845017.0,0.0,730929.0,23023812.0,908674.0,1639603.0,51167036.0,12791759.0,1639603.0,11152156.0,47881919.0,49392092.0,43134609.0,929122.0,48187047.0,1163494.0,317851434.0,107584325.0,210267109.0,10348487.0,650147689.0,14549080.0,pitt-meadows-c,Pitt Meadows,pitt-meadows-c|2023,Pitt Meadows|2023,"20,000 to 99,999",42765033.0,6234965.0,3037818.0,39365509.0,11044492.0,0.1912351770337407,2740.8976318162404,2216.741587964501,1621.319918371221,2029.568269185136,1092.67770869916,1.4161558869240054,0.015917132637842845,0.9776218846176657,0.8718234919841751,0.9756024709380603,,,,,,,,,,,,,,,,,,,,,,
Pitt Meadows,C,MVRD,2024,21071.0,8673.0,114.0,83495012.0,842362.0,93154170.0,8723508.0,22179362.0,58289507.0,34864663.0,221440302.0,1114750.0,5088378.0,40331990.0,196340016.0,256304965.0,32886522.0,20862423.0,207074.0,1115762.0,421044.0,3351069.0,0.0,852001.0,158253.0,0.0,59854148.0,6936566.0,11866625.0,1169096.0,0.0,1244052.0,5181279.0,8375216.0,5283087.0,2700572.0,0.0,6691093.0,45145.0,275527.0,0.0,49768258.0,219668306.0,221440302.0,23023812.0,0.0,730929.0,22179362.0,1049741.0,1780670.0,57301393.0,14325348.0,1780670.0,12544678.0,53380974.0,55157882.0,48555717.0,1358756.0,54061534.0,842362.0,332224648.0,112556342.0,219668306.0,16419522.0,725275483.0,15242593.0,pitt-meadows-c,Pitt Meadows,pitt-meadows-c|2024,Pitt Meadows|2024,"20,000 to 99,999",46535118.0,1743880.0,4361323.0,42027424.0,10085890.0,0.16850778662825508,2840.593612073466,2361.931469792606,1654.6278297185706,2208.491196431114,1052.6013003654311,1.4324192517188385,0.02263901425715227,0.9789837194869029,0.8756979586115464,0.9801234572422487,2823.8160359162957,3546.5079302077975,2313.177731087988,2783.665107049771,1634.933826557682,2437.8724475115623,1015.8871081440785,1604.3462673977224,757.3716446138835,518.5374381567245,1.4428133381403412,1.7099330852451193,0.021350493990494074,0.02529861000232605,0.9847118933607182,0.9815511712696461,0.8457939120832807,0.8619101997275483,0.9744645665293163,0.9623635142836453,0.16542076645989975,0.19976549769108282
Port Alberni,C,ALB,2019,18751.0,1949.0,0.0,38509255.0,818044.0,47129116.0,3272589.0,9835068.0,28383573.0,18745543.0,123210830.0,0.0,0.0,8992423.0,112642557.0,141956373.0,23734117.0,10463191.0,0.0,1416849.0,9755950.0,716073.0,1565052.0,648021.0,4629.0,0.0,48303882.0,4251447.0,11319213.0,996617.0,0.0,1253190.0,4391798.0,6396044.0,1565649.0,1428331.0,26750.0,4658156.0,,49853.0,0.0,36337048.0,122477625.0,123210830.0,10163466.0,4450000.0,254557.0,14285068.0,345855.0,600412.0,33823035.0,8455759.0,600412.0,7855347.0,31140151.0,32085533.0,25545535.0,612875.0,31267489.0,818044.0,231595656.0,109118031.0,122477625.0,19234060.0,24318778.0,0.0,port-alberni-c,Port Alberni,port-alberni-c|2019,Port Alberni|2019,"5,000 to 19,999",8992423.0,11172799.0,2933775.0,31333037.0,11966834.0,0.24774062672643993,2576.069649618687,1937.872540131193,999.7089755213055,479.5703162498,761.8296624180043,1.356744445105625,0.7909139184542907,1.0,0.9289937189553298,0.9745042726888782,,,,,,,,,,,,,,,,,,,,,,
Port Alberni,C,ALB,2020,19060.0,1949.0,168.0,37467485.0,978414.0,46045150.0,3776540.0,13943928.0,27995855.0,18049295.0,132900591.0,0.0,0.0,12282387.0,118207600.0,150949886.0,24515598.0,10541469.0,3536000.0,4885450.0,700355.0,440146.0,376136.0,0.0,684376.0,0.0,45679530.0,4366930.0,11314904.0,1020989.0,0.0,1767686.0,4046619.0,6481316.0,1669006.0,1415652.0,5365.0,4597550.0,,0.0,0.0,36686017.0,132151528.0,132900591.0,14285068.0,0.0,254557.0,13943928.0,382471.0,637028.0,33683480.0,8420870.0,637028.0,7783842.0,31353474.0,32361131.0,25683539.0,562369.0,31382717.0,978414.0,245240548.0,113089020.0,132151528.0,14564960.0,36416984.0,0.0,port-alberni-c,Port Alberni,port-alberni-c|2020,Port Alberni|2020,"5,000 to 19,999",12282387.0,9121805.0,1500658.0,31705996.0,8993513.0,0.196882783163487,2396.6175236096537,1924.764795383001,946.9724554039874,644.4064533053515,731.5806925498426,1.3383225838253556,0.3999496498666666,1.0,0.9243512843684797,0.9697657662212115,,,,,,,,,,,,,,,,,,,,,,
Port Alberni,C,ALB,2021,19101.0,1949.0,168.0,32961079.0,960065.0,41034203.0,6257370.0,13479858.0,32745733.0,8288470.0,144485289.0,0.0,0.0,11568134.0,130348181.0,152773759.0,26049096.0,11467272.0,0.0,2532862.0,33052.0,254505.0,-11949.0,165907.0,0.0,0.0,40490745.0,3822405.0,13579585.0,1223876.0,0.0,1387564.0,4782598.0,5752841.0,1699883.0,1651772.0,21736.0,4598806.0,,145806.0,0.0,38666872.0,143828035.0,144485289.0,13943928.0,0.0,364249.0,13479858.0,263816.0,628065.0,36443536.0,9110884.0,628065.0,8482819.0,34753557.0,35924424.0,28946206.0,707678.0,34964359.0,960065.0,261127857.0,117299822.0,143828035.0,16436118.0,47467804.0,0.0,port-alberni-c,Port Alberni,port-alberni-c|2021,Port Alberni|2021,"5,000 to 19,999",11568134.0,2565914.0,408463.0,33804250.0,1823873.0,0.04504419466720111,2119.823307680226,2024.337573949008,433.9285901261714,605.6297576043139,705.7147793309251,1.0065763072092477,0.3462582343181496,1.0,0.9310643182373961,0.9732754239845293,,,,,,,,,,,,,,,,,,,,,,
Port Alberni,C,ALB,2022,695.0,1949.0,168.0,30515681.0,1032844.0,40292520.0,9382542.0,12999838.0,33344429.0,6948091.0,153282052.0,0.0,0.0,13360758.0,139396647.0,160230143.0,27126891.0,12702238.0,2165480.0,1810600.0,13728.0,623066.0,1840840.0,0.0,0.0,0.0,46282843.0,4760745.0,13393945.0,1416913.0,0.0,1840807.0,4942192.0,6815024.0,1928900.0,1801163.0,1573.0,5615585.0,,121662.0,0.0,42638509.0,152396484.0,153282052.0,13479858.0,0.0,364249.0,12999838.0,217452.0,581701.0,39227394.0,9806849.0,581701.0,8464398.0,36658780.0,37842580.0,30783478.0,651308.0,36809736.0,1032844.0,274284186.0,121887702.0,152396484.0,14443697.0,17349467.0,0.0,port-alberni-c,Port Alberni,port-alberni-c|2022,Port Alberni|2022,"Under 5,000",13360758.0,3989808.0,2463906.0,36805472.0,3644334.0,0.07874049569513264,66594.01870503597,61350.372661870504,9997.253237410072,19224.112230215826,18704.802877697843,0.9151657987605666,0.8325153158883786,1.0,0.8631108728195979,0.9727068291855365,,,,,,,,,,,,,,,,,,,,,,
Port Alberni,C,ALB,2023,20264.0,1949.0,168.0,36070640.0,1412629.0,49188549.0,8743054.0,21003293.0,83270654.0,-34082105.0,201929069.0,5402014.0,6349809.0,22456575.0,137126046.0,167846964.0,27873962.0,15019182.0,0.0,11495619.0,2845597.0,1914355.0,-36615.0,5000.0,0.0,0.0,59117100.0,4413774.0,14710422.0,1270817.0,0.0,1532807.0,6404193.0,7916616.0,2056163.0,2431100.0,64703.0,9082956.0,1520020.0,96709.0,0.0,51500280.0,200747291.0,201929069.0,12999838.0,8500000.0,364249.0,21003293.0,578259.0,942508.0,43084403.0,10771101.0,942508.0,9828593.0,37922880.0,40003266.0,31911476.0,1464850.0,38590637.0,1412629.0,331476608.0,130729317.0,200747291.0,16432537.0,329069002.0,91164852.0,port-alberni-c,Port Alberni,port-alberni-c|2023,Port Alberni|2023,"20,000 to 99,999",34208398.0,14341216.0,1882740.0,41839065.0,7616820.0,0.12884292362108427,2917.346032372681,2541.4666403474143,-1681.9041156731148,1688.1364982234504,1036.4830734307145,0.43317349230858687,0.049936447675493906,0.7229612894380127,0.9124965962161157,0.9646871582935254,,,,,,,,,,,,,,,,,,,,,,
Port Alberni,C,ALB,2024,20264.0,1949.0,211.0,32940697.0,2196970.0,48404695.0,10650010.0,20327655.0,62351013.0,-13946318.0,186504452.0,0.0,0.0,1877500.0,144053875.0,172558134.0,30936748.0,16306889.0,46098.0,6726114.0,296941.0,1915921.0,-170242.0,682716.0,2247610.0,0.0,58988795.0,5074531.0,16211412.0,1556615.0,0.0,1957871.0,6522816.0,8590447.0,1974306.0,2800293.0,18253.0,8979023.0,592062.0,0.0,0.0,54277629.0,185183547.0,186504452.0,21003293.0,0.0,526214.0,20327655.0,877271.0,1403485.0,46910948.0,11727737.0,1403485.0,10324252.0,41419224.0,44424633.0,34801022.0,2183598.0,42227663.0,2196970.0,322436099.0,137252552.0,185183547.0,13622173.0,988382900.0,15628662.0,port-alberni-c,Port Alberni,port-alberni-c|2024,Port Alberni|2024,"20,000 to 99,999",1877500.0,7069153.0,4676005.0,44421335.0,4711166.0,0.07986543885156494,2911.0143604421633,2678.5249210422426,-688.23124753257,92.65199368337939,1003.141285037505,0.5283105344254792,0.013782283161717994,0.984187644282393,0.8803277222195552,0.9505461305667962,2823.8160359162957,3546.5079302077975,2313.177731087988,2783.665107049771,1634.933826557682,2437.8724475115623,1015.8871081440785,1604.3462673977224,757.3716446138835,518.5374381567245,1.4428133381403412,1.7099330852451193,0.021350493990494074,0.02529861000232605,0.9847118933607182,0.9815511712696461,0.8457939120832807,0.8619101997275483,0.9744645665293163,0.9623635142836453,0.16542076645989975,0.19976549769108282
Port Alice,V,MW,2019,683.0,758.0,10.0,3457252.0,146228.0,4117921.0,116732.0,467249.0,614949.0,3502972.0,9472721.0,0.0,0.0,475465.0,9003125.0,12975693.0,880217.0,521378.0,74459.0,357668.0,173769.0,57907.0,989018.0,0.0,4710.0,0.0,3059126.0,2201910.0,57055.0,157074.0,0.0,0.0,406945.0,302287.0,46313.0,160776.0,0.0,438094.0,,0.0,0.0,3770454.0,9470374.0,9472721.0,486208.0,0.0,14407.0,467249.0,19500.0,33907.0,1602702.0,400676.0,33907.0,366769.0,1279458.0,2573352.0,509612.0,1124186.0,2427124.0,146228.0,17001644.0,7531270.0,9470374.0,723005.0,62514788.0,0.0,port-alice-v,Port Alice,port-alice-v|2019,Port Alice|2019,"Under 5,000",475465.0,605896.0,1051635.0,3312860.0,-711328.0,-0.23252654516355326,4478.954612005857,5520.4304538799415,5128.802342606149,696.1420204978039,684.1127379209371,5.622014183289997,0.011565343547193985,1.0,0.9153755153790095,0.9431760598627782,,,,,,,,,,,,,,,,,,,,,,
Port Alice,V,MW,2020,651.0,758.0,10.0,3626575.0,141021.0,4349946.0,147542.0,447291.0,699563.0,3650383.0,9011461.0,0.0,0.0,1370373.0,8561823.0,12661844.0,668428.0,329882.0,0.0,727333.0,83087.0,24789.0,-20922.0,0.0,0.0,0.0,1812597.0,565493.0,30561.0,176919.0,0.0,0.0,378189.0,195375.0,44476.0,98235.0,0.0,403032.0,,234407.0,0.0,2126687.0,9009114.0,9011461.0,467249.0,0.0,14648.0,447291.0,19500.0,34148.0,1194957.0,298739.0,34148.0,264591.0,855307.0,2900863.0,402892.0,1942010.0,2759842.0,141021.0,16766833.0,7757719.0,9009114.0,353800.0,63316639.0,0.0,port-alice-v,Port Alice,port-alice-v|2020,Port Alice|2020,"Under 5,000",1370373.0,810420.0,3867.0,1704155.0,-314090.0,-0.17328176092093278,2784.327188940092,3266.800307219662,5607.3471582181255,2105.0276497695854,687.0829493087558,5.184057761774136,0.005587788701165898,1.0,0.8856928623313327,0.9513865356619737,,,,,,,,,,,,,,,,,,,,,,
Port Alice,V,MW,2021,707.0,758.0,10.0,4156937.0,160539.0,4601340.0,194956.0,429233.0,1019101.0,3582239.0,8696879.0,0.0,0.0,1545117.0,8696879.0,12279118.0,683004.0,351602.0,0.0,387224.0,170191.0,10130.0,-26064.0,0.0,0.0,0.0,1576087.0,514941.0,38508.0,176272.0,0.0,0.0,368991.0,234965.0,57220.0,141683.0,0.0,426233.0,,0.0,0.0,1958813.0,8694532.0,8696879.0,447291.0,0.0,11959.0,429233.0,15849.0,27808.0,1361637.0,340409.0,27808.0,312601.0,817198.0,2970982.0,394777.0,2123839.0,2810443.0,160539.0,16878484.0,8183952.0,8694532.0,111651.0,63360626.0,0.0,port-alice-v,Port Alice,port-alice-v|2021,Port Alice|2021,"Under 5,000",1545117.0,557415.0,-15934.0,1516731.0,-382726.0,-0.24283304157701954,2229.2602545968884,2770.5983026874114,5066.81612446959,2185.4554455445545,607.1188118811881,4.079023570774634,0.0017621511504636964,1.0,0.9183100329309742,0.9459643309855126,,,,,,,,,,,,,,,,,,,,,,
Port Alice,V,MW,2022,266.0,758.0,10.0,4145677.0,214603.0,4706658.0,187398.0,403953.0,975169.0,3731489.0,8512443.0,0.0,0.0,567917.0,8108490.0,12243932.0,841576.0,395735.0,1160.0,475000.0,154730.0,81473.0,226375.0,0.0,0.0,0.0,2176049.0,659489.0,82201.0,174438.0,0.0,0.0,407930.0,269371.0,70028.0,114749.0,0.0,433029.0,,0.0,0.0,2211235.0,8512443.0,8512443.0,429233.0,0.0,16077.0,403953.0,8820.0,24897.0,1739581.0,434895.0,24897.0,409998.0,1078491.0,3446708.0,620917.0,2331078.0,3232105.0,214603.0,17129424.0,8616981.0,8512443.0,250940.0,63369064.0,0.0,port-alice-v,Port Alice,port-alice-v|2022,Port Alice|2022,"Under 5,000",567917.0,630890.0,307848.0,1769386.0,-35186.0,-0.01616967264983463,8180.6353383458645,8312.913533834586,14028.154135338345,2135.0263157894738,1518.6203007518798,4.251239528738096,0.0039599764326643675,1.0,0.9427516986858897,0.9377368201773982,,,,,,,,,,,,,,,,,,,,,,
Port Alice,V,MW,2023,700.0,758.0,10.0,5464941.0,263126.0,6121696.0,406375.0,381048.0,2148517.0,3973179.0,8864314.0,0.0,0.0,1331642.0,7929829.0,12837493.0,1002252.0,409097.0,1320.0,1600509.0,0.0,223209.0,30544.0,0.0,9562.0,0.0,3276493.0,880619.0,100349.0,244107.0,0.0,0.0,407602.0,294595.0,81074.0,137242.0,0.0,534997.0,0.0,0.0,0.0,2680585.0,8864314.0,8864314.0,403953.0,0.0,16077.0,381048.0,8820.0,24897.0,2181730.0,545433.0,24897.0,520536.0,1149951.0,3878329.0,742339.0,10512.0,987016.0,263126.0,18001030.0,9136716.0,8864314.0,358870.0,64183476.0,0.0,port-alice-v,Port Alice,port-alice-v|2023,Port Alice|2023,"Under 5,000",1331642.0,1601829.0,263315.0,2136768.0,595908.0,0.18187372901452864,4680.704285714286,3829.407142857143,5675.97,1902.3457142857144,544.3542857142858,2.5435875071037373,0.005591314499700827,1.0,0.9543536969710303,0.2544951704716129,,,,,,,,,,,,,,,,,,,,,,
Port Alice,V,MW,2024,700.0,758.0,10.0,6200720.0,356250.0,6897485.0,334839.0,357341.0,2791268.0,4106217.0,8620220.0,0.0,0.0,2505661.0,7696160.0,12726437.0,1078631.0,577640.0,31204.0,671715.0,0.0,272083.0,-5188.0,0.0,0.0,0.0,2626085.0,855023.0,86556.0,315043.0,0.0,0.0,456729.0,302468.0,51245.0,132461.0,0.0,539963.0,0.0,0.0,0.0,2739488.0,8617873.0,8620220.0,381048.0,0.0,16077.0,357341.0,8820.0,24897.0,2372924.0,593231.0,24897.0,568334.0,1265707.0,4380319.0,877112.0,72242.0,1198547.0,356250.0,18294552.0,9676679.0,8617873.0,293522.0,65308147.0,9676679.0,port-alice-v,Port Alice,port-alice-v|2024,Port Alice|2024,"Under 5,000",2505661.0,702919.0,266895.0,2190705.0,-113403.0,-0.043183293762387734,3751.55,3913.554285714286,5866.024285714286,3579.5157142857142,510.4871428571429,2.2214706721103097,0.004494416293881374,0.8518304462075765,0.9580315256620102,0.27362093947952193,4648.097865362712,3546.5079302077975,3428.422456291105,2783.665107049771,5030.364110900993,2437.8724475115623,2420.45,1604.3462673977224,224.31236112962716,518.5374381567245,2.204313821553219,1.7099330852451193,0.030042455998363887,0.02529861000232605,0.9786113537119745,0.9815511712696461,0.9039920521842442,0.8619101997275483,0.9333160528846489,0.9623635142836453,0.20869205825466772,0.19976549769108282
Port Clements,V,SKQ,2019,274.0,1283.0,0.0,5157756.0,39243.0,5305459.0,51855.0,0.0,3669929.0,1635530.0,8681094.0,0.0,0.0,2133790.0,8609866.0,10316624.0,237589.0,96926.0,0.0,2515858.0,108487.0,83378.0,0.0,0.0,0.0,173308.0,3215546.0,296312.0,43914.0,0.0,8114.0,134478.0,47628.0,81355.0,94398.0,55020.0,124138.0,153871.0,,0.0,3456260.0,4495488.0,8609866.0,8681094.0,0.0,0.0,0.0,0.0,0.0,0.0,1004111.0,251028.0,0.0,251028.0,418270.0,495020.0,294605.0,62146.0,455777.0,39243.0,10953873.0,2344007.0,8609866.0,274521.0,65982958.0,1445467.0,port-clements-v,Port Clements,port-clements-v|2019,Port Clements|2019,"Under 5,000",2133790.0,2624345.0,256686.0,4341617.0,-1279942.0,-0.39804810753756903,11735.569343065694,16406.890510948906,5969.087591240876,7787.554744525547,0.0,1.405410295403535,0.0041604833781474304,0.9780933282803114,1.0,0.9207244151751445,,,,,,,,,,,,,,,,,,,,,,
Port Clements,V,SKQ,2020,286.0,1283.0,0.0,5921245.0,41442.0,6207607.0,99345.0,0.0,3910218.0,2297389.0,8841306.0,624498.0,-3067120.0,2225242.0,8773712.0,11138695.0,214866.0,178859.0,0.0,1626128.0,0.0,142970.0,0.0,6750.0,16859.0,0.0,2186432.0,404929.0,42274.0,0.0,3376.0,108828.0,374257.0,93662.0,77303.0,38495.0,91888.0,158762.0,,0.0,0.0,1393774.0,8773712.0,8841306.0,0.0,0.0,0.0,0.0,0.0,0.0,962674.0,240669.0,0.0,240669.0,374105.0,426975.0,248220.0,35070.0,385533.0,41442.0,11276481.0,2502769.0,8773712.0,322608.0,466958.0,0.0,port-clements-v,Port Clements,port-clements-v|2020,Port Clements|2020,"Under 5,000",-217380.0,1626128.0,166579.0,1235012.0,792658.0,0.3625349427743465,7644.867132867133,4873.335664335665,8032.828671328672,-760.06993006993,0.0,1.5143004814565326,0.6908715559001024,1.0,1.0,0.9029404531881258,,,,,,,,,,,,,,,,,,,,,,
Port Clements,V,NCRD,2021,275.0,1283.0,0.0,6175484.0,43853.0,6307595.0,50790.0,0.0,3908225.0,2399370.0,8719358.0,639501.0,-3119925.0,2242790.0,8706490.0,11118728.0,219386.0,172912.0,0.0,887792.0,0.0,41862.0,0.0,6886.0,27324.0,0.0,1356162.0,336301.0,53178.0,0.0,0.0,242320.0,65546.0,67198.0,69175.0,71725.0,105511.0,167175.0,,0.0,0.0,1178129.0,8697287.0,8719358.0,0.0,0.0,0.0,0.0,0.0,0.0,823994.0,205999.0,0.0,205999.0,405174.0,415363.0,276654.0,1218.0,371510.0,43853.0,11329373.0,2632086.0,8697287.0,91746.0,466958.0,0.0,port-clements-v,Port Clements,port-clements-v|2021,Port Clements|2021,"Under 5,000",-237634.0,887792.0,76072.0,1010954.0,178033.0,0.13127708931528828,4931.498181818181,4284.105454545454,8724.981818181817,-864.1236363636364,0.0,1.5801249928036385,0.19647591432205894,1.0,1.0,0.8944224690210731,,,,,,,,,,,,,,,,,,,,,,
Port Clements,V,NCRD,2022,65246.0,1283.0,0.0,6557835.0,45103.0,6771512.0,122783.0,0.0,5300096.0,1471416.0,8660040.0,659959.0,-4458994.0,2290188.0,8632028.0,10131456.0,243182.0,233730.0,0.0,823569.0,0.0,82924.0,0.0,0.0,199458.0,0.0,1582863.0,340611.0,33767.0,0.0,0.0,317839.0,53251.0,85298.0,86075.0,62386.0,97336.0,138404.0,,0.0,1355168.0,2570135.0,8632028.0,8660040.0,0.0,0.0,0.0,0.0,0.0,0.0,1042836.0,260709.0,0.0,260709.0,463264.0,480021.0,325534.0,1203.0,434918.0,45103.0,11402523.0,2770495.0,8632028.0,73150.0,42217831.0,542139.0,port-clements-v,Port Clements,port-clements-v|2022,Port Clements|2022,"20,000 to 99,999",-1508847.0,823569.0,282382.0,2431731.0,-987272.0,-0.623725489824451,24.2599239800141,39.39145694755234,22.551819268614167,-23.12550960978451,0.0,1.2373049469292632,0.0017326802033008281,0.9871585302428256,1.0,0.9060395274373413,,,,,,,,,,,,,,,,,,,,,,
Port Clements,V,NCRD,2023,267.0,1283.0,8.0,7335198.0,53995.0,7507387.0,102728.0,0.0,5310760.0,2196627.0,8783118.0,0.0,0.0,2392602.0,8569202.0,10979745.0,245698.0,277447.0,2263.0,1249139.0,44049.0,217883.0,0.0,800.0,0.0,0.0,2037279.0,418390.0,38625.0,0.0,0.0,179162.0,41319.0,81971.0,99610.0,54456.0,121504.0,153953.0,0.0,0.0,0.0,1188990.0,8569202.0,8783118.0,0.0,0.0,0.0,0.0,0.0,0.0,1102028.0,275507.0,0.0,275507.0,525391.0,629005.0,381666.0,85655.0,575010.0,53995.0,11493650.0,2924448.0,8569202.0,81925.0,8569202.0,138821.0,port-clements-v,Port Clements,port-clements-v|2023,Port Clements|2023,"Under 5,000",2392602.0,1295451.0,218683.0,1035037.0,848289.0,0.41638332305000936,7630.258426966292,4453.146067415731,8227.067415730337,8961.056179775282,0.0,1.3811955351023206,0.009560400139943019,0.9838000084488614,1.0,0.9141580750550472,,,,,,,,,,,,,,,,,,,,,,
Port Clements,V,NCRD,2024,267.0,1283.0,8.0,8499664.0,33024.0,8727910.0,80174.0,0.0,5260751.0,3467159.0,9076089.0,0.0,0.0,4047667.0,9024602.0,12543248.0,242180.0,296993.0,22906.0,1613222.0,402604.0,305684.0,0.0,0.0,0.0,0.0,2883589.0,424717.0,48143.0,0.0,0.0,252364.0,65991.0,94465.0,114118.0,81255.0,64076.0,174957.0,0.0,0.0,0.0,1320086.0,9024602.0,9076089.0,0.0,0.0,0.0,0.0,0.0,0.0,1216357.0,304089.0,0.0,304089.0,548901.0,617089.0,431944.0,45601.0,584065.0,33024.0,12091037.0,3066435.0,9024602.0,639559.0,19317225.0,303977.0,port-clements-v,Port Clements,port-clements-v|2024,Port Clements|2024,"Under 5,000",4047667.0,2038732.0,305684.0,1145129.0,1563503.0,0.5422072979193637,10799.958801498127,4944.142322097378,12985.614232209738,15159.80149812734,0.0,1.6156750243453835,0.03310822336023937,0.9842639406022345,1.0,0.9464842186459328,4648.097865362712,3546.5079302077975,3428.422456291105,2783.665107049771,5030.364110900993,2437.8724475115623,2420.45,1604.3462673977224,224.31236112962716,518.5374381567245,2.204313821553219,1.7099330852451193,0.030042455998363887,0.02529861000232605,0.9786113537119745,0.9815511712696461,0.9039920521842442,0.8619101997275483,0.9333160528846489,0.9623635142836453,0.20869205825466772,0.19976549769108282
Port Coquitlam,C,GVR,2019,63305.0,2992.0,0.0,210817643.0,1755408.0,220871304.0,18351981.0,71987937.0,157356731.0,63514573.0,733719897.0,10058098.0,6964483.0,61334650.0,661109252.0,797234470.0,69076078.0,36139227.0,22634.0,775036.0,1855433.0,3939061.0,0.0,2294101.0,0.0,1443484.0,115545054.0,8462727.0,29035785.0,4050963.0,0.0,3479995.0,10833852.0,14210156.0,9346196.0,7392278.0,0.0,12394810.0,,4456874.0,0.0,103663636.0,733097189.0,733719897.0,20465325.0,52000000.0,288696.0,71987937.0,1194923.0,1483619.0,111117517.0,27779379.0,1483619.0,26295760.0,107109851.0,109381012.0,95346032.0,1448567.0,107625604.0,1755408.0,950270845.0,217173656.0,733097189.0,60015203.0,291423398.0,0.0,port-coquitlam-c,Port Coquitlam,port-coquitlam-c|2019,Port Coquitlam|2019,"20,000 to 99,999",78357231.0,2653103.0,7676646.0,90073903.0,11881418.0,0.10282930847044305,1825.2121317431483,1637.5268304241372,1003.3105283942816,1237.7731774741333,1137.160366479741,1.3397434076080292,0.20593817590446187,1.0,0.9465927946049478,0.9839514375676099,,,,,,,,,,,,,,,,,,,,,,
Port Coquitlam,C,GVR,2020,63508.0,2992.0,471.0,207108825.0,2230346.0,216334188.0,34422442.0,70222541.0,176977942.0,39356246.0,776684697.0,9871953.0,6497877.0,60488564.0,705322142.0,816040943.0,70739080.0,32247673.0,249631.0,6364624.0,707994.0,3731490.0,0.0,1755836.0,0.0,2816244.0,118612572.0,9114335.0,31353478.0,4613024.0,0.0,3453652.0,10155111.0,10377847.0,9825378.0,7502363.0,0.0,12887236.0,,523675.0,0.0,99806099.0,775544683.0,776684697.0,71987937.0,0.0,1551326.0,70222541.0,1650487.0,3201813.0,110063010.0,27515753.0,3201813.0,24313940.0,101134516.0,103123746.0,89169523.0,1121946.0,100893400.0,2230346.0,1004293931.0,228749248.0,775544683.0,55947059.0,303069434.0,0.0,port-coquitlam-c,Port Coquitlam,port-coquitlam-c|2020,Port Coquitlam|2020,"20,000 to 99,999",76858394.0,7322249.0,8303570.0,85268376.0,18806473.0,0.15855379141428616,1867.6792215153996,1571.5515997984505,619.7053284625559,1210.215941298734,1105.7274831517288,1.170252194479694,0.18460145670777212,1.0,0.8836370932679909,0.9783721394294579,,,,,,,,,,,,,,,,,,,,,,
Port Coquitlam,C,MVRD,2021,63917.0,2992.0,472.0,191938633.0,2088878.0,199643527.0,24465474.0,68396913.0,170190668.0,29452859.0,801519869.0,11323579.0,6876713.0,56222933.0,731891249.0,830972728.0,73520326.0,35558138.0,128606.0,1048803.0,1957064.0,2186228.0,0.0,1727582.0,2903978.0,2474894.0,121505619.0,10489890.0,32309625.0,4871461.0,0.0,2748313.0,10408784.0,13037938.0,11191699.0,7816646.0,0.0,13699478.0,,0.0,0.0,106573834.0,800288162.0,801519869.0,70222541.0,0.0,1552375.0,68396913.0,1727300.0,3279675.0,114220126.0,28555032.0,3279675.0,25275357.0,115125044.0,117411319.0,102892450.0,1669209.0,115322441.0,2088878.0,1041480965.0,241192803.0,800288162.0,39564264.0,1406107603.0,22659553.0,port-coquitlam-c,Port Coquitlam,port-coquitlam-c|2021,Port Coquitlam|2021,"20,000 to 99,999",74423225.0,3134473.0,9292682.0,91147056.0,14931785.0,0.12288966652645093,1900.9906441165888,1667.378537791198,460.7985199555674,1164.372936777383,1070.0895379945866,1.1277858842413147,0.028137436932698243,0.9838849082732681,0.885145462277892,0.9822088873731161,,,,,,,,,,,,,,,,,,,,,,
Port Coquitlam,C,MVRD,2022,493.0,2992.0,472.0,200835572.0,2416745.0,208136213.0,20411183.0,66509595.0,175521503.0,32614710.0,812110133.0,13576025.0,6984634.0,57785245.0,744490840.0,844724843.0,77353291.0,38669361.0,65229.0,1053508.0,1822327.0,4150734.0,0.0,3090551.0,610225.0,0.0,126815226.0,8234824.0,32832455.0,4701974.0,0.0,4041835.0,11252995.0,18326443.0,11344151.0,7956384.0,0.0,14372050.0,,0.0,0.0,113063111.0,811000435.0,812110133.0,68396913.0,0.0,1538754.0,66509595.0,1727300.0,3266054.0,120364823.0,30091206.0,3266054.0,26825152.0,124065856.0,126723599.0,111519197.0,1592724.0,124306854.0,2416745.0,1065198929.0,254198494.0,811000435.0,25573042.0,1416378416.0,22714299.0,port-coquitlam-c,Port Coquitlam,port-coquitlam-c|2022,Port Coquitlam|2022,"Under 5,000",78345904.0,2941064.0,7851510.0,96963761.0,13752115.0,0.10844214400564171,257231.6957403651,229336.93914807303,66155.59837728195,158916.64097363083,134907.90060851927,1.144222038709411,0.0180552327761538,0.9839631141343232,0.8914615120444159,0.9809290059699141,,,,,,,,,,,,,,,,,,,,,,
Port Coquitlam,C,MVRD,2023,67151.0,2992.0,472.0,223460540.0,3291461.0,232078903.0,23556560.0,89758736.0,208303530.0,23775373.0,850885276.0,15965146.0,7236019.0,70435463.0,757679144.0,874660649.0,81414582.0,42147372.0,424290.0,11533174.0,1906151.0,8278663.0,0.0,9141052.0,0.0,0.0,154845284.0,10468303.0,34968355.0,4934377.0,0.0,3973896.0,12774926.0,21120092.0,11106056.0,8504604.0,405751.0,16227723.0,0.0,425395.0,0.0,124909478.0,849946573.0,850885276.0,66509595.0,25200000.0,1538754.0,89758736.0,1901884.0,3440638.0,132028512.0,33007128.0,3440638.0,29566490.0,136976823.0,140187811.0,124137188.0,1741763.0,136896350.0,3291461.0,1118360448.0,268413875.0,849946573.0,53880009.0,1435054001.0,22649344.0,port-coquitlam-c,Port Coquitlam,port-coquitlam-c|2023,Port Coquitlam|2023,"20,000 to 99,999",93636628.0,13863615.0,17419715.0,106779871.0,29935806.0,0.1933272052379716,2305.926702506292,1860.1283376271388,354.0583610072821,1394.418966210481,1336.670131494691,1.0727640573349861,0.03754563170616183,0.9842170789501878,0.8957607581004927,0.9765210614494865,,,,,,,,,,,,,,,,,,,,,,
Port Coquitlam,C,MVRD,2024,67151.0,2992.0,469.0,242891208.0,3605848.0,256030834.0,25759757.0,87841404.0,220464684.0,35566150.0,874961285.0,16525146.0,5313110.0,86808300.0,786094628.0,910527435.0,85766650.0,47041338.0,1204822.0,2668538.0,2193900.0,10421362.0,0.0,14482524.0,7035034.0,0.0,170814168.0,13987137.0,35588451.0,5132021.0,0.0,5043875.0,14016955.0,22001658.0,12933396.0,10279383.0,0.0,15964506.0,0.0,0.0,0.0,134947382.0,874276804.0,874961285.0,89758736.0,0.0,1538754.0,87841404.0,3029173.0,4567927.0,143405772.0,35851443.0,4567927.0,31283516.0,148075484.0,152115089.0,134799101.0,2596084.0,148509241.0,3605848.0,1156220216.0,281943412.0,874276804.0,45644120.0,1407933899.0,14530408.0,port-coquitlam-c,Port Coquitlam,port-coquitlam-c|2024,Port Coquitlam|2024,"20,000 to 99,999",108646556.0,6067260.0,31938920.0,115953703.0,35866786.0,0.20997547463393085,2543.7323048055873,2009.6109067623713,529.644383553484,1617.9439770070437,1308.1175857396017,1.1017238842661985,0.03241922084013974,0.9896796234465834,0.8725873600122594,0.9762952641732997,2823.8160359162957,3546.5079302077975,2313.177731087988,2783.665107049771,1634.933826557682,2437.8724475115623,1015.8871081440785,1604.3462673977224,757.3716446138835,518.5374381567245,1.4428133381403412,1.7099330852451193,0.021350493990494074,0.02529861000232605,0.9847118933607182,0.9815511712696461,0.8457939120832807,0.8619101997275483,0.9744645665293163,0.9623635142836453,0.16542076645989975,0.19976549769108282
Port Edward,D,SKQ,2019,423.0,16495.0,18.0,8842051.0,138269.0,9099835.0,501241.0,1003113.0,3779335.0,5320500.0,14904913.0,50000.0,10000.0,403364.0,13759636.0,20225413.0,1081479.0,1074108.0,0.0,303151.0,1407127.0,115175.0,0.0,0.0,0.0,0.0,3981040.0,537531.0,64686.0,91985.0,0.0,0.0,1151734.0,50880.0,220050.0,87905.0,0.0,775728.0,,0.0,0.0,2980499.0,14762749.0,14904913.0,1099064.0,0.0,79722.0,1003113.0,61975.0,141697.0,3202021.0,800505.0,141697.0,658808.0,1617792.0,1775223.0,1471008.0,70174.0,1636954.0,138269.0,25338176.0,10575427.0,14762749.0,306538.0,14762749.0,644540.0,port-edward-d,Port Edward,port-edward-d|2019,Port Edward|2019,"Under 5,000",463364.0,1710278.0,115175.0,2142796.0,1000541.0,0.25132653778912045,9411.44208037825,7046.096926713948,12578.014184397163,1095.4231678486997,2371.425531914894,2.3395785237349958,0.02076428990291713,0.9563401098264287,0.8229904872549203,0.9221117572271202,,,,,,,,,,,,,,,,,,,,,,
Port Edward,D,SKQ,2020,450.0,16495.0,18.0,9745210.0,120535.0,10721848.0,217464.0,908326.0,4095924.0,6625924.0,15432464.0,50000.0,10000.0,403364.0,14369229.0,22058388.0,1118798.0,691866.0,0.0,804022.0,1074791.0,93125.0,5139.0,0.0,533746.0,0.0,4321487.0,446806.0,59631.0,106466.0,0.0,0.0,1077060.0,22459.0,246326.0,98267.0,0.0,799190.0,,0.0,0.0,2856205.0,15277555.0,15432464.0,1003113.0,0.0,74912.0,908326.0,57750.0,132662.0,2783857.0,695964.0,132662.0,563302.0,1609436.0,1822361.0,1478120.0,116945.0,1701826.0,120535.0,26600278.0,11322723.0,15277555.0,1354145.0,26543204.0,11265649.0,port-edward-d,Port Edward,port-edward-d|2020,Port Edward|2020,"Under 5,000",463364.0,1878813.0,632010.0,1999265.0,1465282.0,0.3390689362249615,9603.304444444444,6347.122222222222,14724.275555555556,1029.6977777777777,2018.5022222222221,2.379245806318672,0.051016636876241465,0.5755731297547952,0.8093838187032663,0.9338577811970296,,,,,,,,,,,,,,,,,,,,,,
Port Edward,D,NCRD,2021,462.0,16495.0,18.0,9192060.0,130723.0,10076531.0,347999.0,809747.0,4109126.0,5967405.0,18784447.0,50000.0,10000.0,1420612.0,17818690.0,24751852.0,1209862.0,781949.0,0.0,2405827.0,1167978.0,45991.0,234615.0,0.0,89015.0,0.0,5935237.0,770175.0,75999.0,112672.0,0.0,0.0,948744.0,43907.0,245396.0,138890.0,0.0,905990.0,,0.0,0.0,3241773.0,18628437.0,18784447.0,908326.0,0.0,74912.0,809747.0,57750.0,132662.0,2930440.0,732610.0,132662.0,599948.0,1748461.0,1919671.0,1621171.0,61439.0,1788948.0,130723.0,30854071.0,12225634.0,18628437.0,4261282.0,18628437.0,12165376.0,port-edward-d,Port Edward,port-edward-d|2021,Port Edward|2021,"Under 5,000",1480612.0,3573805.0,369621.0,2278033.0,2693464.0,0.45380900543651415,12846.833333333334,7016.824675324675,12916.461038961039,3204.787878787879,1752.6991341991343,2.2369866487423358,0.22875145134291192,0.34694596224041774,0.8189186606789424,0.9319034355366101,,,,,,,,,,,,,,,,,,,,,,
Port Edward,D,NCRD,2022,4426.0,16495.0,18.0,8956084.0,136155.0,9868892.0,302749.0,707225.0,3653541.0,6215351.0,18898803.0,50000.0,10000.0,1857225.0,18046268.0,25114154.0,934362.0,646245.0,0.0,1307888.0,1024131.0,113882.0,-2043.0,0.0,0.0,0.0,4024465.0,919424.0,63804.0,104985.0,0.0,0.0,1114617.0,103252.0,295052.0,120656.0,0.0,940373.0,,0.0,0.0,3662163.0,18753493.0,18898803.0,809747.0,0.0,74912.0,707225.0,61878.0,136790.0,1558323.0,389581.0,136790.0,252791.0,1547050.0,1721543.0,1418311.0,53757.0,1585388.0,136155.0,31852980.0,13099487.0,18753493.0,1065430.0,18753493.0,13099487.0,port-edward-d,Port Edward,port-edward-d|2022,Port Edward|2022,"Under 5,000",1917225.0,2332019.0,111839.0,2659912.0,362302.0,0.09002488529531255,909.2781292363308,827.4204699502938,1404.2817442385901,433.17329417080884,159.7887483054677,2.451343504835446,0.05681234957135719,0.301490820936665,0.6488791804528455,0.9209110664096104,,,,,,,,,,,,,,,,,,,,,,
Port Edward,D,NCRD,2023,493.0,16495.0,18.0,8952953.0,192650.0,9928125.0,224386.0,600603.0,4404124.0,5524001.0,19949353.0,0.0,0.0,5008182.0,19126765.0,25473354.0,2274763.0,487668.0,0.0,538000.0,495920.0,232115.0,-47748.0,0.0,0.0,185812.0,4166530.0,940389.0,94576.0,99817.0,0.0,0.0,912878.0,50271.0,310700.0,102398.0,0.0,984447.0,2570.0,0.0,0.0,3498046.0,19796688.0,19949353.0,707225.0,0.0,74912.0,600603.0,61507.0,136419.0,2942198.0,735550.0,136419.0,599131.0,2874794.0,3142142.0,2721076.0,127108.0,2949492.0,192650.0,33951612.0,14154924.0,19796688.0,2026963.0,19796688.0,14088298.0,port-edward-d,Port Edward,port-edward-d|2023,Port Edward|2023,"Under 5,000",5008182.0,1033920.0,370179.0,2452092.0,668484.0,0.1604414224786573,8451.379310344828,7095.4279918864095,11204.87018255578,10158.584178498986,1218.261663286004,2.032856704307145,0.10238899557340096,0.2883507584703058,0.8145347019237306,0.9386883215335271,,,,,,,,,,,,,,,,,,,,,,
Port Edward,D,NCRD,2024,493.0,16495.0,0.0,11078659.0,200456.0,11678018.0,1054632.0,488601.0,2234682.0,9443336.0,19907507.0,0.0,0.0,2615050.0,19191150.0,29350843.0,2514858.0,684125.0,133184.0,1443838.0,75000.0,410111.0,0.0,120000.0,43942.0,0.0,5425058.0,1541304.0,87722.0,96110.0,0.0,0.0,853618.0,22948.0,374926.0,170412.0,0.0,990489.0,2444.0,0.0,0.0,4139973.0,19751740.0,19907507.0,600602.0,0.0,80522.0,488601.0,67800.0,148322.0,3378269.0,844567.0,148322.0,696245.0,2212810.0,2442988.0,2078090.0,63401.0,2242532.0,200456.0,34894074.0,15142334.0,19751740.0,945541.0,34781683.0,984226.0,port-edward-d,Port Edward,port-edward-d|2024,Port Edward|2024,"Under 5,000",2615050.0,1652022.0,574053.0,3081684.0,1285085.0,0.23687949511323197,11004.17444219067,8397.511156186612,19154.839756592293,5304.361054766734,991.077079107505,4.957599783772367,0.027185027245518856,0.971702749404047,0.8243810141764951,0.9179463836907917,4486.511144130758,3546.5079302077975,3557.844717668488,2783.665107049771,5496.677373974208,2437.8724475115623,3386.4506393861893,1604.3462673977224,624.7436119532265,518.5374381567245,3.324657351485151,1.7099330852451193,0.02521828600111612,0.02529861000232605,0.9816336034641139,0.9815511712696461,0.8531878894527055,0.8619101997275483,0.9614729661922712,0.9623635142836453,0.23352896680225554,0.19976549769108282
Port Hardy,D,MW,2019,4315.0,3921.0,46.0,7716136.0,583174.0,10465906.0,678172.0,0.0,2735644.0,7730262.0,42601558.0,426161.0,253075.0,425621.0,40967022.0,50331820.0,3521438.0,3943387.0,657539.0,744377.0,472093.0,142615.0,989018.0,0.0,1838.0,125209.0,10597514.0,1133087.0,459046.0,272781.0,0.0,201765.0,1316596.0,1250636.0,970373.0,838390.0,0.0,2156450.0,,26988.0,0.0,8626112.0,42410454.0,42601558.0,1295833.0,299000.0,151401.0,1443432.0,32408.0,183809.0,8146716.0,2036679.0,183809.0,1407070.0,5406389.0,6117146.0,4300950.0,332524.0,5533972.0,583174.0,86835406.0,44424952.0,42410454.0,1423824.0,3093179.0,0.0,port-hardy-d,Port Hardy,port-hardy-d|2019,Port Hardy|2019,"Under 5,000",1104857.0,1874009.0,1258680.0,6437254.0,1971402.0,0.18602494887008406,2455.9707995365006,1999.0989571263035,1791.485979142526,256.0502896871379,334.5149478563152,2.820592153072549,0.4603108969768643,1.0,0.6908648834696091,0.9046656725211397,,,,,,,,,,,,,,,,,,,,,,
Port Hardy,D,MW,2020,4421.0,3921.0,46.0,10558498.0,583374.0,13454177.0,1167533.0,0.0,3167034.0,10287143.0,43097857.0,757862.0,532425.0,1449596.0,41458881.0,53385000.0,3518301.0,3967057.0,1532506.0,2120879.0,229132.0,96257.0,-21089.0,0.0,0.0,196900.0,11639943.0,963469.0,487523.0,298483.0,0.0,180448.0,1295763.0,1142623.0,1127281.0,893371.0,0.0,2197802.0,,0.0,0.0,8586763.0,42868019.0,43097857.0,1443432.0,175000.0,209293.0,1409139.0,24368.0,233661.0,9661153.0,2415288.0,233661.0,2181627.0,5354085.0,6393304.0,4314678.0,657854.0,5809930.0,583374.0,89490773.0,46622754.0,42868019.0,2655367.0,4544579.0,0.0,port-hardy-d,Port Hardy,port-hardy-d|2020,Port Hardy|2020,"Under 5,000",2739883.0,3882517.0,272068.0,6364593.0,3053180.0,0.2623019717536417,2632.8755937570686,1942.2671341325492,2326.8814747794618,619.7428183668853,318.7376159239991,3.3338757967233694,0.5842932865728596,1.0,0.9032574997267406,0.9087523446405802,,,,,,,,,,,,,,,,,,,,,,
Port Hardy,D,MW,2021,4351.0,3921.0,46.0,12302821.0,513813.0,14673659.0,568137.0,0.0,2823078.0,11850581.0,42929203.0,854949.0,595866.0,1767523.0,41527386.0,54779784.0,3681718.0,4016269.0,536863.0,2440486.0,0.0,90184.0,-26064.0,0.0,0.0,124517.0,10863973.0,1276054.0,518879.0,329468.0,0.0,197478.0,1490044.0,1404349.0,1123150.0,937953.0,0.0,2159600.0,,32214.0,0.0,9469189.0,42693766.0,42929203.0,1409139.0,0.0,242760.0,1166379.0,12107.0,254867.0,10012073.0,2503018.0,254867.0,2248151.0,5741997.0,6405507.0,4642998.0,388085.0,5891694.0,513813.0,91409954.0,48716188.0,42693766.0,2017561.0,42692860.0,1539574.0,port-hardy-d,Port Hardy,port-hardy-d|2021,Port Hardy|2021,"Under 5,000",3218338.0,2977349.0,188637.0,7297482.0,1394784.0,0.1283861806357582,2496.8910595265456,2176.324752930361,2723.645368880717,739.6777752240864,268.0714778211905,4.357945830756359,0.047257574217328145,0.9639383728333029,0.8981761217857802,0.9197857406135065,,,,,,,,,,,,,,,,,,,,,,
Port Hardy,D,MW,2022,2518.0,3921.0,46.0,13404780.0,553768.0,15579561.0,1186585.0,0.0,2820693.0,12758868.0,42326701.0,1130321.0,839488.0,525631.0,41222818.0,55085569.0,3910545.0,4392652.0,52619.0,1015983.0,314891.0,321705.0,226375.0,142.0,0.0,0.0,10234912.0,1681911.0,533534.0,303764.0,0.0,225499.0,1621679.0,1371339.0,1084129.0,843124.0,0.0,2193860.0,,28084.0,0.0,9886923.0,42157394.0,42326701.0,1166379.0,0.0,231803.0,934576.0,23034.0,254837.0,9208334.0,2302084.0,254837.0,1841397.0,6044895.0,6650370.0,4944179.0,253808.0,6096602.0,553768.0,92999885.0,50842491.0,42157394.0,1685573.0,4898269.0,0.0,port-hardy-d,Port Hardy,port-hardy-d|2022,Port Hardy|2022,"Under 5,000",2495440.0,1383493.0,548222.0,7670029.0,347989.0,0.03400019462795577,4064.698967434472,3926.498411437649,5067.064336775218,991.0405083399523,371.1580619539317,4.752300232602414,0.3441160540590972,1.0,0.7998826280882887,0.9167312495394994,,,,,,,,,,,,,,,,,,,,,,
Port Hardy,D,MW,2023,4552.0,3921.0,46.0,17200120.0,663267.0,19364957.0,1692020.0,2300000.0,8701512.0,10663445.0,47220772.0,1402452.0,940523.0,1851530.0,41310149.0,57884217.0,4227987.0,4825964.0,53154.0,2748413.0,400167.0,819569.0,30544.0,256035.0,0.0,0.0,13361833.0,1517943.0,476448.0,347528.0,0.0,267266.0,1700775.0,1351011.0,1254799.0,962668.0,20252.0,2704220.0,0.0,3378.0,0.0,10606288.0,46997678.0,47220772.0,934576.0,2300000.0,156053.0,3078523.0,44582.0,200635.0,10240838.0,2560210.0,200635.0,2359575.0,6511067.0,7224877.0,5365895.0,294801.0,6561610.0,663267.0,100521119.0,53523441.0,46997678.0,4938873.0,8262210.0,0.0,port-hardy-d,Port Hardy,port-hardy-d|2023,Port Hardy|2023,"Under 5,000",4194505.0,3201734.0,1106148.0,7857486.0,2755545.0,0.206225074059824,2935.376318101933,2330.0281195079087,2342.5845782073816,921.4641915641477,676.3011862917399,1.9766817536998167,0.5977665781915492,1.0,0.9216333816366626,0.9081967762219343,,,,,,,,,,,,,,,,,,,,,,
Port Hardy,D,MW,2024,4552.0,3921.0,46.0,16903502.0,733081.0,19235176.0,1295400.0,2181679.0,8218451.0,11016725.0,46555128.0,1730623.0,1219288.0,1247706.0,40791473.0,57571853.0,4440177.0,4610658.0,241085.0,1633012.0,0.0,754866.0,-5188.0,153450.0,0.0,240722.0,12068782.0,1978487.0,539238.0,368365.0,0.0,300646.0,1770486.0,1628377.0,1277096.0,1113091.0,0.0,2758503.0,0.0,0.0,0.0,11734289.0,46282997.0,46555128.0,3078523.0,0.0,258623.0,2819900.0,151664.0,410287.0,10477400.0,2619350.0,410287.0,2209063.0,6811505.0,7227513.0,5592053.0,0.0,6494432.0,733081.0,102519941.0,56236944.0,46282997.0,2628063.0,140784493.0,2534783.0,port-hardy-d,Port Hardy,port-hardy-d|2024,Port Hardy|2024,"Under 5,000",4197617.0,1874097.0,1143850.0,8824122.0,334493.0,0.027715555720535842,2651.3141476274163,2577.831502636204,2420.1944200351495,922.1478471001758,619.4859402460457,2.0567746890502847,0.01866727608984606,0.9819952968825906,0.8433630480844484,0.8985707808481286,4486.511144130758,3546.5079302077975,3557.844717668488,2783.665107049771,5496.677373974208,2437.8724475115623,3386.4506393861893,1604.3462673977224,624.7436119532265,518.5374381567245,3.324657351485151,1.7099330852451193,0.02521828600111612,0.02529861000232605,0.9816336034641139,0.9815511712696461,0.8531878894527055,0.8619101997275483,0.9614729661922712,0.9623635142836453,0.23352896680225554,0.19976549769108282
Port McNeill,T,MW,2019,2395.0,1307.0,21.0,4755926.0,159632.0,5437573.0,366942.0,1240350.0,1975800.0,3461773.0,25446522.0,0.0,0.0,2960330.0,24147670.0,28908295.0,1547398.0,1566396.0,13583.0,524961.0,244074.0,58510.0,989018.0,0.0,0.0,0.0,4943940.0,1345609.0,138211.0,199336.0,0.0,0.0,350797.0,484150.0,243973.0,266924.0,0.0,1211311.0,,0.0,0.0,4240311.0,25388020.0,25446522.0,1327073.0,0.0,63805.0,1240350.0,72050.0,135855.0,3629116.0,907279.0,135855.0,771424.0,2971317.0,3146120.0,2334569.0,116829.0,2986488.0,159632.0,81048706.0,55660686.0,25388020.0,622938.0,1352069.0,0.0,port-mcneill-t,Port McNeill,port-mcneill-t|2019,Port McNeill|2019,"Under 5,000",2960330.0,782618.0,1047528.0,2956950.0,703629.0,0.14232150875617422,2064.275574112735,1770.4847599164927,1445.416701461378,1236.0459290187891,517.8914405010438,2.407088774167426,0.46072944502092716,1.0,0.850261055309337,0.9492606766429761,,,,,,,,,,,,,,,,,,,,,,
Port McNeill,T,MW,2020,2416.0,1307.0,21.0,6331957.0,61555.0,6879044.0,333750.0,1150159.0,1968231.0,4910813.0,24776981.0,0.0,0.0,2750062.0,23569319.0,29687794.0,1568844.0,1440001.0,6600.0,1476043.0,34470.0,86810.0,0.0,0.0,0.0,0.0,4612768.0,1216314.0,164227.0,205650.0,0.0,0.0,362963.0,238017.0,210914.0,215986.0,0.0,1219198.0,,0.0,0.0,3833269.0,24719478.0,24776981.0,1240350.0,0.0,63805.0,1150159.0,72050.0,135855.0,3620900.0,905225.0,135855.0,769370.0,2963692.0,3160863.0,2395247.0,153849.0,3099308.0,61555.0,81599362.0,56879884.0,24719478.0,550656.0,1057414.0,0.0,port-mcneill-t,Port McNeill,port-mcneill-t|2020,Port McNeill|2020,"Under 5,000",2750062.0,1517113.0,86810.0,2542021.0,779499.0,0.16898725450748878,1909.2582781456954,1586.617963576159,2032.6212748344371,1138.2706953642385,476.05918874172187,3.217080210605361,0.5207572436150836,1.0,0.8499212902869452,0.9805258880248844,,,,,,,,,,,,,,,,,,,,,,
Port McNeill,T,MW,2021,2441.0,1307.0,0.0,5982565.0,39004.0,6743599.0,989636.0,1056360.0,2853511.0,3890088.0,25631013.0,0.0,0.0,2669129.0,24511263.0,29521101.0,1583686.0,1597089.0,3345.0,659216.0,493615.0,72004.0,0.0,0.0,0.0,0.0,4408955.0,1430258.0,236026.0,203147.0,0.0,0.0,509232.0,409223.0,227711.0,201779.0,0.0,1112766.0,,245509.0,0.0,4575651.0,25567625.0,25631013.0,1150159.0,0.0,63805.0,1056360.0,52940.0,116745.0,3745334.0,936334.0,116745.0,819589.0,3095720.0,3267414.0,2591940.0,131816.0,3228410.0,39004.0,83451578.0,57883953.0,25567625.0,1960910.0,1389069.0,0.0,port-mcneill-t,Port McNeill,port-mcneill-t|2021,Port McNeill|2021,"Under 5,000",2669129.0,1156176.0,72004.0,3409945.0,-166696.0,-0.037808505643627574,1806.2085210979108,1874.4985661614094,1593.6452273658338,1093.457189676362,432.75706677591154,2.0965627957978783,1.4116721343576164,1.0,0.8753169275066376,0.9880627309548162,,,,,,,,,,,,,,,,,,,,,,
Port McNeill,T,MW,2022,36786.0,1307.0,0.0,6010456.0,58743.0,6838201.0,1929779.0,958809.0,3221267.0,3616934.0,26230906.0,0.0,0.0,2570423.0,25111374.0,29847840.0,1614686.0,1694822.0,1680.0,1049101.0,505418.0,391254.0,0.0,0.0,0.0,0.0,5256961.0,1694262.0,326775.0,192981.0,0.0,0.0,0.0,643845.0,167291.0,323545.0,591467.0,990053.0,,0.0,0.0,4930219.0,26070183.0,26230906.0,1056360.0,0.0,68257.0,958809.0,33830.0,102087.0,4567683.0,1141921.0,102087.0,1039834.0,3254877.0,3298087.0,2628405.0,595.0,3239344.0,58743.0,84944191.0,58874008.0,26070183.0,1492614.0,1389069.0,0.0,port-mcneill-t,Port McNeill,port-mcneill-t|2022,Port McNeill|2022,"20,000 to 99,999",2570423.0,1556199.0,391254.0,3906336.0,326742.0,0.06215416093062132,142.9065677159789,134.0243299081172,98.3236557385962,69.8750339803186,26.06450823682923,1.8658670641086257,1.074542733298346,1.0,0.9106006457539532,0.9821887657905931,,,,,,,,,,,,,,,,,,,,,,
Port McNeill,T,MW,2023,2591.0,1307.0,0.0,6451606.0,264493.0,7198359.0,687660.0,857356.0,3329881.0,3868478.0,29072076.0,0.0,0.0,4051423.0,26949684.0,32940554.0,1679864.0,1791509.0,0.0,3732143.0,73396.0,453761.0,0.0,343873.0,0.0,0.0,8074546.0,1501104.0,422585.0,200502.0,0.0,0.0,62839.0,632762.0,148070.0,372006.0,469054.0,1172910.0,0.0,0.0,0.0,4981832.0,29003257.0,29072076.0,958809.0,430000.0,110765.0,1243510.0,52147.0,162912.0,4333676.0,1083419.0,162912.0,920507.0,3446540.0,3548178.0,2727588.0,30625.0,3283685.0,264493.0,89050175.0,60046918.0,29003257.0,3295921.0,1717069.0,0.0,port-mcneill-t,Port McNeill,port-mcneill-t|2023,Port McNeill|2023,"Under 5,000",4051423.0,3805539.0,797634.0,3756775.0,3092714.0,0.3830201722796551,3116.382091856426,1922.7448861443459,1493.0443844075646,1563.6522578155152,479.93438826707836,1.9374884567947022,1.9195041084545816,1.0,0.8496315829794382,0.9254566710012857,,,,,,,,,,,,,,,,,,,,,,
Port McNeill,T,MW,2024,2591.0,1307.0,0.0,6918024.0,278990.0,7683527.0,315914.0,750822.0,3214655.0,4468872.0,29063115.0,0.0,0.0,4153086.0,27091417.0,33531987.0,1678270.0,1895205.0,98884.0,1762275.0,0.0,477037.0,0.0,0.0,0.0,0.0,5911671.0,1779716.0,356818.0,191038.0,0.0,0.0,0.0,760758.0,183976.0,281555.0,500950.0,1265427.0,0.0,0.0,0.0,5320238.0,28988694.0,29063115.0,1243510.0,0.0,137459.0,1067774.0,40119.0,177578.0,4531935.0,1132984.0,177578.0,955406.0,3636248.0,4002959.0,3192167.0,0.0,3723969.0,278990.0,90271039.0,61282345.0,28988694.0,1250864.0,272217069.0,6707424.0,port-mcneill-t,Port McNeill,port-mcneill-t|2024,Port McNeill|2024,"Under 5,000",4153086.0,1861159.0,477037.0,4014692.0,591433.0,0.10004497882240064,2281.617522192204,2053.3531455036664,1724.7672713238132,1602.8892319567735,412.10883828637594,2.1520268893551564,0.00459509759838021,0.9753600168253961,0.8432652182202044,0.9303040575734101,3295.226833884918,3546.5079302077975,2651.6543505296113,2783.665107049771,2725.020435376871,2437.8724475115623,1311.726099436231,1604.3462673977224,745.266315888418,518.5374381567245,2.026605100433861,1.7099330852451193,0.015313583120714683,0.02529861000232605,0.9862284812495371,0.9815511712696461,0.804628726290725,0.8619101997275483,0.9387070475233437,0.9623635142836453,0.26007843824193605,0.19976549769108282
Port Moody,C,GVR,2019,35052.0,2592.0,118.0,71527066.0,1105586.0,76673125.0,7705996.0,19337168.0,54907446.0,21765679.0,684216209.0,0.0,0.0,4795204.0,662472864.0,705981888.0,45658168.0,25840598.0,0.0,2663113.0,1478000.0,1363635.0,0.0,5442730.0,0.0,0.0,82446244.0,8678103.0,20264597.0,2259460.0,179113.0,2318731.0,3785724.0,15298330.0,6096063.0,4369465.0,0.0,9033397.0,,1096001.0,0.0,73378984.0,683567351.0,684216209.0,22044497.0,0.0,849489.0,21094484.0,687000.0,1536489.0,71214923.0,17803731.0,1536489.0,16267242.0,69992686.0,71521587.0,63113977.0,1155392.0,70416001.0,1105586.0,822315646.0,138748295.0,683567351.0,21064823.0,1107174554.0,13748390.0,port-moody-c,Port Moody,port-moody-c|2019,Port Moody|2019,"20,000 to 99,999",4795204.0,4141113.0,6806365.0,63658587.0,9067260.0,0.10997784204699489,2352.1124044277076,2093.4321579367797,620.9539826543421,136.8025790254479,601.8054319297045,1.3026842661740268,0.019025747045844768,0.9875824548619458,0.9136984826382739,0.9845419257824913,,,,,,,,,,,,,,,,,,,,,,
Port Moody,C,GVR,2020,35151.0,2592.0,116.0,109304116.0,2387619.0,117121810.0,20391083.0,18664326.0,71318256.0,45803554.0,687473975.0,0.0,0.0,4826799.0,663009281.0,733277529.0,46730701.0,24264087.0,0.0,7845191.0,220000.0,1085338.0,0.0,19701061.0,28306.0,0.0,99874684.0,7898987.0,20472997.0,2514411.0,153954.0,2533142.0,3660064.0,13863429.0,6865997.0,4558542.0,0.0,9392961.0,,664559.0,0.0,72579043.0,686760564.0,687473975.0,21094484.0,3605000.0,824569.0,23751282.0,707590.0,1532159.0,71418653.0,17854663.0,1532159.0,16322504.0,68507755.0,69734033.0,60287231.0,1089836.0,67346414.0,2387619.0,833692405.0,146931841.0,686760564.0,13630025.0,1212553975.0,16748276.0,port-moody-c,Port Moody,port-moody-c|2020,Port Moody|2020,"20,000 to 99,999",4826799.0,8065191.0,20814705.0,62478492.0,27295641.0,0.27329889724607287,2841.304201871924,2064.778896759694,1303.0512360957014,137.3161218741999,675.692924810105,1.5326246340067542,0.011240757344430792,0.9861876037312071,0.9141871790019224,0.9657610653323321,,,,,,,,,,,,,,,,,,,,,,
Port Moody,C,MVRD,2021,35951.0,2592.0,112.0,113589252.0,1008545.0,120356040.0,8058575.0,17856230.0,58847588.0,61508452.0,685506880.0,0.0,0.0,7035843.0,662179581.0,747015332.0,46795698.0,25574974.0,0.0,2439011.0,1539000.0,966809.0,0.0,9780172.0,2190724.0,0.0,89286388.0,8276759.0,21329210.0,2556380.0,157105.0,3127226.0,4093324.0,14284386.0,6672287.0,4908856.0,0.0,10012088.0,,228495.0,0.0,75646116.0,684668243.0,685506880.0,23653752.0,0.0,1017509.0,22488662.0,724713.0,1742222.0,71737063.0,17934266.0,1742222.0,16192044.0,73311632.0,75804270.0,66190200.0,2410957.0,74795725.0,1008545.0,840804562.0,156136319.0,684668243.0,8221219.0,1256037364.0,17836173.0,port-moody-c,Port Moody,port-moody-c|2021,Port Moody|2021,"20,000 to 99,999",7035843.0,3978011.0,12937705.0,64909315.0,13640272.0,0.1527698936594904,2483.5578426191205,2104.144975105004,1710.8968317988374,195.70646157269616,625.5364802091736,1.9302278285390388,0.0065453618145709875,0.9857996477563385,0.9028551266051257,0.986695406472485,,,,,,,,,,,,,,,,,,,,,,
Port Moody,C,MVRD,2022,832.0,2592.0,113.0,121543917.0,1162899.0,129538565.0,15374831.0,17129613.0,72107454.0,57431111.0,704392849.0,0.0,0.0,8296279.0,680500876.0,761823960.0,49932175.0,27994245.0,0.0,2720615.0,1569000.0,2531896.0,0.0,12335734.0,30909.0,0.0,97114574.0,9896575.0,22613526.0,2832415.0,179096.0,3622441.0,4762033.0,16617907.0,6574558.0,4833222.0,0.0,10195567.0,,178606.0,0.0,82305946.0,703457202.0,704392849.0,22488662.0,1474000.0,833939.0,22956326.0,763804.0,1597743.0,78895039.0,19723760.0,1597743.0,18126017.0,73182756.0,74469953.0,65873191.0,1032227.0,73307054.0,1162899.0,868633135.0,165175933.0,703457202.0,29199552.0,1303569298.0,18400503.0,port-moody-c,Port Moody,port-moody-c|2022,Port Moody|2022,"Under 5,000",8296279.0,4289615.0,14898539.0,71346575.0,14808628.0,0.15248615516760647,116724.24759615384,98925.41586538461,69027.77764423077,9971.489182692309,27591.73798076923,1.6855943492332983,0.02239969293907074,0.9858845225733446,0.9189939950597655,0.9843843194046329,,,,,,,,,,,,,,,,,,,,,,
Port Moody,C,MVRD,2023,39316.0,2592.0,115.0,129431148.0,1312779.0,145042922.0,19036893.0,16353779.0,81284504.0,63758418.0,723385320.0,0.0,0.0,9946948.0,699268457.0,787143738.0,56422028.0,32960516.0,0.0,15995782.0,1617000.0,4706199.0,0.0,4490041.0,63538.0,0.0,116255104.0,10365157.0,25300714.0,2638034.0,191407.0,4640458.0,4885918.0,18910417.0,6834260.0,5728164.0,0.0,11013338.0,24072.0,403387.0,0.0,90935326.0,721922820.0,723385320.0,22956326.0,185477.0,888002.0,22057156.0,986079.0,1874081.0,92151772.0,23037943.0,1874081.0,21163862.0,86860635.0,88319949.0,79468731.0,1219530.0,87007170.0,1312779.0,897631617.0,175708797.0,721922820.0,29369725.0,1390653838.0,20236419.0,port-moody-c,Port Moody,port-moody-c|2023,Port Moody|2023,"20,000 to 99,999",9946948.0,17612782.0,9259778.0,78935909.0,25319778.0,0.21779497956494023,2956.9412961644116,2312.9343269915557,1621.6913724692238,253.0,561.0223827449385,1.592322541575698,0.021119364285679267,0.9854482701251496,0.918652416146702,0.9851360987538613,,,,,,,,,,,,,,,,,,,,,,
Port Moody,C,MVRD,2024,39316.0,2592.0,125.0,130274004.0,1567012.0,146237618.0,11013432.0,15544804.0,80003969.0,66233649.0,741386148.0,0.0,0.0,15735316.0,716866642.0,807619797.0,61312582.0,31678082.0,0.0,6232660.0,1681000.0,5112241.0,0.0,5796468.0,4734790.0,0.0,116547823.0,10755160.0,26081245.0,3287963.0,173987.0,4564662.0,5149634.0,20474524.0,7449350.0,6196667.0,0.0,11660564.0,25124.0,252884.0,0.0,96071764.0,739855949.0,741386148.0,22057156.0,1578197.0,944756.0,22468218.0,1034679.0,1979435.0,96749593.0,24187398.0,1979435.0,22207963.0,95307701.0,96971455.0,87547121.0,1385885.0,95404443.0,1567012.0,926168392.0,186312443.0,739855949.0,29929882.0,1442169698.0,21291988.0,port-moody-c,Port Moody,port-moody-c|2024,Port Moody|2024,"20,000 to 99,999",15735316.0,7913660.0,15643499.0,83376521.0,20476059.0,0.1756880435252746,2964.3865856139996,2443.579306134907,1684.6487180791535,400.22677790212634,571.4777189948113,1.6283442637702137,0.020753370453911728,0.9852361424390432,0.9181625489438756,0.9838404817170167,2823.8160359162957,3546.5079302077975,2313.177731087988,2783.665107049771,1634.933826557682,2437.8724475115623,1015.8871081440785,1604.3462673977224,757.3716446138835,518.5374381567245,1.4428133381403412,1.7099330852451193,0.021350493990494074,0.02529861000232605,0.9847118933607182,0.9815511712696461,0.8457939120832807,0.8619101997275483,0.9744645665293163,0.9623635142836453,0.16542076645989975,0.19976549769108282
Pouce Coupe,V,PEA,2019,830.0,325.0,0.0,5230328.0,77078.0,5511577.0,181277.0,0.0,348731.0,5162846.0,12213766.0,151446.0,227758.0,798717.0,12164190.0,17376612.0,549270.0,400923.0,2400.0,1675318.0,155611.0,145449.0,0.0,0.0,0.0,0.0,2928971.0,743008.0,259797.0,47667.0,0.0,0.0,466288.0,275422.0,399847.0,97285.0,0.0,395140.0,,0.0,0.0,2684454.0,12164190.0,12213766.0,0.0,0.0,0.0,0.0,0.0,0.0,2544980.0,636245.0,0.0,636245.0,1010805.0,1069336.0,732234.0,46742.0,992258.0,77078.0,19921082.0,7756892.0,12164190.0,533606.0,867983.0,0.0,pouce-coupe-v,Pouce Coupe,pouce-coupe-v|2019,Pouce Coupe|2019,"Under 5,000",1177921.0,1833329.0,145449.0,2289314.0,244517.0,0.08348221952351184,3528.880722891566,3234.2819277108433,6220.2963855421685,1419.1819277108434,0.0,14.998173377187575,0.6147654965592644,1.0,1.0,0.9279197558110828,,,,,,,,,,,,,,,,,,,,,,
Pouce Coupe,V,PEA,2020,835.0,325.0,0.0,5870439.0,47179.0,6164445.0,176806.0,0.0,349184.0,5815261.0,12001183.0,174225.0,395678.0,819244.0,11967041.0,17816444.0,501657.0,284861.0,107693.0,1868938.0,157424.0,124858.0,0.0,0.0,0.0,48878.0,3094309.0,714598.0,204152.0,110848.0,75732.0,0.0,501401.0,221114.0,285980.0,139395.0,0.0,401259.0,,0.0,0.0,2654479.0,11988782.0,12001183.0,0.0,0.0,0.0,0.0,0.0,0.0,2403192.0,600798.0,0.0,600798.0,935893.0,1018561.0,689129.0,48623.0,971382.0,47179.0,20146933.0,8158151.0,11988782.0,204110.0,867983.0,0.0,pouce-coupe-v,Pouce Coupe,pouce-coupe-v|2020,Pouce Coupe|2020,"Under 5,000",1389147.0,2134055.0,173736.0,2253220.0,439830.0,0.14214158960853618,3705.7592814371255,3179.0167664670657,6964.384431137724,1663.6491017964072,0.0,16.811878551136363,0.235154375143292,1.0,1.0,0.9536807319345626,,,,,,,,,,,,,,,,,,,,,,
Pouce Coupe,V,PEA,2021,839.0,325.0,0.0,6050266.0,81320.0,6319281.0,262613.0,0.0,430068.0,5889213.0,11926403.0,191697.0,562125.0,830021.0,11894342.0,17815616.0,577824.0,359832.0,181215.0,1561770.0,159908.0,49197.0,0.0,11570.0,12000.0,0.0,2913316.0,962976.0,186250.0,114960.0,69449.0,0.0,537198.0,188290.0,254767.0,210706.0,0.0,389548.0,,0.0,0.0,2914144.0,11912365.0,11926403.0,0.0,0.0,0.0,0.0,0.0,0.0,2460941.0,615235.0,0.0,615235.0,1055650.0,1119778.0,788592.0,22383.0,1038458.0,81320.0,20385532.0,8473167.0,11912365.0,316849.0,971594.0,0.0,pouce-coupe-v,Pouce Coupe,pouce-coupe-v|2021,Pouce Coupe|2021,"Under 5,000",1583843.0,1902893.0,72767.0,2524596.0,-828.0,-0.0002842122172809266,3472.367103694875,3473.3539928486293,7019.324195470798,1887.7747318235995,0.0,14.068161314024758,0.32611255318579574,1.0,1.0,0.9273784625166774,,,,,,,,,,,,,,,,,,,,,,
Pouce Coupe,V,PEA,2022,14148.0,325.0,0.0,5583000.0,105202.0,5988291.0,310961.0,0.0,498550.0,5489741.0,12339776.0,194140.0,765209.0,850168.0,12311208.0,17829517.0,609748.0,592726.0,11290.0,1675887.0,92737.0,126521.0,0.0,15637.0,0.0,0.0,3124546.0,876787.0,271340.0,118497.0,68355.0,0.0,773450.0,181887.0,333221.0,83637.0,0.0,403471.0,,0.0,0.0,3110645.0,12326659.0,12339776.0,0.0,0.0,0.0,0.0,0.0,0.0,2928990.0,732248.0,0.0,732248.0,1084392.0,1180664.0,818871.0,31221.0,1075462.0,105202.0,21203297.0,8876638.0,12326659.0,825697.0,868365.0,0.0,pouce-coupe-v,Pouce Coupe,pouce-coupe-v|2022,Pouce Coupe|2022,"5,000 to 19,999",1809517.0,1779914.0,142158.0,2707174.0,13901.0,0.004448966345830722,220.84718688153802,219.86464517953067,388.02240599378,127.89913768730563,0.0,11.198475579179622,0.9508639800084066,1.0,1.0,0.9108959026446135,,,,,,,,,,,,,,,,,,,,,,
Pouce Coupe,V,PEA,2023,832.0,325.0,0.0,6687516.0,119530.0,7176712.0,211425.0,0.0,492169.0,6684543.0,12358376.0,0.0,0.0,772146.0,12266984.0,19042919.0,685309.0,832357.0,18693.0,2463908.0,97226.0,209054.0,0.0,19641.0,0.0,0.0,4326188.0,903765.0,381100.0,129514.0,29752.0,0.0,488669.0,190505.0,364800.0,80720.0,400.0,487996.0,181.0,0.0,0.0,3057402.0,12329986.0,12358376.0,0.0,0.0,0.0,0.0,0.0,0.0,3254434.0,813609.0,0.0,813609.0,1147866.0,1349553.0,1098514.0,131509.0,1230023.0,119530.0,21723790.0,9393804.0,12329986.0,499341.0,68379546.0,1030175.0,pouce-coupe-v,Pouce Coupe,pouce-coupe-v|2023,Pouce Coupe|2023,"Under 5,000",772146.0,2579827.0,228695.0,2569406.0,1268786.0,0.2932803659942656,5199.745192307692,3674.762019230769,8034.306490384615,928.0600961538462,0.0,13.587844825659479,0.007302490718496434,0.9849344568622904,1.0,0.9114299327258729,,,,,,,,,,,,,,,,,,,,,,
Pouce Coupe,V,PEA,2024,832.0,325.0,0.0,8114139.0,106372.0,8617508.0,647252.0,0.0,1054550.0,7562958.0,13768911.0,0.0,0.0,802943.0,13677399.0,21331869.0,682645.0,750357.0,1517595.0,1794842.0,232738.0,356549.0,0.0,0.0,0.0,0.0,5334726.0,895801.0,291874.0,115807.0,101807.0,0.0,437150.0,280112.0,355425.0,94430.0,0.0,472115.0,1255.0,0.0,0.0,3045776.0,13741656.0,13768911.0,0.0,0.0,0.0,0.0,0.0,0.0,3365951.0,841488.0,0.0,841488.0,1189823.0,1215341.0,1108969.0,0.0,1108969.0,106372.0,23607576.0,9865920.0,13741656.0,1883786.0,70030176.0,1119493.0,pouce-coupe-v,Pouce Coupe,pouce-coupe-v|2024,Pouce Coupe|2024,"Under 5,000",802943.0,3545175.0,356549.0,2573661.0,2288950.0,0.4290660851185234,6411.930288461538,3660.7884615384614,9090.09375,965.0757211538462,0.0,7.6944089896164245,0.026899632524127883,0.9840141341355475,1.0,0.9124755932697078,4648.097865362712,3546.5079302077975,3428.422456291105,2783.665107049771,5030.364110900993,2437.8724475115623,2420.45,1604.3462673977224,224.31236112962716,518.5374381567245,2.204313821553219,1.7099330852451193,0.030042455998363887,0.02529861000232605,0.9786113537119745,0.9815511712696461,0.9039920521842442,0.8619101997275483,0.9333160528846489,0.9623635142836453,0.20869205825466772,0.19976549769108282
Powell River,C,POW,2019,13829.0,2828.0,123.0,34778906.0,1022430.0,43188704.0,5445719.0,12432697.0,24338778.0,18849926.0,113183584.0,0.0,0.0,12036876.0,99947270.0,132033510.0,20288507.0,11368945.0,1869011.0,1089749.0,1288836.0,983234.0,2814000.0,1683550.0,2300.0,0.0,41388132.0,4978694.0,6167749.0,575612.0,0.0,1459034.0,4630765.0,6581997.0,1525680.0,2328991.0,979644.0,3204581.0,,0.0,0.0,32432747.0,112379968.0,113183584.0,13107531.0,1500000.0,2063455.0,12432697.0,428808.0,2492263.0,31410766.0,7852692.0,2492263.0,4076525.0,27448804.0,28425081.0,22651813.0,514523.0,27402651.0,1022430.0,207889749.0,95509781.0,112379968.0,10114924.0,524868856.0,8384350.0,powell-river-c,Powell River,powell-river-c|2019,Powell River|2019,"5,000 to 19,999",12036876.0,4247596.0,5483084.0,28799358.0,8955385.0,0.21637567503650562,2992.8506761154094,2345.2705907874756,1363.07223949671,870.4082724708945,899.0308048304288,1.4289503770485108,0.019271335847749368,0.9840258192038737,0.5191245244306029,0.9640307093584007,,,,,,,,,,,,,,,,,,,,,,
Powell River,C,POW,2020,13865.0,2828.0,123.0,73730934.0,1026218.0,81389224.0,5962345.0,21377835.0,55146101.0,26243123.0,116716899.0,0.0,0.0,13154691.0,94608101.0,142960022.0,21554555.0,9651849.0,1146703.0,4340208.0,1230668.0,1242399.0,1849277.0,1709531.0,8677.0,3.0,42733870.0,5316632.0,6468979.0,651423.0,0.0,1858749.0,3856622.0,5405395.0,1515823.0,2617895.0,874821.0,3241019.0,,0.0,0.0,31807358.0,115985936.0,116716899.0,12432697.0,10000000.0,982787.0,21377835.0,480521.0,1463308.0,30370361.0,7592590.0,1463308.0,4762434.0,28747789.0,29886364.0,23899212.0,709859.0,28860146.0,1026218.0,214409102.0,98423166.0,115985936.0,6852311.0,531194692.0,8499359.0,powell-river-c,Powell River,powell-river-c|2020,Powell River|2020,"5,000 to 19,999",13154691.0,6717579.0,4809887.0,28085818.0,10926512.0,0.2556873973735587,3082.1399206635415,2294.0755860079335,1892.7604038946988,948.7696357735305,1541.8561125135232,1.3370108251170831,0.012899810753380044,0.9839995407936042,0.6272476190601626,0.965662668098401,,,,,,,,,,,,,,,,,,,,,,
Powell River,C,qRD,2021,14024.0,2828.0,123.0,74586840.0,1078001.0,87318717.0,10013012.0,24718686.0,61745989.0,25572728.0,137816418.0,0.0,0.0,14368067.0,112208063.0,163389146.0,22434378.0,11115965.0,7430017.0,6206844.0,2246021.0,799795.0,3109347.0,1366909.0,324859.0,0.0,55034135.0,5024481.0,6939613.0,756096.0,0.0,2146268.0,6009043.0,6050427.0,1493551.0,2830401.0,2461.0,3352670.0,,0.0,0.0,34605011.0,136926749.0,137816418.0,21377835.0,5000000.0,1578125.0,24718686.0,630646.0,2208771.0,32430880.0,8107720.0,2208771.0,4840413.0,30523948.0,31662066.0,25601097.0,719394.0,30584065.0,1078001.0,236378589.0,99451840.0,136926749.0,24483624.0,575305224.0,9048945.0,powell-river-c,Powell River,powell-river-c|2021,Powell River|2021,"5,000 to 19,999",14368067.0,15882882.0,5600910.0,30621695.0,20429124.0,0.37120823285402776,3924.2823017683972,2467.556403308614,1823.4974329720478,1024.5341557330291,1762.5988305761553,1.2079625123503974,0.042557625028623064,0.9842710536555114,0.5970128470149438,0.9659529166542701,,,,,,,,,,,,,,,,,,,,,,
Powell River,C,qRD,2022,82125.0,2828.0,123.0,48155228.0,711972.0,66995488.0,8783215.0,28724913.0,55013270.0,11982218.0,201168940.0,0.0,0.0,18141602.0,171377881.0,213151158.0,21074087.0,14238026.0,22663586.0,20343355.0,2246862.0,1227989.0,3040996.0,50147.0,5400932.0,0.0,90285980.0,6209935.0,6837802.0,960093.0,0.0,2970101.0,5495415.0,6765241.0,1628224.0,2861504.0,3319517.0,3476136.0,,0.0,0.0,40523968.0,200102795.0,201168940.0,24718686.0,5000000.0,902634.0,28724913.0,693469.0,1596103.0,33624267.0,8406067.0,1596103.0,5852224.0,29772889.0,31073063.0,24989197.0,947681.0,30361091.0,711972.0,302463221.0,102360426.0,200102795.0,67404377.0,654272598.0,9341304.0,powell-river-c,Powell River,powell-river-c|2022,Powell River|2022,"20,000 to 99,999",18141602.0,45253803.0,9720064.0,36354363.0,49762012.0,0.5511599032319303,1099.3726636225267,493.4425327245053,145.90219786910197,220.90230745814307,349.7706301369863,0.8753384047158077,0.10302185542546595,0.9857226116017165,0.6961905014556748,0.9770871638885423,,,,,,,,,,,,,,,,,,,,,,
Powell River,C,qRD,2023,14607.0,2828.0,123.0,49573412.0,1079917.0,70026511.0,8183180.0,33353550.0,55691641.0,14334870.0,209977115.0,0.0,0.0,27443765.0,173564631.0,224311985.0,24724417.0,12394167.0,269681.0,5627911.0,1771251.0,2589237.0,9582958.0,578224.0,9499.0,0.0,57547345.0,6789605.0,7967227.0,1017969.0,0.0,2047814.0,5824880.0,7284008.0,1671726.0,3658591.0,1294438.0,5698370.0,88176.0,1464154.0,0.0,44806958.0,208865991.0,209977115.0,28724913.0,5500000.0,760977.0,33353550.0,1075014.0,1835991.0,36521165.0,9130291.0,1835991.0,6770378.0,34532760.0,35495361.0,29474603.0,561823.0,4381777.0,1079917.0,308010822.0,99144831.0,208865991.0,15678099.0,591780983.0,10836503.0,powell-river-c,Powell River,powell-river-c|2023,Powell River|2023,"5,000 to 19,999",27443765.0,7668843.0,12759918.0,38033574.0,12740387.0,0.22138965750722298,3939.710070514137,3067.499007325255,981.3698911480797,1878.809132607654,2283.39494762785,0.8901409818396265,0.026493076746942373,0.9816883216742367,0.7415292677966124,0.12344646952597552,,,,,,,,,,,,,,,,,,,,,,
Powell River,C,qRD,2024,14607.0,2828.0,123.0,66402515.0,1436477.0,75465076.0,8759124.0,32882179.0,56801248.0,18663828.0,216897888.0,0.0,0.0,30317145.0,182919044.0,235561716.0,28061324.0,12737958.0,7048379.0,1536745.0,1576645.0,2849219.0,411897.0,1922945.0,404745.0,0.0,56549857.0,7659102.0,8255408.0,1165730.0,0.0,1742253.0,5920438.0,7631868.0,1565518.0,4075830.0,1283525.0,5944385.0,99728.0,9322.0,0.0,45353107.0,215801222.0,216897888.0,33353550.0,1000000.0,1337774.0,32882179.0,1203461.0,2541235.0,41203205.0,10300801.0,2541235.0,7240205.0,39704499.0,41082290.0,34406752.0,881354.0,39645813.0,1436477.0,317021031.0,101219809.0,215801222.0,13956846.0,620353924.0,11420235.0,powell-river-c,Powell River,powell-river-c|2024,Powell River|2024,"5,000 to 19,999",30317145.0,10161769.0,5588806.0,38205261.0,11196750.0,0.19799784816431984,3871.4217156158006,3104.8885465872527,1277.7317724378722,2075.5216676935715,2251.124734716232,1.1690326768876627,0.022498198947476955,0.9815907749460774,0.702877863575852,0.9650341546199104,3601.3561989291247,3546.5079302077975,2957.8976990295423,2783.665107049771,1917.0647247750476,2437.8724475115623,987.5598464714869,1604.3462673977224,936.3446522221191,518.5374381567245,1.3967465323081123,1.7099330852451193,0.018327243000235003,0.02529861000232605,0.982034678745671,0.9815511712696461,0.7988058564062199,0.8619101997275483,0.970292410805516,0.9623635142836453,0.19624174475580758,0.19976549769108282
Prince George,C,FFG,2019,81345.0,31549.0,926.0,101362000.0,5319000.0,126562000.0,29755000.0,77112000.0,144293000.0,-17731000.0,734039000.0,10356000.0,7700000.0,47339000.0,643581000.0,716308000.0,118400000.0,53500000.0,6970000.0,13256000.0,627000.0,5230000.0,0.0,6826000.0,3470000.0,8751000.0,217030000.0,20588000.0,50998000.0,2818000.0,530000.0,2469000.0,29647000.0,26730000.0,7570000.0,6273000.0,1538000.0,25955000.0,,0.0,0.0,175116000.0,730493000.0,734039000.0,83651000.0,14954000.0,8889000.0,86912000.0,5137000.0,14026000.0,177512689.0,44378172.0,14026000.0,23982421.0,158104000.0,164369000.0,136486000.0,4164000.0,159050000.0,5319000.0,1259982000.0,529489000.0,730493000.0,58957000.0,3259416057.0,0.0,prince-george-c,Prince George,prince-george-c|2019,Prince George|2019,"20,000 to 99,999",65395000.0,20853000.0,24277000.0,144024000.0,41914000.0,0.19312537437220662,2668.018931710615,2152.756776691868,-217.9728317659352,803.9215686274509,1068.4369045423812,0.7024734394599876,0.01808820935068493,1.0,0.5404102945024414,0.9676398834330074,,,,,,,,,,,,,,,,,,,,,,
Prince George,C,FFG,2020,82290.0,31549.0,1557.0,96062000.0,6646000.0,124285000.0,44017000.0,60549000.0,143071000.0,-18786000.0,773502000.0,12125000.0,10188000.0,48431000.0,701669000.0,754716000.0,122033000.0,48114000.0,5082000.0,21912000.0,488000.0,4511000.0,0.0,3064000.0,317000.0,5025000.0,210546000.0,21519000.0,52862000.0,2941000.0,571000.0,3351000.0,28603000.0,20554000.0,7336000.0,6049000.0,1208000.0,27144000.0,,0.0,0.0,172138000.0,770261000.0,773502000.0,86912000.0,671000.0,15847000.0,68593000.0,4881000.0,20728000.0,171514757.0,42878689.0,20728000.0,15422526.0,159492000.0,165754000.0,138456000.0,3622000.0,159108000.0,6646000.0,1321563000.0,551302000.0,770261000.0,67313000.0,3702363000.0,0.0,prince-george-c,Prince George,prince-george-c|2020,Prince George|2020,"20,000 to 99,999",70744000.0,27482000.0,12917000.0,140113000.0,38408000.0,0.1824209436417695,2558.585490339045,2091.8459108032566,-228.29019321910317,859.6913355207195,833.5520719406975,0.6714288709801427,0.01818109137326621,1.0,0.359678114225927,0.9599044366953438,,,,,,,,,,,,,,,,,,,,,,
Prince George,C,FFG,2021,82326.0,31549.0,1555.0,179281000.0,4558000.0,203732000.0,39985000.0,68091000.0,159493000.0,44239000.0,758977000.0,15609000.0,15749000.0,102210000.0,669554000.0,803216000.0,124322000.0,50877000.0,6502000.0,15872000.0,1153000.0,5740000.0,0.0,4681000.0,0.0,5962000.0,215109000.0,20021000.0,54279000.0,2788000.0,668000.0,2418000.0,25124000.0,19760000.0,6902000.0,5639000.0,1252000.0,26422000.0,,1336000.0,0.0,166609000.0,755532000.0,758977000.0,68593000.0,29937000.0,9081000.0,85979000.0,4782000.0,13863000.0,178208247.0,44552062.0,13863000.0,24965473.0,169416000.0,176989000.0,148420000.0,5570000.0,172431000.0,4558000.0,1298405000.0,542873000.0,755532000.0,47710000.0,4060401000.0,0.0,prince-george-c,Prince George,prince-george-c|2021,Prince George|2021,"20,000 to 99,999",133568000.0,23527000.0,16383000.0,135405000.0,48500000.0,0.2254670887782473,2612.892646308578,2023.7713480552923,537.3636518232394,1622.427908558657,1044.3723732478197,1.1240681409215452,0.01175007099052532,1.0,0.5603662744049871,0.9742469871008933,,,,,,,,,,,,,,,,,,,,,,
Prince George,C,FFG,2022,13175.0,31549.0,1757.0,220035000.0,5128000.0,249505000.0,41612000.0,96320000.0,188233000.0,61272000.0,783841000.0,20852000.0,19551000.0,105537000.0,668008000.0,845113000.0,128788000.0,51826000.0,4537000.0,10552000.0,460000.0,6509000.0,0.0,6827000.0,0.0,10721000.0,220220000.0,18163000.0,56306000.0,2798000.0,634000.0,2559000.0,28440000.0,25720000.0,7224000.0,6103000.0,2128000.0,28173000.0,,75000.0,0.0,178323000.0,780358000.0,783841000.0,85979000.0,34899000.0,7423000.0,112350000.0,3829345.0,11252345.0,188567032.0,47141758.0,11252345.0,34110515.0,177065000.0,182497000.0,158060000.0,3485000.0,177369000.0,5128000.0,1340507000.0,560149000.0,780358000.0,54371000.0,4250344000.0,89307000.0,prince-george-c,Prince George,prince-george-c|2022,Prince George|2022,"5,000 to 19,999",145940000.0,15549000.0,24057000.0,146320655.0,41897000.0,0.19025065843247663,16714.990512333967,13534.952561669828,4650.626185958255,11077.039848197344,8527.514231499052,1.1689501840803684,0.01279214105964129,0.9789882889479063,0.7235732490078117,0.9719009079601308,,,,,,,,,,,,,,,,,,,,,,
Prince George,C,FFG,2023,84006.0,31549.0,1761.0,249459000.0,7842000.0,279644000.0,48874000.0,89160000.0,194777000.0,84867000.0,813300000.0,20234000.0,23730000.0,116680000.0,689125000.0,898167000.0,140216000.0,64853000.0,277000.0,20445000.0,4762000.0,13263000.0,0.0,5464000.0,326000.0,0.0,249606000.0,19088000.0,60224000.0,2780000.0,0.0,5037000.0,33312000.0,29386000.0,7316000.0,6181000.0,1084000.0,30861000.0,0.0,1283000.0,0.0,196552000.0,809078000.0,813300000.0,112350000.0,1561000.0,8375000.0,104359000.0,4451000.0,12826000.0,209889114.0,52472279.0,12826000.0,38327316.0,192412000.0,198955000.0,170024000.0,3520000.0,190885000.0,7842000.0,1392793000.0,583715000.0,809078000.0,47152000.0,4455015359.0,91229589.0,prince-george-c,Prince George,prince-george-c|2023,Prince George|2023,"20,000 to 99,999",160644000.0,25484000.0,19053000.0,161240000.0,53054000.0,0.21255098034502376,2971.2877651596314,2339.737637787777,1010.249267909435,1912.291979144347,1242.280313310954,1.280741565995985,0.010584026361378028,0.9795220483772972,0.7304297951304917,0.9594380638837928,,,,,,,,,,,,,,,,,,,,,,
Prince George,C,FFG,2024,84006.0,31549.0,1758.0,271201000.0,8572000.0,301686000.0,52878000.0,87642000.0,199231000.0,102455000.0,838266000.0,22298000.0,24777000.0,122617000.0,733565000.0,940721000.0,149539000.0,66486000.0,620000.0,8411000.0,4199000.0,14139000.0,0.0,6595000.0,15000.0,1034000.0,251038000.0,22618000.0,65954000.0,3038000.0,0.0,5372000.0,32697000.0,31648000.0,7179000.0,6599000.0,1196000.0,32183000.0,0.0,0.0,0.0,208484000.0,834063000.0,838266000.0,104359000.0,5536000.0,8207000.0,100498000.0,5035000.0,13242000.0,221855438.0,55463860.0,13242000.0,38623214.0,203511000.0,212899000.0,180597000.0,5890000.0,204041000.0,8572000.0,1445000000.0,610937000.0,834063000.0,57184000.0,5236759000.0,93985294.0,prince-george-c,Prince George,prince-george-c|2024,Prince George|2024,"20,000 to 99,999",169692000.0,13230000.0,21783000.0,171266000.0,42554000.0,0.16951218540619348,2988.334166607147,2481.775111301574,1219.6152655762683,2019.998571530605,1196.3193105254386,1.361238963815872,0.010919731077943438,0.9820527746264436,0.696367220023994,0.9583934165966022,2823.8160359162957,3546.5079302077975,2313.177731087988,2783.665107049771,1634.933826557682,2437.8724475115623,1015.8871081440785,1604.3462673977224,757.3716446138835,518.5374381567245,1.4428133381403412,1.7099330852451193,0.021350493990494074,0.02529861000232605,0.9847118933607182,0.9815511712696461,0.8457939120832807,0.8619101997275483,0.9744645665293163,0.9623635142836453,0.16542076645989975,0.19976549769108282
Prince Rupert,C,SKQ,2019,13054.0,6585.0,97.0,48460255.0,1062799.0,106681361.0,6514933.0,7161929.0,33213707.0,73467654.0,80783663.0,128364.0,153524.0,15163999.0,71025716.0,154251317.0,22398793.0,12693125.0,676303.0,9173408.0,1508790.0,889753.0,10141762.0,31095.0,102269.0,86150.0,57701448.0,4438512.0,9819449.0,2722279.0,0.0,1185078.0,7181226.0,6067015.0,2401018.0,1184158.0,332080.0,4726604.0,,0.0,0.0,40057419.0,80175016.0,80783663.0,8488267.0,1600000.0,803330.0,9149300.0,345252.0,1148582.0,34138978.0,8534745.0,1148582.0,7386163.0,26015426.0,28769496.0,22969701.0,2123413.0,27706697.0,1062799.0,142967900.0,62792884.0,80175016.0,7462208.0,7544598.0,0.0,prince-rupert-c,Prince Rupert,prince-rupert-c|2019,Prince Rupert|2019,"5,000 to 19,999",15445887.0,11358501.0,11251029.0,34985563.0,17644029.0,0.3057813904427494,4420.21204228589,3068.5934579439254,5627.980235943006,1183.23019764057,700.8809560288034,1.4590438519855673,0.9890796037111587,1.0,0.8654228099374967,0.9630581293464439,,,,,,,,,,,,,,,,,,,,,,
Prince Rupert,C,SKQ,2020,13036.0,6585.0,97.0,64642403.0,976482.0,131810758.0,7917706.0,9802981.0,34696569.0,97114189.0,94660161.0,0.0,0.0,1865905.0,82688529.0,191774350.0,25360495.0,18669596.0,7744574.0,17253955.0,2062156.0,775244.0,4898000.0,3170.0,227437.0,1322547.0,78317174.0,5296225.0,10973040.0,2778616.0,0.0,889271.0,5970914.0,5311455.0,2313695.0,2117221.0,327066.0,4872608.0,,0.0,0.0,40850111.0,94042106.0,94660161.0,9083029.0,3350000.0,923521.0,11353575.0,329976.0,1253497.0,42150389.0,10537597.0,1253497.0,9284100.0,28345541.0,30177538.0,25206296.0,1429377.0,29201056.0,976482.0,159914754.0,65872648.0,94042106.0,18739698.0,9708806.0,0.0,prince-rupert-c,Prince Rupert,prince-rupert-c|2020,Prince Rupert|2020,"5,000 to 19,999",1865905.0,27060685.0,7226398.0,35647527.0,37467063.0,0.47840162107994344,6007.761123043879,3133.6384627186253,7449.6923135931265,143.13478060754832,870.9400889843511,1.863077672031491,1.9301753480294075,1.0,0.8810452705678534,0.9676420919426892,,,,,,,,,,,,,,,,,,,,,,
Prince Rupert,C,NCRD,2021,13177.0,6585.0,97.0,77853089.0,608064.0,144933768.0,11997046.0,26504066.0,61150192.0,83783576.0,115250465.0,0.0,0.0,1649699.0,86880692.0,199034041.0,26463143.0,15369401.0,22173.0,1128271.0,935156.0,621792.0,3989000.0,30000.0,0.0,125489.0,48684425.0,3703179.0,12958842.0,2957391.0,0.0,892377.0,6348324.0,5623653.0,2557651.0,1743116.0,329370.0,4310832.0,,0.0,0.0,41424735.0,114478591.0,115250465.0,11345903.0,20000000.0,3570976.0,27597896.0,444956.0,4015932.0,38455816.0,9613954.0,4015932.0,5598022.0,30450267.0,32231785.0,27725392.0,1283310.0,31623721.0,608064.0,184043654.0,69565063.0,114478591.0,24747316.0,11258432.0,0.0,prince-rupert-c,Prince Rupert,prince-rupert-c|2021,Prince Rupert|2021,"5,000 to 19,999",1649699.0,2085600.0,4766281.0,36668947.0,7259690.0,0.14911729983459804,3694.6516657812854,3143.7151855505804,6358.319496091675,125.19534036578888,2094.3990286104577,1.2731454547190955,2.1981139114221233,1.0,0.5822809220847115,0.9811346470572448,,,,,,,,,,,,,,,,,,,,,,
Prince Rupert,C,NCRD,2022,3237.0,6585.0,97.0,59171782.0,1038461.0,128429018.0,8562803.0,25978063.0,58086783.0,70342235.0,134925542.0,0.0,0.0,1665942.0,107252677.0,205267777.0,27345703.0,18306644.0,29772.0,2389795.0,1336750.0,1386069.0,993000.0,39516.0,73410.0,134989.0,52035648.0,4889143.0,12821424.0,4522358.0,0.0,1076510.0,7198641.0,6351805.0,3540338.0,1277210.0,345611.0,3778871.0,,0.0,0.0,45801911.0,133914306.0,134925542.0,27583620.0,850000.0,1608028.0,26661629.0,806872.0,2414900.0,41953483.0,10488371.0,2414900.0,5835971.0,31515710.0,33156598.0,28280662.0,1190263.0,32118137.0,1038461.0,206400463.0,72486157.0,133914306.0,23214589.0,17396190.0,0.0,prince-rupert-c,Prince Rupert,prince-rupert-c|2022,Prince Rupert|2022,"Under 5,000",1665942.0,3756317.0,2626984.0,41216168.0,6233737.0,0.11979743194511577,16075.269694161261,14149.493666975595,21730.68736484399,514.6561631139945,8236.524250849552,1.0186789307991113,1.334463983205518,1.0,0.5564230136405358,0.9686801100643678,,,,,,,,,,,,,,,,,,,,,,
Prince Rupert,C,NCRD,2023,13536.0,6585.0,83.0,134928375.0,1513699.0,204852047.0,14600486.0,32897845.0,149317984.0,55534063.0,159321905.0,0.0,0.0,1874547.0,110374890.0,214855968.0,29379583.0,22979766.0,9000.0,6577084.0,148549.0,5614623.0,1998000.0,91116.0,90727.0,125092.0,67013540.0,6351518.0,13250899.0,7331967.0,0.0,1167446.0,7003632.0,6208985.0,3827062.0,1457491.0,284309.0,4136486.0,351952.0,613896.0,0.0,51985643.0,157290301.0,159321905.0,26661629.0,10117235.0,1615660.0,34951150.0,862346.0,2478006.0,50764706.0,12691177.0,2478006.0,3780171.0,34442392.0,36386441.0,30945169.0,1320442.0,34794796.0,1513699.0,237779986.0,80489685.0,157290301.0,27565931.0,27465926.0,0.0,prince-rupert-c,Prince Rupert,prince-rupert-c|2023,Prince Rupert|2023,"5,000 to 19,999",1874547.0,6734633.0,7919558.0,46986811.0,15027897.0,0.22425165123346716,4950.763888888889,3840.5469119385343,4102.6937795508275,138.48603723404256,2582.088504728132,0.9036311058150905,1.0036410569226757,1.0,0.29785818919710916,0.956257194816058,,,,,,,,,,,,,,,,,,,,,,
Prince Rupert,C,NCRD,2024,13536.0,6585.0,83.0,124515401.0,1664378.0,190852467.0,10628914.0,45934973.0,155051482.0,35800985.0,206057873.0,0.0,0.0,6441123.0,152714681.0,241858858.0,32026886.0,19384591.0,4471897.0,14445608.0,942419.0,6556420.0,-61000.0,113590.0,0.0,1126544.0,79006955.0,8392875.0,14604757.0,6271680.0,0.0,1296097.0,6193995.0,6436681.0,3752414.0,1275040.0,314422.0,4954464.0,311639.0,0.0,0.0,53804064.0,204141801.0,206057873.0,34951150.0,14470000.0,1740313.0,47443399.0,1408651.0,3148964.0,50673136.0,12668284.0,3148964.0,4691020.0,37245562.0,39827532.0,33726243.0,1828127.0,38093354.0,1664378.0,289338174.0,85196373.0,204141801.0,51805966.0,899595714.0,1113200.0,prince-rupert-c,Prince Rupert,prince-rupert-c|2024,Prince Rupert|2024,"5,000 to 19,999",6441123.0,19859924.0,7735554.0,47440949.0,25202891.0,0.3189958529600337,5836.80223108747,3974.886524822695,2644.871823286052,475.8512854609929,3504.979240543735,0.8030584383579127,0.05758805338194397,0.9987625552426765,0.37029640320662216,0.9564578091356501,3601.3561989291247,3546.5079302077975,2957.8976990295423,2783.665107049771,1917.0647247750476,2437.8724475115623,987.5598464714869,1604.3462673977224,936.3446522221191,518.5374381567245,1.3967465323081123,1.7099330852451193,0.018327243000235003,0.02529861000232605,0.982034678745671,0.9815511712696461,0.7988058564062199,0.8619101997275483,0.970292410805516,0.9623635142836453,0.19624174475580758,0.19976549769108282
Princeton,T,OKS,2019,2988.0,6168.0,0.0,3987843.0,211275.0,7075510.0,565418.0,0.0,1415228.0,5660282.0,21614664.0,581357.0,152700.0,3947815.0,21333410.0,27274946.0,2851543.0,1728356.0,354961.0,1177319.0,724239.0,87547.0,112463.0,0.0,677520.0,0.0,7713948.0,1168865.0,267440.0,1115203.0,24320.0,456651.0,1501372.0,1208946.0,434299.0,230936.0,0.0,1121117.0,,0.0,0.0,7529149.0,21333410.0,21614664.0,0.0,0.0,0.0,0.0,0.0,0.0,3473464.0,868366.0,0.0,868366.0,4504384.0,4796854.0,3631266.0,204482.0,4585579.0,211275.0,38290785.0,16957375.0,21333410.0,1308050.0,3831343.0,0.0,princeton-t,Princeton,princeton-t|2019,Princeton|2019,"Under 5,000",4681872.0,2256519.0,877530.0,6408032.0,184799.0,0.02395647468715112,2581.6425702811243,2519.795515394913,1894.3380187416333,1566.8915662650602,0.0,2.817809568493557,0.34140769959776507,1.0,1.0,0.9559555075055443,,,,,,,,,,,,,,,,,,,,,,
Princeton,T,OKS,2020,3108.0,6168.0,0.0,4843744.0,411830.0,7898066.0,680972.0,0.0,2052761.0,5845305.0,21916789.0,700205.0,223863.0,3977734.0,21656879.0,27762094.0,3094617.0,2065710.0,179260.0,1590889.0,777659.0,51576.0,126928.0,0.0,30500.0,0.0,7917139.0,985441.0,339301.0,829010.0,71176.0,458581.0,1511196.0,1140148.0,618114.0,302243.0,0.0,1174781.0,,0.0,0.0,7429991.0,21656879.0,21916789.0,0.0,0.0,0.0,0.0,374.0,374.0,3955595.0,988899.0,374.0,988525.0,4523140.0,4775302.0,3483685.0,147440.0,4363472.0,411830.0,39740012.0,18083133.0,21656879.0,1499632.0,3930152.0,0.0,princeton-t,Princeton,princeton-t|2020,Princeton|2020,"Under 5,000",4901802.0,2547808.0,209004.0,6254836.0,487148.0,0.06153081308790966,2547.3420205920206,2390.6019948519947,1880.7287644787646,1577.1563706563707,0.0,2.359623940634102,0.3815709926740747,1.0,0.9996218016197812,0.9137583340278793,,,,,,,,,,,,,,,,,,,,,,
Princeton,T,OKS,2021,3280.0,6168.0,0.0,4808123.0,794528.0,10024341.0,1079279.0,0.0,2977260.0,7047081.0,21229067.0,964994.0,570155.0,4727509.0,21139110.0,28276148.0,3410454.0,2431590.0,65350.0,2198787.0,1151629.0,25332.0,792761.0,0.0,564376.0,0.0,10640279.0,1061681.0,1988379.0,1004717.0,37149.0,508089.0,1790846.0,1298041.0,532168.0,320898.0,175568.0,1182937.0,,225752.0,0.0,10126225.0,21139110.0,21229067.0,0.0,0.0,0.0,0.0,4340.0,4340.0,4791461.0,1197865.0,4340.0,1193525.0,5114138.0,5628696.0,3790209.0,271816.0,4834168.0,794528.0,39805927.0,18666817.0,21139110.0,890919.0,4169552.0,0.0,princeton-t,Princeton,princeton-t|2021,Princeton|2021,"Under 5,000",6262658.0,3415766.0,1382469.0,8938948.0,514054.0,0.048312079034769674,3243.9875,3087.263719512195,2148.5003048780486,1909.3469512195122,0.0,1.6149489799345706,0.21367259600072142,1.0,0.996376887211831,0.8588433271223033,,,,,,,,,,,,,,,,,,,,,,
Princeton,T,OKS,2022,9397.0,6168.0,0.0,20542638.0,467210.0,27620510.0,1597100.0,7000000.0,19927992.0,7692518.0,24880294.0,0.0,0.0,0.0,17293844.0,32572812.0,3670593.0,2470252.0,795381.0,6015359.0,648469.0,381068.0,266818.0,28470.0,1173873.0,0.0,15450283.0,2344742.0,2336738.0,632227.0,0.0,694827.0,1734573.0,1199028.0,576516.0,306357.0,64303.0,1264308.0,,0.0,0.0,11153619.0,24611151.0,24880294.0,0.0,7320770.0,3463.0,7317307.0,79557.0,83020.0,5667703.0,1416926.0,83020.0,1333906.0,5442419.0,6314062.0,4293501.0,722549.0,5846852.0,467210.0,44542277.0,19931126.0,24611151.0,4736349.0,6407914.0,0.0,princeton-t,Princeton,princeton-t|2022,Princeton|2022,"5,000 to 19,999",0,7459209.0,1850229.0,9809754.0,4296664.0,0.2780961358442431,1644.171863360647,1186.9340214962222,818.614238586783,0.0,778.6854315206981,1.030843348391549,0.739140537778753,1.0,0.9414083727731724,0.926004844425031,,,,,,,,,,,,,,,,,,,,,,
Princeton,T,OKS,2023,3333.0,6168.0,0.0,18821302.0,563325.0,30685404.0,1759810.0,6864401.0,21540781.0,9144623.0,33526832.0,1328551.0,881757.0,6225700.0,24172974.0,42671455.0,6543533.0,2958834.0,1478179.0,6333175.0,476859.0,1038250.0,2003.0,273879.0,2120842.0,0.0,21225554.0,2048172.0,410768.0,762565.0,0.0,770320.0,2857960.0,1524073.0,720835.0,637267.0,93210.0,1184565.0,75255.0,0.0,0.0,11084990.0,33230973.0,33526832.0,7317307.0,0.0,191487.0,7125820.0,300936.0,492423.0,9719393.0,2429848.0,492423.0,1937425.0,8467372.0,9189970.0,7224895.0,592444.0,8626645.0,563325.0,54505385.0,21274412.0,33230973.0,8907910.0,10113844.0,0.0,princeton-t,Princeton,princeton-t|2023,Princeton|2023,"Under 5,000",8436008.0,8288213.0,3434974.0,9599489.0,10140564.0,0.47775261837688665,6368.30303030303,3325.8295829582958,2743.6612661266126,2531.055505550555,2137.959795979598,0.8737520705493454,0.8807640299771283,1.0,0.7973441137058779,0.9387021938047676,,,,,,,,,,,,,,,,,,,,,,
Princeton,T,OKS,2024,3333.0,6168.0,0.0,14402630.0,552378.0,22049935.0,1005820.0,6724055.0,13117067.0,8932868.0,41589382.0,1409966.0,1033928.0,3021916.0,31731178.0,50522250.0,4995737.0,3684547.0,725729.0,7668115.0,1527541.0,874596.0,85750.0,0.0,0.0,0.0,19562015.0,2099394.0,902669.0,725295.0,0.0,815700.0,2569170.0,1574494.0,740589.0,606586.0,136098.0,1429363.0,96030.0,20580.0,0.0,11715968.0,41247784.0,41589382.0,7125820.0,346204.0,211252.0,7256026.0,303131.0,514383.0,8792578.0,2198145.0,514383.0,1683762.0,7051123.0,7682186.0,5771436.0,495132.0,7129808.0,552378.0,63909295.0,22661511.0,41247784.0,9466755.0,475336597.0,2806251.0,princeton-t,Princeton,princeton-t|2024,Princeton|2024,"Under 5,000",5465810.0,9921385.0,960346.0,9983474.0,7846047.0,0.4010858288371622,5869.191419141915,3515.1419141914193,2680.128412841284,1639.9069906990699,2177.025502550255,1.0980068943766164,0.01991589761812512,0.994096286678301,0.7659922343612455,0.928096247604523,3295.226833884918,3546.5079302077975,2651.6543505296113,2783.665107049771,2725.020435376871,2437.8724475115623,1311.726099436231,1604.3462673977224,745.266315888418,518.5374381567245,2.026605100433861,1.7099330852451193,0.015313583120714683,0.02529861000232605,0.9862284812495371,0.9815511712696461,0.804628726290725,0.8619101997275483,0.9387070475233437,0.9623635142836453,0.26007843824193605,0.19976549769108282
Qualicum Beach,T,NAN,2019,9166.0,1786.0,111.0,10729372.0,324689.0,14679616.0,1819430.0,2777618.0,10527830.0,4151786.0,120743720.0,56787.0,0.0,1117617.0,117841958.0,124895506.0,10335998.0,3947038.0,0.0,3299037.0,1149044.0,205187.0,0.0,2245543.0,178534.0,0.0,21360381.0,2228945.0,2673230.0,805882.0,0.0,1038270.0,2505830.0,1559203.0,1012150.0,210262.0,35336.0,3256653.0,,0.0,0.0,15325761.0,120619576.0,120743720.0,3240555.0,0.0,462936.0,2777619.0,70308.0,533244.0,14970766.0,3742692.0,533244.0,3070460.0,20173222.0,20476141.0,16330068.0,184313.0,20151452.0,324689.0,193085655.0,72466079.0,120619576.0,7373495.0,44429614.0,0.0,qualicum-beach-t,Qualicum Beach,qualicum-beach-t|2019,Qualicum Beach|2019,"5,000 to 19,999",1174404.0,4448081.0,2629264.0,11998800.0,6034620.0,0.2825146236857854,2330.3928649356317,1672.0228016583023,452.95505127645646,128.12611826314642,303.0350207287803,1.0191437361735514,0.1659590155340985,1.0,0.8203881056736702,0.9841430570340378,,,,,,,,,,,,,,,,,,,,,,
Qualicum Beach,T,NAN,2020,9233.0,1786.0,111.0,16723444.0,245117.0,20072970.0,2524162.0,2314682.0,12271555.0,7801415.0,121682204.0,60898.0,0.0,3257724.0,119228278.0,129483619.0,10794773.0,3719715.0,0.0,3886405.0,802681.0,98013.0,0.0,140745.0,692140.0,0.0,20134472.0,2295092.0,2797828.0,809125.0,0.0,887062.0,2294745.0,1751781.0,1000889.0,224713.0,43905.0,3441220.0,,0.0,0.0,15546360.0,121542960.0,121682204.0,2777619.0,0.0,462937.0,2314682.0,59892.0,522829.0,15130447.0,3782612.0,522829.0,3111816.0,20528964.0,20891736.0,16737654.0,286668.0,20646619.0,245117.0,197273461.0,75730501.0,121542960.0,5325562.0,39988378.0,0.0,qualicum-beach-t,Qualicum Beach,qualicum-beach-t|2020,Qualicum Beach|2020,"5,000 to 19,999",3318622.0,4689086.0,930898.0,12045248.0,4588112.0,0.22787346993752805,2180.707462363262,1683.7820859958842,844.9490956352215,359.4305209574353,250.6966316473519,1.3627811634303884,0.13317774479374983,1.0,0.8226632813516163,0.9882672746774132,,,,,,,,,,,,,,,,,,,,,,
Qualicum Beach,T,NAN,2021,9387.0,1786.0,111.0,17638963.0,225835.0,20786741.0,2454954.0,1851746.0,12744450.0,8042291.0,125214380.0,65008.0,0.0,2964205.0,123201480.0,133256671.0,11382697.0,5038724.0,0.0,1690858.0,1223110.0,91946.0,0.0,64940.0,711685.0,0.0,20203960.0,2569828.0,2748519.0,880544.0,0.0,1169779.0,2422943.0,1767428.0,1098516.0,257660.0,49900.0,3465791.0,,0.0,0.0,16430908.0,125053226.0,125214380.0,2314682.0,0.0,462936.0,1851746.0,49476.0,512412.0,17071003.0,4267751.0,512412.0,3755339.0,21964616.0,22254714.0,18150472.0,203671.0,22028879.0,225835.0,204121688.0,79068462.0,125053226.0,7347011.0,362791655.0,6056864.0,qualicum-beach-t,Qualicum Beach,qualicum-beach-t|2021,Qualicum Beach|2021,"5,000 to 19,999",3029213.0,2913968.0,868571.0,12915641.0,3773052.0,0.18674814244336257,2152.3340790454886,1750.3896878661978,856.7477362309577,322.70299350165124,197.26707148183658,1.3840505474932225,0.020251323035531232,0.9833048420036012,0.8799339511606933,0.9898522623117062,,,,,,,,,,,,,,,,,,,,,,
Qualicum Beach,T,NAN,2022,1004.0,1786.0,111.0,22181322.0,384062.0,25033024.0,2393242.0,2308809.0,12068350.0,12964674.0,128680556.0,70761.0,0.0,3157893.0,126229093.0,141645230.0,12180152.0,5891141.0,1075269.0,3092028.0,1019839.0,439259.0,0.0,12550.0,2581704.0,0.0,26291942.0,2496245.0,2936865.0,924259.0,0.0,1264645.0,3327789.0,1604584.0,1407526.0,304102.0,52797.0,3541508.0,,43063.0,0.0,17903383.0,128537902.0,128680556.0,1851746.0,920000.0,462937.0,2308809.0,39060.0,501997.0,19074263.0,4768566.0,501997.0,4266569.0,24544111.0,24826046.0,20591477.0,165437.0,24441984.0,384062.0,210760958.0,82223056.0,128537902.0,7069247.0,49969186.0,0.0,qualicum-beach-t,Qualicum Beach,qualicum-beach-t|2022,Qualicum Beach|2022,"Under 5,000",3228654.0,5187136.0,3033513.0,14322815.0,8388559.0,0.3190543703466256,26187.193227091633,17832.054780876493,12913.021912350598,3215.7908366533866,2299.610557768924,1.8379747024241093,0.14147212644208373,1.0,0.8947278909424762,0.9845298764048048,,,,,,,,,,,,,,,,,,,,,,
Qualicum Beach,T,NAN,2023,9663.0,1786.0,111.0,29083630.0,447072.0,32610424.0,4035908.0,925873.0,16156118.0,16454306.0,134433762.0,2812416.0,760339.0,11926663.0,130151694.0,150888068.0,12895924.0,5851929.0,1251743.0,5423066.0,708405.0,1205785.0,0.0,930000.0,29816.0,0.0,28296668.0,2545846.0,2553186.0,995136.0,0.0,2187978.0,3517459.0,649390.0,1837422.0,789734.0,55350.0,3922330.0,0.0,0.0,0.0,19053831.0,134156312.0,134433762.0,2308809.0,2000000.0,611321.0,3697488.0,119289.0,730610.0,20394638.0,5098660.0,730610.0,4368050.0,26431227.0,26911926.0,22484191.0,312617.0,26464854.0,447072.0,220189062.0,86032750.0,134156312.0,9233610.0,44886597.0,0.0,qualicum-beach-t,Qualicum Beach,qualicum-beach-t|2023,Qualicum Beach|2023,"5,000 to 19,999",15499418.0,7383214.0,2165601.0,15012212.0,9242837.0,0.3266404722987173,2928.352271551278,1971.833902514747,1702.815481734451,1603.9964814239884,382.6438994101211,1.8001620191187016,0.20570973558097977,1.0,0.8567054873241204,0.9833875880901278,,,,,,,,,,,,,,,,,,,,,,
Qualicum Beach,T,NAN,2024,9663.0,1786.0,111.0,27871933.0,458609.0,32566446.0,2218359.0,462936.0,13777636.0,18788810.0,140048344.0,2528105.0,597250.0,12122733.0,136795448.0,158837154.0,14026170.0,5516963.0,4759.0,3878898.0,799928.0,1346417.0,0.0,3046801.0,32379.0,0.0,28652315.0,3090102.0,2833982.0,987291.0,0.0,1221724.0,4143787.0,1684535.0,2017365.0,828793.0,55828.0,3839821.0,0.0,0.0,0.0,20703228.0,139790670.0,140048344.0,3697488.0,0.0,1009396.0,2688092.0,212899.0,1222295.0,21367150.0,5341788.0,1222295.0,4047979.0,28556617.0,29103994.0,24518515.0,384342.0,28645385.0,458609.0,228936409.0,89145739.0,139790670.0,9561800.0,407278460.0,6232000.0,qualicum-beach-t,Qualicum Beach,qualicum-beach-t|2024,Qualicum Beach|2024,"5,000 to 19,999",15248088.0,4683585.0,4425597.0,16650508.0,7949087.0,0.2774326262991315,2965.157301045224,2142.525923626203,1944.407533892166,1577.986960571251,278.18400082790026,2.022983696187067,0.023477303464563285,0.9846984296689788,0.7577947683434835,0.9842424032935136,2866.2208483821423,3546.5079302077975,2297.657175284081,2783.665107049771,1859.732534766857,2437.8724475115623,918.4907099893891,1604.3462673977224,814.8464198087386,518.5374381567245,1.5120151567026447,1.7099330852451193,0.024769834473671436,0.02529861000232605,0.9804574834797263,0.9815511712696461,0.8566659461626738,0.8619101997275483,0.9770312225566793,0.9623635142836453,0.17479552285244132,0.19976549769108282
Quesnel,C,CAR,2019,10392.0,3554.0,116.0,24382364.0,808760.0,27480950.0,3516729.0,4257788.0,15370067.0,12110883.0,99138023.0,3580313.0,3822982.0,8500880.0,93152530.0,111248906.0,18112731.0,6067213.0,159435.0,2251966.0,1562668.0,542631.0,0.0,133098.0,71016.0,778822.0,29679580.0,2566223.0,6012585.0,3175990.0,160811.0,1475006.0,4883852.0,1616850.0,1488487.0,892268.0,1870573.0,4297529.0,,0.0,0.0,28440174.0,98426641.0,99138023.0,4791667.0,1016325.0,296175.0,5274113.0,213285.0,509460.0,20505456.0,5126364.0,509460.0,3985354.0,25750534.0,26171675.0,23187188.0,-20954.0,25362915.0,808760.0,174439150.0,76012509.0,98426641.0,6788557.0,309872230.0,6629500.0,quesnel-c,Quesnel,quesnel-c|2019,Quesnel|2019,"5,000 to 19,999",15904175.0,3974069.0,1525567.0,23929360.0,1239406.0,0.04175955320122455,2856.0026943802927,2736.737297921478,1165.4044457274827,1530.4248460354117,507.5166474210931,1.5863537875274063,0.021907600432604108,0.9786056982260075,0.7774231404558865,0.969097889225661,,,,,,,,,,,,,,,,,,,,,,
Quesnel,C,CAR,2020,10356.0,3554.0,107.0,30117379.0,856519.0,33874560.0,6989672.0,10701970.0,26063030.0,7811530.0,109050942.0,3701005.0,3741928.0,8954799.0,96063262.0,116862472.0,18859075.0,6631919.0,651872.0,4474409.0,988645.0,625158.0,0.0,267128.0,17921.0,394375.0,32910502.0,2577466.0,6139121.0,1671873.0,160794.0,1607266.0,4650462.0,1676655.0,1413250.0,870754.0,2235437.0,4384479.0,,0.0,0.0,27387557.0,108321547.0,109050942.0,5274113.0,7760000.0,516181.0,12258288.0,63160.0,579341.0,21123435.0,5280859.0,579341.0,4582868.0,26121503.0,27198694.0,23533140.0,605127.0,26342175.0,856519.0,187432886.0,79111339.0,108321547.0,14501936.0,324558292.0,6169500.0,quesnel-c,Quesnel,quesnel-c|2020,Quesnel|2020,"5,000 to 19,999",16397732.0,6114926.0,1304582.0,22939918.0,5522945.0,0.1678170998424758,3177.9163769795286,2644.607667052916,754.2999227500966,1583.4040169949787,1183.6894553881807,1.1555593881448165,0.04468206900719086,0.9809910880354276,0.8678262381177002,0.9685088188425518,,,,,,,,,,,,,,,,,,,,,,
Quesnel,C,CAR,2021,10122.0,3554.0,109.0,30256160.0,1075926.0,37057034.0,6665876.0,11851606.0,27315203.0,9741831.0,113210935.0,4565675.0,3954193.0,11201008.0,98947073.0,122952766.0,19167844.0,7000232.0,1793323.0,4007191.0,1486573.0,563018.0,0.0,28694.0,177560.0,698953.0,34923388.0,2825989.0,6474896.0,1594524.0,213126.0,1416606.0,4984389.0,2087329.0,1385085.0,792196.0,2159094.0,4548617.0,,0.0,0.0,28481851.0,112494201.0,113210935.0,12258288.0,2000000.0,578237.0,13547130.0,269874.0,848111.0,22007617.0,5501904.0,848111.0,4653793.0,27234924.0,28279836.0,24408756.0,545217.0,27203910.0,1075926.0,194205978.0,81711777.0,112494201.0,8775834.0,339575938.0,6233500.0,quesnel-c,Quesnel,quesnel-c|2021,Quesnel|2021,"5,000 to 19,999",19720876.0,7287087.0,1468225.0,23663360.0,6441537.0,0.18444765439137806,3450.2458012250545,2813.856056115392,962.4413159454654,1948.3181189488243,1338.3847065797274,1.1076674041192371,0.025843509559855798,0.9816432812150547,0.8458513634552693,0.9619543055341622,,,,,,,,,,,,,,,,,,,,,,
Quesnel,C,CAR,2022,10198.0,3554.0,109.0,30778773.0,967921.0,39233903.0,6823227.0,11287658.0,26289465.0,12944438.0,125348909.0,5117852.0,4531155.0,12026955.0,111646568.0,138293347.0,20295480.0,7071000.0,7606647.0,5339322.0,2083730.0,591338.0,0.0,397000.0,0.0,1060541.0,44445058.0,3279021.0,6546171.0,430706.0,159031.0,1838975.0,5740716.0,2015465.0,1314631.0,919446.0,1613095.0,5151831.0,,128490.0,0.0,29137578.0,124510112.0,125348909.0,13547130.0,320000.0,858524.0,12863545.0,333487.0,1192011.0,22900927.0,5725232.0,1192011.0,4533221.0,28843542.0,29386664.0,26033529.0,101974.0,28418743.0,967921.0,208576152.0,84066040.0,124510112.0,17330829.0,383531253.0,8327500.0,quesnel-c,Quesnel,quesnel-c|2022,Quesnel|2022,"5,000 to 19,999",21675962.0,15029699.0,2048879.0,23652260.0,15307480.0,0.34441354537100616,4358.213179054716,2857.185526573838,1269.3114336144342,2125.51108060404,1261.379191998431,1.1707645248771703,0.04518752739036889,0.9782872974891567,0.7917969088414234,0.967062576412212,,,,,,,,,,,,,,,,,,,,,,
Quesnel,C,CAR,2023,10422.0,3554.0,109.0,34686196.0,1668584.0,41768143.0,4709804.0,10740860.0,27294174.0,14473969.0,135140878.0,4674067.0,5247646.0,15075704.0,115027986.0,149614847.0,21398822.0,7076692.0,720636.0,7507461.0,2717945.0,1787405.0,347224.0,15304.0,0.0,970163.0,42541652.0,3101057.0,6702765.0,1581054.0,237622.0,1787718.0,5671104.0,1961642.0,1657888.0,970645.0,1533943.0,5670955.0,70005.0,387048.0,0.0,31333446.0,134198747.0,135140878.0,12863545.0,630000.0,883018.0,12469701.0,382984.0,1266002.0,24939447.0,6234862.0,1266002.0,4968860.0,30300266.0,31230206.0,27045241.0,263926.0,29561622.0,1668584.0,225943720.0,91744973.0,134198747.0,13199363.0,389387197.0,8544167.0,quesnel-c,Quesnel,quesnel-c|2023,Quesnel|2023,"5,000 to 19,999",24997417.0,10946042.0,3120096.0,25279507.0,11208206.0,0.2634642867183437,4081.9086547687584,3006.4715025906735,1388.7899635386682,2398.523987718288,1196.47869890616,1.270827833075293,0.03389778375276165,0.9780574013069053,0.7969478715006042,0.9465714699416328,,,,,,,,,,,,,,,,,,,,,,
Quesnel,C,CAR,2024,10422.0,3554.0,109.0,40425700.0,1490114.0,45458583.0,5570800.0,10178089.0,29298007.0,16160576.0,137042221.0,4464031.0,5073217.0,19375799.0,123976390.0,153202797.0,22471367.0,7422631.0,730639.0,2167338.0,1468994.0,1928027.0,-77800.0,2055.0,0.0,949095.0,37062346.0,3394115.0,7542522.0,1601056.0,197635.0,2074663.0,5770455.0,2228672.0,1720638.0,938549.0,1633523.0,5904674.0,298543.0,384792.0,0.0,33689837.0,136029523.0,137042221.0,12469701.0,750000.0,1009772.0,12053133.0,392818.0,1402590.0,25793198.0,6448300.0,1402590.0,5045710.0,31839972.0,33015314.0,28687231.0,560214.0,31525200.0,1490114.0,232255541.0,96226018.0,136029523.0,7480826.0,610384337.0,11944400.0,quesnel-c,Quesnel,quesnel-c|2024,Quesnel|2024,"5,000 to 19,999",28913047.0,4366971.0,2801377.0,27392345.0,3372509.0,0.0909955619107328,3556.164459796584,3232.5692765304166,1550.6213778545384,2774.232105162157,1156.5086355785838,1.3798105789243615,0.012255927202797801,0.9804313458325193,0.78248685700107,0.9548659752259209,3601.3561989291247,3546.5079302077975,2957.8976990295423,2783.665107049771,1917.0647247750476,2437.8724475115623,987.5598464714869,1604.3462673977224,936.3446522221191,518.5374381567245,1.3967465323081123,1.7099330852451193,0.018327243000235003,0.02529861000232605,0.982034678745671,0.9815511712696461,0.7988058564062199,0.8619101997275483,0.970292410805516,0.9623635142836453,0.19624174475580758,0.19976549769108282
Radium Hot Springs,V,EKO,2019,811.0,649.0,17.0,13165225.0,127678.0,13773347.0,722797.0,3299752.0,5241624.0,8531723.0,32636331.0,3199191.0,1835091.0,2974304.0,29264347.0,41168054.0,2727291.0,1303166.0,0.0,299324.0,411528.0,304103.0,0.0,96650.0,0.0,0.0,5142062.0,462316.0,206842.0,0.0,0.0,336812.0,354391.0,255892.0,407771.0,296622.0,0.0,979635.0,,22989.0,0.0,3323270.0,32564099.0,32636331.0,3438726.0,0.0,132523.0,3299752.0,112761.0,245284.0,4055792.0,1013948.0,245284.0,768664.0,3548524.0,3715663.0,3213599.0,101167.0,3587985.0,127678.0,47109847.0,14545748.0,32564099.0,1411970.0,2682754.0,0.0,radium-hot-springs-v,Radium Hot Springs,radium-hot-springs-v|2019,Radium Hot Springs|2019,"Under 5,000",8008586.0,710852.0,400753.0,2230874.0,1818792.0,0.353708687293152,6340.3970406905055,4097.7435265104805,10520.003699136869,9874.951911220714,4068.7447595561034,2.511669093395482,0.5263136314399307,1.0,0.7580901584696651,0.9656378955787971,,,,,,,,,,,,,,,,,,,,,,
Radium Hot Springs,V,EKO,2020,837.0,649.0,0.0,13548831.0,101620.0,14134608.0,739027.0,3156410.0,4639666.0,9494942.0,33856748.0,3268438.0,1911908.0,2960288.0,30655517.0,43351690.0,2571600.0,1090882.0,0.0,807302.0,163884.0,189358.0,0.0,753369.0,0.0,20622.0,5597017.0,425899.0,244785.0,0.0,0.0,273025.0,371813.0,288965.0,423933.0,358865.0,0.0,1024054.0,,2042.0,0.0,3413381.0,33811927.0,33856748.0,3299752.0,0.0,132523.0,3156410.0,113000.0,245523.0,3802339.0,950585.0,245523.0,705062.0,3659481.0,3797854.0,3298088.0,106264.0,3696234.0,101620.0,49349806.0,15537879.0,33811927.0,2273924.0,3379785.0,0.0,radium-hot-springs-v,Radium Hot Springs,radium-hot-springs-v|2020,Radium Hot Springs|2020,"Under 5,000",8140634.0,971186.0,963349.0,2276327.0,2183636.0,0.39014282072039447,6686.997610513739,4078.1135005973715,11344.016726403823,9725.966547192354,3771.099163679809,2.9202168863017293,0.6728013764189142,1.0,0.7417137867734079,0.9732427839511472,,,,,,,,,,,,,,,,,,,,,,
Radium Hot Springs,V,EKO,2021,879.0,649.0,17.0,14565855.0,37241.0,15227909.0,904086.0,3008561.0,4780954.0,10446955.0,34034585.0,3487462.0,1969682.0,3458216.0,30983375.0,44481540.0,2736471.0,1111783.0,0.0,546812.0,355707.0,194849.0,0.0,65171.0,0.0,28061.0,5038854.0,572278.0,283611.0,0.0,0.0,349724.0,393374.0,286732.0,468440.0,403971.0,0.0,1057518.0,,93356.0,0.0,3909004.0,33991936.0,34034585.0,3156410.0,0.0,132523.0,3008561.0,113000.0,245523.0,3892975.0,973244.0,245523.0,727721.0,3907723.0,3971895.0,3584285.0,18380.0,3934654.0,37241.0,50438692.0,16446756.0,33991936.0,1330882.0,2858566.0,0.0,radium-hot-springs-v,Radium Hot Springs,radium-hot-springs-v|2021,Radium Hot Springs|2021,"Under 5,000",8915360.0,902519.0,288081.0,2738486.0,1129850.0,0.22422757238054525,5732.484641638225,4447.103526734926,11885.04550625711,10142.616609783845,3422.708759954494,3.046641946356313,0.4655767961978139,1.0,0.747727188659781,0.9906238709734271,,,,,,,,,,,,,,,,,,,,,,
Radium Hot Springs,V,EKO,2022,984.0,649.0,17.0,15884314.0,76442.0,16444728.0,1008908.0,2856061.0,5062347.0,11382381.0,33947131.0,1716174.0,1142450.0,1112003.0,30979240.0,45329512.0,2502675.0,1251272.0,0.0,513275.0,72141.0,432081.0,0.0,0.0,0.0,159277.0,4930721.0,764286.0,369244.0,0.0,0.0,201866.0,484100.0,327916.0,499445.0,390834.0,0.0,1045057.0,,0.0,0.0,4082748.0,33835301.0,33947131.0,3008561.0,0.0,132523.0,2856061.0,113000.0,245523.0,4683328.0,1170832.0,245523.0,925309.0,4232150.0,4292117.0,3858139.0,17169.0,4215675.0,76442.0,51327117.0,17491816.0,33835301.0,888425.0,3045229.0,0.0,radium-hot-springs-v,Radium Hot Springs,radium-hot-springs-v|2022,Radium Hot Springs|2022,"Under 5,000",3970627.0,585416.0,591358.0,2924691.0,847973.0,0.1719774856456084,5010.8953252032525,4149.134146341464,11567.460365853658,4035.1900406504064,2902.5010162601625,3.1377371009928794,0.2917432482089196,1.0,0.790300401765582,0.9821901406695112,,,,,,,,,,,,,,,,,,,,,,
Radium Hot Springs,V,EKO,2023,1036.0,649.0,17.0,20520100.0,55159.0,21157549.0,1163838.0,2698763.0,7982971.0,13174578.0,34916350.0,2025494.0,1350617.0,1630859.0,32037074.0,48090928.0,2758314.0,1107140.0,0.0,1768311.0,329682.0,958923.0,0.0,34125.0,1093.0,0.0,6957588.0,646315.0,481584.0,0.0,0.0,133333.0,511162.0,339619.0,593095.0,447680.0,0.0,1043384.0,0.0,0.0,0.0,4196172.0,34785119.0,34916350.0,2856061.0,0.0,132523.0,2698763.0,115280.0,247803.0,5085602.0,1271401.0,247803.0,1023598.0,4730673.0,4848468.0,4308389.0,85455.0,4792539.0,55159.0,53320319.0,18535200.0,34785119.0,1945587.0,2873112.0,0.0,radium-hot-springs-v,Radium Hot Springs,radium-hot-springs-v|2023,Radium Hot Springs|2023,"Under 5,000",5006970.0,2097993.0,994141.0,3037508.0,2761416.0,0.39689271626891387,6715.818532818533,4050.359073359073,12716.774131274131,4832.982625482626,2604.9835907335905,2.57048409671036,0.6771706080375565,1.0,0.80509453744334,0.9884646036644977,,,,,,,,,,,,,,,,,,,,,,
Radium Hot Springs,V,EKO,2024,1036.0,649.0,17.0,21325808.0,152159.0,21992296.0,799368.0,2536513.0,7694766.0,14297530.0,36018931.0,2190836.0,1425306.0,1145046.0,32778098.0,50316461.0,2894679.0,1137295.0,0.0,1567283.0,170842.0,1089665.0,0.0,31343.0,22600.0,0.0,6913707.0,685333.0,498895.0,0.0,0.0,283939.0,589783.0,448948.0,562761.0,488043.0,0.0,1130366.0,0.0,106.0,0.0,4688174.0,35885617.0,36018931.0,2698763.0,520000.0,132523.0,3056513.0,119377.0,251900.0,5413612.0,1353403.0,251900.0,1101503.0,4988245.0,5092812.0,4483829.0,35214.0,4933193.0,152159.0,55351544.0,19465927.0,35885617.0,2230970.0,73340429.0,1170000.0,radium-hot-springs-v,Radium Hot Springs,radium-hot-springs-v|2024,Radium Hot Springs|2024,"Under 5,000",4761188.0,1738125.0,1143608.0,3438431.0,2225533.0,0.3219015500656883,6673.462355212355,4525.264478764479,13800.704633204634,4595.741312741313,2950.3021235521237,2.7714693338302947,0.030419374830763533,0.9840469981434115,0.8138765763043232,0.9686579830553337,4648.097865362712,3546.5079302077975,3428.422456291105,2783.665107049771,5030.364110900993,2437.8724475115623,2420.45,1604.3462673977224,224.31236112962716,518.5374381567245,2.204313821553219,1.7099330852451193,0.030042455998363887,0.02529861000232605,0.9786113537119745,0.9815511712696461,0.9039920521842442,0.8619101997275483,0.9333160528846489,0.9623635142836453,0.20869205825466772,0.19976549769108282
Revelstoke,C,COL,2019,8259.0,4028.0,109.0,25739962.0,1229426.0,38159126.0,5495205.0,14730018.0,26316996.0,11842130.0,76639061.0,3829455.0,1880326.0,5296159.0,60876931.0,88481191.0,16234424.0,6285472.0,0.0,3990051.0,1774396.0,1143429.0,-47735.0,218785.0,0.0,0.0,29598822.0,2266136.0,4185340.0,388517.0,625560.0,841839.0,5453280.0,3370599.0,1261457.0,698877.0,1738602.0,2360738.0,,0.0,0.0,23190945.0,76207339.0,76639061.0,16819731.0,0.0,1050751.0,15330409.0,848231.0,1898982.0,23667388.0,5916847.0,1898982.0,4017865.0,18294109.0,19752236.0,15535047.0,968464.0,18522810.0,1229426.0,126096423.0,49889084.0,76207339.0,5689312.0,15335342.0,0.0,revelstoke-c,Revelstoke,revelstoke-c|2019,Revelstoke|2019,"5,000 to 19,999",11005940.0,5764447.0,1314479.0,19981976.0,6407877.0,0.21649094683565448,3583.8263712313837,2807.960406828914,1433.8455018767406,1332.5995883278847,1856.2064414578035,0.9780737132763937,0.37099348680974964,1.0,0.679055077814248,0.9377576290603251,,,,,,,,,,,,,,,,,,,,,,
Revelstoke,C,COL,2020,8744.0,4028.0,109.0,27337633.0,1432064.0,41768684.0,8949216.0,13536138.0,28044464.0,13724220.0,86400485.0,4371874.0,2090977.0,7032652.0,71903760.0,100124705.0,16860560.0,6177359.0,5902720.0,4584746.0,980240.0,1023050.0,293680.0,319818.0,0.0,0.0,36142173.0,2659666.0,3986945.0,315320.0,794062.0,937928.0,6398096.0,2929218.0,1212054.0,762868.0,1921935.0,2580567.0,,0.0,0.0,24498659.0,85793904.0,86400485.0,15330409.0,0.0,952971.0,13889974.0,800849.0,1753820.0,23982004.0,5995501.0,1753820.0,4241681.0,19247723.0,20650394.0,16474620.0,853752.0,19218330.0,1432064.0,137905214.0,52111310.0,85793904.0,12386143.0,15375992.0,0.0,revelstoke-c,Revelstoke,revelstoke-c|2020,Revelstoke|2020,"5,000 to 19,999",13495503.0,11467706.0,1636548.0,21117243.0,11643514.0,0.32215865935897103,4133.368366880147,2801.767955169259,1569.5585544373284,1543.4015324794145,1588.514867337603,0.9747960595716859,0.8055508223469419,1.0,0.7074773234130058,0.9306519769065907,,,,,,,,,,,,,,,,,,,,,,
Revelstoke,C,COL,2021,8429.0,4028.0,109.0,35309209.0,1242460.0,46284540.0,8185432.0,12596772.0,29702662.0,16581878.0,89247551.0,4371874.0,2340727.0,7689443.0,75879429.0,105829429.0,17255544.0,6912595.0,0.0,3522764.0,1708190.0,809575.0,17763.0,80789.0,5395.0,18414.0,30331029.0,2491086.0,4381622.0,311653.0,669681.0,1310333.0,5528340.0,3097737.0,1242147.0,1046415.0,1611656.0,2935635.0,,0.0,0.0,24626305.0,88631773.0,89247551.0,13889974.0,0.0,799117.0,12752344.0,497032.0,1296149.0,25061540.0,6265385.0,1296149.0,4969236.0,20365725.0,21990186.0,19569418.0,1030357.0,20747726.0,1242460.0,143635305.0,55003532.0,88631773.0,5776614.0,15618695.0,0.0,revelstoke-c,Revelstoke,revelstoke-c|2021,Revelstoke|2021,"5,000 to 19,999",14402044.0,5230954.0,931936.0,21193638.0,5704724.0,0.1880821122158434,3598.41369082928,2921.6164432317,1967.2414284019458,1708.6302052438011,1512.9130383200854,1.1887557081584135,0.3698525388964955,1.0,0.7931254025091834,0.9434993410242187,,,,,,,,,,,,,,,,,,,,,,
Revelstoke,C,COL,2022,8439.0,4028.0,109.0,38570102.0,1185585.0,52243281.0,7901405.0,11617410.0,29657843.0,22585438.0,91551498.0,3865447.0,2493144.0,6452521.0,79235525.0,114136936.0,18339752.0,8037709.0,0.0,5851451.0,712420.0,913625.0,1739258.0,80789.0,0.0,0.0,35675004.0,2984166.0,4487865.0,403772.0,636474.0,1072043.0,7092106.0,3422720.0,1086069.0,828599.0,2261324.0,3092357.0,,0.0,0.0,27367495.0,90852935.0,91551498.0,12752344.0,0.0,761419.0,11617410.0,480621.0,1242040.0,27350822.0,6837706.0,1242040.0,4790166.0,21922504.0,22559448.0,21186009.0,187854.0,21373863.0,1185585.0,148948786.0,58095851.0,90852935.0,5313519.0,17137659.0,0.0,revelstoke-c,Revelstoke,revelstoke-c|2022,Revelstoke|2022,"5,000 to 19,999",12811112.0,6563871.0,2733672.0,23794517.0,8307509.0,0.23286637893579493,4227.397084962673,3242.9784334636806,2676.316862187463,1518.0841331911363,1376.6334873800213,1.300502602296465,0.31004928969586804,1.0,0.7005516177501636,0.9474461875130987,,,,,,,,,,,,,,,,,,,,,,
Revelstoke,C,COL,2023,8617.0,4028.0,0.0,40333435.0,1525954.0,55493781.0,6926413.0,11878763.0,32062125.0,23431656.0,103394604.0,2794143.0,2490041.0,18800884.0,88467969.0,126826260.0,21114845.0,9533173.0,0.0,9243727.0,911453.0,1566852.0,1431357.0,350181.0,0.0,0.0,44151588.0,3015657.0,5181428.0,280160.0,141882.0,1173216.0,6898720.0,4038252.0,1128625.0,1131499.0,3887282.0,3219029.0,68877.0,0.0,0.0,30164627.0,102746329.0,103394604.0,11617410.0,1284093.0,618939.0,11878763.0,505088.0,1124027.0,30729915.0,7682479.0,1124027.0,5731352.0,23652124.0,25099026.0,22750777.0,822295.0,23573072.0,1525954.0,167243215.0,64496886.0,102746329.0,12969599.0,17873350.0,0.0,revelstoke-c,Revelstoke,revelstoke-c|2023,Revelstoke|2023,"5,000 to 19,999",24085068.0,10155180.0,3348390.0,26440510.0,13986961.0,0.3167940641229031,5123.777184635024,3500.594986654288,2719.2359289776023,2795.0641754671,1378.5265173494256,1.2579775981785362,0.7256389540852722,1.0,0.7460289836132321,0.939202660692889,,,,,,,,,,,,,,,,,,,,,,
Revelstoke,C,COL,2024,8617.0,4028.0,102.0,47390047.0,1304641.0,61574349.0,8009196.0,9599759.0,33326957.0,28247392.0,111798040.0,2980230.0,2844148.0,22139557.0,97522738.0,140045432.0,23352140.0,12392961.0,0.0,6017466.0,873769.0,1873985.0,-848852.0,1595909.0,0.0,0.0,45257378.0,3420780.0,5692597.0,329051.0,137601.0,1284496.0,6452306.0,4154147.0,1151155.0,1057094.0,4528142.0,3756539.0,74298.0,0.0,0.0,32038206.0,110985753.0,111798040.0,11878763.0,0.0,1880748.0,9599759.0,522652.0,2403400.0,35741560.0,8935390.0,2403400.0,5712090.0,26308090.0,27013180.0,25575247.0,133292.0,25708539.0,1304641.0,178813030.0,67827277.0,110985753.0,12444147.0,349901535.0,7570000.0,revelstoke-c,Revelstoke,revelstoke-c|2024,Revelstoke|2024,"5,000 to 19,999",27963935.0,6891235.0,2621042.0,27759015.0,13219172.0,0.2920887727963383,5252.103748404317,3718.023209933852,3278.100499013578,3245.2054079145873,1114.0488569107579,1.421973419295377,0.03556471108364815,0.978365342124035,0.6392658854286158,0.9517035387910642,3601.3561989291247,3546.5079302077975,2957.8976990295423,2783.665107049771,1917.0647247750476,2437.8724475115623,987.5598464714869,1604.3462673977224,936.3446522221191,518.5374381567245,1.3967465323081123,1.7099330852451193,0.018327243000235003,0.02529861000232605,0.982034678745671,0.9815511712696461,0.7988058564062199,0.8619101997275483,0.970292410805516,0.9623635142836453,0.19624174475580758,0.19976549769108282
Richmond,C,GVR,2019,212276.0,12870.0,1285.0,1220460283.0,10327133.0,1320749088.0,73403546.0,27890798.0,514879318.0,805869770.0,2433474019.0,54380400.0,103376023.0,399819303.0,2399907000.0,3239343789.0,246475145.0,154218271.0,5616026.0,29247017.0,0.0,25142420.0,1634398.0,91546626.0,17636903.0,10426051.0,581942857.0,45600015.0,103444086.0,17553355.0,0.0,46080397.0,52052471.0,82410732.0,39950787.0,32371043.0,0.0,64227093.0,,0.0,0.0,483689979.0,2427798439.0,2433474019.0,32842141.0,0.0,4232429.0,27890798.0,1676895.0,5909324.0,458295651.0,114573913.0,5909324.0,107944589.0,463981123.0,476431329.0,428217365.0,8825898.0,466104196.0,10327133.0,3580949611.0,1153151172.0,2427798439.0,122020659.0,4352299546.0,44462927.0,richmond-c,Richmond,richmond-c|2019,Richmond|2019,"100,000 and over",557575726.0,34863043.0,146386398.0,417785991.0,98252878.0,0.16883595497074724,2741.4444261244794,2278.590038440521,3796.3301079726393,2626.654572349206,131.38931391207674,2.3703812531075488,0.028035905550697588,0.9897840379482006,0.9421393245074906,0.978323984231524,,,,,,,,,,,,,,,,,,,,,,
Richmond,C,GVR,2020,216046.0,12870.0,1260.0,1364146255.0,13758089.0,1471443233.0,156686324.0,22741400.0,582457648.0,888985585.0,2495221970.0,54952326.0,109499468.0,445080460.0,2465108481.0,3384207555.0,256810650.0,143425002.0,1578673.0,30168578.0,0.0,20174101.0,1322336.0,84019984.0,6136347.0,35416029.0,579051700.0,41736739.0,109703763.0,20310215.0,0.0,17003100.0,44986871.0,60739997.0,38397309.0,35055093.0,0.0,66254897.0,,0.0,0.0,434187984.0,2488139672.0,2495221970.0,27890798.0,0.0,4276361.0,23030519.0,1676895.0,5620205.0,480551869.0,120137967.0,5620205.0,113767762.0,420050033.0,434174909.0,381371530.0,10425799.0,420416820.0,13758089.0,3698990527.0,1210850855.0,2488139672.0,128966548.0,4427463494.0,45352186.0,richmond-c,Richmond,richmond-c|2020,Richmond|2020,"100,000 and over",609532254.0,31747251.0,147068797.0,366256192.0,144863716.0,0.2501740621778677,2680.2241189376336,2009.7015635559094,4114.797705118354,2821.3077492756174,106.60007128111606,2.3420522671203727,0.029128765979611712,0.9897566211304825,0.9469759214420533,0.9683121048342294,,,,,,,,,,,,,,,,,,,,,,
Richmond,C,MVRD,2021,216280.0,12870.0,1453.0,1369062524.0,13542383.0,1468242767.0,86324427.0,17386027.0,528238935.0,940003832.0,2547883684.0,56796161.0,106769717.0,483643198.0,2521630000.0,3487887516.0,270626162.0,153744794.0,2566310.0,25420454.0,0.0,14967616.0,911040.0,83806127.0,723095.0,23929749.0,576695347.0,44617303.0,119560634.0,21411775.0,0.0,22374097.0,47805656.0,69827013.0,40868225.0,35595303.0,0.0,68518685.0,,2436694.0,0.0,473015385.0,2539266709.0,2547883684.0,23030519.0,0.0,4270503.0,17637072.0,1676895.0,5947398.0,479233191.0,119808298.0,5947398.0,113078291.0,506528057.0,522376629.0,466783912.0,10790651.0,508834246.0,13542383.0,3803912148.0,1264645439.0,2539266709.0,122152252.0,4558499100.0,47212463.0,richmond-c,Richmond,richmond-c|2021,Richmond|2021,"100,000 and over",647209076.0,27986764.0,124337627.0,402819805.0,103679962.0,0.1797829001731134,2666.429383206954,2187.0509755872017,4346.235583502867,2992.4592010356946,81.54740151655261,2.5917486070957643,0.02679659451945488,0.9896429807346019,0.9438268708232547,0.9740754424141743,,,,,,,,,,,,,,,,,,,,,,
Richmond,C,MVRD,2022,222954.0,12870.0,1453.0,1576142570.0,15224062.0,1721770506.0,104300956.0,107816439.0,696048226.0,1025722280.0,2603443609.0,61229913.0,53517471.0,588436461.0,2486214714.0,3629165889.0,290895405.0,172459047.0,3700309.0,32668626.0,0.0,30250863.0,1380670.0,92172794.0,260299.0,20560521.0,644348534.0,50159373.0,124367516.0,21959774.0,0.0,20312635.0,54412699.0,79120446.0,41161597.0,38370456.0,0.0,72721535.0,,481714.0,0.0,503067745.0,2594212209.0,2603443609.0,17637072.0,96000000.0,4302418.0,107997495.0,2750690.0,7053108.0,537695692.0,134423923.0,7053108.0,127370815.0,542359360.0,558086368.0,500917429.0,9844750.0,542862306.0,15224062.0,3919712317.0,1325500108.0,2594212209.0,128433537.0,4859473581.0,50719226.0,richmond-c,Richmond,richmond-c|2022,Richmond|2022,"100,000 and over",703183845.0,36368935.0,144625147.0,427595520.0,141280789.0,0.21926144244164603,2890.0514635305935,2256.3746109062854,4600.600482610763,3153.9413735568774,484.39361931160687,2.2644157561576774,0.02642951646082835,0.9895628147463736,0.9475308572864668,0.9727209570544465,,,,,,,,,,,,,,,,,,,,,,
Richmond,C,MVRD,2023,229781.0,12870.0,1453.0,1701861715.0,19474322.0,1842941490.0,103129845.0,98629403.0,717366637.0,1125574853.0,2705957159.0,65086743.0,58138181.0,666485174.0,2584276088.0,3831532012.0,309091369.0,199621526.0,8921282.0,50066067.0,0.0,61503215.0,2069740.0,89339233.0,2497360.0,17989545.0,741099337.0,62492806.0,135250122.0,22519429.0,0.0,25500558.0,50085533.0,87961397.0,43227344.0,39107935.0,0.0,71937042.0,290302.0,363160.0,0.0,538735628.0,2694903004.0,2705957159.0,107997495.0,0.0,7703350.0,98734203.0,5603295.0,13306645.0,625358336.0,156339584.0,13306645.0,143032939.0,573864262.0,592066810.0,526901560.0,10902259.0,572592488.0,19474322.0,4078668629.0,1383765625.0,2694903004.0,165990586.0,6338936497.0,79741157.0,richmond-c,Richmond,richmond-c|2023,Richmond|2023,"100,000 and over",789710098.0,58987349.0,173399093.0,461195291.0,202363709.0,0.2730588180245532,3225.242021751146,2344.5612474486575,4898.467902045861,3436.7945913717845,429.6882814505986,2.3723736611408652,0.026185872989665952,0.9874204202806356,0.9148862709011686,0.9671078978401103,,,,,,,,,,,,,,,,,,,,,,
Richmond,C,MVRD,2024,229781.0,12870.0,1453.0,1789691620.0,27123209.0,1944280631.0,125762343.0,89091860.0,731812696.0,1212467935.0,2852079654.0,67619639.0,63115219.0,762001186.0,2826078759.0,4064547589.0,338146775.0,208274191.0,9873521.0,23748108.0,0.0,69852867.0,2757372.0,117481998.0,3008021.0,41338809.0,814481662.0,64854801.0,149514248.0,23962211.0,0.0,25360964.0,45815334.0,96554277.0,47291398.0,45089309.0,10631692.0,71702972.0,195188.0,493692.0,0.0,581466086.0,2840927775.0,2852079654.0,98734203.0,0.0,7710413.0,89113339.0,4764848.0,12475261.0,660660772.0,165165193.0,12475261.0,152689932.0,622010034.0,644913693.0,571148022.0,12863398.0,619142882.0,27123209.0,4288431922.0,1447504147.0,2840927775.0,218443114.0,10433620663.0,257839230.0,richmond-c,Richmond,richmond-c|2024,Richmond|2024,"100,000 and over",892736044.0,33621629.0,234439067.0,504998266.0,233015576.0,0.2860906351504818,3544.5996927509236,2530.5229152976094,5276.623981095043,3885.160409259251,387.8185707260391,2.4455596763792684,0.020936463099013092,0.9752876553280917,0.9244679779473876,0.9600399072314316,3003.390678329474,3546.5079302077975,2379.369597210911,2783.665107049771,2052.765446183268,2437.8724475115623,1093.3312652075697,1604.3462673977224,312.26099706744867,518.5374381567245,1.6357691597817738,1.7099330852451193,0.025378934003535983,0.02529861000232605,0.9802497344746216,0.9815511712696461,0.9023585311053542,0.8619101997275483,0.9669710895067201,0.9623635142836453,0.27009754429306687,0.19976549769108282
Rossland,C,KOO,2019,4108.0,5946.0,50.0,12734426.0,243777.0,14219244.0,1280876.0,9070041.0,12732424.0,1486820.0,53451930.0,714377.0,267909.0,6712121.0,44113761.0,54938750.0,5524682.0,2150178.0,426280.0,862768.0,155538.0,271691.0,0.0,0.0,133126.0,110012.0,9634275.0,1977374.0,249358.0,143524.0,619.0,274691.0,1399455.0,1105309.0,703956.0,738106.0,0.0,1902648.0,,0.0,0.0,8495040.0,53183802.0,53451930.0,9451794.0,0.0,259141.0,9070041.0,383441.0,642582.0,8466098.0,2116525.0,642582.0,1473943.0,9135442.0,9269659.0,7838057.0,12998.0,9025882.0,243777.0,88154741.0,34970939.0,53183802.0,1078959.0,200119303.0,2482762.0,rossland-c,Rossland,rossland-c|2019,Rossland|2019,"Under 5,000",7694407.0,1444586.0,514829.0,6208951.0,1139235.0,0.11824812972434355,2345.247078870497,2067.9259980525803,361.9328140214216,1873.02994157741,2207.897030185005,1.0001572363597064,0.005391578842346857,0.9875935906092977,0.6963976329124391,0.9737016216022617,,,,,,,,,,,,,,,,,,,,,,
Rossland,C,KOO,2020,4096.0,5946.0,50.0,15989960.0,253523.0,17252425.0,1289974.0,8672408.0,12787243.0,4465182.0,53468176.0,723919.0,498797.0,7975184.0,44513028.0,57933358.0,5731058.0,2208260.0,4088.0,2293252.0,398302.0,220689.0,0.0,0.0,661138.0,0.0,11516787.0,2043995.0,285250.0,159393.0,763.0,372022.0,1578074.0,1045014.0,620147.0,598571.0,0.0,1818950.0,,0.0,0.0,8522179.0,53185436.0,53468176.0,9070041.0,0.0,259141.0,8672408.0,374321.0,633462.0,8536167.0,2134042.0,633462.0,1500580.0,9553878.0,9855293.0,8226426.0,187358.0,9601770.0,253523.0,89890603.0,36705167.0,53185436.0,1854365.0,199772540.0,4646316.0,rossland-c,Rossland,rossland-c|2020,Rossland|2020,"Under 5,000",9197900.0,2695642.0,881827.0,6328908.0,2994608.0,0.2600211326301337,2811.715576171875,2080.610107421875,1090.13232421875,2245.5810546875,2117.287109375,1.250461886115717,0.009282381852881282,0.9767419686409353,0.7031632929436253,0.9742754477213412,,,,,,,,,,,,,,,,,,,,,,
Rossland,C,KOO,2021,4194.0,5946.0,52.0,14484029.0,264520.0,17444032.0,1860899.0,8258214.0,13235462.0,4208570.0,56751026.0,671287.0,561609.0,7963741.0,48198237.0,60959596.0,6004668.0,2460313.0,437104.0,2821000.0,152812.0,231104.0,0.0,0.0,48150.0,0.0,12155151.0,2058006.0,507764.0,152903.0,8033.0,513665.0,1579884.0,1044142.0,801508.0,644493.0,0.0,1818515.0,,0.0,0.0,9128913.0,56456450.0,56751026.0,8672408.0,0.0,259139.0,8258214.0,371349.0,630488.0,9057035.0,2264259.0,630488.0,1580586.0,10009569.0,10337323.0,8687589.0,159003.0,10072803.0,264520.0,94818598.0,38362148.0,56456450.0,5089529.0,208219795.0,4846740.0,rossland-c,Rossland,rossland-c|2021,Rossland|2021,"Under 5,000",9196637.0,3410916.0,279254.0,6939049.0,3026238.0,0.24896753647897915,2898.2238912732473,2176.6602288984263,1003.4740104911779,2192.8080591320936,1969.0543633762518,1.0943349767465615,0.02444306027676187,0.9767229623869335,0.6980588351420929,0.9744111700872653,,,,,,,,,,,,,,,,,,,,,,
Rossland,C,KOO,2022,4254.0,5946.0,52.0,13147625.0,235007.0,14999680.0,1509046.0,7825052.0,14028984.0,970696.0,60940451.0,602191.0,664791.0,9428302.0,51066501.0,61911147.0,6381809.0,2722625.0,0.0,1845140.0,341970.0,434898.0,0.0,635604.0,39609.0,0.0,12401655.0,2504743.0,738435.0,175240.0,0.0,500612.0,1788990.0,1271211.0,778296.0,541405.0,17669.0,2119365.0,,0.0,0.0,10435966.0,60668158.0,60940451.0,8258214.0,0.0,250731.0,7825052.0,344532.0,595263.0,10002901.0,2500725.0,595263.0,1850443.0,10739195.0,11065461.0,9373823.0,205107.0,10830454.0,235007.0,100993844.0,40325686.0,60668158.0,4634783.0,212691360.0,4892172.0,rossland-c,Rossland,rossland-c|2022,Rossland|2022,"Under 5,000",10695284.0,2187110.0,1110111.0,7972069.0,1965689.0,0.15850215152735664,2915.292665726375,2453.212505876822,228.18429713211094,2514.1711330512458,1839.4574518100612,0.9371758496552566,0.021791120241085486,0.9769987271697356,0.7399626108428555,0.9787621139327137,,,,,,,,,,,,,,,,,,,,,,
Rossland,C,KOO,2023,4390.0,5946.0,56.0,16895362.0,381942.0,18412669.0,2270254.0,7418305.0,15630506.0,2782163.0,67123544.0,1108700.0,882947.0,10633121.0,57491405.0,69905707.0,6498630.0,2718380.0,0.0,4275552.0,807493.0,647465.0,0.0,158000.0,102479.0,0.0,15207999.0,3053481.0,637200.0,125923.0,0.0,466649.0,1784036.0,1548954.0,765109.0,640177.0,10422.0,2416591.0,131976.0,0.0,0.0,11580518.0,66761540.0,67123544.0,7825052.0,0.0,250730.0,7418305.0,305864.0,556594.0,10212458.0,2553115.0,556594.0,1940716.0,11347887.0,11648219.0,9953011.0,152910.0,11342818.0,381942.0,109900033.0,43138493.0,66761540.0,4170415.0,340053001.0,0.0,rossland-c,Rossland,rossland-c|2023,Rossland|2023,"Under 5,000",12624768.0,5083045.0,907944.0,8858063.0,3627481.0,0.2385245422491151,3464.236674259681,2637.931207289294,633.7501138952164,2875.8013667425967,1689.8189066059226,1.0809222682874118,0.012264014691051057,1.0,0.7601365390904836,0.973781313692677,,,,,,,,,,,,,,,,,,,,,,
Rossland,C,KOO,2024,4390.0,5946.0,59.0,16488165.0,371658.0,18293670.0,1264345.0,7137198.0,14238178.0,4055492.0,71772975.0,0.0,0.0,2265496.0,62364658.0,75828467.0,7221939.0,2902474.0,251922.0,2209080.0,786819.0,770608.0,0.0,3427335.0,118463.0,0.0,17688640.0,2908456.0,510298.0,59645.0,7736.0,484002.0,2157822.0,1584931.0,800769.0,686349.0,0.0,2443917.0,121955.0,0.0,0.0,11765880.0,71408056.0,71772975.0,7418305.0,0.0,208825.0,7137198.0,424102.0,632927.0,11381139.0,2845285.0,632927.0,2212358.0,12681593.0,13221088.0,11218253.0,357294.0,12849196.0,371658.0,116665310.0,45257254.0,71408056.0,7113200.0,279824417.0,4684000.0,rossland-c,Rossland,rossland-c|2024,Rossland|2024,"Under 5,000",2265496.0,3247821.0,4316406.0,8897861.0,5922760.0,0.3348341082186081,4029.3029612756263,2680.1548974943053,923.802277904328,516.0583143507972,1625.7854214123006,1.1580249242564604,0.02542022628425596,0.9832609318006728,0.7775523365849115,0.9718713013633976,4029.3029612756263,3546.5079302077975,2680.1548974943053,2783.665107049771,1972.4097144142117,2437.8724475115623,1160.2663957632108,1604.3462673977224,585.9197211603328,518.5374381567245,1.1580249242564604,1.7099330852451193,0.02542022628425596,0.02529861000232605,0.9804639308808624,0.9815511712696461,0.8435772029337734,0.8619101997275483,0.9642963039370254,0.9623635142836453,0.37423160107130715,0.19976549769108282
Saanich,D,CAP,2019,122173.0,10371.0,574.0,226212212.0,2355545.0,245867583.0,15494611.0,43758023.0,119061516.0,126806067.0,885683867.0,4330725.0,5093697.0,84362819.0,837524163.0,1012489934.0,133269037.0,75609001.0,6711.0,2380070.0,9764576.0,4096386.0,0.0,3591402.0,105461.0,573101.0,229395745.0,22595753.0,57647457.0,6285407.0,0.0,3644593.0,17561161.0,40733350.0,16414620.0,16875720.0,114212.0,20600857.0,,366384.0,0.0,202839514.0,881945483.0,885683867.0,34214702.0,13790400.0,2992309.0,44421319.0,1356546.0,4348855.0,214076369.0,53519092.0,4348855.0,48038212.0,208358817.0,211066484.0,186192726.0,1440403.0,208710939.0,2355545.0,1306078693.0,424133210.0,881945483.0,36948258.0,300464179.0,0.0,saanich-d,Saanich,saanich-d|2019,Saanich|2019,"100,000 and over",93787241.0,12151357.0,8366350.0,180882111.0,26556231.0,0.11576601388138215,1877.6304502631515,1660.2646574938817,1037.9221841159667,767.6593109770571,363.59358450721516,1.8999607900171538,0.1229705921117472,1.0,0.8975901908051803,0.988839796090032,,,,,,,,,,,,,,,,,,,,,,
Saanich,D,CAP,2020,125107.0,10371.0,574.0,272325785.0,2716080.0,291886609.0,43695849.0,48529829.0,152164218.0,139722391.0,902062628.0,4385083.0,5460124.0,87877799.0,847320267.0,1041785019.0,138767068.0,71180891.0,111404.0,9205554.0,4862124.0,3099616.0,0.0,8237395.0,92824.0,529791.0,236086667.0,21695471.0,59393047.0,6783744.0,0.0,3703250.0,20971084.0,35967958.0,16594423.0,18984528.0,128745.0,22466675.0,,335448.0,0.0,207024373.0,896273372.0,902062628.0,44486657.0,8871100.0,3755012.0,48953104.0,1501150.0,5256162.0,214495107.0,53623777.0,5256162.0,47402083.0,210048848.0,212867962.0,187392598.0,1600944.0,210151882.0,2716080.0,1340346234.0,444072862.0,896273372.0,37130008.0,303027998.0,0.0,saanich-d,Saanich,saanich-d|2020,Saanich|2020,"100,000 and over",97723006.0,14179082.0,11959626.0,183056548.0,29062294.0,0.12310010713142051,1887.0779972343673,1654.7784936094704,1116.823127402943,781.1154132062954,391.2898878559953,1.7896834655306413,0.12252995843638184,1.0,0.8839750881404718,0.9872405411576215,,,,,,,,,,,,,,,,,,,,,,
Saanich,D,CAP,2021,124639.0,10371.0,574.0,274809779.0,2551070.0,295615742.0,22429494.0,47476303.0,137476484.0,158139258.0,924786769.0,8719401.0,12471548.0,105830149.0,869631531.0,1082926027.0,145483621.0,77697277.0,40279.0,3174181.0,9943882.0,1889540.0,0.0,17788095.0,152982.0,545842.0,256715699.0,25077048.0,62643172.0,7268018.0,0.0,4318466.0,18973827.0,37786095.0,17564765.0,20150308.0,72776.0,21882996.0,,0.0,0.0,215737471.0,917455933.0,924786769.0,48790328.0,3291137.0,3706950.0,47824402.0,1426724.0,5133674.0,226414013.0,56603503.0,5133674.0,50741589.0,223754823.0,227118448.0,200954047.0,2212504.0,224567378.0,2551070.0,1381235876.0,463779943.0,917455933.0,42912575.0,5286376286.0,70200000.0,saanich-d,Saanich,saanich-d|2021,Saanich|2021,"100,000 and over",127021098.0,13158342.0,20376459.0,192427751.0,40978228.0,0.15962493980549278,2059.6739303107374,1730.8986031659433,1268.7782957180336,1019.1119793964971,383.7033512784923,1.9989584473225253,0.008117578597960591,0.9867205820770057,0.896439024277349,0.9887676671689831,,,,,,,,,,,,,,,,,,,,,,
Saanich,D,CAP,2022,125853.0,10371.0,576.0,286998397.0,2808869.0,311222812.0,29334801.0,46380413.0,143959040.0,167263772.0,951491660.0,8553067.0,13197290.0,109346118.0,898366240.0,1118755432.0,155649268.0,82456283.0,34998.0,4340213.0,5081757.0,5522185.0,0.0,13419696.0,0.0,0.0,266504400.0,25253546.0,66280133.0,7624900.0,0.0,5632430.0,20993422.0,42374766.0,17328722.0,21923030.0,74893.0,22666090.0,,523062.0,0.0,230674994.0,944980006.0,951491660.0,47824402.0,3565000.0,4309008.0,46613765.0,1535921.0,5844929.0,244099511.0,61024878.0,5844929.0,53695225.0,237829806.0,241112467.0,214847491.0,1898642.0,238303598.0,2808869.0,1430740133.0,485760127.0,944980006.0,50713225.0,4983532559.0,77400000.0,saanich-d,Saanich,saanich-d|2022,Saanich|2022,"100,000 and over",131096475.0,9456968.0,18941881.0,206472983.0,35829406.0,0.13444208050598788,2117.5848013158206,1832.8922949790629,1329.0408015700857,1041.6634883554623,370.3826289401127,1.993611495325337,0.010176160063089095,0.9844688483352597,0.8798907389868112,0.9883503784148996,,,,,,,,,,,,,,,,,,,,,,
Saanich,D,CAP,2023,129786.0,10371.0,576.0,315712211.0,2924288.0,341161077.0,29429113.0,56377519.0,171376225.0,169784852.0,1001876270.0,6058564.0,12920025.0,125538582.0,923697444.0,1171661122.0,167531289.0,93800166.0,109676.0,18438021.0,7874479.0,9731163.0,0.0,13120302.0,377941.0,0.0,310983037.0,29430838.0,70999903.0,8232167.0,0.0,6097230.0,24314572.0,48131154.0,20137486.0,23653369.0,0.0,26449005.0,345139.0,286484.0,0.0,258077347.0,991647994.0,1001876270.0,46613765.0,16237413.0,6516627.0,57735841.0,1811300.0,6402527.0,271383458.0,67845865.0,6402527.0,57769751.0,256341275.0,260550348.0,233176214.0,2993109.0,257626060.0,2924288.0,1500836107.0,509188113.0,991647994.0,63154468.0,5226973049.0,85900000.0,saanich-d,Saanich,saanich-d|2023,Saanich|2023,"100,000 and over",144517171.0,26422176.0,23229406.0,229817042.0,52905690.0,0.17012403798731954,2396.1215924676003,1988.483711648406,1308.1908064043887,1113.503544295995,444.854152219808,1.8422170928318675,0.012082416995067999,0.983566014365344,0.8514852157902327,0.9887764955124911,,,,,,,,,,,,,,,,,,,,,,
Saanich,D,CAP,2024,129786.0,10371.0,577.0,325789409.0,3459613.0,355002285.0,39492890.0,81047649.0,216391252.0,138611033.0,1067929427.0,5949429.0,13120384.0,111909783.0,968033022.0,1206540460.0,181156837.0,96778545.0,29000.0,6762101.0,5556639.0,13089433.0,0.0,9896250.0,24292.0,343773.0,313636870.0,37139425.0,79354341.0,10003516.0,0.0,6425355.0,21734903.0,53678075.0,20085195.0,22821549.0,0.0,26341749.0,326074.0,514586.0,0.0,278424768.0,1061185573.0,1067929427.0,57735841.0,30795770.0,5330952.0,82635420.0,3556301.0,8887253.0,291763236.0,72940809.0,8887253.0,56537806.0,277547642.0,282234890.0,253889448.0,3309022.0,278775277.0,3459613.0,1592564061.0,531378488.0,1061185573.0,96417567.0,5626373172.0,92300000.0,saanich-d,Saanich,saanich-d|2024,Saanich|2024,"100,000 and over",130979596.0,12347740.0,23353748.0,248526718.0,35212102.0,0.11227028888535968,2416.5693526266314,2145.260413295733,1067.9968024286134,1009.1966467877892,636.7051916231335,1.5055572070907932,0.017136717393689434,0.9835951158626774,0.7751189872325107,0.9877420789470784,2926.770007924518,3546.5079302077975,2253.2286473116947,2783.665107049771,505.31078643357574,2437.8724475115623,835.9639870535584,1604.3462673977224,1385.6199903478357,518.5374381567245,1.168434818156359,1.7099330852451193,0.06451572223281492,0.02529861000232605,0.982732789016175,0.9815511712696461,0.742372553201734,0.8619101997275483,0.9707950553258613,0.9623635142836453,0.21263543020394,0.19976549769108282
Salmo,V,CKO,2019,1247.0,221.0,16.0,1268816.0,81048.0,1903172.0,312673.0,776523.0,1362309.0,540863.0,8608118.0,177613.0,49520.0,1127250.0,7671173.0,9148981.0,420437.0,650314.0,208606.0,1674082.0,232558.0,38425.0,0.0,0.0,0.0,0.0,3224422.0,393003.0,229656.0,99742.0,47692.0,0.0,255888.0,46101.0,121732.0,179617.0,0.0,323783.0,,0.0,0.0,1697214.0,8579858.0,8608118.0,991168.0,0.0,73437.0,908685.0,46878.0,120315.0,1552324.0,388081.0,120315.0,267766.0,1001924.0,1108388.0,665594.0,52763.0,1027340.0,81048.0,14744579.0,6164721.0,8579858.0,1738391.0,3064420.0,0.0,salmo-v,Salmo,salmo-v|2019,Salmo|2019,"Under 5,000",1354383.0,2115246.0,38425.0,1326553.0,1527208.0,0.4736377558520566,2585.7433841218926,1361.0376904570971,433.73135525260625,1086.1130713712912,728.6968724939856,0.9313716638442526,0.5672822263266785,1.0,0.6899745156294691,0.926877591601497,,,,,,,,,,,,,,,,,,,,,,
Salmo,V,CKO,2020,1333.0,221.0,16.0,2079468.0,79797.0,2487718.0,116902.0,742913.0,1051125.0,1436593.0,8656085.0,246828.0,20080.0,1222237.0,7818080.0,10092678.0,425140.0,658500.0,103175.0,1252503.0,272970.0,37663.0,0.0,0.0,24246.0,0.0,2774197.0,396127.0,221017.0,96137.0,42027.0,0.0,251174.0,75924.0,156175.0,200091.0,0.0,391828.0,,0.0,0.0,1830500.0,8639653.0,8656085.0,908685.0,0.0,76771.0,821575.0,28255.0,105026.0,1579270.0,394818.0,105026.0,289792.0,1058599.0,1153656.0,718962.0,36600.0,1073859.0,79797.0,15286199.0,6646546.0,8639653.0,451623.0,1256899.0,0.0,salmo-v,Salmo,salmo-v|2020,Salmo|2020,"Under 5,000",1489145.0,1628648.0,61909.0,1410417.0,943697.0,0.3401694256031565,2081.1680420105026,1373.218304576144,1077.714178544636,1117.1380345086272,616.3353338334583,1.9783260792008561,0.35931526717739454,1.0,0.7339888252308658,0.9308312009819218,,,,,,,,,,,,,,,,,,,,,,
Salmo,V,CKO,2021,1327.0,221.0,16.0,2408849.0,80672.0,2635261.0,104520.0,707958.0,967784.0,1667477.0,8564158.0,278225.0,31381.0,1415108.0,7780900.0,10231635.0,440853.0,675662.0,211272.0,477027.0,212865.0,52922.0,0.0,0.0,0.0,0.0,2070601.0,564825.0,98351.0,104269.0,36262.0,0.0,280591.0,48131.0,148263.0,256365.0,0.0,394587.0,,0.0,0.0,1931644.0,8538747.0,8564158.0,821575.0,0.0,52045.0,757849.0,24791.0,76836.0,1633768.0,408442.0,76836.0,331606.0,1153360.0,1247614.0,801980.0,43751.0,1166942.0,80672.0,15391560.0,6852813.0,8538747.0,293681.0,1256899.0,0.0,salmo-v,Salmo,salmo-v|2021,Salmo|2021,"Under 5,000",1724714.0,901164.0,52922.0,1512266.0,138957.0,0.0671095010579054,1560.3624717407686,1455.6473247927656,1256.5764883195177,1299.709118311982,571.0994724943481,2.4890357765782447,0.23365521016406252,1.0,0.8118802669656892,0.9353389750355479,,,,,,,,,,,,,,,,,,,,,,
Salmo,V,CKO,2022,1397.0,221.0,16.0,2230248.0,85972.0,2470090.0,172987.0,671494.0,968654.0,1501436.0,8837954.0,321201.0,6444.0,1048189.0,8121814.0,10339390.0,446830.0,784568.0,3360.0,604203.0,178277.0,59291.0,0.0,0.0,0.0,0.0,2076529.0,526300.0,102067.0,99132.0,0.0,0.0,327415.0,53015.0,146643.0,293043.0,31942.0,389217.0,,0.0,0.0,1968774.0,8814449.0,8837954.0,757849.0,0.0,52582.0,692635.0,22551.0,75133.0,1871057.0,467764.0,75133.0,392631.0,1169877.0,1264985.0,809223.0,35396.0,1179013.0,85972.0,16056479.0,7242030.0,8814449.0,664917.0,1256899.0,0.0,salmo-v,Salmo,salmo-v|2022,Salmo|2022,"Under 5,000",1375834.0,785840.0,59291.0,1557006.0,107755.0,0.05189188304136374,1486.4201861130996,1409.2870436649964,1074.757337151038,984.8489620615605,495.8017179670723,2.302419646230749,0.5290138666670909,1.0,0.8393784044945742,0.9320371387803017,,,,,,,,,,,,,,,,,,,,,,
Salmo,V,CKO,2023,1437.0,221.0,16.0,3341232.0,105339.0,3633842.0,203791.0,633628.0,1770438.0,1863404.0,9759534.0,332731.0,3605.0,1943672.0,8403235.0,11622938.0,478272.0,823581.0,2950.0,1609847.0,224816.0,80070.0,0.0,0.0,0.0,0.0,3219536.0,521806.0,108340.0,105655.0,0.0,0.0,214857.0,40696.0,124463.0,320492.0,36201.0,431877.0,31601.0,0.0,0.0,1935988.0,9736556.0,9759534.0,692635.0,0.0,44972.0,633628.0,22541.0,67513.0,1826888.0,456722.0,67513.0,389209.0,1284472.0,1390505.0,915984.0,58588.0,1311019.0,105339.0,17410463.0,7673907.0,9736556.0,685894.0,1256899.0,0.0,salmo-v,Salmo,salmo-v|2023,Salmo|2023,"Under 5,000",2280008.0,1837613.0,80070.0,1481570.0,1283548.0,0.39867484010118226,2240.4565066109953,1347.2428670842032,1296.73208072373,1586.6443980514962,440.93806541405706,1.8872346842984618,0.5457033540483365,1.0,0.8521792249990148,0.9428365953376651,,,,,,,,,,,,,,,,,,,,,,
Salmo,V,CKO,2024,1437.0,221.0,16.0,3884422.0,100845.0,4094802.0,303563.0,594305.0,2077240.0,2017562.0,9683352.0,343408.0,51305.0,2018994.0,8306479.0,11700914.0,504983.0,875261.0,6790.0,752766.0,89033.0,86442.0,0.0,0.0,0.0,0.0,2315275.0,691046.0,113945.0,113503.0,0.0,0.0,269194.0,51113.0,150424.0,336483.0,32916.0,445581.0,33095.0,0.0,0.0,2237300.0,9634373.0,9683352.0,633628.0,0.0,23832.0,594305.0,22120.0,45952.0,1949795.0,487449.0,45952.0,441497.0,1360371.0,1484263.0,978268.0,63475.0,1383418.0,100845.0,17753862.0,8119489.0,9634373.0,343399.0,27734279.0,408997.0,salmo-v,Salmo,salmo-v|2024,Salmo|2024,"Under 5,000",2413707.0,848589.0,86442.0,1769599.0,77975.0,0.033678504713263,1611.1864996520528,1556.9241475295755,1404.009742519137,1679.6847599164928,413.5734168406402,1.8699919123452273,0.012381753280840652,0.985253014870154,0.9057296250479537,0.9320571893256114,4648.097865362712,3546.5079302077975,3428.422456291105,2783.665107049771,5030.364110900993,2437.8724475115623,2420.45,1604.3462673977224,224.31236112962716,518.5374381567245,2.204313821553219,1.7099330852451193,0.030042455998363887,0.02529861000232605,0.9786113537119745,0.9815511712696461,0.9039920521842442,0.8619101997275483,0.9333160528846489,0.9623635142836453,0.20869205825466772,0.19976549769108282
Salmon Arm,C,COL,2019,19115.0,16523.0,212.0,67970782.0,822856.0,71830421.0,3016695.0,26388390.0,51744822.0,20085599.0,219180091.0,1038710.0,2988432.0,6334817.0,192762034.0,239265690.0,22766323.0,9251722.0,0.0,483511.0,1164381.0,1777816.0,0.0,2233115.0,245571.0,97307.0,38019746.0,4014534.0,4927973.0,0.0,1417534.0,1304274.0,4719290.0,2962374.0,2479793.0,1699405.0,0.0,7915698.0,,0.0,0.0,31440875.0,219150424.0,219180091.0,22407773.0,6145000.0,1316686.0,26388390.0,1407574.0,2724260.0,32813575.0,8203394.0,2724260.0,5423409.0,33515508.0,34445183.0,27841090.0,594845.0,33622327.0,822856.0,347738521.0,128588097.0,219150424.0,9308640.0,40190839.0,0.0,salmon-arm-c,Salmon Arm,salmon-arm-c|2019,Salmon Arm|2019,"5,000 to 19,999",10361959.0,1647892.0,4353809.0,22117603.0,6578871.0,0.1730382680620749,1989.000575464295,1644.8273607114832,1050.77682448339,542.0852210306042,1380.5069317290086,1.3135764966009547,0.23161098975813865,1.0,0.6611177032335641,0.9761111444813634,,,,,,,,,,,,,,,,,,,,,,
Salmon Arm,C,COL,2020,19296.0,16523.0,214.0,79637093.0,842201.0,83699354.0,5183265.0,24652434.0,54209320.0,29490034.0,221530803.0,1311066.0,3190372.0,6846223.0,196060953.0,251020837.0,23033119.0,8992340.0,0.0,4532833.0,594129.0,1053431.0,0.0,616619.0,2617.0,92823.0,38917911.0,4242897.0,5183214.0,0.0,1245794.0,1269852.0,4799733.0,2976197.0,2342092.0,1782363.0,0.0,7897010.0,,0.0,0.0,31739152.0,220855881.0,221530803.0,26388390.0,845000.0,2007896.0,24652434.0,1321824.0,3329720.0,32561735.0,8140434.0,3329720.0,4749297.0,33477888.0,34445332.0,28746526.0,576335.0,33603131.0,842201.0,352940880.0,132084999.0,220855881.0,5477731.0,42063300.0,0.0,salmon-arm-c,Salmon Arm,salmon-arm-c|2020,Salmon Arm|2020,"5,000 to 19,999",11347661.0,5126962.0,1765490.0,22520318.0,7178759.0,0.18445900140940247,2016.890080845771,1644.856550580431,1528.2977819237149,588.0835924543946,1277.5929726368158,1.469066444663021,0.1302258976352307,1.0,0.5834206136920955,0.975549633256547,,,,,,,,,,,,,,,,,,,,,,
Salmon Arm,C,COL,2021,19825.0,16523.0,375.0,79912612.0,552805.0,85404697.0,5613205.0,22813105.0,56205752.0,29198945.0,228861465.0,1357518.0,3071166.0,7133737.0,205010215.0,258060410.0,23620518.0,9962185.0,0.0,1295968.0,290838.0,769013.0,0.0,5381703.0,0.0,73697.0,41393922.0,4742409.0,5959694.0,0.0,1183841.0,1422508.0,4853510.0,3348824.0,2620408.0,1982410.0,0.0,8196572.0,,44173.0,0.0,34354349.0,227894194.0,228861465.0,24652435.0,0.0,1204159.0,22813105.0,1264431.0,2468590.0,33660022.0,8415006.0,2468590.0,5882029.0,35398170.0,36466482.0,30687047.0,721475.0,35913677.0,552805.0,367978807.0,140084613.0,227894194.0,15461881.0,47745984.0,0.0,salmon-arm-c,Salmon Arm,salmon-arm-c|2021,Salmon Arm|2021,"5,000 to 19,999",11562421.0,1586806.0,6224413.0,24893346.0,7039573.0,0.17006296238370455,2087.9658007566204,1732.8801513240858,1472.834552332913,583.224262295082,1150.7240857503152,1.4217870797280676,0.32383626233360274,1.0,0.698992846826253,0.9848407367620491,,,,,,,,,,,,,,,,,,,,,,
Salmon Arm,C,COL,2022,20103.0,16523.0,447.0,74673888.0,696127.0,81654845.0,5781490.0,21634358.0,51480336.0,30174509.0,240410495.0,1637688.0,3351893.0,6208903.0,218073165.0,270585004.0,24796148.0,10289423.0,24262.0,1128514.0,5787937.0,1858524.0,0.0,3451779.0,272535.0,110150.0,47719272.0,4381276.0,5856774.0,0.0,1216305.0,1470032.0,5573915.0,3702666.0,2467175.0,1917567.0,0.0,8608968.0,,0.0,0.0,35194678.0,239707523.0,240410495.0,22813102.0,730000.0,1204278.0,21634358.0,1285789.0,2490067.0,36098002.0,9024501.0,2490067.0,6328763.0,37262651.0,38016393.0,32053016.0,433778.0,37320266.0,696127.0,387995448.0,148287925.0,239707523.0,20506125.0,60004025.0,0.0,salmon-arm-c,Salmon Arm,salmon-arm-c|2022,Salmon Arm|2022,"20,000 to 99,999",11198484.0,6940713.0,5692988.0,25299921.0,12524594.0,0.26246406273758743,2373.738844948515,1750.7177038252996,1500.995324080983,557.0553648709148,1076.1755956822365,1.4505322575983186,0.3417458245509364,1.0,0.7012867525860986,0.981688767790253,,,,,,,,,,,,,,,,,,,,,,
Salmon Arm,C,COL,2023,21034.0,16523.0,447.0,86483783.0,851551.0,91523900.0,5203548.0,21547117.0,54683964.0,36839936.0,249901224.0,2042382.0,3710109.0,12295440.0,222436965.0,286741160.0,25749586.0,10743927.0,252729.0,8001787.0,1053247.0,4172174.0,0.0,6831862.0,21835.0,143691.0,56970838.0,4783261.0,6173229.0,0.0,1452094.0,1694816.0,4900424.0,3612100.0,2703928.0,2098048.0,1043017.0,9260517.0,147099.0,0.0,0.0,37868533.0,249288052.0,249901224.0,21634358.0,2000000.0,1311533.0,21547117.0,1421335.0,2732868.0,39698022.0,9924506.0,2732868.0,6915007.0,39228224.0,40144144.0,33987806.0,514325.0,40027829.0,851551.0,407683257.0,158395205.0,249288052.0,18773703.0,45823888.0,0.0,salmon-arm-c,Salmon Arm,salmon-arm-c|2023,Salmon Arm|2023,"20,000 to 99,999",18047931.0,9307763.0,11169562.0,27186681.0,19102305.0,0.335299701928204,2708.5118379766095,1800.34862603404,1751.4469905866692,858.0360844347248,1024.3946467623848,1.5815200046580382,0.40969249488389115,1.0,0.6967608261811722,0.9971025661924688,,,,,,,,,,,,,,,,,,,,,,
Salmon Arm,C,COL,2024,21034.0,16523.0,194.0,94267199.0,977090.0,100283707.0,8737736.0,19931587.0,58341632.0,41942075.0,251306502.0,1760456.0,3899919.0,12447551.0,224957870.0,293248577.0,27213723.0,11021830.0,1329724.0,1612609.0,377472.0,4412594.0,0.0,917929.0,0.0,89530.0,46975411.0,4833565.0,7430163.0,0.0,1434812.0,2116918.0,4418786.0,4187627.0,2937640.0,2073983.0,1124646.0,9758928.0,150924.0,0.0,0.0,40467992.0,250344350.0,251306502.0,21547117.0,125000.0,1048421.0,19931587.0,1529732.0,2578153.0,41632408.0,10408102.0,2578153.0,7443608.0,41414188.0,42536648.0,35283929.0,753602.0,41659457.0,977090.0,418458493.0,168114143.0,250344350.0,10815232.0,969740400.0,14078097.0,salmon-arm-c,Salmon Arm,salmon-arm-c|2024,Salmon Arm|2024,"20,000 to 99,999",18107926.0,3319805.0,5420053.0,29179332.0,6507419.0,0.13852819723067458,2233.3085005229627,1923.9323000855757,1994.0132642388514,860.8883712085195,947.588998763906,1.6157792603401975,0.011152708498068143,0.9854826126662352,0.7151743901049394,0.9793779942415772,2823.8160359162957,3546.5079302077975,2313.177731087988,2783.665107049771,1634.933826557682,2437.8724475115623,1015.8871081440785,1604.3462673977224,757.3716446138835,518.5374381567245,1.4428133381403412,1.7099330852451193,0.021350493990494074,0.02529861000232605,0.9847118933607182,0.9815511712696461,0.8457939120832807,0.8619101997275483,0.9744645665293163,0.9623635142836453,0.16542076645989975,0.19976549769108282
Sayward,V,STR,2019,342.0,489.0,3.0,445931.0,21165.0,1384549.0,191369.0,62195.0,401363.0,983186.0,10555887.0,0.0,5320.0,400081.0,10474560.0,11539073.0,352678.0,291382.0,137348.0,2563056.0,182140.0,48876.0,0.0,1625.0,0.0,0.0,3577105.0,385059.0,91302.0,37801.0,0.0,0.0,36006.0,262783.0,91743.0,63719.0,55723.0,114341.0,,0.0,0.0,1138477.0,10536755.0,10555887.0,71369.0,0.0,5979.0,62195.0,2927.0,8906.0,1119069.0,279767.0,8906.0,270861.0,500524.0,578948.0,383532.0,70931.0,557783.0,21165.0,14393947.0,3857192.0,10536755.0,2729856.0,1959114.0,0.0,sayward-v,Sayward,sayward-v|2019,Sayward|2019,"Under 5,000",405401.0,2882544.0,50501.0,1021209.0,2438628.0,0.6817322946908184,10459.37134502924,3328.8801169590643,2874.812865497076,1185.3830409356726,181.85672514619884,1.1110416256605615,1.3934135532694882,1.0,0.9681663670125498,0.9634423126083862,,,,,,,,,,,,,,,,,,,,,,
Sayward,V,STR,2020,318.0,489.0,3.0,1632711.0,59312.0,1799862.0,129852.0,52699.0,445655.0,1354207.0,10483938.0,0.0,5320.0,630032.0,10353732.0,11838145.0,362463.0,290724.0,69758.0,666912.0,86701.0,20027.0,0.0,320.0,0.0,0.0,1496905.0,312089.0,100474.0,39986.0,0.0,0.0,31775.0,202419.0,104552.0,64295.0,52307.0,195798.0,,0.0,0.0,1103695.0,10460659.0,10483938.0,62195.0,65000.0,16752.0,106927.0,3783.0,20535.0,1095417.0,273854.0,20535.0,253319.0,512379.0,540612.0,363157.0,9805.0,481300.0,59312.0,14513648.0,4052989.0,10460659.0,119701.0,1959114.0,0.0,sayward-v,Sayward,sayward-v|2020,Sayward|2020,"Under 5,000",635352.0,823371.0,20347.0,904114.0,393210.0,0.2626820005277556,4707.248427672956,3470.738993710692,4258.512578616353,1997.9622641509434,336.248427672956,3.663620962403653,0.061099558269707636,1.0,0.9250147889021157,0.8902873040184087,,,,,,,,,,,,,,,,,,,,,,
Sayward,V,STR,2021,326.0,489.0,3.0,1103661.0,53499.0,1522020.0,208352.0,42774.0,396766.0,1125254.0,10868967.0,0.0,5353.0,506245.0,10758740.0,11994221.0,368724.0,315451.0,139790.0,572361.0,296690.0,35947.0,0.0,485.0,0.0,0.0,1729448.0,488638.0,231047.0,42066.0,0.0,0.0,41726.0,218060.0,112285.0,68880.0,81347.0,203496.0,,85825.0,0.0,1573370.0,10842319.0,10868967.0,106927.0,0.0,20049.0,83580.0,1480.0,21529.0,1133033.0,283258.0,21529.0,261729.0,521820.0,591709.0,380790.0,40284.0,538210.0,53499.0,14841433.0,3999114.0,10842319.0,670981.0,2007114.0,0.0,sayward-v,Sayward,sayward-v|2021,Sayward|2021,"Under 5,000",511598.0,1008841.0,36432.0,1368394.0,156078.0,0.09024729277781118,5305.055214723926,4826.288343558283,3451.6993865030677,1569.3190184049079,256.3803680981595,2.7816420761859635,0.3343013899559268,1.0,0.9239950857522118,0.9095856240145072,,,,,,,,,,,,,,,,,,,,,,
Sayward,V,STR,2022,302.0,489.0,3.0,621630.0,64318.0,1046254.0,208704.0,32550.0,398316.0,647938.0,11129542.0,0.0,5391.0,277389.0,11037392.0,11777480.0,402844.0,344928.0,0.0,463000.0,175939.0,45766.0,0.0,1706.0,0.0,0.0,1434183.0,546572.0,99014.0,54049.0,0.0,0.0,74373.0,303963.0,167700.0,97100.0,80729.0,227424.0,,0.0,0.0,1650924.0,11097636.0,11129542.0,83580.0,0.0,19741.0,60243.0,1480.0,21221.0,1252942.0,313236.0,21221.0,292015.0,562720.0,626221.0,402940.0,37725.0,561903.0,64318.0,15324173.0,4226537.0,11097636.0,482740.0,2122436.0,0.0,sayward-v,Sayward,sayward-v|2022,Sayward|2022,"Under 5,000",282780.0,638939.0,47472.0,1422020.0,-216741.0,-0.15112506562969996,4748.950331125828,5466.635761589404,2145.4900662251657,936.3576158940398,199.48013245033113,1.5606453167836591,0.22744619861329152,1.0,0.9322523592435097,0.8972918506405886,,,,,,,,,,,,,,,,,,,,,,
Sayward,V,STR,2023,305.0,489.0,3.0,1678037.0,58950.0,1796526.0,174873.0,22019.0,1503765.0,292761.0,11866223.0,0.0,5391.0,868584.0,10823728.0,12158984.0,439008.0,419993.0,0.0,965000.0,213708.0,99675.0,0.0,2566.0,0.0,0.0,2139950.0,630452.0,111744.0,47721.0,0.0,0.0,32491.0,329428.0,122360.0,85221.0,89171.0,309859.0,0.0,0.0,0.0,1758447.0,11840513.0,11866223.0,60243.0,0.0,19358.0,36982.0,1480.0,20838.0,1297773.0,324443.0,20838.0,303605.0,615629.0,694946.0,464888.0,50103.0,635996.0,58950.0,16376908.0,4536395.0,11840513.0,72932.0,2122436.0,0.0,sayward-v,Sayward,sayward-v|2023,Sayward|2023,"Under 5,000",873975.0,1178708.0,102241.0,1447108.0,381503.0,0.17827659524755252,7016.229508196721,5765.4,959.872131147541,2865.4918032786886,121.25245901639344,1.11589044830808,0.034362402446999576,1.0,0.9357730017291173,0.9151732652608979,,,,,,,,,,,,,,,,,,,,,,
Sayward,V,STR,2024,305.0,489.0,3.0,1738245.0,67730.0,1903105.0,236817.0,11172.0,1555894.0,347211.0,11703010.0,0.0,5767.0,0.0,10654394.0,12050221.0,491599.0,564175.0,78620.0,368200.0,253877.0,97582.0,0.0,6384.0,0.0,0.0,1860437.0,809239.0,102528.0,50621.0,0.0,0.0,45843.0,345315.0,184605.0,74591.0,107042.0,290497.0,0.0,0.0,0.0,2010281.0,11670458.0,11703010.0,36982.0,0.0,20018.0,12745.0,1960.0,21978.0,1517337.0,379334.0,21978.0,357356.0,663279.0,734008.0,497197.0,44228.0,666278.0,67730.0,16497350.0,4826892.0,11670458.0,96926.0,48352436.0,652589.0,sayward-v,Sayward,sayward-v|2024,Sayward|2024,"Under 5,000",5767.0,700697.0,103966.0,1717824.0,-149844.0,-0.08054236719652426,6099.793442622951,6591.08524590164,1138.3967213114754,18.908196721311477,41.78688524590164,1.1172001434545027,0.0020045732545925917,0.9865034928126475,0.9420616132484829,0.9077258013536638,4648.097865362712,3546.5079302077975,3428.422456291105,2783.665107049771,5030.364110900993,2437.8724475115623,2420.45,1604.3462673977224,224.31236112962716,518.5374381567245,2.204313821553219,1.7099330852451193,0.030042455998363887,0.02529861000232605,0.9786113537119745,0.9815511712696461,0.9039920521842442,0.8619101997275483,0.9333160528846489,0.9623635142836453,0.20869205825466772,0.19976549769108282
Sechelt,D,SUN,2019,10809.0,4015.0,112.0,18744300.0,1006989.0,23611816.0,1962906.0,5319802.0,21281358.0,2330458.0,149059838.0,0.0,0.0,3356197.0,143537162.0,151390296.0,10772380.0,4626583.0,69125.0,2406305.0,1067896.0,456202.0,-391684.0,2098528.0,0.0,0.0,21105335.0,3478743.0,2521441.0,1122491.0,5951.0,984286.0,2315343.0,1672778.0,0.0,2311782.0,609371.0,3680282.0,,49361.0,0.0,18751829.0,148886962.0,149059838.0,6523361.0,0.0,969654.0,5349800.0,252416.0,1222070.0,16139226.0,4034807.0,1222070.0,2812737.0,24353867.0,25400688.0,20298613.0,613239.0,24393699.0,1006989.0,214056872.0,65169910.0,148886962.0,4493316.0,72269954.0,0.0,sechelt-d,Sechelt,sechelt-d|2019,Sechelt|2019,"5,000 to 19,999",3356197.0,3543326.0,2163046.0,14819131.0,2353506.0,0.11151237353019983,1952.5705430659636,1734.8347673235266,215.6034785826626,310.50023128874085,494.9394023498936,0.8807849574261192,0.062174053687650055,1.0,0.6971181025511257,0.9603558376056586,,,,,,,,,,,,,,,,,,,,,,
Sechelt,D,SUN,2020,10872.0,4015.0,112.0,26183605.0,1023588.0,30515839.0,5426389.0,4183929.0,21512604.0,9003235.0,150337620.0,0.0,0.0,4429944.0,145911247.0,159340855.0,11205611.0,5639373.0,367573.0,3110801.0,679929.0,508885.0,86834.0,4477503.0,0.0,0.0,26076509.0,3368673.0,2282295.0,1000701.0,1897.0,987285.0,2089799.0,1870790.0,0.0,2160967.0,668289.0,3692754.0,,2500.0,0.0,18125950.0,150117128.0,150337620.0,5349800.0,19528.0,940725.0,4205881.0,230746.0,1171471.0,17600395.0,4400099.0,1171471.0,3228628.0,24558687.0,25842868.0,20435282.0,844101.0,24819280.0,1023588.0,218959230.0,68842102.0,150117128.0,5291006.0,76303777.0,0.0,sechelt-d,Sechelt,sechelt-d|2020,Sechelt|2020,"5,000 to 19,999",4429944.0,4158303.0,5073222.0,14202450.0,7950559.0,0.30489353463686414,2398.5015636497424,1667.2139440765268,828.1121228844739,407.4635761589404,386.8543966151582,1.2171285726265402,0.06934133810964561,1.0,0.7337625812510128,0.9603918574362567,,,,,,,,,,,,,,,,,,,,,,
Sechelt,D,SUN,2021,10971.0,4015.0,113.0,25734028.0,990653.0,31183910.0,2298503.0,3028298.0,17216385.0,13967525.0,153031570.0,0.0,0.0,5480030.0,149559938.0,166999095.0,12290922.0,6308801.0,48700.0,2482104.0,1136421.0,419430.0,842899.0,2375795.0,0.0,0.0,25905072.0,3353929.0,2389161.0,1038825.0,2479.0,1104059.0,2228093.0,1966150.0,0.0,2008013.0,697656.0,3446327.0,,12140.0,0.0,18246832.0,152797126.0,153031570.0,4205881.0,214182.0,940398.0,3237188.0,202647.0,1143045.0,19253109.0,4813277.0,1143045.0,3670232.0,27115346.0,28435021.0,22892308.0,949900.0,27444368.0,990653.0,225064269.0,72267143.0,152797126.0,6138467.0,81619557.0,0.0,sechelt-d,Sechelt,sechelt-d|2021,Sechelt|2021,"5,000 to 19,999",5480030.0,3667225.0,3638124.0,14597858.0,7658240.0,0.29562704940561446,2361.2316106097896,1663.1876766019507,1273.1314374259412,499.5014128156048,295.0677239996354,1.494740504467111,0.07520828617092347,1.0,0.7625224976663508,0.9651608134912226,,,,,,,,,,,,,,,,,,,,,,
Sechelt,D,SUN,2022,11238.0,4015.0,113.0,27482274.0,1307568.0,33117814.0,3042345.0,3321926.0,17133623.0,15984191.0,156270516.0,0.0,0.0,6017880.0,152548230.0,172254707.0,13261463.0,7277207.0,158917.0,2270325.0,1080677.0,1014653.0,681482.0,557537.0,0.0,0.0,26302261.0,3838040.0,3184492.0,1573614.0,2724.0,1251623.0,2706338.0,2207929.0,0.0,2204981.0,523141.0,3480503.0,,73264.0,0.0,21046649.0,156035358.0,156270516.0,3237188.0,1470000.0,956840.0,3487128.0,127500.0,1084340.0,21828231.0,5457058.0,1084340.0,4235783.0,29168326.0,30345341.0,24680471.0,725595.0,29037773.0,1307568.0,231200351.0,75164993.0,156035358.0,6820207.0,82371703.0,0.0,sechelt-d,Sechelt,sechelt-d|2022,Sechelt|2022,"5,000 to 19,999",6017880.0,3509919.0,2253672.0,17438646.0,5255612.0,0.1998159777974981,2340.4752625022247,1872.8109094144866,1422.3341341875778,535.4938601174587,310.29791777896423,1.6039966561654824,0.08279793608249182,1.0,0.7762026718425936,0.956910419955406,,,,,,,,,,,,,,,,,,,,,,
Sechelt,D,SUN,2023,11707.0,4015.0,113.0,38693094.0,1438863.0,49570111.0,6296979.0,4111155.0,31703071.0,17867040.0,168429017.0,0.0,0.0,10884160.0,160021380.0,186296057.0,14363590.0,7671305.0,712901.0,8650075.0,728818.0,1761874.0,-91161.0,2659323.0,0.0,0.0,36456725.0,3874352.0,3250423.0,1668038.0,2736.0,1094724.0,2590387.0,2336224.0,0.0,2675973.0,948254.0,3854513.0,117308.0,2443.0,0.0,22415375.0,168103042.0,168429017.0,3487128.0,1830000.0,842907.0,4474221.0,139546.0,982453.0,24221769.0,6055442.0,982453.0,5072989.0,32884823.0,34468961.0,28435125.0,1008899.0,33030098.0,1438863.0,246824563.0,78721521.0,168103042.0,12434509.0,93070806.0,0.0,sechelt-d,Sechelt,sechelt-d|2023,Sechelt|2023,"5,000 to 19,999",10884160.0,10091794.0,4330036.0,18421316.0,14041350.0,0.38515116209697936,3114.09626719057,1914.6984710002562,1526.1843341590502,929.7138464166737,382.18339455026904,1.2204840975815876,0.13360267880349075,1.0,0.8377570126177412,0.9582562700395872,,,,,,,,,,,,,,,,,,,,,,
Sechelt,D,SUN,2024,11707.0,4015.0,114.0,40178120.0,1742228.0,49329377.0,3639089.0,4265346.0,29814210.0,19515167.0,170882964.0,0.0,0.0,11359411.0,162293049.0,190398131.0,15534399.0,7768210.0,7500.0,928473.0,677015.0,1862292.0,530141.0,670839.0,64249.0,0.0,28043118.0,4200051.0,3369873.0,1720574.0,3091.0,1198792.0,2566357.0,2432239.0,0.0,3088391.0,1213062.0,4026285.0,122329.0,0.0,0.0,23941044.0,170552548.0,170882964.0,4474221.0,894960.0,3839451.0,4529730.0,215286.0,1054737.0,25635301.0,6408825.0,1054737.0,5354088.0,35467755.0,37209623.0,30788780.0,1090427.0,35467395.0,1742228.0,253294657.0,82742109.0,170552548.0,6914449.0,770538476.0,10271407.0,sechelt-d,Sechelt,sechelt-d|2024,Sechelt|2024,"5,000 to 19,999",11359411.0,1612988.0,3127521.0,19699473.0,4102074.0,0.146277386130886,2395.4145383104124,2045.0195609464422,1666.9656615700007,970.3093021269326,386.9249167164944,1.347616455374803,0.008973528532791918,0.9866698324354669,0.8354242782413313,0.9531780260176246,2567.538946805667,3546.5079302077975,2045.0195609464422,2783.665107049771,2217.25520024837,2437.8724475115623,799.2304887641933,1604.3462673977224,386.9249167164944,518.5374381567245,1.5629948984418691,1.7099330852451193,0.04472396775938227,0.02529861000232605,0.9792813777328785,0.9815511712696461,0.8510570773833829,0.8619101997275483,0.9732053424599786,0.9623635142836453,0.170495619408603,0.19976549769108282
Sicamous,D,COL,2019,2714.0,1321.0,0.0,13601651.0,720291.0,16663432.0,1219038.0,7600614.0,11426442.0,5236990.0,71952471.0,494797.0,2029812.0,6841256.0,64308537.0,77189461.0,5018140.0,2009324.0,0.0,1291169.0,498759.0,270552.0,0.0,0.0,194650.0,0.0,9282594.0,1406145.0,617982.0,0.0,122857.0,921558.0,1244384.0,750675.0,832682.0,701379.0,0.0,1911788.0,,0.0,0.0,8509450.0,71933030.0,71952471.0,7962660.0,0.0,315885.0,7624493.0,305453.0,621338.0,7662885.0,1915721.0,621338.0,1294383.0,7849883.0,8590576.0,6604681.0,452234.0,7870285.0,720291.0,91403472.0,19470442.0,71933030.0,1528815.0,10483544.0,0.0,sicamous-d,Sicamous,sicamous-d|2019,Sicamous|2019,"Under 5,000",9365865.0,1789928.0,465202.0,6292209.0,773144.0,0.08328964942342626,3420.2630803242446,3135.3905674281505,1929.620486366986,3450.9450994841563,2809.31945467944,1.1903662574929275,0.145829978869741,1.0,0.6756636274280023,0.9161533522315617,,,,,,,,,,,,,,,,,,,,,,
Sicamous,D,COL,2020,2700.0,1321.0,0.0,14235355.0,520277.0,18250720.0,2648820.0,7650518.0,12627471.0,5623249.0,75808030.0,237073.0,2220898.0,6484095.0,68120227.0,81431279.0,5167518.0,1989163.0,0.0,4262906.0,337908.0,244182.0,0.0,352202.0,49882.0,0.0,12403761.0,1545801.0,595297.0,0.0,210874.0,753905.0,1285320.0,494277.0,815494.0,594839.0,0.0,1884425.0,,0.0,0.0,8180232.0,75776448.0,75808030.0,7602370.0,400000.0,316432.0,7656221.0,300186.0,616618.0,8684889.0,2171222.0,616618.0,1554604.0,8010061.0,8817470.0,6847463.0,597509.0,8297193.0,520277.0,96961745.0,21185297.0,75776448.0,5798961.0,10931230.0,0.0,sicamous-d,Sicamous,sicamous-d|2020,Sicamous|2020,"Under 5,000",8942066.0,4600814.0,646266.0,5995621.0,4223529.0,0.34050390038956735,4593.985555555556,3029.7155555555555,2082.6848148148147,3311.8762962962965,2835.6374074074074,1.1273322266984418,0.5304948299505179,1.0,0.7160041672385412,0.9409947524630081,,,,,,,,,,,,,,,,,,,,,,
Sicamous,D,COL,2021,2788.0,1321.0,90.0,14820050.0,485191.0,19523979.0,2189381.0,7634134.0,14377146.0,5146833.0,79178382.0,1198698.0,1081147.0,5972145.0,71418869.0,84325215.0,5196950.0,2994908.0,0.0,3499293.0,507470.0,178156.0,0.0,259793.0,0.0,0.0,12636570.0,1661635.0,858046.0,0.0,740669.0,884164.0,1189556.0,570027.0,832904.0,551266.0,0.0,1889413.0,,168180.0,0.0,9345860.0,79142100.0,79178382.0,7656221.0,400580.0,294628.0,7723231.0,291708.0,586336.0,8730540.0,2182635.0,586336.0,1596299.0,8402988.0,9003862.0,7218590.0,424643.0,8518671.0,485191.0,102087165.0,22945065.0,79142100.0,5583246.0,11281466.0,0.0,sicamous-d,Sicamous,sicamous-d|2021,Sicamous|2021,"Under 5,000",8251990.0,4006763.0,437949.0,7164739.0,3290710.0,0.2604116465148375,4532.4856527977045,3352.173601147776,1846.0663558106169,2959.8242467718796,2770.16893830703,1.0308061140924631,0.49490429701246275,1.0,0.7313632375546072,0.9461130123940149,,,,,,,,,,,,,,,,,,,,,,
Sicamous,D,COL,2022,2873.0,1321.0,90.0,16891499.0,520455.0,19032413.0,1462396.0,7243254.0,13020453.0,6011960.0,79524544.0,1411889.0,881208.0,6297918.0,72162446.0,85536504.0,5478055.0,3262666.0,351558.0,1146396.0,527280.0,314551.0,0.0,197308.0,0.0,0.0,11277814.0,1701776.0,676907.0,0.0,1180568.0,894380.0,1178891.0,676996.0,856648.0,608066.0,27342.0,1904381.0,,360570.0,0.0,10066525.0,79477441.0,79524544.0,7723231.0,0.0,362206.0,7314995.0,219769.0,581975.0,9406657.0,2351664.0,581975.0,1769689.0,8744105.0,9316420.0,7539603.0,357987.0,8795965.0,520455.0,104212967.0,24735526.0,79477441.0,2600292.0,11318466.0,0.0,sicamous-d,Sicamous,sicamous-d|2022,Sicamous|2022,"Under 5,000",8591015.0,2025234.0,511859.0,7942375.0,1211289.0,0.10740459099609197,3925.4486599373477,3503.8374521406195,2092.5722241559347,2990.2593108249216,2546.117298990602,1.2973050169606235,0.22973890631468963,1.0,0.7525262962736173,0.9441357302483143,,,,,,,,,,,,,,,,,,,,,,
Sicamous,D,COL,2023,3005.0,1321.0,90.0,17804452.0,631658.0,20410680.0,1500506.0,6684351.0,12644250.0,7766430.0,80379121.0,1313473.0,919300.0,9129534.0,73289089.0,88145551.0,5757973.0,3895646.0,523442.0,2823064.0,413228.0,774896.0,0.0,489348.0,0.0,0.0,14677597.0,1759275.0,957652.0,0.0,1057135.0,998133.0,1258116.0,669934.0,991909.0,749648.0,19093.0,2240989.0,13826.0,400793.0,0.0,11116503.0,80318831.0,80379121.0,7314995.0,0.0,576590.0,6684351.0,231152.0,807742.0,10642447.0,2660612.0,807742.0,1852870.0,9244851.0,9883800.0,7987271.0,370856.0,9252142.0,631658.0,108079796.0,27760965.0,80318831.0,4114075.0,13010865.0,0.0,sicamous-d,Sicamous,sicamous-d|2023,Sicamous|2023,"Under 5,000",11362307.0,3759734.0,1264244.0,8644362.0,3561094.0,0.24262105029862857,4884.391680532446,3699.3354409317803,2584.5024958402664,3781.1337770382697,2224.4096505823627,1.4081066097237875,0.3162030349250415,1.0,0.6964074430995576,0.9360915842085028,,,,,,,,,,,,,,,,,,,,,,
Sicamous,D,COL,2024,3005.0,1321.0,90.0,14241210.0,445860.0,17626160.0,2981957.0,6356899.0,11906648.0,5719512.0,89489918.0,1390306.0,843043.0,6915062.0,82603152.0,95209430.0,6003367.0,3833990.0,0.0,6283495.0,495325.0,756503.0,0.0,2355620.0,0.0,0.0,19728300.0,1928154.0,1043264.0,0.0,1230740.0,935112.0,1461702.0,759429.0,917848.0,926755.0,20179.0,2499762.0,14403.0,669375.0,0.0,12406723.0,89307251.0,89489918.0,6684351.0,0.0,264849.0,6356899.0,214737.0,479586.0,10827626.0,2706907.0,479586.0,2227321.0,9731803.0,10489026.0,8523026.0,578022.0,10043166.0,445860.0,118874386.0,29567135.0,89307251.0,12522640.0,200893786.0,3005200.0,sicamous-d,Sicamous,sicamous-d|2024,Sicamous|2024,"Under 5,000",9148411.0,6778820.0,3112123.0,9692224.0,7321577.0,0.3711205222953828,6565.158069883528,4128.693178036606,1903.3317803660566,3044.3963394342763,2115.440599001664,1.196072143898098,0.062334630897941265,0.9850408513880066,0.8228287857691454,0.9574927166735977,4486.511144130758,3546.5079302077975,3557.844717668488,2783.665107049771,5496.677373974208,2437.8724475115623,3386.4506393861893,1604.3462673977224,624.7436119532265,518.5374381567245,3.324657351485151,1.7099330852451193,0.02521828600111612,0.02529861000232605,0.9816336034641139,0.9815511712696461,0.8531878894527055,0.8619101997275483,0.9614729661922712,0.9623635142836453,0.23352896680225554,0.19976549769108282
Sidney,T,CAP,2019,12235.0,509.0,46.0,22927049.0,312219.0,25862365.0,1958758.0,12326377.0,20721962.0,5140403.0,100988435.0,406502.0,24916.0,10756165.0,88410421.0,106128838.0,14073603.0,6504441.0,0.0,493530.0,1590805.0,464183.0,0.0,1290474.0,8093384.0,114822.0,32625242.0,2257634.0,5019552.0,776740.0,0.0,523236.0,3035926.0,2586530.0,1918263.0,1885752.0,1001797.0,2933102.0,,0.0,0.0,21938532.0,100740560.0,100988435.0,12565241.0,2500000.0,2683936.0,12330139.0,393004.0,3076940.0,21547375.0,5386844.0,3076940.0,2309904.0,26071597.0,26710956.0,22678425.0,495761.0,26398737.0,312219.0,147590196.0,46849636.0,100740560.0,8272217.0,206066691.0,2249871.0,sidney-t,Sidney,sidney-t|2019,Sidney|2019,"5,000 to 19,999",11187583.0,2084335.0,9962863.0,18612426.0,10686710.0,0.3275595626233209,2666.5502247650184,1793.096199427871,420.1391908459338,914.39174499387,1007.7759705762157,1.1064130413905788,0.04014339707138792,0.989081830794284,0.42880469529097187,0.9883112008420815,,,,,,,,,,,,,,,,,,,,,,
Sidney,T,CAP,2020,12312.0,509.0,46.0,30053605.0,445857.0,32881081.0,5484967.0,10510369.0,25252523.0,7628558.0,102472999.0,253722.0,25216.0,2533044.0,91506286.0,110101557.0,13849226.0,6671431.0,0.0,3591242.0,1063451.0,355298.0,0.0,1409740.0,0.0,32770.0,26973158.0,2286181.0,5702788.0,770050.0,0.0,570821.0,2949558.0,2733353.0,1961224.0,2054587.0,956558.0,2995929.0,,42580.0,0.0,23023629.0,102054431.0,102472999.0,12306949.0,3043437.0,4739514.0,10548145.0,328905.0,5068419.0,24059569.0,6014892.0,5068419.0,827823.0,25128282.0,25586587.0,21661386.0,278763.0,25140730.0,445857.0,151262721.0,49208290.0,102054431.0,4401164.0,293389429.0,8850068.0,sidney-t,Sidney,sidney-t|2020,Sidney|2020,"5,000 to 19,999",2811982.0,4654693.0,1797808.0,19698795.0,3949529.0,0.1464244194172592,2190.8023066926576,1870.015350877193,619.6034762833009,228.39359974009096,856.7369233268356,1.1901228641589594,0.01500109944315683,0.9698350822312688,0.1376289050576469,0.9825745809708814,,,,,,,,,,,,,,,,,,,,,,
Sidney,T,CAP,2021,12279.0,509.0,46.0,26172650.0,379777.0,28857950.0,3314338.0,10135195.0,20763168.0,8094782.0,103628645.0,186127.0,25416.0,2613955.0,92772231.0,111723427.0,14418343.0,6845194.0,0.0,615048.0,1691392.0,276890.0,0.0,1048971.0,0.0,24833.0,24920671.0,2443676.0,5559016.0,857307.0,0.0,631048.0,2656438.0,2902797.0,2070338.0,2200375.0,981720.0,2993238.0,,2848.0,0.0,23298801.0,103179838.0,103628645.0,10548145.0,265000.0,338434.0,10407608.0,305668.0,644102.0,21938007.0,5484502.0,644102.0,4711100.0,27128108.0,27755965.0,23628054.0,445588.0,27376188.0,379777.0,154605036.0,51425198.0,103179838.0,4122093.0,305459829.0,9284573.0,sidney-t,Sidney,sidney-t|2021,Sidney|2021,"5,000 to 19,999",2825498.0,2306440.0,1350694.0,19999895.0,1621870.0,0.06508131342049338,2029.5358742568612,1897.4510139262154,659.2378858213209,230.10815212965224,847.5941037543774,1.260532593099473,0.013494713899024673,0.9696046022470601,0.8589840973711014,0.9863172835100491,,,,,,,,,,,,,,,,,,,,,,
Sidney,T,CAP,2022,12569.0,509.0,46.0,23750531.0,422492.0,26815501.0,4004459.0,9812991.0,19883821.0,6931680.0,105388388.0,77188.0,26016.0,11592977.0,94896162.0,112320068.0,15117456.0,7444731.0,0.0,694765.0,603127.0,810445.0,0.0,655452.0,0.0,0.0,25325976.0,2705771.0,6056871.0,829317.0,180746.0,863079.0,2752213.0,3745111.0,2022964.0,2295091.0,0.0,3169432.0,,108740.0,0.0,24729335.0,104928131.0,105388388.0,10407608.0,0.0,326036.0,10031969.0,276623.0,602659.0,23829089.0,5957272.0,602659.0,5175613.0,28157288.0,28623181.0,24547847.0,274620.0,28200689.0,422492.0,158130972.0,53202841.0,104928131.0,5185527.0,319322183.0,11833776.0,sidney-t,Sidney,sidney-t|2022,Sidney|2022,"5,000 to 19,999",11696181.0,1297892.0,1465897.0,21283280.0,596641.0,0.023558460293889562,2014.9555254992442,1967.4862757578169,551.4901742382051,930.5578009388178,798.151722491845,1.194465138264924,0.016239169328239246,0.9629409523359046,0.8687891034688361,0.9852395161809584,,,,,,,,,,,,,,,,,,,,,,
Sidney,T,CAP,2023,12951.0,509.0,49.0,24261771.0,405727.0,31274697.0,4077952.0,9484034.0,21708185.0,9566512.0,111925705.0,16224.0,27316.0,15386039.0,100867155.0,121492217.0,16226532.0,6745709.0,596599.0,8570944.0,517525.0,1428722.0,0.0,1045045.0,15251.0,17555.0,35163882.0,2921023.0,5944388.0,819591.0,218565.0,544876.0,3154296.0,3417661.0,2069769.0,2315452.0,1190190.0,3348334.0,12600.0,0.0,0.0,25956745.0,111204805.0,111925705.0,10031969.0,0.0,324651.0,9649651.0,281237.0,605888.0,24761851.0,6190463.0,605888.0,5584575.0,30683050.0,31330981.0,27093069.0,452224.0,30925254.0,405727.0,167369232.0,56164427.0,111204805.0,8968248.0,394422954.0,11686559.0,sidney-t,Sidney,sidney-t|2023,Sidney|2023,"5,000 to 19,999",15429579.0,9685068.0,2506573.0,22327174.0,9207137.0,0.26183505564033005,2715.1480194579567,2004.227086711451,738.6697552312563,1191.381283298587,745.0892595166397,1.117632404551555,0.022737642191077958,0.9703704896444744,0.9021255760675736,0.9870502937651394,,,,,,,,,,,,,,,,,,,,,,
Sidney,T,CAP,2024,12951.0,509.0,49.0,23071752.0,412937.0,26401399.0,3454335.0,10445308.0,21202528.0,5198871.0,120027764.0,0.0,0.0,12995153.0,107909803.0,125226635.0,17321405.0,8237863.0,624298.0,2157731.0,510171.0,1316098.0,0.0,1588570.0,886.0,0.0,31757022.0,3472038.0,6682882.0,1086422.0,192476.0,785921.0,3498215.0,4189524.0,2224265.0,2491431.0,0.0,3467217.0,0.0,0.0,0.0,28090391.0,119186841.0,120027764.0,9649651.0,1300000.0,327078.0,10555138.0,291876.0,618954.0,27246531.0,6811633.0,618954.0,6192679.0,33199544.0,33850749.0,29621357.0,427925.0,33437812.0,412937.0,178517466.0,59330625.0,119186841.0,11466772.0,439974338.0,21211928.0,sidney-t,Sidney,sidney-t|2024,Sidney|2024,"5,000 to 19,999",12995153.0,3292200.0,2905554.0,24331298.0,3666631.0,0.1154589054351507,2452.090340514246,2168.9746737703654,401.42622191336574,1003.409234808123,815.005636630376,1.0881604306807189,0.026062365482779588,0.9517882608871611,0.9091328026627389,0.9878012448114516,2866.2208483821423,3546.5079302077975,2297.657175284081,2783.665107049771,1859.732534766857,2437.8724475115623,918.4907099893891,1604.3462673977224,814.8464198087386,518.5374381567245,1.5120151567026447,1.7099330852451193,0.024769834473671436,0.02529861000232605,0.9804574834797263,0.9815511712696461,0.8566659461626738,0.8619101997275483,0.9770312225566793,0.9623635142836453,0.17479552285244132,0.19976549769108282
Silverton,V,CKO,2019,204.0,41.0,9.0,809669.0,32108.0,897672.0,37555.0,0.0,70555.0,827117.0,2736800.0,10395.0,0.0,439663.0,2722008.0,3563917.0,163722.0,172358.0,127074.0,291811.0,196295.0,5012.0,0.0,0.0,0.0,0.0,956272.0,255123.0,210297.0,22880.0,0.0,0.0,133336.0,41369.0,48895.0,0.0,0.0,119836.0,,0.0,0.0,831736.0,2722008.0,2736800.0,0.0,0.0,0.0,0.0,0.0,0.0,632903.0,158226.0,0.0,158226.0,363464.0,395401.0,270664.0,15857.0,363293.0,32108.0,4670940.0,1948932.0,2722008.0,54624.0,93917.0,0.0,silverton-v,Silverton,silverton-v|2019,Silverton|2019,"Under 5,000",450058.0,615180.0,5012.0,711900.0,124536.0,0.1302307293322402,4687.607843137255,4077.1372549019607,4054.4950980392155,2206.1666666666665,0.0,11.475713981999858,0.5816199410117444,1.0,1.0,0.9187963611624654,,,,,,,,,,,,,,,,,,,,,,
Silverton,V,CKO,2020,205.0,41.0,9.0,1224214.0,26788.0,1284685.0,87368.0,0.0,192368.0,1092317.0,2712879.0,10395.0,0.0,424883.0,2696229.0,3805196.0,164452.0,162132.0,63337.0,529610.0,66085.0,3411.0,0.0,0.0,0.0,0.0,989027.0,251292.0,112747.0,22909.0,0.0,0.0,131512.0,64029.0,45186.0,0.0,0.0,120073.0,,0.0,0.0,747748.0,2696229.0,2712879.0,0.0,0.0,0.0,0.0,0.0,0.0,628605.0,157151.0,0.0,157151.0,363958.0,401963.0,275191.0,23633.0,375175.0,26788.0,4765234.0,2069005.0,2696229.0,94294.0,93917.0,0.0,silverton-v,Silverton,silverton-v|2020,Silverton|2020,"Under 5,000",435278.0,659032.0,3411.0,627675.0,241279.0,0.24395592840235908,4824.521951219513,3647.551219512195,5328.375609756097,2123.307317073171,0.0,6.36391707560509,1.00401418273582,1.0,1.0,0.9333570502757716,,,,,,,,,,,,,,,,,,,,,,
Silverton,V,CKO,2021,208.0,41.0,9.0,1202850.0,19403.0,1283092.0,80247.0,0.0,123128.0,1159964.0,2759083.0,10493.0,0.0,499829.0,2736547.0,3919047.0,170003.0,193751.0,129799.0,419801.0,6114.0,2093.0,0.0,0.0,0.0,0.0,921561.0,259908.0,157598.0,27924.0,0.0,0.0,123354.0,67367.0,46342.0,0.0,0.0,125218.0,,0.0,0.0,807711.0,2736547.0,2759083.0,0.0,0.0,0.0,0.0,0.0,0.0,662847.0,165712.0,0.0,165712.0,382441.0,414099.0,292123.0,20069.0,394696.0,19403.0,4930770.0,2194223.0,2736547.0,165536.0,93917.0,0.0,silverton-v,Silverton,silverton-v|2021,Silverton|2021,"Under 5,000",510322.0,555714.0,2093.0,682493.0,113850.0,0.12354038419594579,4430.5817307692305,3883.2259615384614,5576.75,2453.471153846154,0.0,9.769102072639855,1.7625775951105764,1.0,1.0,0.9531440549240641,,,,,,,,,,,,,,,,,,,,,,
Silverton,V,CKO,2022,209.0,41.0,7.0,1305124.0,24331.0,1800354.0,489511.0,0.0,617474.0,1182880.0,2862646.0,10547.0,0.0,472378.0,2856709.0,4045526.0,176273.0,211308.0,0.0,896281.0,78462.0,5197.0,0.0,0.0,0.0,0.0,1367521.0,359479.0,464291.0,27459.0,0.0,0.0,133449.0,74658.0,51438.0,0.0,0.0,130268.0,,0.0,0.0,1241042.0,2856709.0,2862646.0,0.0,0.0,0.0,0.0,0.0,0.0,767778.0,191945.0,0.0,191945.0,382927.0,407704.0,289423.0,11855.0,383373.0,24331.0,5181200.0,2324491.0,2856709.0,250430.0,93917.0,0.0,silverton-v,Silverton,silverton-v|2022,Silverton|2022,"Under 5,000",482925.0,974743.0,5197.0,1110774.0,126479.0,0.09248779360609453,6543.162679425837,5938.0,5659.712918660287,2310.645933014354,0.0,2.113650129398161,2.6665034019400107,1.0,1.0,0.9403219002021074,,,,,,,,,,,,,,,,,,,,,,
Silverton,V,CKO,2023,217.0,41.0,7.0,2100665.0,18541.0,2308109.0,252715.0,0.0,1033619.0,1274490.0,3384968.0,10624.0,0.0,1149082.0,2834823.0,4659458.0,191788.0,207459.0,0.0,1037450.0,214024.0,10910.0,0.0,0.0,0.0,0.0,1661631.0,421062.0,211314.0,25641.0,0.0,0.0,96406.0,42524.0,42750.0,0.0,0.0,183255.0,24747.0,0.0,0.0,1047699.0,3382761.0,3384968.0,0.0,0.0,0.0,0.0,0.0,0.0,704157.0,176039.0,0.0,176039.0,442943.0,475897.0,353165.0,20141.0,457356.0,18541.0,5890507.0,2507746.0,3382761.0,186116.0,93917.0,0.0,silverton-v,Silverton,silverton-v|2023,Silverton|2023,"Under 5,000",1159706.0,1251474.0,10910.0,864444.0,613932.0,0.3694755333765439,7657.285714285715,4828.105990783411,5873.225806451613,5344.267281105991,0.0,2.0323397692960365,1.9817072521481733,1.0,1.0,0.9610398888835189,,,,,,,,,,,,,,,,,,,,,,
Silverton,V,CKO,2024,217.0,41.0,7.0,2192285.0,39042.0,2258523.0,65360.0,0.0,966753.0,1291770.0,3399551.0,10730.0,0.0,1206823.0,2854095.0,4691321.0,209522.0,202394.0,0.0,720856.0,0.0,7543.0,0.0,0.0,0.0,0.0,1140315.0,557454.0,88229.0,23677.0,0.0,0.0,75797.0,80328.0,114102.0,0.0,0.0,142948.0,25917.0,0.0,0.0,1108452.0,3376117.0,3399551.0,0.0,0.0,0.0,0.0,0.0,0.0,745286.0,186322.0,0.0,186322.0,467420.0,508265.0,469223.0,0.0,469223.0,39042.0,6026811.0,2650694.0,3376117.0,136303.0,93916.0,0.0,silverton-v,Silverton,silverton-v|2024,Silverton|2024,"Under 5,000",1217553.0,720856.0,7543.0,965504.0,31863.0,0.02794227910708883,5254.907834101383,5108.0737327188945,5952.857142857143,5610.843317972351,0.0,2.2676785073333106,1.451328847054815,1.0,1.0,0.9231857397223889,4648.097865362712,3546.5079302077975,3428.422456291105,2783.665107049771,5030.364110900993,2437.8724475115623,2420.45,1604.3462673977224,224.31236112962716,518.5374381567245,2.204313821553219,1.7099330852451193,0.030042455998363887,0.02529861000232605,0.9786113537119745,0.9815511712696461,0.9039920521842442,0.8619101997275483,0.9333160528846489,0.9623635142836453,0.20869205825466772,0.19976549769108282
Slocan,V,CKO,2019,307.0,79.0,9.0,2988415.0,64124.0,3105529.0,71221.0,0.0,1501505.0,1604024.0,2919569.0,33797.0,0.0,674367.0,2894969.0,4523593.0,182094.0,229781.0,1940.0,621095.0,26858.0,51712.0,0.0,0.0,0.0,0.0,1113480.0,251055.0,129723.0,21303.0,5479.0,0.0,213656.0,96951.0,98781.0,0.0,0.0,113673.0,,43654.0,0.0,974275.0,2894970.0,2919569.0,0.0,0.0,0.0,0.0,0.0,0.0,825552.0,206388.0,0.0,206388.0,384475.0,437167.0,244714.0,20425.0,373043.0,64124.0,4886453.0,1991483.0,2894970.0,336445.0,798870.0,0.0,slocan-v,Slocan,slocan-v|2019,Slocan|2019,"Under 5,000",708164.0,649893.0,51712.0,860602.0,139205.0,0.12501796170564355,3626.970684039088,3173.5342019543973,5224.833876221498,2306.7231270358307,0.0,1.9902797526481764,0.42115112596542614,1.0,1.0,0.8533192121088737,,,,,,,,,,,,,,,,,,,,,,
Slocan,V,CKO,2020,309.0,79.0,9.0,2886120.0,67080.0,3010381.0,101250.0,845000.0,2172227.0,838154.0,4707225.0,34111.0,0.0,452883.0,3837179.0,5545379.0,183364.0,238138.0,3212.0,712653.0,800667.0,27806.0,0.0,0.0,8165.0,0.0,1974005.0,250889.0,1150.0,24543.0,2376.0,0.0,211890.0,228344.0,105169.0,0.0,0.0,127858.0,,0.0,0.0,952219.0,4682180.0,4707225.0,0.0,845000.0,0.0,845000.0,0.0,0.0,827208.0,206802.0,0.0,206802.0,382023.0,454136.0,241702.0,41217.0,387056.0,67080.0,6768042.0,2085862.0,4682180.0,1915068.0,2301088.0,0.0,slocan-v,Slocan,slocan-v|2020,Slocan|2020,"Under 5,000",486994.0,1516532.0,35971.0,824361.0,1021786.0,0.5176207760365349,6388.365695792881,3081.6148867313914,2712.472491909385,1576.032362459547,2734.6278317152105,1.3286456710095216,0.8322445730019886,1.0,1.0,0.8522909436820688,,,,,,,,,,,,,,,,,,,,,,
Slocan,V,CKO,2021,311.0,79.0,9.0,1672752.0,65090.0,1907252.0,108045.0,845000.0,1102168.0,805084.0,5107283.0,34406.0,0.0,366175.0,4227167.0,5912367.0,191721.0,274184.0,3192.0,534931.0,251114.0,24964.0,0.0,0.0,0.0,0.0,1280106.0,295651.0,3520.0,26008.0,5381.0,0.0,224211.0,119314.0,99491.0,0.0,0.0,139542.0,,0.0,0.0,913118.0,5072167.0,5107283.0,845000.0,0.0,0.0,845000.0,7289.0,7289.0,858869.0,214717.0,7289.0,207428.0,423656.0,500616.0,262950.0,47691.0,435526.0,65090.0,7297571.0,2225404.0,5072167.0,529529.0,2301088.0,0.0,slocan-v,Slocan,slocan-v|2021,Slocan|2021,"Under 5,000",400581.0,789237.0,24964.0,766287.0,366988.0,0.28668563384594714,4116.096463022508,2936.0707395498393,2588.6945337620577,1288.0418006430868,2717.041800643087,1.5176924026101284,0.23012114269423856,1.0,0.9660529906807566,0.8699801844128034,,,,,,,,,,,,,,,,,,,,,,
Slocan,V,CKO,2022,313.0,79.0,9.0,1905376.0,65706.0,2125463.0,124393.0,845000.0,1197356.0,928107.0,5357730.0,34800.0,0.0,224396.0,4483563.0,6285837.0,206810.0,293018.0,2083.0,724968.0,146599.0,19505.0,0.0,0.0,0.0,0.0,1392983.0,362675.0,501.0,25184.0,2681.0,0.0,222634.0,158636.0,102604.0,0.0,1796.0,142802.0,,0.0,0.0,1019513.0,5328560.0,5357730.0,845000.0,0.0,0.0,845000.0,18495.0,18495.0,982333.0,245583.0,18495.0,227088.0,526182.0,602304.0,367711.0,43366.0,536598.0,65706.0,7642675.0,2314115.0,5328560.0,399195.0,2301088.0,0.0,slocan-v,Slocan,slocan-v|2022,Slocan|2022,"Under 5,000",259196.0,873650.0,19505.0,858216.0,373470.0,0.268108081721026,4450.424920127795,3257.230031948882,2965.1980830670927,828.1022364217253,2699.6805111821086,1.5913195407213894,0.1734809794323381,1.0,0.9246894125407703,0.8909089097864201,,,,,,,,,,,,,,,,,,,,,,
Slocan,V,CKO,2023,334.0,79.0,9.0,2491976.0,82581.0,2653475.0,95161.0,700000.0,1353823.0,1299652.0,5559287.0,35502.0,0.0,916767.0,4625724.0,6858939.0,224592.0,292859.0,2347.0,1275916.0,35378.0,36164.0,0.0,0.0,1190.0,0.0,1868446.0,435896.0,4400.0,26383.0,9335.0,0.0,238948.0,322289.0,84034.0,0.0,2091.0,162888.0,9080.0,0.0,0.0,1295344.0,5526766.0,5559287.0,845000.0,0.0,145000.0,700000.0,40940.0,185940.0,894615.0,223654.0,185940.0,37714.0,609077.0,687154.0,434912.0,47920.0,604573.0,82581.0,7953225.0,2426459.0,5526766.0,185246.0,2301088.0,0.0,slocan-v,Slocan,slocan-v|2023,Slocan|2023,"Under 5,000",952269.0,1313641.0,37354.0,1091516.0,573102.0,0.30672655243983504,5594.149700598802,3878.2754491017963,3891.1736526946106,2851.104790419162,2095.808383233533,1.8406955709867538,0.08050365740032542,1.0,0.16862653920788362,0.8798216993570582,,,,,,,,,,,,,,,,,,,,,,
Slocan,V,CKO,2024,334.0,79.0,9.0,3755855.0,103304.0,3984400.0,165463.0,600000.0,2481169.0,1503231.0,5551332.0,36860.0,0.0,1047957.0,4700074.0,7054563.0,244203.0,309325.0,0.0,436669.0,109287.0,85687.0,0.0,0.0,0.0,0.0,1185171.0,378500.0,500.0,24653.0,9864.0,0.0,158895.0,131080.0,104907.0,0.0,0.0,171641.0,9509.0,0.0,0.0,989549.0,5510624.0,5551332.0,700000.0,0.0,100000.0,600000.0,36852.0,136852.0,995215.0,248804.0,136852.0,34972.0,673463.0,772367.0,480973.0,61918.0,669063.0,103304.0,8108724.0,2598100.0,5510624.0,155499.0,19649312.0,272865.0,slocan-v,Slocan,slocan-v|2024,Slocan|2024,"Under 5,000",1084817.0,545956.0,85687.0,781056.0,195622.0,0.16505803803839278,3548.416167664671,2962.7215568862275,4500.691616766467,3247.9550898203593,1796.4071856287426,1.5137441262566154,0.007913712195114006,0.9861132542452377,0.14056044115046382,0.8662501116697114,4648.097865362712,3546.5079302077975,3428.422456291105,2783.665107049771,5030.364110900993,2437.8724475115623,2420.45,1604.3462673977224,224.31236112962716,518.5374381567245,2.204313821553219,1.7099330852451193,0.030042455998363887,0.02529861000232605,0.9786113537119745,0.9815511712696461,0.9039920521842442,0.8619101997275483,0.9333160528846489,0.9623635142836453,0.20869205825466772,0.19976549769108282
Smithers,T,BUL,2019,5670.0,1583.0,0.0,16902600.0,287718.0,17827089.0,2033526.0,4471014.0,7256230.0,10570859.0,62700914.0,0.0,0.0,8435423.0,57820626.0,73271773.0,7091200.0,4539163.0,1176375.0,6998860.0,731738.0,371176.0,40000.0,80200.0,110633.0,887965.0,22027310.0,1591633.0,2713123.0,230424.0,47266.0,1055264.0,1353309.0,2259424.0,507805.0,537260.0,1416956.0,3499348.0,,0.0,0.0,15211812.0,62291640.0,62700914.0,4820794.0,0.0,276903.0,4471014.0,195199.0,472102.0,12874501.0,3218625.0,472102.0,2746523.0,11401517.0,11735375.0,8128378.0,212628.0,11447657.0,287718.0,129449258.0,67157618.0,62291640.0,2817856.0,7906779.0,0.0,smithers-t,Smithers,smithers-t|2019,Smithers|2019,"5,000 to 19,999",8435423.0,8906973.0,1489974.0,11517265.0,6815498.0,0.30941127173495087,3884.8871252204585,2682.859259259259,1864.3490299823634,1487.7289241622575,788.5386243386243,2.329391433292495,0.3563848186473911,1.0,0.8533218377412715,0.9754828456696101,,,,,,,,,,,,,,,,,,,,,,
Smithers,T,BUL,2020,5664.0,1583.0,120.0,24580604.0,369220.0,25450661.0,3544608.0,4163920.0,8530436.0,16920225.0,62448109.0,0.0,0.0,13524632.0,57888360.0,79368334.0,7080023.0,3748249.0,310260.0,6096050.0,713601.0,388993.0,0.0,2337291.0,191066.0,5819.0,20871352.0,1876378.0,2637738.0,225142.0,50345.0,1281208.0,1412738.0,1857505.0,375248.0,486496.0,1239609.0,3332384.0,,0.0,0.0,14774791.0,62052280.0,62448109.0,4471014.0,0.0,225180.0,4163920.0,191808.0,416988.0,11255764.0,2813941.0,416988.0,2396953.0,11206847.0,11552334.0,9651935.0,219695.0,11183114.0,369220.0,132376822.0,70324542.0,62052280.0,3390415.0,7815433.0,0.0,smithers-t,Smithers,smithers-t|2020,Smithers|2020,"5,000 to 19,999",13524632.0,7119911.0,2923169.0,11250599.0,6096561.0,0.2921018724613528,3684.9138418079096,2608.543608757062,2987.3278601694915,2387.8234463276835,735.1553672316384,2.881517896623338,0.4338102572179942,1.0,0.8518135241641527,0.9680393589728274,,,,,,,,,,,,,,,,,,,,,,
Smithers,T,BUL,2021,5697.0,1583.0,112.0,26454166.0,342309.0,28552914.0,4120690.0,3654854.0,10063687.0,18489227.0,67381012.0,0.0,0.0,13930242.0,63153584.0,85870239.0,7892136.0,4851892.0,5905467.0,1547362.0,1035989.0,205979.0,0.0,1045662.0,4334.0,0.0,22488821.0,2188862.0,3163157.0,183601.0,65593.0,1103643.0,1855292.0,1195079.0,518335.0,464767.0,2129875.0,3118712.0,,0.0,0.0,15986916.0,66904438.0,67381012.0,4163920.0,0.0,319750.0,3750854.0,174781.0,494531.0,12824151.0,3206038.0,494531.0,2711507.0,12415660.0,12877361.0,10914621.0,264128.0,12535052.0,342309.0,140139199.0,73234761.0,66904438.0,7994036.0,257541124.0,6120000.0,smithers-t,Smithers,smithers-t|2021,Smithers|2021,"5,000 to 19,999",13930242.0,8488818.0,1255975.0,12693423.0,6501905.0,0.28911720183107864,3947.4848165701246,2806.1990521327016,3245.432157275759,2445.189046866772,658.3910830261541,2.6286753552649245,0.03103984278642816,0.9762368048063657,0.8457501127559935,0.9734177678174899,,,,,,,,,,,,,,,,,,,,,,
Smithers,T,BUL,2022,5725.0,1583.0,112.0,24614698.0,509085.0,26021350.0,2778619.0,3372691.0,8546720.0,17474630.0,70417016.0,0.0,0.0,12999086.0,66479400.0,87891646.0,9001640.0,5833649.0,1546377.0,1064112.0,744174.0,501564.0,0.0,1123146.0,0.0,0.0,19814662.0,2197949.0,3318031.0,224662.0,0.0,1676886.0,2037345.0,1897061.0,441537.0,566625.0,1790023.0,3642329.0,,807.0,0.0,17793255.0,69852091.0,70417016.0,3750854.0,0.0,274742.0,3372691.0,161474.0,436216.0,15109417.0,3777354.0,436216.0,3341138.0,13459404.0,13899816.0,11846191.0,159401.0,13390731.0,509085.0,146694834.0,76842743.0,69852091.0,6593789.0,278780201.0,6500000.0,smithers-t,Smithers,smithers-t|2022,Smithers|2022,"5,000 to 19,999",12999086.0,3354663.0,1624710.0,13989452.0,2021407.0,0.10201571947076361,3461.0763318777294,3107.9921397379912,3052.33711790393,2270.582707423581,589.1163318777293,2.8800168953703875,0.023652285837902815,0.9766841404924591,0.8845181044720722,0.9633746950319342,,,,,,,,,,,,,,,,,,,,,,
Smithers,T,BUL,2023,5879.0,1583.0,112.0,30506413.0,336382.0,32149827.0,3576694.0,3021905.0,12936843.0,19212984.0,75068490.0,0.0,0.0,16067507.0,68922489.0,94281474.0,9600412.0,6187214.0,716778.0,5758030.0,966705.0,1285456.0,0.0,244755.0,822973.0,0.0,25582323.0,1982142.0,3803040.0,369404.0,64749.0,1515900.0,2061367.0,2242928.0,676272.0,578768.0,1952920.0,3860701.0,84304.0,0.0,0.0,19192495.0,73980184.0,75068490.0,3372691.0,0.0,259621.0,3021905.0,153048.0,412669.0,16618644.0,4154661.0,412669.0,3741992.0,14402562.0,15015650.0,12875379.0,448550.0,14679268.0,336382.0,154606738.0,80626554.0,73980184.0,6070429.0,436380731.0,7150000.0,smithers-t,Smithers,smithers-t|2023,Smithers|2023,"5,000 to 19,999",16067507.0,7441513.0,2353184.0,15178746.0,6389828.0,0.2497751279272019,4351.475250893009,3264.5849634291544,3268.070079945569,2733.034019391053,514.0168395985712,2.3581033641669764,0.013910854831030566,0.9836152252102992,0.9006732438579225,0.9775979061845474,,,,,,,,,,,,,,,,,,,,,,
Smithers,T,BUL,2024,5879.0,1583.0,112.0,32182521.0,433430.0,35899993.0,3904684.0,2747813.0,13920593.0,21979400.0,82869453.0,0.0,0.0,20041798.0,77081791.0,104848853.0,10276324.0,6569476.0,2582247.0,6003516.0,1810958.0,1539837.0,0.0,2111058.0,76850.0,0.0,30970266.0,2253393.0,3847673.0,520394.0,63140.0,1999148.0,2103800.0,2576314.0,472046.0,599658.0,1916105.0,3963269.0,87947.0,0.0,0.0,20402887.0,81953341.0,82869453.0,3021905.0,0.0,196970.0,2747813.0,144587.0,341557.0,17962436.0,4490609.0,341557.0,4149052.0,15452096.0,21393120.0,13836537.0,5752493.0,20959690.0,433430.0,166543166.0,84589825.0,81953341.0,12082693.0,442680488.0,8230000.0,smithers-t,Smithers,smithers-t|2024,Smithers|2024,"5,000 to 19,999",20041798.0,10396721.0,3727745.0,16295031.0,10567379.0,0.34121046942251,5267.947950331689,3470.4689573056644,3738.6290185405683,3409.0488178261608,467.39462493621363,2.3118642287724382,0.027294388001126445,0.9814087130038585,0.9239397150809612,0.9797397481059331,2866.2208483821423,3546.5079302077975,2297.657175284081,2783.665107049771,1859.732534766857,2437.8724475115623,918.4907099893891,1604.3462673977224,814.8464198087386,518.5374381567245,1.5120151567026447,1.7099330852451193,0.024769834473671436,0.02529861000232605,0.9804574834797263,0.9815511712696461,0.8566659461626738,0.8619101997275483,0.9770312225566793,0.9623635142836453,0.17479552285244132,0.19976549769108282
Sooke,D,CAP,2019,14657.0,5764.0,91.0,15040566.0,841129.0,16223003.0,1732848.0,4618163.0,13604432.0,2618571.0,110414692.0,0.0,1301769.0,4514333.0,105303185.0,113033263.0,8849866.0,3471234.0,0.0,507930.0,1454337.0,292903.0,0.0,1387010.0,0.0,0.0,15963280.0,3000332.0,4002491.0,0.0,0.0,957395.0,1207973.0,627936.0,0.0,1481227.0,0.0,2952484.0,,87610.0,0.0,14317448.0,110226561.0,110414692.0,5407202.0,369938.0,664968.0,4923376.0,190170.0,855138.0,13134753.0,3283688.0,855138.0,2428550.0,18924926.0,20021376.0,15722733.0,638197.0,19180247.0,841129.0,154540449.0,44313888.0,110226561.0,3431291.0,154540459.0,1501376.0,sooke-d,Sooke,sooke-d|2019,Sooke|2019,"5,000 to 19,999",5816102.0,1962267.0,1679913.0,11174794.0,1645832.0,0.1031011170636611,1089.123285802006,976.8334584157741,178.65668281367266,396.81394555502493,335.9061199426895,1.1055636868926244,0.022203188874959923,0.9902849000856144,0.7395800088193519,0.9579884519425638,,,,,,,,,,,,,,,,,,,,,,
Sooke,D,CAP,2020,15083.0,5764.0,105.0,21399501.0,813362.0,22780710.0,4067249.0,3733374.0,17542720.0,5237990.0,116349007.0,0.0,1589059.0,7842827.0,111489111.0,121586997.0,8832788.0,4216445.0,0.0,3502846.0,667459.0,363557.0,0.0,6186660.0,0.0,0.0,23769755.0,2789883.0,4323026.0,0.0,0.0,1041204.0,1538946.0,614344.0,0.0,1771248.0,0.0,3194435.0,,0.0,0.0,15273086.0,116188959.0,116349007.0,4923376.0,800000.0,809503.0,4699848.0,200364.0,1009867.0,13685778.0,3421445.0,1009867.0,2411578.0,19159283.0,20164266.0,15795178.0,623123.0,19350904.0,813362.0,163697281.0,47508322.0,116188959.0,9156832.0,163697281.0,1481438.0,sooke-d,Sooke,sooke-d|2020,Sooke|2020,"5,000 to 19,999",9431886.0,4170305.0,6550217.0,11878287.0,8496669.0,0.35745715511161136,1575.9301863024598,1012.6026652522708,347.27772989458333,625.3322283365378,311.59901876284556,1.219850798507871,0.055937593734376075,0.9909501367954914,0.7048419600490436,0.9596631982537822,,,,,,,,,,,,,,,,,,,,,,
Sooke,D,CAP,2021,15539.0,5764.0,106.0,28160972.0,655344.0,30821165.0,4645047.0,3021547.0,23683137.0,7138028.0,121314260.0,0.0,1616130.0,8490974.0,117345861.0,128452288.0,9627021.0,4123502.0,0.0,2534474.0,1373758.0,558343.0,0.0,4825119.0,403243.0,0.0,23445460.0,3371013.0,4336140.0,0.0,0.0,1075265.0,1663968.0,903008.0,0.0,2247464.0,0.0,2944701.0,,38610.0,0.0,16580169.0,121095402.0,121314260.0,4699848.0,0.0,662316.0,3749539.0,192616.0,854932.0,14562345.0,3640586.0,854932.0,2785654.0,20822465.0,21817779.0,17361453.0,668214.0,21162435.0,655344.0,171304536.0,50209134.0,121095402.0,7889752.0,168216548.0,2944702.0,sooke-d,Sooke,sooke-d|2021,Sooke|2021,"5,000 to 19,999",10107104.0,3908232.0,5786705.0,13442852.0,6865291.0,0.2928196333106708,1508.8139519917627,1067.0036038355106,459.36212111461487,650.4346483042667,241.29860351373964,1.1890727144803495,0.04690235350686188,0.9824945759795285,0.7651663770612753,0.9699628454390339,,,,,,,,,,,,,,,,,,,,,,
Sooke,D,CAP,2022,15991.0,5764.0,188.0,30225368.0,1021739.0,32028737.0,3546170.0,2491973.0,25292267.0,6736470.0,132948090.0,0.0,1663043.0,6983039.0,129713217.0,139684560.0,10540209.0,4496938.0,0.0,2420615.0,912297.0,586159.0,0.0,10334745.0,0.0,0.0,29290963.0,4049551.0,4731526.0,0.0,0.0,1302254.0,1355080.0,1086812.0,0.0,2256470.0,0.0,3192185.0,,84813.0,0.0,18058691.0,132718897.0,132948090.0,3749539.0,0.0,550501.0,3005680.0,173626.0,724127.0,16164255.0,4041064.0,724127.0,3316937.0,23038129.0,23900564.0,19431783.0,247309.0,22878825.0,1021739.0,186120218.0,53401321.0,132718897.0,14900495.0,186120218.0,3192185.0,sooke-d,Sooke,sooke-d|2022,Sooke|2022,"5,000 to 19,999",8646082.0,3332912.0,10920904.0,14692880.0,11232272.0,0.3834722675386262,1831.7155274842098,1129.3034206741293,421.26633731473953,540.6842598961916,187.96072790944908,1.1950438448241907,0.08005844373124471,0.982848800445742,0.8208078367479456,0.9572504230444102,,,,,,,,,,,,,,,,,,,,,,
Sooke,D,CAP,2023,16866.0,5764.0,188.0,29937888.0,875169.0,32127460.0,5502687.0,1895321.0,21547995.0,10579465.0,141000618.0,0.0,1668872.0,10352847.0,138442101.0,151580083.0,11481548.0,4484273.0,0.0,11865196.0,704647.0,955303.0,0.0,2823321.0,0.0,0.0,32314288.0,4649592.0,6159899.0,0.0,0.0,790184.0,1792226.0,1352298.0,0.0,2285414.0,0.0,3389152.0,0.0,0.0,0.0,20418765.0,140681695.0,141000618.0,3005680.0,0.0,546580.0,2183594.0,175966.0,722546.0,17261114.0,4315279.0,722546.0,3592733.0,24970542.0,26367900.0,21361654.0,947852.0,25492731.0,875169.0,197169593.0,56487898.0,140681695.0,11295950.0,348600095.0,7260000.0,sooke-d,Sooke,sooke-d|2023,Sooke|2023,"5,000 to 19,999",12021719.0,12569843.0,3778624.0,16853647.0,11895523.0,0.3681196070295592,1915.9426064271315,1210.6465670579864,627.2658010198031,712.7783113957073,129.46721214277244,1.3893584066638218,0.03240374905807183,0.9791738438854987,0.8325610001114644,0.9668093022197445,,,,,,,,,,,,,,,,,,,,,,
Sooke,D,CAP,2024,16866.0,5764.0,194.0,18314424.0,1321441.0,21065067.0,4232799.0,1274825.0,14838855.0,6226212.0,152764207.0,0.0,1559010.0,6989227.0,150193542.0,158990419.0,12921362.0,4375534.0,194145.0,1488985.0,1283104.0,1086140.0,0.0,8513178.0,0.0,0.0,29862448.0,5114746.0,6791266.0,0.0,0.0,1167321.0,2118742.0,1271209.0,0.0,2307556.0,0.0,3235730.0,0.0,56697.0,0.0,22063267.0,152409452.0,152764207.0,2183594.0,815570.0,483904.0,2215910.0,169963.0,653867.0,18684790.0,4671198.0,653867.0,4017331.0,27388691.0,28558712.0,23341178.0,618069.0,27237271.0,1321441.0,211679630.0,59270178.0,152409452.0,15252254.0,342498956.0,7260000.0,sooke-d,Sooke,sooke-d|2024,Sooke|2024,"5,000 to 19,999",8548237.0,2966234.0,9599318.0,18657574.0,7799181.0,0.26117018269902054,1770.5708526028698,1308.1505395470176,369.1575951618641,506.83250326099846,131.38325625518794,1.2342208344242194,0.04453226420929587,0.9788028550954182,0.860021561920518,0.9537289706902748,2567.538946805667,3546.5079302077975,2045.0195609464422,2783.665107049771,2217.25520024837,2437.8724475115623,799.2304887641933,1604.3462673977224,386.9249167164944,518.5374381567245,1.5629948984418691,1.7099330852451193,0.04472396775938227,0.02529861000232605,0.9792813777328785,0.9815511712696461,0.8510570773833829,0.8619101997275483,0.9732053424599786,0.9623635142836453,0.170495619408603,0.19976549769108282
Spallumcheen,D,NOK,2019,5505.0,25598.0,0.0,10038985.0,315354.0,10594329.0,709456.0,552074.0,3832686.0,6761643.0,35136719.0,0.0,0.0,2850885.0,34557150.0,41898362.0,5936955.0,798802.0,394771.0,688127.0,563536.0,272481.0,0.0,0.0,0.0,142997.0,8797669.0,1092483.0,734335.0,104085.0,3000.0,683962.0,1407376.0,11101.0,149485.0,330758.0,1304237.0,1105027.0,,0.0,0.0,6925849.0,35109224.0,35136719.0,580233.0,0.0,23705.0,552074.0,17451.0,41156.0,7713657.0,1928414.0,41156.0,1887258.0,9903786.0,10231080.0,4326308.0,203298.0,9915726.0,315354.0,99395412.0,64286188.0,35109224.0,1995746.0,3616423.0,0.0,spallumcheen-d,Spallumcheen,spallumcheen-d|2019,Spallumcheen|2019,"5,000 to 19,999",2850885.0,1646434.0,415478.0,5803371.0,1871820.0,0.21276317624588967,1598.1233424159855,1258.101544050863,1228.2730245231608,517.8719346049046,100.28592188919164,2.619307973572581,0.5518563508748838,1.0,0.9786581097212528,0.9691768610938435,,,,,,,,,,,,,,,,,,,,,,
Spallumcheen,D,NOK,2020,5623.0,25598.0,0.0,19170196.0,298501.0,20077869.0,2469958.0,522848.0,14092313.0,5985556.0,37352603.0,45000.0,0.0,2864778.0,36754268.0,43338159.0,6046846.0,642937.0,0.0,3062590.0,37624.0,206052.0,0.0,0.0,0.0,42189.0,10038238.0,1378049.0,653075.0,0.0,4924.0,678999.0,1753014.0,11022.0,190420.0,1151719.0,1154610.0,1622609.0,,0.0,0.0,8598441.0,37277116.0,37352603.0,552074.0,0.0,23705.0,522848.0,17451.0,41156.0,7511381.0,1877845.0,41156.0,1836689.0,9922459.0,10273338.0,8567123.0,250117.0,9974837.0,298501.0,103092935.0,65815819.0,37277116.0,3790501.0,5012341.0,0.0,spallumcheen-d,Spallumcheen,spallumcheen-d|2020,Spallumcheen|2020,"5,000 to 19,999",2909778.0,3100214.0,248241.0,6958381.0,1439797.0,0.14343124759544454,1785.210385914992,1529.1554330428596,1064.4773252712075,517.4778587942379,92.98381646807753,1.3603299898320453,0.7562336640703415,1.0,0.9780833881390637,0.970944107942326,,,,,,,,,,,,,,,,,,,,,,
Spallumcheen,D,NOK,2021,5490.0,25598.0,0.0,19899583.0,296550.0,20686693.0,1469137.0,492514.0,12281697.0,8404996.0,46958950.0,45000.0,0.0,2955931.0,46463370.0,55363946.0,6288931.0,1172518.0,1061839.0,841824.0,552753.0,198373.0,0.0,11114571.0,0.0,504612.0,21735421.0,1574593.0,876521.0,0.0,0.0,484015.0,1733586.0,11208.0,761756.0,1036565.0,1428339.0,1803051.0,,0.0,0.0,9709634.0,46955884.0,46958950.0,522848.0,0.0,23705.0,492514.0,0.0,23705.0,8732593.0,2183148.0,23705.0,2159443.0,10301382.0,10717453.0,8767121.0,327427.0,10420903.0,296550.0,114574753.0,67618869.0,46955884.0,11836977.0,4990130.0,0.0,spallumcheen-d,Spallumcheen,spallumcheen-d|2021,Spallumcheen|2021,"5,000 to 19,999",3000931.0,2456416.0,11817556.0,7906583.0,12025787.0,0.5532806104836893,3959.0930783242256,1768.6036429872495,1530.9646630236793,546.6176684881603,89.71111111111111,1.6202633072612034,2.372077881738552,1.0,0.9891418263901486,0.9723301795678507,,,,,,,,,,,,,,,,,,,,,,
Spallumcheen,D,NOK,2022,5693.0,25598.0,410.0,19496376.0,406349.0,21671505.0,1644536.0,461028.0,12059975.0,9611530.0,46428420.0,45000.0,0.0,3397262.0,45939471.0,56039950.0,6746727.0,890418.0,2077571.0,760141.0,282605.0,468696.0,0.0,0.0,0.0,221389.0,11447547.0,1598237.0,1004321.0,0.0,0.0,429195.0,2026763.0,15019.0,764026.0,1752822.0,1206653.0,1974507.0,,0.0,0.0,10771543.0,46400499.0,46428420.0,492514.0,0.0,23705.0,461028.0,17451.0,41156.0,9012950.0,2253238.0,41156.0,2212082.0,11016439.0,11385331.0,9100784.0,151931.0,10978982.0,406349.0,115993875.0,69593376.0,46400499.0,1419122.0,170990012.0,2623333.0,spallumcheen-d,Spallumcheen,spallumcheen-d|2022,Spallumcheen|2022,"5,000 to 19,999",3442262.0,3120317.0,690085.0,8779585.0,676004.0,0.05905230177259809,2010.8109959599508,1892.0679782188652,1688.3066924292991,604.6481644124364,80.98155629720709,1.6166182765718835,0.008299443829502743,0.9846579752272314,0.9817347301971652,0.9643094258743993,,,,,,,,,,,,,,,,,,,,,,
Spallumcheen,D,NOK,2023,5858.0,25598.0,411.0,24545116.0,570819.0,28970060.0,1942486.0,434947.0,13709874.0,15260186.0,46236699.0,45000.0,0.0,2835243.0,44673688.0,61496885.0,7151315.0,971313.0,1504801.0,5384281.0,295231.0,1164662.0,0.0,617573.0,226097.0,0.0,17315273.0,1716151.0,635275.0,0.0,0.0,439300.0,2124525.0,0.0,1089650.0,1240598.0,1253508.0,1970884.0,44784.0,0.0,0.0,10514675.0,46202253.0,46236699.0,461028.0,0.0,21217.0,434947.0,20443.0,41660.0,9829426.0,2457357.0,41660.0,2415697.0,11580034.0,12087276.0,9878189.0,280216.0,11516457.0,570819.0,117573239.0,71370986.0,46202253.0,1840810.0,177375356.0,2730833.0,spallumcheen-d,Spallumcheen,spallumcheen-d|2023,Spallumcheen|2023,"5,000 to 19,999",2880243.0,7184313.0,2008332.0,8523348.0,6800598.0,0.39275141662508006,2955.833560942301,1794.9257425742574,2605.016387845681,491.6768521679754,74.24837828610447,1.7903239665076427,0.010378048233487407,0.9846042141276943,0.983046826326008,0.952775215855086,,,,,,,,,,,,,,,,,,,,,,
Spallumcheen,D,NOK,2024,5858.0,25598.0,411.0,24642774.0,566746.0,29281777.0,3180364.0,407954.0,15488102.0,13793675.0,51341541.0,45000.0,0.0,2581491.0,49797278.0,65135216.0,7957337.0,1119191.0,2347111.0,982661.0,305060.0,1171312.0,0.0,33776.0,0.0,0.0,13916448.0,1621923.0,1604146.0,0.0,0.0,197160.0,2187720.0,662891.0,1161782.0,800102.0,62955.0,1937952.0,41486.0,0.0,0.0,10278117.0,51340336.0,51341541.0,434947.0,0.0,21217.0,407954.0,15600.0,36817.0,10844864.0,2711216.0,36817.0,2674399.0,12704393.0,13511209.0,10976775.0,594491.0,12944463.0,566746.0,124649274.0,73308938.0,51340336.0,7076034.0,158215703.0,2530833.0,spallumcheen-d,Spallumcheen,spallumcheen-d|2024,Spallumcheen|2024,"5,000 to 19,999",2626491.0,3634832.0,1205088.0,8324565.0,3638331.0,0.26144106599615075,2375.6312734721746,1754.5437009218163,2354.6730966200066,448.3596790713554,69.64049163537044,1.5910777188838245,0.04472396775938227,0.984003907627298,0.9864204843878172,0.9580536427199076,2567.538946805667,3546.5079302077975,2045.0195609464422,2783.665107049771,2217.25520024837,2437.8724475115623,799.2304887641933,1604.3462673977224,386.9249167164944,518.5374381567245,1.5629948984418691,1.7099330852451193,0.04472396775938227,0.02529861000232605,0.9792813777328785,0.9815511712696461,0.8510570773833829,0.8619101997275483,0.9732053424599786,0.9623635142836453,0.170495619408603,0.19976549769108282
Sparwood,D,EKO,2019,4032.0,19304.0,42.0,19187924.0,172702.0,21590351.0,972246.0,4203646.0,7503915.0,14086436.0,84249227.0,1732423.0,1519484.0,9181715.0,79761820.0,98335663.0,7695125.0,3042872.0,0.0,996821.0,104522.0,507199.0,0.0,4281756.0,0.0,0.0,16628295.0,1490393.0,909893.0,317365.0,68503.0,788711.0,1926773.0,2667656.0,615515.0,753956.0,0.0,2382080.0,,22972.0,0.0,11943817.0,84104431.0,84249227.0,4584180.0,0.0,215557.0,4342611.0,162279.0,377836.0,11276848.0,2819212.0,377836.0,2441376.0,13280255.0,13495229.0,12265323.0,124049.0,13322527.0,172702.0,122047612.0,37943181.0,84104431.0,6553996.0,7534345.0,0.0,sparwood-d,Sparwood,sparwood-d|2019,Sparwood|2019,"Under 5,000",12433622.0,1101343.0,4788955.0,9399458.0,4684478.0,0.28171727768842203,4124.081101190476,2962.2562003968255,3493.659722222222,3083.7356150793653,1077.0364583333333,2.5570550839128643,0.8698826507148266,1.0,0.8659781527604168,0.9872027366115832,,,,,,,,,,,,,,,,,,,,,,
Sparwood,D,EKO,2020,4137.0,19304.0,42.0,21724811.0,185590.0,24098674.0,956427.0,4051732.0,7689448.0,16409226.0,83803966.0,1881900.0,1760905.0,9434921.0,79593888.0,100213192.0,7983679.0,2788845.0,0.0,1986104.0,140884.0,599526.0,0.0,0.0,0.0,417868.0,13916906.0,1719977.0,822462.0,296039.0,81773.0,752673.0,1943521.0,2440869.0,643290.0,604837.0,0.0,2625843.0,,108093.0,0.0,12039377.0,83683205.0,83803966.0,4342611.0,0.0,221440.0,4089317.0,159231.0,380671.0,11674978.0,2918745.0,380671.0,2538074.0,13025672.0,13245182.0,11976269.0,129192.0,13059592.0,185590.0,123778970.0,40095765.0,83683205.0,2325852.0,7918143.0,0.0,sparwood-d,Sparwood,sparwood-d|2020,Sparwood|2020,"Under 5,000",13077726.0,2126988.0,1017394.0,9254303.0,1877529.0,0.13490994334516596,3364.0091854000484,2910.17089678511,3966.455402465555,3161.1617113850616,988.4740149867054,2.8252757545144984,0.29373705425628205,1.0,0.8695771641578829,0.9859881125076273,,,,,,,,,,,,,,,,,,,,,,
Sparwood,D,EKO,2021,4121.0,19304.0,42.0,24684812.0,439675.0,28402672.0,1832385.0,3893742.0,10281451.0,18121221.0,82762550.0,2037364.0,2039573.0,10173482.0,78750514.0,100883771.0,8398986.0,2995908.0,4442.0,1828554.0,239251.0,53308.0,0.0,0.0,38818.0,302905.0,13862172.0,1938754.0,960927.0,302219.0,74891.0,766980.0,1839279.0,2609868.0,590697.0,577614.0,0.0,2673923.0,,0.0,0.0,12335152.0,82644255.0,82762550.0,4089317.0,0.0,157644.0,3893742.0,157639.0,315283.0,11682256.0,2920564.0,315283.0,2605281.0,14152314.0,14654340.0,12994190.0,234675.0,14214665.0,439675.0,125051787.0,42407532.0,82644255.0,1638415.0,8278177.0,0.0,sparwood-d,Sparwood,sparwood-d|2021,Sparwood|2021,"Under 5,000",14250419.0,2072247.0,395031.0,9503590.0,1527020.0,0.11015734042255428,3363.7884008735746,2993.242416889105,4397.287308905606,3458.000242659549,944.853676292162,2.4009074205576626,0.19791978354654655,1.0,0.8920472210162147,0.9699969428851795,,,,,,,,,,,,,,,,,,,,,,
Sparwood,D,EKO,2022,4159.0,19304.0,42.0,24074576.0,502337.0,26713301.0,1829511.0,3729432.0,9550860.0,17162441.0,87194248.0,2347546.0,2365483.0,9678934.0,82267884.0,104356689.0,8700345.0,3352368.0,32091.0,1775629.0,455186.0,127206.0,0.0,1004615.0,973871.0,0.0,16421311.0,2009686.0,1137901.0,338995.0,29543.0,670627.0,2033802.0,2705701.0,653584.0,620451.0,63939.0,2621820.0,,0.0,0.0,12886049.0,86970603.0,87194248.0,3893742.0,0.0,120060.0,3729432.0,157500.0,277560.0,11940258.0,2985065.0,277560.0,2707505.0,14829518.0,15343373.0,13657443.0,147244.0,14841036.0,502337.0,131755004.0,44784401.0,86970603.0,6242949.0,12101598.0,0.0,sparwood-d,Sparwood,sparwood-d|2022,Sparwood|2022,"Under 5,000",14391963.0,2262906.0,2105692.0,10106729.0,3535262.0,0.21528500373691237,3948.379658571772,3098.352729021399,4126.5787448905985,3460.4383265207985,896.7136330848762,2.52067101810727,0.5158780683344464,1.0,0.9070171001301479,0.9672603279604817,,,,,,,,,,,,,,,,,,,,,,
Sparwood,D,EKO,2023,4265.0,19304.0,42.0,27444855.0,577120.0,30088143.0,1882407.0,3558549.0,8712628.0,21375515.0,89991456.0,2649608.0,2570046.0,11949410.0,85221513.0,111366971.0,9342322.0,3930027.0,960.0,2762123.0,901937.0,1593819.0,0.0,892886.0,277462.0,0.0,19701536.0,2228518.0,1097109.0,382316.0,29543.0,613584.0,1732347.0,3280587.0,739880.0,596865.0,34692.0,2797910.0,41657.0,0.0,0.0,13575008.0,89795006.0,89991456.0,3729432.0,0.0,120060.0,3558549.0,199632.0,319692.0,15295345.0,3823836.0,319692.0,3504144.0,15738405.0,16519581.0,14515490.0,379788.0,15942461.0,577120.0,137108228.0,47313222.0,89795006.0,5651622.0,4802722.0,0.0,sparwood-d,Sparwood,sparwood-d|2023,Sparwood|2023,"Under 5,000",17169064.0,3665020.0,2764167.0,10577466.0,6126528.0,0.3109670230788097,4619.351934349355,3182.885814771395,5011.84407971864,4025.5718640093787,834.3608440797186,3.1500088147915877,1.176753932457469,1.0,0.9163949499926252,0.9650644892264519,,,,,,,,,,,,,,,,,,,,,,
Sparwood,D,EKO,2024,4265.0,19304.0,43.0,31124468.0,482793.0,32805036.0,1234067.0,3722241.0,9361707.0,23443329.0,91713487.0,2896341.0,3433604.0,12962012.0,86129617.0,115156816.0,9668360.0,4126455.0,304836.0,922005.0,864774.0,1507160.0,0.0,112.0,1440786.0,166424.0,19000912.0,2346879.0,1133898.0,469847.0,71823.0,553651.0,2090266.0,3571568.0,771248.0,646754.0,0.0,3149695.0,-29704.0,0.0,0.0,14775925.0,91589030.0,91713487.0,3558549.0,1235612.0,269537.0,4474174.0,261021.0,530558.0,15949749.0,3987437.0,530558.0,3456879.0,17180458.0,17531242.0,15930208.0,249680.0,17257167.0,482793.0,141927271.0,50338241.0,91589030.0,5004337.0,198440806.0,4938300.0,sparwood-d,Sparwood,sparwood-d|2024,Sparwood|2024,"Under 5,000",19291957.0,2091615.0,3114482.0,11365209.0,4224987.0,0.22235706370304753,4455.079015240328,3464.460726846424,5496.677373974208,4523.319343493552,1049.0443141852286,3.324657351485151,0.02521828600111612,0.9751144933366175,0.8669425999708584,0.9843664812795351,4486.511144130758,3546.5079302077975,3557.844717668488,2783.665107049771,5496.677373974208,2437.8724475115623,3386.4506393861893,1604.3462673977224,624.7436119532265,518.5374381567245,3.324657351485151,1.7099330852451193,0.02521828600111612,0.02529861000232605,0.9816336034641139,0.9815511712696461,0.8531878894527055,0.8619101997275483,0.9614729661922712,0.9623635142836453,0.23352896680225554,0.19976549769108282
Squamish,D,SQL,2019,20404.0,10709.0,0.0,91662951.0,1218162.0,95874652.0,15334738.0,23858152.0,69056852.0,26817800.0,271193220.0,2444451.0,5152875.0,34164148.0,246945370.0,298011020.0,31395065.0,21150983.0,1707571.0,1263485.0,3581582.0,2336404.0,0.0,9021551.0,-924201.0,157570.0,69690010.0,7975393.0,9565116.0,4752818.0,165718.0,3009190.0,5842113.0,6366429.0,2349791.0,2880304.0,0.0,7203753.0,,0.0,0.0,50110625.0,270818972.0,271193220.0,24114987.0,2090699.0,1684993.0,23873602.0,1076393.0,2761386.0,54233187.0,13558297.0,2761386.0,9622031.0,44809260.0,45116348.0,28189091.0,64776.0,43898186.0,1218162.0,393858790.0,123039818.0,270818972.0,25424978.0,70812290.0,0.0,squamish-d,Squamish,squamish-d|2019,Squamish|2019,"20,000 to 99,999",41761474.0,6552638.0,10591324.0,41830479.0,19579385.0,0.2809496655259484,3415.50725347971,2455.921633013135,1314.340325426387,2046.7297588708097,1170.0451872181925,1.327354901726479,0.35904753256814603,1.0,0.7096784352784129,0.9729995433140998,,,,,,,,,,,,,,,,,,,,,,
Squamish,D,SQL,2020,21273.0,10709.0,201.0,112356071.0,1863738.0,117880451.0,20066100.0,33162582.0,85169917.0,32710534.0,314957971.0,5243834.0,9930805.0,35504446.0,281342640.0,347668505.0,31737888.0,20361661.0,876814.0,4658141.0,215410.0,1797361.0,0.0,39712939.0,549235.0,1793241.0,101702690.0,8066305.0,10145546.0,4448360.0,128349.0,3194358.0,5748635.0,5628795.0,2411211.0,3187635.0,0.0,9086011.0,,0.0,0.0,52045205.0,314611308.0,314957971.0,23873602.0,13943926.0,3807983.0,33268668.0,1070576.0,4878559.0,55046679.0,13761670.0,4878559.0,8290752.0,43606545.0,45731903.0,37994450.0,1453262.0,43868165.0,1863738.0,446264531.0,131653223.0,314611308.0,52884095.0,80460145.0,0.0,squamish-d,Squamish,squamish-d|2020,Squamish|2020,"20,000 to 99,999",50679085.0,5750365.0,43852776.0,41888618.0,49657485.0,0.48826127411182535,4780.834391012081,2446.5380999388894,1537.6549616885254,2382.3196070135855,1563.8916936962346,1.3191990195317438,0.6572706897309221,1.0,0.602452463981479,0.9592464367817801,,,,,,,,,,,,,,,,,,,,,,
Squamish,D,SQL,2021,22253.0,10709.0,259.0,122862278.0,2083650.0,128946266.0,23494236.0,40253340.0,99524076.0,29422190.0,330477898.0,7708859.0,9900354.0,35107639.0,289128896.0,359900088.0,33250545.0,22378588.0,1850248.0,1836659.0,217531.0,1671245.0,0.0,8780695.0,0.0,2072945.0,72058456.0,9687091.0,12182588.0,4890847.0,314813.0,3643022.0,5749926.0,6502611.0,2611946.0,3566182.0,0.0,10427595.0,,250252.0,0.0,59826873.0,329469312.0,330477898.0,33268668.0,11356362.0,3488947.0,40340417.0,1081975.0,4570922.0,58754135.0,14688534.0,4570922.0,8509380.0,49301757.0,52413698.0,43393252.0,2410482.0,50330048.0,2083650.0,470848391.0,141379079.0,329469312.0,25592912.0,93037532.0,0.0,squamish-d,Squamish,squamish-d|2021,Squamish|2021,"20,000 to 99,999",52716852.0,3904438.0,12524885.0,48317303.0,12231583.0,0.1697452829130838,3238.1456882218126,2688.4857322608186,1322.1673482227116,2368.9773064305937,1812.8080258841505,1.2344980525114346,0.27508158750384737,1.0,0.5793212583366046,0.9602460791833463,,,,,,,,,,,,,,,,,,,,,,
Squamish,D,SQL,2022,23652.0,10709.0,261.0,114596020.0,2420524.0,123196162.0,15022855.0,37803509.0,95812726.0,27383436.0,348501781.0,8542038.0,11797524.0,33330361.0,309784512.0,375885217.0,36424823.0,26720817.0,44445.0,2394342.0,1272978.0,3307362.0,0.0,10372162.0,0.0,0.0,80536929.0,10905026.0,11174094.0,5384954.0,230869.0,3957066.0,6316547.0,6648194.0,2725073.0,4067241.0,61986.0,11308558.0,,40705.0,0.0,62820313.0,347654859.0,348501781.0,40340417.0,2195598.0,11242034.0,37870346.0,1302151.0,5044185.0,65075744.0,16268936.0,5044185.0,7172592.0,54247780.0,56796239.0,47866735.0,1766086.0,54375715.0,2420524.0,499620403.0,151965544.0,347654859.0,29551083.0,97927805.0,0.0,squamish-d,Squamish,squamish-d|2022,Squamish|2022,"20,000 to 99,999",53669923.0,3711765.0,13679524.0,50209604.0,17716616.0,0.21998127095211192,3405.0790208016238,2656.0254101133096,1157.7640791476408,2269.14945881955,1601.1477253509217,1.1960417450182974,0.30176396785366527,1.0,0.440876526897641,0.9573823189243217,,,,,,,,,,,,,,,,,,,,,,
Squamish,D,SQL,2023,24655.0,10709.0,263.0,121245771.0,2147635.0,129740838.0,23149071.0,33228527.0,99725512.0,30015326.0,371112960.0,10474829.0,10471311.0,22421020.0,330528409.0,401128286.0,39895798.0,29137830.0,5000.0,8019873.0,2520659.0,6106720.0,0.0,9253183.0,13635.0,0.0,94952698.0,12449906.0,12640078.0,4809451.0,434091.0,5264645.0,7130854.0,7410897.0,2986199.0,4706618.0,73405.0,12314471.0,163354.0,133348.0,0.0,70517317.0,370272680.0,371112960.0,37870347.0,0.0,3838434.0,33273814.0,1488972.0,5327406.0,73869569.0,18467392.0,5327406.0,7441284.0,59769718.0,63964450.0,53773838.0,3334760.0,61816815.0,2147635.0,534173829.0,163901149.0,370272680.0,34916158.0,113129076.0,0.0,squamish-d,Squamish,squamish-d|2023,Squamish|2023,"20,000 to 99,999",43367160.0,10545532.0,15373538.0,56713874.0,24435381.0,0.2573426718217106,3851.255242344352,2860.162928412087,1217.4133441492597,1758.960048671669,1349.5767187183128,1.2157949211632024,0.30863999985291135,1.0,0.40294179058959706,0.9664245530134317,,,,,,,,,,,,,,,,,,,,,,
Squamish,D,SQL,2024,24655.0,10709.0,216.0,130382069.0,1957508.0,143271190.0,21681479.0,40792986.0,104136990.0,39134200.0,426637503.0,11036437.0,8295133.0,44014919.0,383890788.0,465771703.0,44261141.0,29300157.0,5756510.0,10909928.0,200865.0,6378392.0,461810.0,28929151.0,17495542.0,0.0,143693496.0,12854717.0,15553597.0,4920997.0,1068901.0,6529762.0,7347700.0,8070427.0,3172842.0,4686136.0,0.0,12766127.0,1243549.0,949255.0,0.0,79164010.0,425374563.0,426637503.0,33273814.0,12000000.0,3647658.0,40815325.0,1433218.0,5080876.0,76780667.0,19195167.0,5080876.0,7497994.0,66169861.0,69772505.0,60200463.0,2702508.0,67814997.0,1957508.0,600375688.0,175001125.0,425374563.0,68817266.0,997085704.0,16163793.0,squamish-d,Squamish,squamish-d|2024,Squamish|2024,"20,000 to 99,999",63346489.0,16867303.0,53264895.0,64964665.0,64529486.0,0.44907729157066373,5828.16856621375,3210.8704116812005,1587.2723585479619,2569.316122490367,1655.4583248833908,1.2520245591888146,0.06901840606472079,0.9837889632404156,0.3906188469212068,0.9719444213734335,4511.346779173996,3546.5079302077975,2919.303585494507,2783.665107049771,1671.5377681570433,2437.8724475115623,2013.8680402698296,1604.3462673977224,758.072703793099,518.5374381567245,1.4106251913295584,1.7099330852451193,0.02395434950880719,0.02529861000232605,0.982881188126185,0.9815511712696461,0.7663674777332005,0.8619101997275483,0.9710385348590358,0.9623635142836453,0.1541512928248161,0.19976549769108282
Stewart,D,KIT,2019,419.0,54989.0,35.0,2936435.0,245150.0,5146575.0,489357.0,0.0,2138353.0,3008222.0,10447375.0,0.0,0.0,1639116.0,9866891.0,13455597.0,2227563.0,918974.0,728907.0,1995050.0,166603.0,44499.0,0.0,0.0,2823.0,113261.0,6197680.0,790804.0,106722.0,-186451.0,0.0,222159.0,889202.0,409748.0,93390.0,266577.0,0.0,483151.0,,0.0,0.0,3075302.0,10420018.0,10447375.0,249671.0,400000.0,96545.0,553126.0,9201.0,105746.0,3502731.0,875683.0,105746.0,769937.0,3052356.0,3391090.0,2747238.0,196011.0,3145940.0,245150.0,18798919.0,8378901.0,10420018.0,1394189.0,1513984.0,0.0,stewart-d,Stewart,stewart-d|2019,Stewart|2019,"Under 5,000",1639116.0,2890560.0,160583.0,2582950.0,3122378.0,0.5037978727523847,14791.599045346062,7339.622911694511,7179.527446300716,3911.9713603818614,1320.109785202864,1.3732227560183001,0.9208743289228948,1.0,0.8792416890587119,0.9277076102374163,,,,,,,,,,,,,,,,,,,,,,
Stewart,D,KIT,2020,425.0,54989.0,35.0,5227637.0,248115.0,7022025.0,871862.0,0.0,2412659.0,4609366.0,13653944.0,0.0,0.0,1901101.0,13217304.0,18263310.0,2325813.0,768701.0,25446.0,4823510.0,206255.0,54680.0,0.0,0.0,129152.0,53260.0,8386817.0,742172.0,78471.0,62802.0,0.0,303342.0,1072109.0,460904.0,145089.0,122374.0,0.0,591842.0,,0.0,0.0,3579105.0,13627799.0,13653944.0,553126.0,0.0,142631.0,410495.0,14035.0,156666.0,3378118.0,844530.0,156666.0,687864.0,3166758.0,3442011.0,2867765.0,136746.0,3193896.0,248115.0,22493624.0,8865825.0,13627799.0,3900852.0,1180391.0,0.0,stewart-d,Stewart,stewart-d|2020,Stewart|2020,"Under 5,000",1901101.0,5055211.0,237092.0,2973228.0,4807712.0,0.5732463221744316,19733.68705882353,8421.423529411764,10845.56705882353,4473.178823529412,965.8705882352941,2.1667533621618307,3.3047117438204796,1.0,0.8144932684451707,0.9279156864983872,,,,,,,,,,,,,,,,,,,,,,
Stewart,D,KIT,2021,432.0,54989.0,35.0,5372727.0,257454.0,7063672.0,348230.0,0.0,2408117.0,4655555.0,14605864.0,0.0,0.0,2701281.0,14304016.0,19261419.0,2328792.0,533412.0,22746.0,1754994.0,20352.0,9720.0,0.0,0.0,762889.0,68339.0,5501244.0,862633.0,154228.0,27257.0,0.0,505008.0,1131922.0,435099.0,150707.0,585409.0,0.0,650872.0,,0.0,0.0,4503135.0,14579719.0,14605864.0,410495.0,0.0,134792.0,275703.0,8683.0,143475.0,3111754.0,777939.0,143475.0,634464.0,3237834.0,3521595.0,2946148.0,147767.0,3264141.0,257454.0,23924250.0,9344531.0,14579719.0,1648815.0,1134370.0,0.0,stewart-d,Stewart,stewart-d|2021,Stewart|2021,"Under 5,000",2701281.0,1798092.0,840948.0,3843580.0,998109.0,0.18143332671664808,12734.361111111111,10423.923611111111,10776.747685185184,6252.965277777777,638.2013888888889,2.2310905159508447,1.4535072330897327,1.0,0.8155703724842179,0.9268927857973447,,,,,,,,,,,,,,,,,,,,,,
Stewart,D,KIT,2022,437.0,54989.0,35.0,5896643.0,231573.0,7025041.0,596920.0,0.0,2985854.0,4039187.0,15309909.0,0.0,0.0,0.0,14638372.0,19349096.0,2461778.0,675835.0,9180.0,884797.0,92288.0,35189.0,0.0,0.0,22532.0,59955.0,4241554.0,1049832.0,89223.0,50080.0,0.0,533687.0,961855.0,497280.0,156933.0,104105.0,0.0,710882.0,,0.0,0.0,4153877.0,15280297.0,15309909.0,275703.0,525600.0,159378.0,641925.0,26034.0,185412.0,3442567.0,860642.0,185412.0,675230.0,3361775.0,3650920.0,3077311.0,174018.0,3419347.0,231573.0,25325688.0,10045391.0,15280297.0,1451953.0,1133958.0,0.0,stewart-d,Stewart,stewart-d|2022,Stewart|2022,"Under 5,000",0,986265.0,117676.0,3416961.0,87677.0,0.020670961633401343,9706.073226544622,9505.439359267735,9242.990846681922,0.0,1468.9359267734553,1.974859788857727,1.2804292575210017,1.0,0.7845654755403524,0.9365713299661456,,,,,,,,,,,,,,,,,,,,,,
Stewart,D,KIT,2023,438.0,54989.0,35.0,6482151.0,166003.0,7482011.0,313254.0,0.0,2739041.0,4742970.0,15072162.0,0.0,0.0,4705908.0,13975361.0,19815132.0,2602159.0,1019077.0,9693.0,1222509.0,48418.0,140712.0,0.0,0.0,0.0,69330.0,5111898.0,1050004.0,76619.0,10502.0,0.0,544386.0,1258942.0,627684.0,194084.0,144303.0,0.0,739338.0,0.0,0.0,0.0,4645862.0,15041207.0,15072162.0,641925.0,0.0,166328.0,475597.0,36399.0,202727.0,4568519.0,1142130.0,202727.0,939403.0,3501770.0,3772646.0,3269380.0,172574.0,3606643.0,166003.0,25825936.0,10784729.0,15041207.0,406381.0,1133958.0,0.0,stewart-d,Stewart,stewart-d|2023,Stewart|2023,"Under 5,000",4705908.0,1280620.0,210042.0,3870125.0,466036.0,0.09116692077971822,11671.0,10606.990867579909,10828.698630136987,10744.082191780823,1085.837899543379,2.3665768420406996,0.35837394330301475,1.0,0.8225009412238536,0.9559982569263058,,,,,,,,,,,,,,,,,,,,,,
Stewart,D,KIT,2024,438.0,54989.0,35.0,8656566.0,237990.0,9294463.0,454114.0,0.0,2560252.0,6734211.0,15047913.0,246104.0,303490.0,5144818.0,14594456.0,21782124.0,3864641.0,955166.0,137267.0,1426529.0,9561.0,180241.0,0.0,0.0,0.0,101748.0,6675153.0,1026278.0,81795.0,79104.0,0.0,587164.0,1299646.0,559243.0,203234.0,126718.0,0.0,740858.0,4121.0,0.0,0.0,4708161.0,15012830.0,15047913.0,475597.0,0.0,159332.0,316265.0,33559.0,192891.0,5255451.0,1313863.0,192891.0,1120972.0,4879995.0,5103789.0,4605440.0,93110.0,4865799.0,237990.0,26538417.0,11525587.0,15012830.0,712481.0,40133958.0,743105.0,stewart-d,Stewart,stewart-d|2024,Stewart|2024,"Under 5,000",5694412.0,1573357.0,281989.0,3933744.0,1966992.0,0.29467369511979724,15240.075342465754,10749.22602739726,15374.910958904109,13000.940639269407,722.066210045662,3.381138262952241,0.017752572522251604,0.9814843828759675,0.8531878894527055,0.9533699375111314,4486.511144130758,3546.5079302077975,3557.844717668488,2783.665107049771,5496.677373974208,2437.8724475115623,3386.4506393861893,1604.3462673977224,624.7436119532265,518.5374381567245,3.324657351485151,1.7099330852451193,0.02521828600111612,0.02529861000232605,0.9816336034641139,0.9815511712696461,0.8531878894527055,0.8619101997275483,0.9614729661922712,0.9623635142836453,0.23352896680225554,0.19976549769108282
Summerland,D,OKS,2019,12354.0,7357.0,298.0,28227077.0,563414.0,33334907.0,4688042.0,15409866.0,29013655.0,4321252.0,115545917.0,0.0,0.0,4769480.0,98428550.0,119867169.0,11544813.0,20698423.0,0.0,1553117.0,1406248.0,1245705.0,0.0,967631.0,777079.0,434135.0,38627151.0,1884075.0,2670346.0,2180781.0,81267.0,773295.0,2354327.0,2768233.0,3363189.0,1654649.0,10268892.0,4034262.0,,0.0,0.0,32033316.0,113838425.0,115545917.0,17507422.0,0.0,1197681.0,15409866.0,932596.0,2130277.0,33485964.0,8371491.0,2130277.0,6241214.0,18907523.0,19567458.0,15244377.0,394120.0,19004044.0,563414.0,183309146.0,69470721.0,113838425.0,4767330.0,324108922.0,5634676.0,summerland-d,Summerland,summerland-d|2019,Summerland|2019,"5,000 to 19,999",4769480.0,2959365.0,3424550.0,27066458.0,6593835.0,0.1707046683303151,3126.6918406993686,2592.9509470616804,349.7856564675409,386.06767039015705,1247.3584264205924,0.9728893860494309,0.014709036612080676,0.9826148692074573,0.7455319488487774,0.9712065818666891,,,,,,,,,,,,,,,,,,,,,,
Summerland,D,OKS,2020,12642.0,7357.0,298.0,34160147.0,547735.0,39386827.0,5915554.0,13380793.0,30924182.0,8462645.0,117922714.0,0.0,0.0,5261751.0,102419219.0,126385359.0,12034463.0,20818316.0,0.0,4051047.0,833551.0,1234261.0,0.0,871225.0,10716.0,259208.0,40112787.0,1610314.0,2802515.0,3296037.0,83841.0,676468.0,1998519.0,2269664.0,3710654.0,1797217.0,11188900.0,4160468.0,,0.0,0.0,33594597.0,115800021.0,117922714.0,15409866.0,0.0,1131383.0,13380793.0,854636.0,1986019.0,33917349.0,8479337.0,1986019.0,6493318.0,19376077.0,20026228.0,15687468.0,385279.0,19478493.0,547735.0,189202358.0,73402337.0,115800021.0,6122064.0,451562644.0,4316145.0,summerland-d,Summerland,summerland-d|2020,Summerland|2020,"5,000 to 19,999",5261751.0,4884598.0,2375410.0,28579493.0,6518190.0,0.16249656250511837,3172.9779307071667,2657.379924062648,669.4071349470021,416.21191267204557,1058.4395665242841,1.1046418948122865,0.013557507648927665,0.990441758065355,0.7657813340830775,0.9726491179467247,,,,,,,,,,,,,,,,,,,,,,
Summerland,D,OKS,2021,12877.0,7357.0,298.0,41208914.0,377386.0,48417257.0,7662209.0,11260255.0,31035701.0,17381556.0,120137988.0,0.0,0.0,6279144.0,106631464.0,137519544.0,12368281.0,23188121.0,0.0,3205768.0,1392045.0,1132589.0,0.0,1302756.0,37500.0,320447.0,42947507.0,1783243.0,3033719.0,-71988.0,85105.0,812039.0,1881686.0,2628144.0,3754087.0,1833345.0,11820189.0,4253753.0,,0.0,0.0,31813322.0,117891730.0,120137988.0,13380793.0,0.0,1164853.0,11260255.0,710460.0,1875313.0,36514810.0,9128703.0,1875313.0,7253390.0,20115685.0,20783503.0,16096580.0,479771.0,20406117.0,377386.0,195485134.0,77593404.0,117891730.0,6345462.0,449999544.0,7799714.0,summerland-d,Summerland,summerland-d|2021,Summerland|2021,"5,000 to 19,999",6279144.0,4597813.0,2793292.0,26849109.0,11134185.0,0.25925102008831385,3335.2106080608837,2470.5538557117343,1349.814087132096,487.6247573192514,874.4470761823407,1.3277906627596392,0.014101040955721502,0.982667284658404,0.7945696119152962,0.981842040776283,,,,,,,,,,,,,,,,,,,,,,
Summerland,D,OKS,2022,12918.0,7357.0,298.0,43608151.0,548658.0,51532132.0,6643432.0,15594532.0,33998140.0,17533992.0,134377556.0,0.0,0.0,11151694.0,115590759.0,151911548.0,12948818.0,24490304.0,0.0,4080997.0,924431.0,1357005.0,0.0,6551121.0,110768.0,0.0,50463444.0,2151792.0,2891208.0,1413288.0,128643.0,854163.0,2577289.0,2962262.0,4635430.0,1884391.0,12184814.0,4388160.0,,0.0,0.0,36071440.0,131185301.0,134377556.0,11260255.0,6464500.0,1144548.0,15594532.0,707789.0,1852337.0,38308344.0,9577086.0,1852337.0,7724749.0,21285799.0,21773249.0,17264794.0,274007.0,21224591.0,548658.0,213045612.0,81860311.0,131185301.0,17686944.0,511723715.0,8757183.0,summerland-d,Summerland,summerland-d|2022,Summerland|2022,"5,000 to 19,999",11151694.0,5005428.0,8018894.0,30975491.0,14392004.0,0.2851966266907982,3906.4440315838365,2792.3393714197246,1357.3302368787738,863.2678433193993,1207.1939928781544,1.2826628456733222,0.03456346360652838,0.9828868923927045,0.806586575499061,0.9748012802315354,,,,,,,,,,,,,,,,,,,,,,
Summerland,D,OKS,2023,13310.0,7357.0,299.0,44218404.0,536178.0,53103258.0,7772861.0,13209446.0,44828799.0,8274459.0,154345005.0,0.0,0.0,9884199.0,126012460.0,162619464.0,13437298.0,27052727.0,0.0,10594925.0,894999.0,2348024.0,0.0,3821015.0,126667.0,0.0,58275655.0,2182745.0,4024164.0,1955310.0,178441.0,849711.0,2454997.0,3245820.0,4761291.0,1981418.0,12717043.0,4567821.0,301586.0,0.0,0.0,39220347.0,150776762.0,154345005.0,15594532.0,0.0,1334337.0,13209446.0,1004901.0,2339238.0,42182300.0,10545575.0,2339238.0,8206337.0,22493344.0,23210577.0,18642886.0,443146.0,22793177.0,536178.0,238429253.0,87652491.0,150776762.0,22427895.0,535773847.0,9228286.0,summerland-d,Summerland,summerland-d|2023,Summerland|2023,"5,000 to 19,999",9884199.0,11489924.0,6295706.0,33647625.0,19055308.0,0.3269857370114502,4378.336213373404,2946.6827197595794,621.6723516153269,742.6145003756574,992.4452291510142,0.9863838645331542,0.04186074987717719,0.9827757811403587,0.7781782406364754,0.982016819314746,,,,,,,,,,,,,,,,,,,,,,
Summerland,D,OKS,2024,13310.0,7357.0,299.0,45167676.0,709461.0,54014339.0,7653374.0,15102043.0,46081028.0,7933311.0,167358675.0,0.0,0.0,11305451.0,133171718.0,175291986.0,14170211.0,27470064.0,611730.0,4489474.0,30397.0,2409662.0,0.0,1061952.0,56050.0,518095.0,50817635.0,2435980.0,3473264.0,2044797.0,214937.0,1122232.0,2740530.0,3386504.0,4479952.0,1900599.0,12910221.0,4926427.0,309670.0,0.0,0.0,39945113.0,160138286.0,167358675.0,13209446.0,3732000.0,1145763.0,15102043.0,766402.0,1912165.0,44283792.0,11070948.0,1912165.0,9158783.0,23734027.0,24479423.0,19870398.0,378368.0,23973814.0,709461.0,252193591.0,92055305.0,160138286.0,14287951.0,567013731.0,9996990.0,summerland-d,Summerland,summerland-d|2024,Summerland|2024,"5,000 to 19,999",11305451.0,5131601.0,4045759.0,34252284.0,10872522.0,0.2139517511981815,3818.004132231405,3001.1354620586026,596.0413974455297,849.3952667167543,1134.6388429752067,0.9801794352330855,0.025198597880163154,0.9823690513060962,0.8272808254541526,0.9793455507509307,2567.538946805667,3546.5079302077975,2045.0195609464422,2783.665107049771,2217.25520024837,2437.8724475115623,799.2304887641933,1604.3462673977224,386.9249167164944,518.5374381567245,1.5629948984418691,1.7099330852451193,0.04472396775938227,0.02529861000232605,0.9792813777328785,0.9815511712696461,0.8510570773833829,0.8619101997275483,0.9732053424599786,0.9623635142836453,0.170495619408603,0.19976549769108282
Sun Peaks,V,TNR,2019,937.0,4106.0,22.0,1894080.0,0.0,5279362.0,2075351.0,4751724.0,7640923.0,-2361561.0,50295233.0,0.0,0.0,0.0,45469606.0,47933672.0,2140123.0,2967980.0,5376709.0,1012893.0,300000.0,0.0,0.0,0.0,0.0,0.0,11797705.0,862085.0,854292.0,0.0,644313.0,51818.0,440184.0,132533.0,801920.0,846594.0,0.0,1803671.0,,6500.0,0.0,6443910.0,50221330.0,50295233.0,1438420.0,3505000.0,191696.0,4751724.0,23711.0,215407.0,5355510.0,1338878.0,215407.0,1123471.0,5079044.0,5238347.0,4819940.0,131678.0,5238347.0,0.0,55587676.0,5366346.0,50221330.0,7881145.0,79881628.0,1750000.0,sun-peaks-v,Sun Peaks,sun-peaks-v|2019,Sun Peaks|2019,"Under 5,000",0,6689602.0,0,4616528.0,5353795.0,0.45379970087402594,12590.933831376735,6877.171824973319,-2520.342582710779,0.0,5071.210245464247,0.2478862828482894,0.09866029520580126,0.9780925846929409,0.8391137952823184,1.0,,,,,,,,,,,,,,,,,,,,,,
Sun Peaks,V,TNR,2020,948.0,4106.0,22.0,6461437.0,103651.0,8958807.0,3512128.0,12437569.0,17238053.0,-8279246.0,55978024.0,0.0,0.0,0.0,43399543.0,47698778.0,2245874.0,2845025.0,541426.0,1263560.0,0.0,0.0,0.0,0.0,7146.0,0.0,6903031.0,785830.0,863096.0,0.0,699129.0,121585.0,580170.0,233615.0,747407.0,907491.0,0.0,1964443.0,,235159.0,0.0,7137925.0,55895816.0,55978024.0,4751724.0,8060000.0,314390.0,12496273.0,134902.0,449292.0,5340185.0,1335046.0,449292.0,885754.0,5360616.0,5500937.0,5067404.0,99084.0,5397286.0,103651.0,63195912.0,7300096.0,55895816.0,7889799.0,94066853.0,1980000.0,sun-peaks-v,Sun Peaks,sun-peaks-v|2020,Sun Peaks|2020,"Under 5,000",0,1804986.0,7146.0,5038580.0,-234894.0,-0.03402766118245739,7281.6782700421945,7529.456751054852,-8733.381856540085,0.0,13181.722573839663,0.3748356615448392,0.08387438027718436,0.9789511402066358,0.6634632814150224,0.981157573700626,,,,,,,,,,,,,,,,,,,,,,
Sun Peaks,V,TNR,2021,964.0,4106.0,22.0,4556150.0,97093.0,6407540.0,1632189.0,11790066.0,15926825.0,-9519285.0,57238093.0,0.0,0.0,0.0,45266627.0,47718808.0,2359190.0,3168641.0,131991.0,1553204.0,0.0,5971.0,0.0,298187.0,0.0,0.0,7517184.0,754363.0,872875.0,0.0,935653.0,128105.0,558934.0,335049.0,938336.0,867660.0,0.0,2100016.0,,6163.0,0.0,7497154.0,57097775.0,57238093.0,12496273.0,0.0,659154.0,11831148.0,192748.0,851902.0,5795444.0,1448861.0,851902.0,596959.0,5749725.0,5884540.0,5452873.0,96695.0,5787447.0,97093.0,66497203.0,9399428.0,57097775.0,3308138.0,14140912.0,0.0,sun-peaks-v,Sun Peaks,sun-peaks-v|2021,Sun Peaks|2021,"Under 5,000",0,1685195.0,304158.0,5204390.0,20030.0,0.0026645616230758754,7797.908713692946,7777.130705394191,-9874.776970954357,0.0,12272.97510373444,0.2860676876904217,0.23394092262224672,1.0,0.41201951049824653,0.9835003245793215,,,,,,,,,,,,,,,,,,,,,,
Sun Peaks,V,TNR,2022,984.0,4106.0,22.0,5601635.0,108911.0,8790396.0,2753636.0,14502612.0,20786901.0,-11996505.0,61525906.0,0.0,0.0,0.0,46383059.0,49529401.0,2456472.0,3339706.0,0.0,2313290.0,435954.0,124837.0,0.0,1462359.0,0.0,0.0,10132618.0,897221.0,845449.0,0.0,1109965.0,288425.0,604117.0,369739.0,996740.0,976622.0,0.0,2233747.0,,0.0,0.0,8322025.0,60909363.0,61525906.0,11831148.0,3300000.0,587862.0,14526305.0,217514.0,805376.0,6244034.0,1561009.0,805376.0,606168.0,6062240.0,6183661.0,5755798.0,77626.0,6074750.0,108911.0,72542539.0,11633176.0,60909363.0,6045335.0,10461845.0,0.0,sun-peaks-v,Sun Peaks,sun-peaks-v|2022,Sun Peaks|2022,"Under 5,000",0,2749244.0,1587196.0,5870764.0,1810593.0,0.1786895548613399,10297.376016260163,8457.342479674797,-12191.57012195122,0.0,14762.505081300813,0.26947908204306165,0.5778459726749918,1.0,0.38831806863381313,0.9823872945169536,,,,,,,,,,,,,,,,,,,,,,
Sun Peaks,V,TNR,2023,1024.0,4106.0,22.0,7378322.0,157416.0,10751339.0,2151190.0,13854981.0,20192559.0,-9441220.0,62762223.0,0.0,0.0,1133320.0,48857920.0,53321003.0,2686315.0,3946021.0,0.0,4967552.0,89148.0,310963.0,0.0,706655.0,0.0,216178.0,12922832.0,1346398.0,944380.0,0.0,639422.0,193903.0,805803.0,405536.0,1019570.0,1128466.0,99477.0,2519260.0,0.0,29015.0,0.0,9131230.0,62719317.0,62762223.0,14526305.0,0.0,636662.0,13861397.0,315362.0,952024.0,7399231.0,1849808.0,952024.0,744311.0,6924546.0,7071014.0,6629577.0,93219.0,6942506.0,157416.0,76719546.0,14000229.0,62719317.0,4358229.0,6753429.0,0.0,sun-peaks-v,Sun Peaks,sun-peaks-v|2023,Sun Peaks|2023,"Under 5,000",1133320.0,5056700.0,1233796.0,6296608.0,3791602.0,0.29340333450129197,12619.953125,8917.216796875,-9219.94140625,1106.7578125,13536.5205078125,0.36539806569340716,0.6453357250072519,1.0,0.4023720299620285,0.9818260860464991,,,,,,,,,,,,,,,,,,,,,,
Sun Peaks,V,TNR,2024,1024.0,4106.0,22.0,9163141.0,115982.0,11497497.0,3478226.0,13191738.0,21099272.0,-9601775.0,63456663.0,0.0,0.0,752657.0,49822423.0,53854888.0,2998057.0,4125813.0,0.0,1325667.0,127341.0,335011.0,0.0,910366.0,0.0,109117.0,9931372.0,1127274.0,1111238.0,0.0,0.0,168972.0,907297.0,484968.0,1110793.0,1117126.0,668949.0,2700870.0,0.0,0.0,0.0,9397487.0,63394849.0,63456663.0,13861397.0,0.0,625801.0,13191738.0,314929.0,940730.0,7820440.0,1955110.0,940730.0,862243.0,7354788.0,7582776.0,7066299.0,178686.0,7466888.0,115982.0,80090864.0,16696015.0,63394849.0,3376402.0,95098625.0,99197873.0,sun-peaks-v,Sun Peaks,sun-peaks-v|2024,Sun Peaks|2024,"Under 5,000",752657.0,1453008.0,1354494.0,6381688.0,533885.0,0.053757426466353286,9698.60546875,9177.2333984375,-9376.7333984375,735.0166015625,12882.556640625,0.434287069241062,0.03550421470341974,-0.043105228913667304,0.4410201983520109,0.9847169427133282,4648.097865362712,3546.5079302077975,3428.422456291105,2783.665107049771,5030.364110900993,2437.8724475115623,2420.45,1604.3462673977224,224.31236112962716,518.5374381567245,2.204313821553219,1.7099330852451193,0.030042455998363887,0.02529861000232605,0.9786113537119745,0.9815511712696461,0.9039920521842442,0.8619101997275483,0.9333160528846489,0.9623635142836453,0.20869205825466772,0.19976549769108282
Surrey,C,GVR,2019,584526.0,31741.0,0.0,986585000.0,23590000.0,1163280000.0,201481000.0,221777000.0,1124523000.0,38757000.0,9301094000.0,0.0,0.0,57512000.0,9073891000.0,9339851000.0,443667000.0,323654000.0,1669000.0,15796000.0,11461000.0,28643000.0,0.0,294910000.0,12145000.0,0.0,1131945000.0,101915000.0,242480000.0,35788000.0,0.0,30366000.0,31924000.0,122650000.0,66425000.0,75007000.0,1854000.0,134016000.0,,0.0,0.0,842425000.0,9295668000.0,9301094000.0,229024000.0,0.0,5941587.0,221777000.0,10436000.0,16377587.0,806106374.0,201526594.0,16377587.0,185149007.0,781528000.0,793324000.0,691326000.0,2829000.0,769734000.0,23590000.0,11458237000.0,2162569000.0,9295668000.0,451276000.0,21989917000.0,156746000.0,surrey-c,Surrey,surrey-c|2019,Surrey|2019,"100,000 and over",57512000.0,28926000.0,335698000.0,697973000.0,289520000.0,0.2557721444063095,1936.5177939048049,1441.2104850767973,66.30500610751275,98.3908329141903,379.4134050495615,0.8773364350929238,0.020521951037832477,0.9928719148871731,0.918732378318268,0.9702643560512476,,,,,,,,,,,,,,,,,,,,,,
Surrey,C,GVR,2020,598530.0,31741.0,1943.0,1286652000.0,23033000.0,1447305000.0,348117000.0,214230000.0,1315616000.0,131689000.0,9480648000.0,0.0,0.0,58771000.0,9260078000.0,9612337000.0,466975000.0,311271000.0,2262000.0,26687000.0,13338000.0,19407000.0,0.0,212189000.0,186000.0,0.0,1052315000.0,64697000.0,242273000.0,37564000.0,0.0,30334000.0,31702000.0,91176000.0,69493000.0,73381000.0,2169000.0,136354000.0,,686000.0,0.0,779829000.0,9474308000.0,9480648000.0,221777000.0,0.0,6002078.0,214230000.0,10376000.0,16378078.0,805230078.0,201307520.0,16378078.0,184929442.0,765561000.0,776296000.0,673409000.0,3717000.0,753263000.0,23033000.0,11746846000.0,2272538000.0,9474308000.0,317219000.0,16099269778.0,124763445.0,surrey-c,Surrey,surrey-c|2020,Surrey|2020,"100,000 and over",58771000.0,42287000.0,231782000.0,633099000.0,272486000.0,0.2589395760775053,1758.1658396404525,1302.9071224500026,220.02071742435635,98.19223764890648,357.92692095634305,0.9779844574708729,0.019703937158285688,0.9922503662140942,0.9186414993339543,0.9703296165380216,,,,,,,,,,,,,,,,,,,,,,
Surrey,C,MVRD,2021,614646.0,31741.0,1944.0,1607869000.0,20964000.0,1768843000.0,249118000.0,356970000.0,1490846000.0,277997000.0,9639856000.0,0.0,0.0,149042000.0,9274915000.0,9917853000.0,523731000.0,334854000.0,13934000.0,16120000.0,19785000.0,18015000.0,0.0,253211000.0,3471000.0,0.0,1183121000.0,73016000.0,305321000.0,39199000.0,0.0,31046000.0,34535000.0,101240000.0,70013000.0,77702000.0,2826000.0,142707000.0,,0.0,0.0,877605000.0,9631885000.0,9639856000.0,214230000.0,150600000.0,6065988.0,356970000.0,9309000.0,15374988.0,884948013.0,221237003.0,15374988.0,205862015.0,912461000.0,923029000.0,820268000.0,2579000.0,902065000.0,20964000.0,12029241000.0,2397356000.0,9631885000.0,303857000.0,15846965417.0,121678709.0,surrey-c,Surrey,surrey-c|2021,Surrey|2021,"100,000 and over",149042000.0,49839000.0,274697000.0,725589000.0,305516000.0,0.25822887092698044,1924.8819645779847,1427.8218681973037,452.2879836523788,242.48429177119837,580.7733231811482,1.078494358236867,0.019174459715425023,0.9923216397715194,0.9305044464013101,0.9772878208593663,,,,,,,,,,,,,,,,,,,,,,
Surrey,C,MVRD,2022,633234.0,31741.0,1946.0,1700752000.0,26499000.0,1910212000.0,239434000.0,333471000.0,1456805000.0,453407000.0,9943792000.0,0.0,0.0,263411000.0,9600940000.0,10397199000.0,538875000.0,373706000.0,12478000.0,26708000.0,30205000.0,40003000.0,0.0,374126000.0,28442000.0,0.0,1424543000.0,78918000.0,315169000.0,37438000.0,0.0,34127000.0,56322000.0,126834000.0,82248000.0,68051000.0,3650000.0,142440000.0,,0.0,0.0,945197000.0,9934411000.0,9943792000.0,356970000.0,0.0,21590080.0,333471000.0,11353000.0,32943080.0,960356080.0,240089020.0,32943080.0,207145940.0,981749000.0,1008583000.0,884007000.0,19219000.0,982084000.0,26499000.0,12562360000.0,2627949000.0,9934411000.0,449537000.0,11529846593.0,85601768.0,surrey-c,Surrey,surrey-c|2022,Surrey|2022,"100,000 and over",263411000.0,69391000.0,442571000.0,791404000.0,479346000.0,0.33649107117159677,2249.631257955195,1492.6504262247447,716.0180912585237,415.9773480261641,526.6157534181677,1.1674534340560336,0.03898898362385176,0.9925756368647636,0.8627880608617587,0.9737265054041164,,,,,,,,,,,,,,,,,,,,,,
Surrey,C,MVRD,2023,662561.0,31741.0,1961.0,2020510000.0,37473000.0,2271805000.0,263058000.0,308515000.0,1509517000.0,762288000.0,10260024000.0,0.0,0.0,398041000.0,9933793000.0,11022312000.0,608067000.0,413096000.0,41558000.0,130431000.0,28115000.0,85179000.0,0.0,335948000.0,8156000.0,0.0,1650550000.0,114032000.0,339528000.0,42868000.0,0.0,35700000.0,47495000.0,142890000.0,78431000.0,73534000.0,4462000.0,147244000.0,184000.0,0.0,0.0,1026368000.0,10249683000.0,10260024000.0,333471000.0,0.0,22753153.0,308515000.0,11083000.0,33836153.0,1114086153.0,278521538.0,33836153.0,244685385.0,1113377000.0,1149936000.0,1011028000.0,23010000.0,1109088000.0,37473000.0,12995030000.0,2745347000.0,10249683000.0,462376000.0,21123331335.0,154949011.0,surrey-c,Surrey,surrey-c|2023,Surrey|2023,"100,000 and over",398041000.0,200104000.0,429283000.0,868041000.0,624182000.0,0.3781660658568356,2491.166851052205,1549.0920835968311,1150.517461788424,600.7612883945781,465.64014483194757,1.3385142399853729,0.02188935034285396,0.9926645561468205,0.8785151294116436,0.9644780231247652,,,,,,,,,,,,,,,,,,,,,,
Surrey,C,MVRD,2024,662561.0,31741.0,1970.0,2235554000.0,53528000.0,2548653000.0,290724000.0,295608000.0,1528847000.0,1019806000.0,10602786000.0,0.0,0.0,475763000.0,10284560000.0,11622592000.0,659548000.0,446290000.0,54541000.0,57702000.0,29244000.0,111917000.0,0.0,373248000.0,4125000.0,0.0,1736615000.0,145548000.0,375258000.0,46271000.0,473000.0,31413000.0,61309000.0,150474000.0,82162000.0,84011000.0,5957000.0,153003000.0,456000.0,0.0,0.0,1136335000.0,10590549000.0,10602786000.0,308515000.0,0.0,10527052.0,295608000.0,10850000.0,21377052.0,1225860052.0,306465013.0,21377052.0,285087961.0,1239280000.0,1305228000.0,1131200000.0,42040000.0,1249313000.0,53528000.0,13462607000.0,2872058000.0,10590549000.0,496033000.0,22803613635.0,177755715.0,surrey-c,Surrey,surrey-c|2024,Surrey|2024,"100,000 and over",475763000.0,141487000.0,489290000.0,972482000.0,600280000.0,0.34566095536431507,2621.064324643316,1715.064726115784,1539.1880898513496,718.0667138572901,446.1596743545123,1.4622483479380213,0.0217523857376125,0.9922049321723653,0.9302463540919759,0.9571607412651276,3003.390678329474,3546.5079302077975,2379.369597210911,2783.665107049771,2052.765446183268,2437.8724475115623,1093.3312652075697,1604.3462673977224,312.26099706744867,518.5374381567245,1.6357691597817738,1.7099330852451193,0.025378934003535983,0.02529861000232605,0.9802497344746216,0.9815511712696461,0.9023585311053542,0.8619101997275483,0.9669710895067201,0.9623635142836453,0.27009754429306687,0.19976549769108282
Tahsis,V,STR,2019,303.0,543.0,0.0,3029962.0,166687.0,3898443.0,306870.0,0.0,1667842.0,2230601.0,9179738.0,0.0,0.0,802887.0,9112889.0,11410339.0,779540.0,439078.0,4512.0,4127082.0,2400.0,69603.0,0.0,0.0,128765.0,53122.0,5604102.0,818786.0,132238.0,117335.0,0.0,189897.0,199129.0,394091.0,120754.0,143496.0,0.0,365392.0,,0.0,0.0,2481118.0,9112889.0,9179738.0,0.0,0.0,0.0,0.0,0.0,0.0,1697111.0,424278.0,0.0,424278.0,1013108.0,1209146.0,806402.0,93745.0,1042459.0,166687.0,22407879.0,13294990.0,9112889.0,3756973.0,1127284.0,0.0,tahsis-v,Tahsis,tahsis-v|2019,Tahsis|2019,"Under 5,000",802887.0,4133994.0,251490.0,2115726.0,3122984.0,0.5572675158303685,18495.38613861386,8188.5082508250825,7361.7194719471945,2649.792079207921,0.0,1.8166960659343032,3.3327653013792444,1.0,1.0,0.8621448526480673,,,,,,,,,,,,,,,,,,,,,,
Tahsis,V,STR,2020,348.0,543.0,0.0,2699636.0,168577.0,3080348.0,268359.0,0.0,875998.0,2204350.0,8843563.0,0.0,0.0,803065.0,8843563.0,11047913.0,782180.0,417828.0,5000.0,955246.0,2500.0,61147.0,0.0,0.0,0.0,54524.0,2278425.0,860888.0,118940.0,92553.0,0.0,69238.0,224152.0,282239.0,177095.0,103182.0,0.0,409566.0,,302998.0,0.0,2640851.0,8780155.0,8843563.0,0.0,0.0,0.0,0.0,0.0,0.0,1673317.0,418329.0,0.0,418329.0,1010443.0,1199182.0,791719.0,97258.0,1030605.0,168577.0,22181712.0,13401557.0,8780155.0,379830.0,1127284.0,0.0,tahsis-v,Tahsis,tahsis-v|2020,Tahsis|2020,"Under 5,000",803065.0,962746.0,115671.0,2231285.0,-362426.0,-0.1590686548822103,6547.198275862069,7588.652298850575,6334.33908045977,2307.6580459770116,0.0,3.081783291742675,0.3369425983159523,1.0,1.0,0.8594233402435993,,,,,,,,,,,,,,,,,,,,,,
Tahsis,V,STR,2021,296.0,543.0,0.0,2698400.0,143875.0,2916065.0,344538.0,160000.0,1247872.0,1668193.0,9415086.0,0.0,0.0,821728.0,9193118.0,11083279.0,874331.0,546156.0,40000.0,872570.0,38516.0,-2602.0,0.0,0.0,2588.0,109633.0,2481192.0,852351.0,157443.0,25138.0,0.0,36164.0,272323.0,326234.0,198219.0,162570.0,0.0,415384.0,,0.0,0.0,2445826.0,9353118.0,9415086.0,0.0,160000.0,0.0,160000.0,0.0,0.0,1927848.0,481962.0,0.0,481962.0,1094061.0,1288490.0,868002.0,130401.0,1144615.0,143875.0,23170059.0,13816941.0,9353118.0,999509.0,1216122.0,0.0,tahsis-v,Tahsis,tahsis-v|2021,Tahsis|2021,"Under 5,000",821728.0,951086.0,109619.0,2030442.0,35366.0,0.01425363293126852,8382.405405405405,8262.925675675675,5635.7871621621625,2776.108108108108,540.5405405405405,2.162401271925326,0.8218821795839563,1.0,1.0,0.8883382874527548,,,,,,,,,,,,,,,,,,,,,,
Tahsis,V,STR,2022,292.0,543.0,10.0,2352098.0,131054.0,2893034.0,185782.0,0.0,1032751.0,1860283.0,9704840.0,0.0,0.0,842496.0,9641661.0,11565123.0,924067.0,659101.0,5725.0,1227678.0,2535.0,13151.0,0.0,0.0,7551.0,0.0,2839808.0,834352.0,142290.0,34027.0,0.0,57966.0,295183.0,332243.0,146882.0,104155.0,0.0,410866.0,,0.0,0.0,2357964.0,9641661.0,9704840.0,0.0,0.0,0.0,0.0,0.0,0.0,2047319.0,511830.0,0.0,511830.0,1129553.0,1298523.0,917744.0,96584.0,1167469.0,131054.0,23858345.0,14216684.0,9641661.0,699409.0,1876055.0,0.0,tahsis-v,Tahsis,tahsis-v|2022,Tahsis|2022,"Under 5,000",842496.0,1235938.0,20702.0,1947098.0,481844.0,0.1696748512575498,9725.369863013699,8075.219178082192,6370.832191780822,2885.2602739726026,0.0,2.277507356565135,0.3728083664924536,1.0,1.0,0.8990745639468842,,,,,,,,,,,,,,,,,,,,,,
Tahsis,V,STR,2023,277.0,543.0,13.0,3163784.0,220262.0,4249438.0,471607.0,0.0,3298975.0,950463.0,12457979.0,0.0,0.0,1628801.0,10934406.0,13408442.0,979403.0,668493.0,238612.0,2674382.0,0.0,160839.0,0.0,0.0,0.0,128360.0,4850089.0,1200824.0,149275.0,38892.0,0.0,14735.0,279402.0,401293.0,143333.0,108863.0,0.0,614434.0,55719.0,0.0,0.0,3006770.0,12386771.0,12457979.0,0.0,0.0,0.0,0.0,0.0,0.0,2427642.0,606911.0,0.0,561880.0,1187955.0,1386481.0,944982.0,73748.0,1166219.0,220262.0,27217889.0,14831118.0,12386771.0,2114216.0,80869882.0,1646727.0,tahsis-v,Tahsis,tahsis-v|2023,Tahsis|2023,"Under 5,000",1628801.0,2912994.0,289199.0,2392336.0,1843319.0,0.38005879892100947,17509.346570397112,10854.765342960289,3431.274368231047,5880.148014440433,0.0,0.9590203017603953,0.026143428773644062,0.9796373265389456,0.9258029595772691,0.8411359405574256,,,,,,,,,,,,,,,,,,,,,,
Tahsis,V,STR,2024,277.0,543.0,13.0,3188481.0,269600.0,4362949.0,1126453.0,0.0,3414362.0,948587.0,14805037.0,146526.0,171331.0,1838386.0,13474227.0,15753624.0,1067387.0,713787.0,6336.0,3084121.0,0.0,160629.0,0.0,0.0,0.0,171712.0,5203972.0,1294423.0,205630.0,42589.0,0.0,34833.0,383145.0,412959.0,127612.0,184883.0,0.0,634838.0,60908.0,27640.0,0.0,3409460.0,14730560.0,14805037.0,0.0,0.0,0.0,0.0,0.0,0.0,2473915.0,618479.0,0.0,573840.0,1280792.0,1547690.0,1028694.0,99153.0,1278090.0,269600.0,30196516.0,15465956.0,14730560.0,3263207.0,112803385.0,2477616.0,tahsis-v,Tahsis,tahsis-v|2024,Tahsis|2024,"Under 5,000",2156243.0,3090457.0,332341.0,2774622.0,1794512.0,0.3448350606037081,18786.902527075814,12308.519855595669,3424.5018050541516,7784.270758122743,0.0,0.9338438630701724,0.028928271966306686,0.9780359782643048,0.9278245502272511,0.8258049092518528,4648.097865362712,3546.5079302077975,3428.422456291105,2783.665107049771,5030.364110900993,2437.8724475115623,2420.45,1604.3462673977224,224.31236112962716,518.5374381567245,2.204313821553219,1.7099330852451193,0.030042455998363887,0.02529861000232605,0.9786113537119745,0.9815511712696461,0.9039920521842442,0.8619101997275483,0.9333160528846489,0.9623635142836453,0.20869205825466772,0.19976549769108282
Taylor,D,PEA,2019,1550.0,1645.0,31.0,11100636.0,132239.0,12059636.0,1013107.0,3234261.0,4272526.0,7787110.0,37415023.0,400826.0,517629.0,6465385.0,34121818.0,45202133.0,3812418.0,2633147.0,0.0,2259873.0,228660.0,210239.0,0.0,0.0,0.0,0.0,9144337.0,1250763.0,510785.0,38522.0,95366.0,78875.0,779505.0,3508281.0,308286.0,165526.0,0.0,1314774.0,,46867.0,0.0,8097550.0,37356079.0,37415023.0,0.0,3234261.0,0.0,3234261.0,0.0,0.0,8247916.0,2061979.0,0.0,1674556.0,5157672.0,5290268.0,4742584.0,69387.0,5158029.0,132239.0,61042967.0,23686888.0,37356079.0,5601688.0,150941282.0,3907000.0,taylor-d,Taylor,taylor-d|2019,Taylor|2019,"Under 5,000",7383840.0,2488533.0,210239.0,6782776.0,1046787.0,0.11447379946736434,5899.572258064516,5224.225806451613,5023.941935483871,4763.767741935484,2086.62,2.598143580635905,0.037111702814343395,0.9741157624459557,0.812111083575536,0.9750033457662258,,,,,,,,,,,,,,,,,,,,,,
Taylor,D,PEA,2020,1559.0,1645.0,32.0,13352040.0,144024.0,14204080.0,1118805.0,4224285.0,5379249.0,8824831.0,37310365.0,404607.0,522512.0,6537070.0,33047149.0,46135196.0,2871157.0,2144511.0,0.0,2741371.0,232036.0,110392.0,0.0,0.0,0.0,0.0,8099467.0,1240832.0,507372.0,46342.0,100780.0,71235.0,601338.0,2526225.0,309658.0,181274.0,0.0,1581348.0,,0.0,0.0,7166404.0,37271434.0,37310365.0,3234261.0,990024.0,0.0,4224285.0,71236.0,71236.0,6953188.0,1738297.0,71236.0,1667061.0,4128826.0,4279833.0,3727818.0,80740.0,4135809.0,144024.0,62539670.0,25268236.0,37271434.0,1546703.0,2130987.0,0.0,taylor-d,Taylor,taylor-d|2020,Taylor|2020,"Under 5,000",7464189.0,2973407.0,110392.0,5513820.0,933063.0,0.11520054344316731,5195.296343810135,4596.795381654907,5660.57152020526,4787.805644644002,2709.6119307248237,2.4821383059233733,0.7258153146875134,1.0,0.9590196611971372,0.9663482196618419,,,,,,,,,,,,,,,,,,,,,,
Taylor,D,PEA,2021,1566.0,1645.0,26.0,14137381.0,148154.0,14935865.0,1153594.0,4057823.0,5263002.0,9672863.0,37738284.0,405590.0,523782.0,6258734.0,33616128.0,47411147.0,4114696.0,2398604.0,0.0,2033245.0,471557.0,32526.0,0.0,0.0,300.0,0.0,9050928.0,1338308.0,602555.0,46369.0,95941.0,69519.0,607571.0,2938953.0,247863.0,164338.0,0.0,1663560.0,,0.0,0.0,7774977.0,37673951.0,37738284.0,4224285.0,0.0,166462.0,4057823.0,58744.0,225206.0,7792872.0,1948218.0,225206.0,1708663.0,5462556.0,5700734.0,5069121.0,150116.0,5552580.0,148154.0,64552518.0,26878567.0,37673951.0,2068077.0,3429483.0,0.0,taylor-d,Taylor,taylor-d|2021,Taylor|2021,"Under 5,000",7188106.0,2504802.0,32826.0,6052673.0,1275951.0,0.14097460503497541,5779.6475095785445,4964.86398467433,6176.7962962962965,4590.106002554278,2591.2024265644955,2.6861819547094985,0.603028794719204,1.0,0.8770389145362583,0.9740114167754538,,,,,,,,,,,,,,,,,,,,,,
Taylor,D,PEA,2022,1553.0,1645.0,26.0,11948053.0,119017.0,12652361.0,456296.0,3891361.0,4459395.0,8192966.0,39497365.0,451680.0,525768.0,5540705.0,35522651.0,47690331.0,4175071.0,2497023.0,18735.0,1962196.0,271214.0,44519.0,0.0,5100.0,0.0,0.0,8973858.0,1562704.0,626926.0,49276.0,70015.0,74488.0,780326.0,3222298.0,263190.0,214376.0,3370.0,1822806.0,,4899.0,0.0,8694674.0,39414012.0,39497365.0,4057823.0,0.0,166462.0,3891361.0,98790.0,265252.0,8020979.0,2005245.0,265252.0,1710196.0,5511579.0,5684643.0,5124834.0,99276.0,5565626.0,119017.0,68115385.0,28701373.0,39414012.0,3567766.0,4972375.0,0.0,taylor-d,Taylor,taylor-d|2022,Taylor|2022,"Under 5,000",6518153.0,2252145.0,49619.0,6773078.0,279184.0,0.031110810980071225,5778.401802962009,5598.631036703156,5275.573728267868,4197.136509980683,2505.7057308435287,2.6792990977475646,0.7175174840996505,1.0,0.8528613710544098,0.9790634169990974,,,,,,,,,,,,,,,,,,,,,,
Taylor,D,PEA,2023,1606.0,1645.0,27.0,12936216.0,141745.0,14095840.0,780529.0,3724899.0,5209297.0,8886543.0,40312116.0,655382.0,530076.0,6807040.0,35855729.0,49198659.0,4332077.0,3185767.0,2347.0,3685879.0,229006.0,203369.0,0.0,27386.0,0.0,0.0,11665831.0,2093104.0,689005.0,54402.0,0.0,68529.0,1026537.0,3583416.0,382869.0,218479.0,896.0,1987575.0,0.0,52691.0,0.0,10157503.0,40238153.0,40312116.0,3891361.0,0.0,166462.0,3724899.0,205042.0,371504.0,8840952.0,2210238.0,371504.0,1838734.0,5747161.0,5993937.0,5343959.0,172471.0,5852192.0,141745.0,70871916.0,30633763.0,40238153.0,2307882.0,2543923.0,0.0,taylor-d,Taylor,taylor-d|2023,Taylor|2023,"Under 5,000",7992498.0,3917232.0,230755.0,7964886.0,1508328.0,0.12929451832449826,7263.904732254047,6324.721668742217,5533.339352428394,4976.648816936488,2319.3642590286427,2.483294003010387,0.9072137796623562,1.0,0.8319167438076804,0.9763519369656372,,,,,,,,,,,,,,,,,,,,,,
Taylor,D,PEA,2024,1606.0,1645.0,27.0,15621314.0,110451.0,16734671.0,819094.0,3544319.0,5512177.0,11222494.0,39890878.0,880785.0,550623.0,8022897.0,35614635.0,51113372.0,4641439.0,3343398.0,125816.0,2798960.0,180710.0,554377.0,0.0,13824.0,484595.0,0.0,12143119.0,2197486.0,628115.0,68293.0,0.0,85898.0,977458.0,3746225.0,282238.0,228599.0,1465.0,2012629.0,0.0,0.0,0.0,10228406.0,39803913.0,39890878.0,3724899.0,0.0,180580.0,3544319.0,196699.0,377279.0,9557075.0,2389269.0,377279.0,2011990.0,6071805.0,6319994.0,5674451.0,197778.0,6209543.0,110451.0,72124354.0,32320441.0,39803913.0,1780620.0,198287339.0,3911000.0,taylor-d,Taylor,taylor-d|2024,Taylor|2024,"Under 5,000",9454305.0,3105486.0,1052796.0,8019078.0,1914713.0,0.15767884676086927,7561.095267745953,6368.870485678704,6987.854296388543,5886.864881693648,2206.923412204234,2.833964511662089,0.00897999846576185,0.9802760982132097,0.8420943811684661,0.9825235593578096,4486.511144130758,3546.5079302077975,3557.844717668488,2783.665107049771,5496.677373974208,2437.8724475115623,3386.4506393861893,1604.3462673977224,624.7436119532265,518.5374381567245,3.324657351485151,1.7099330852451193,0.02521828600111612,0.02529861000232605,0.9816336034641139,0.9815511712696461,0.8531878894527055,0.8619101997275483,0.9614729661922712,0.9623635142836453,0.23352896680225554,0.19976549769108282
Telkwa,V,BUL,2019,1402.0,655.0,0.0,6346873.0,60396.0,7436911.0,702864.0,0.0,1451735.0,5985176.0,14757639.0,46407.0,377871.0,3968167.0,14686899.0,20742815.0,928721.0,719461.0,0.0,4158584.0,3718360.0,59992.0,40000.0,0.0,0.0,5000.0,9630118.0,729025.0,298982.0,50544.0,0.0,94841.0,437208.0,102915.0,269216.0,89015.0,0.0,547219.0,,0.0,0.0,2618965.0,14725661.0,14757639.0,105187.0,0.0,66425.0,38762.0,1034.0,67459.0,2165964.0,541491.0,67459.0,474032.0,1677368.0,1703344.0,1249928.0,3204.0,1642948.0,60396.0,25509861.0,10784200.0,14725661.0,3471461.0,266078.0,0.0,telkwa-v,Telkwa,telkwa-v|2019,Telkwa|2019,"Under 5,000",4392445.0,7876944.0,104992.0,2070712.0,7011153.0,0.7280443500276944,6868.8430813124105,1868.0206847360912,4269.027104136947,3132.985021398003,27.647646219686163,4.3719225616245385,13.046779515781086,1.0,0.8754199054093235,0.9645426877953015,,,,,,,,,,,,,,,,,,,,,,
Telkwa,V,BUL,2020,1432.0,655.0,20.0,7514673.0,36826.0,8205663.0,809591.0,0.0,1751194.0,6454469.0,16370101.0,38224.0,373713.0,4160965.0,16337371.0,22824570.0,926540.0,753396.0,0.0,2511222.0,449715.0,92853.0,40000.0,0.0,0.0,5000.0,4778726.0,677879.0,270684.0,32358.0,0.0,138459.0,481093.0,127983.0,246007.0,118560.0,0.0,603948.0,,0.0,0.0,2696971.0,16337371.0,16370101.0,38762.0,0.0,38762.0,0.0,2722.0,41484.0,2247919.0,561980.0,41484.0,520496.0,1743136.0,1816262.0,1333043.0,58485.0,1779436.0,36826.0,27709507.0,11372136.0,16337371.0,2215658.0,299561.0,0.0,telkwa-v,Telkwa,telkwa-v|2020,Telkwa|2020,"Under 5,000",4572902.0,2960937.0,137853.0,2090301.0,2081755.0,0.43562970549054286,3337.099162011173,1883.3596368715084,4507.310754189944,3193.367318435754,0.0,4.291171052436224,7.396349992155187,1.0,0.9261824264208691,0.9797242908787389,,,,,,,,,,,,,,,,,,,,,,
Telkwa,V,BUL,2021,1502.0,655.0,20.0,6367771.0,104542.0,7055473.0,336478.0,0.0,1386527.0,5668946.0,18515427.0,46703.0,360755.0,3381359.0,18421982.0,24184373.0,925904.0,752713.0,0.0,2240530.0,376955.0,36823.0,50000.0,0.0,0.0,5000.0,4387925.0,827616.0,244983.0,31763.0,0.0,140532.0,525044.0,122820.0,235626.0,111756.0,0.0,622155.0,,0.0,0.0,2862295.0,18480152.0,18515427.0,7500.0,58170.0,7500.0,58170.0,344.0,7844.0,2194227.0,548557.0,7844.0,540713.0,1768406.0,1820955.0,1309827.0,22624.0,1716413.0,104542.0,30451789.0,11971637.0,18480152.0,2764936.0,2399000.0,0.0,telkwa-v,Telkwa,telkwa-v|2021,Telkwa|2021,"Under 5,000",3788817.0,2617485.0,91823.0,2239796.0,1525630.0,0.3476882581174473,2921.3881491344873,1905.6557922769641,3774.2649800266313,2522.5146471371504,38.728362183754996,4.592605120563826,1.1525368903709878,1.0,0.9857006655643807,0.9425894654178714,,,,,,,,,,,,,,,,,,,,,,
Telkwa,V,BUL,2022,1460.0,655.0,20.0,6350265.0,105838.0,7108709.0,311493.0,0.0,1340762.0,5767947.0,19818441.0,0.0,0.0,2544625.0,19550168.0,25586388.0,994425.0,915759.0,178193.0,1807137.0,160589.0,138371.0,0.0,50000.0,0.0,0.0,4244474.0,830197.0,220321.0,197176.0,0.0,112410.0,429936.0,151633.0,264804.0,110337.0,0.0,693601.0,,0.0,0.0,3010415.0,19777446.0,19818441.0,58170.0,202000.0,32892.0,227278.0,4918.0,37810.0,2631555.0,657889.0,37810.0,620079.0,1903218.0,2030744.0,1438256.0,89746.0,1924906.0,105838.0,32442684.0,12665238.0,19777446.0,1990895.0,836918.0,0.0,telkwa-v,Telkwa,telkwa-v|2022,Telkwa|2022,"Under 5,000",2544625.0,2145919.0,188371.0,2311896.0,1234059.0,0.29074486025830293,2907.17397260274,2061.928082191781,3950.6486301369864,1742.8938356164383,155.66986301369863,4.7363103966252025,2.3788411767939035,1.0,0.9425282988467659,0.9478821555055684,,,,,,,,,,,,,,,,,,,,,,
Telkwa,V,BUL,2023,1500.0,655.0,20.0,7029445.0,98951.0,7514258.0,354673.0,0.0,1103858.0,6410400.0,21647809.0,0.0,0.0,2932356.0,21444480.0,28058209.0,1108402.0,1185134.0,49154.0,2425576.0,754150.0,377044.0,0.0,60000.0,0.0,0.0,5959460.0,949753.0,272203.0,211542.0,0.0,98998.0,441647.0,133806.0,358237.0,91145.0,0.0,717655.0,0.0,212653.0,0.0,3487639.0,21627667.0,21647809.0,227278.0,0.0,44091.0,183187.0,10844.0,54935.0,3114580.0,778645.0,54935.0,723710.0,2038285.0,2166799.0,1606310.0,71957.0,2067848.0,98951.0,34876673.0,13249006.0,21627667.0,2780132.0,2746193.0,0.0,telkwa-v,Telkwa,telkwa-v|2023,Telkwa|2023,"Under 5,000",2932356.0,3228880.0,437044.0,2759140.0,2471821.0,0.4147726471861545,3972.9733333333334,2325.0926666666664,4273.6,1954.904,122.12466666666667,6.368069987262855,1.0123585632910723,1.0,0.9294479512486434,0.9543330968862364,,,,,,,,,,,,,,,,,,,,,,
Telkwa,V,BUL,2024,1500.0,655.0,0.0,9683959.0,164024.0,10244046.0,326920.0,0.0,1457056.0,8786990.0,21336588.0,0.0,0.0,4805829.0,21155716.0,30123578.0,1205226.0,947302.0,50000.0,2583029.0,342447.0,323974.0,0.0,0.0,0.0,0.0,5451978.0,919691.0,417518.0,105158.0,0.0,114582.0,472051.0,161793.0,299101.0,106926.0,0.0,789789.0,0.0,0.0,0.0,3386609.0,21291101.0,21336588.0,183187.0,0.0,45802.0,137385.0,9133.0,54935.0,2965202.0,741301.0,54935.0,686366.0,2129633.0,2258533.0,1639922.0,68589.0,2094509.0,164024.0,35329896.0,14038795.0,21291101.0,453223.0,91864950.0,1788245.0,telkwa-v,Telkwa,telkwa-v|2024,Telkwa|2024,"Under 5,000",4805829.0,2975476.0,323974.0,2587687.0,2065369.0,0.3788292982840356,3634.652,2257.7393333333334,5857.993333333333,3203.886,91.59,6.646250384336635,0.0049335791289278445,0.980533979499254,0.9258938002242004,0.9273758674325325,4648.097865362712,3546.5079302077975,3428.422456291105,2783.665107049771,5030.364110900993,2437.8724475115623,2420.45,1604.3462673977224,224.31236112962716,518.5374381567245,2.204313821553219,1.7099330852451193,0.030042455998363887,0.02529861000232605,0.9786113537119745,0.9815511712696461,0.9039920521842442,0.8619101997275483,0.9333160528846489,0.9623635142836453,0.20869205825466772,0.19976549769108282
Terrace,C,KIT,2019,12594.0,5850.0,115.0,32745188.0,1249155.0,39127437.0,3149932.0,5294167.0,19935774.0,19191663.0,90299900.0,0.0,0.0,18551407.0,84224791.0,109491563.0,15948092.0,4997220.0,0.0,9685653.0,2664560.0,701211.0,-543171.0,997144.0,0.0,1532170.0,35982879.0,2487419.0,6455834.0,455505.0,0.0,2242551.0,4084706.0,4826948.0,1024456.0,608566.0,154529.0,4071193.0,,55030.0,0.0,26466737.0,89518958.0,90299900.0,4343493.0,1233700.0,237616.0,5294167.0,570992.0,808608.0,25141718.0,6285430.0,808608.0,5476822.0,23137257.0,23551226.0,19702536.0,-49633.0,22302071.0,1249155.0,165434893.0,75915935.0,89518958.0,5119625.0,221943206.0,5870696.0,terrace-c,Terrace,terrace-c|2019,Terrace|2019,"5,000 to 19,999",18551407.0,12350213.0,2687354.0,21824552.0,9516142.0,0.2644630519975903,2857.1445926631727,2101.5354136890583,1523.8735111958076,1473.035334286168,420.372161346673,1.6425340696578923,0.023067275147859223,0.9735486564071711,0.8713519997836265,0.9469600860694046,,,,,,,,,,,,,,,,,,,,,,
Terrace,C,KIT,2020,12817.0,5850.0,115.0,45579769.0,1925873.0,50413328.0,5319997.0,4934832.0,23002955.0,27410373.0,90036122.0,0.0,0.0,27673681.0,84248456.0,117446495.0,16639245.0,4239541.0,0.0,10488821.0,2670240.0,1305721.0,-642890.0,30000.0,0.0,528024.0,35258702.0,2401080.0,7193175.0,1359769.0,0.0,2279195.0,4329488.0,3951225.0,875491.0,684986.0,79310.0,4135942.0,,14109.0,0.0,27303770.0,89183288.0,90036122.0,5294167.0,0.0,303948.0,4934832.0,445581.0,749529.0,24718565.0,6179641.0,749529.0,5430112.0,23264511.0,24171961.0,19638050.0,-64106.0,22246088.0,1925873.0,168194402.0,79011114.0,89183288.0,3865205.0,223059092.0,5828861.0,terrace-c,Terrace,terrace-c|2020,Terrace|2020,"5,000 to 19,999",27673681.0,13159061.0,1220855.0,22722247.0,7954932.0,0.22561613300455588,2750.9325115081533,2130.277756105173,2138.5950690489194,2159.138722009831,385.0223921354451,1.981474510557448,0.017328166116627068,0.9738685343523231,0.8787099444773572,0.9203261580638824,,,,,,,,,,,,,,,,,,,,,,
Terrace,C,KIT,2021,13125.0,5850.0,115.0,49192264.0,1721810.0,56002808.0,6087820.0,4563172.0,27043373.0,28959435.0,88635749.0,357051.0,274506.0,26005018.0,83191022.0,117595184.0,17698982.0,7864681.0,0.0,1120984.0,2973574.0,-106370.0,1658784.0,106000.0,0.0,407287.0,31723922.0,2327242.0,7270770.0,4008349.0,0.0,2197718.0,5282543.0,4360827.0,915410.0,818971.0,92413.0,4233754.0,,67236.0,0.0,31575233.0,87754194.0,88635749.0,4934832.0,0.0,303948.0,4563172.0,179640.0,483588.0,27714181.0,6928545.0,483588.0,6418554.0,25234394.0,25828121.0,21636918.0,-229230.0,24106311.0,1721810.0,169812930.0,82058736.0,87754194.0,2899378.0,227560434.0,6052144.0,terrace-c,Terrace,terrace-c|2021,Terrace|2021,"5,000 to 19,999",26636575.0,4094558.0,2065701.0,27161839.0,148689.0,0.004686967771513245,2417.060723809524,2405.7320380952383,2206.4331428571427,2029.4533333333334,347.67024761904764,1.8190136267395343,0.01274113407605823,0.9734042342352011,0.9263927707765484,0.9333358396454778,,,,,,,,,,,,,,,,,,,,,,
Terrace,C,KIT,2022,13384.0,5850.0,115.0,49274158.0,1740545.0,58360055.0,7236391.0,4186613.0,28793691.0,29566364.0,89304647.0,1307890.0,1659190.0,21562864.0,83859411.0,118871011.0,18830612.0,8059532.0,20972.0,3007370.0,1198503.0,-273312.0,2215123.0,1088403.0,0.0,0.0,34147203.0,2394611.0,7647158.0,2949695.0,0.0,2828145.0,5117193.0,5203561.0,965457.0,1270676.0,99216.0,4303766.0,,91898.0,0.0,32871376.0,88046024.0,89304647.0,4563172.0,0.0,298639.0,4186613.0,178022.0,476661.0,27798082.0,6949521.0,476661.0,6472860.0,26487732.0,28478757.0,22769724.0,1138054.0,26738212.0,1740545.0,173303648.0,85257624.0,88046024.0,4720507.0,340823660.0,7035560.0,terrace-c,Terrace,terrace-c|2022,Terrace|2022,"5,000 to 19,999",24529944.0,4226845.0,3030214.0,28389588.0,1275827.0,0.037362562315865225,2551.34511356844,2456.020322773461,2209.0827854154213,1832.7812313209802,312.80730723251645,1.7112831418521508,0.013850291379418905,0.9793571842987661,0.9314109562371277,0.9388826907017044,,,,,,,,,,,,,,,,,,,,,,
Terrace,C,KIT,2023,13926.0,5850.0,115.0,49517050.0,2814759.0,59413105.0,4878709.0,3797164.0,26943577.0,32469528.0,99685690.0,747732.0,1037980.0,26111881.0,86625913.0,132155218.0,20843013.0,9030139.0,5227.0,15347073.0,1294284.0,2661549.0,647571.0,3935043.0,84547.0,0.0,53848446.0,3721926.0,7664496.0,5120127.0,127429.0,6616827.0,5176267.0,5678043.0,1106401.0,699219.0,94695.0,4558809.0,0.0,0.0,0.0,40564239.0,98568080.0,99685690.0,4186613.0,0.0,298639.0,3797164.0,187448.0,486087.0,33604124.0,8401031.0,486087.0,7914944.0,28603707.0,30744514.0,24648662.0,489320.0,27929755.0,2814759.0,187066669.0,88498589.0,98568080.0,12203556.0,366513293.0,7581681.0,terrace-c,Terrace,terrace-c|2023,Terrace|2023,"5,000 to 19,999",27897593.0,16646584.0,7328710.0,35817982.0,13284207.0,0.24669619992376382,3866.756139595002,2912.8420939250323,2331.5760448082724,2003.2739480109149,272.66724113169613,1.8378053515314614,0.03329635304660014,0.9793140354120798,0.9421396016750802,0.9084467882627776,,,,,,,,,,,,,,,,,,,,,,
Terrace,C,KIT,2024,13926.0,5850.0,116.0,63066698.0,767239.0,71004821.0,6193224.0,3394375.0,26864103.0,44140718.0,100127948.0,897901.0,979996.0,34339828.0,95221943.0,144268666.0,22448978.0,8209694.0,24234.0,9297370.0,1710264.0,2899271.0,1529869.0,132250.0,349850.0,0.0,46601780.0,3833408.0,10241945.0,-1003712.0,79026.0,2710604.0,5873354.0,5946701.0,976639.0,856411.0,87803.0,4793687.0,0.0,89222.0,3244.0,34488332.0,98616318.0,100127948.0,3797164.0,0.0,298639.0,3394375.0,199503.0,498142.0,34658819.0,8664705.0,498142.0,8166563.0,30391826.0,32884475.0,27080803.0,2199522.0,32117236.0,767239.0,191169583.0,92553265.0,98616318.0,5367476.0,376315320.0,7899761.0,terrace-c,Terrace,terrace-c|2024,Terrace|2024,"5,000 to 19,999",36217725.0,11031868.0,4911240.0,29495142.0,12113448.0,0.2599353071921287,3346.386614964814,2476.5425822203074,3169.662358178946,2600.727057302887,243.7437167887405,2.34761972138061,0.014263240731203821,0.9790076019227705,0.9425090640708483,0.9766686559539114,3601.3561989291247,3546.5079302077975,2957.8976990295423,2783.665107049771,1917.0647247750476,2437.8724475115623,987.5598464714869,1604.3462673977224,936.3446522221191,518.5374381567245,1.3967465323081123,1.7099330852451193,0.018327243000235003,0.02529861000232605,0.982034678745671,0.9815511712696461,0.7988058564062199,0.8619101997275483,0.970292410805516,0.9623635142836453,0.19624174475580758,0.19976549769108282
Tofino,D,ALB,2019,2434.0,1082.0,0.0,18929688.0,103477.0,20834018.0,1213839.0,786324.0,9087355.0,11746663.0,33871647.0,2586095.0,1361414.0,0.0,32742294.0,45618310.0,6701264.0,2276875.0,1184516.0,2005397.0,122733.0,57782.0,-214361.0,334241.0,0.0,587426.0,13055873.0,1801748.0,898379.0,0.0,0.0,623794.0,952436.0,1272867.0,678142.0,468806.0,1964950.0,1106468.0,,39328.0,0.0,9806918.0,33747065.0,33871647.0,1134043.0,0.0,146610.0,969393.0,28877.0,175487.0,7960103.0,1990026.0,175487.0,599305.0,8208556.0,8570079.0,7960602.0,113115.0,8466602.0,103477.0,47691998.0,13944933.0,33747065.0,2645054.0,7693096.0,0.0,tofino-d,Tofino,tofino-d|2019,Tofino|2019,"Under 5,000",3947509.0,3312646.0,765088.0,8671573.0,3248955.0,0.24885007689642816,5363.957682826623,4029.1364009860313,4826.073541495481,1621.8196384552177,398.271569433032,2.0830800601495154,0.3438217851434585,1.0,0.3011543567772481,0.9879257822477483,,,,,,,,,,,,,,,,,,,,,,
Tofino,D,ALB,2020,2522.0,1082.0,0.0,37631414.0,5610.0,40929402.0,1436626.0,700969.0,27131976.0,13797426.0,36398012.0,2623056.0,1233584.0,0.0,35464764.0,50195438.0,5357971.0,2122323.0,1787574.0,3065872.0,284607.0,38600.0,123285.0,180467.0,16434.0,205436.0,13182569.0,1783377.0,883692.0,0.0,0.0,469870.0,849919.0,815557.0,678226.0,443909.0,1553592.0,1127299.0,,0.0,0.0,8605441.0,36276610.0,36398012.0,969393.0,0.0,138273.0,811846.0,28350.0,166623.0,6499601.0,1624900.0,166623.0,192519.0,7106675.0,7323803.0,6916551.0,69489.0,7318193.0,5610.0,51018214.0,14741604.0,36276610.0,3846410.0,11170883.0,0.0,tofino-d,Tofino,tofino-d|2020,Tofino|2020,"Under 5,000",3856640.0,5138053.0,564222.0,7449792.0,4577128.0,0.3472106233618045,5227.029738302934,3412.1494845360826,5470.827121332276,1529.1990483743061,321.9056304520222,1.3869765327818364,0.3443246160576563,1.0,0.11848052187826943,0.9992340045192368,,,,,,,,,,,,,,,,,,,,,,
Tofino,D,ALB,2021,2618.0,1082.0,0.0,43657775.0,18924.0,44749684.0,1666465.0,712658.0,29242821.0,15506863.0,35994864.0,2958836.0,1223796.0,0.0,35113849.0,51501727.0,6913075.0,2743273.0,474331.0,1455002.0,327050.0,29065.0,0.0,107018.0,0.0,741714.0,12790528.0,1649736.0,1137811.0,0.0,245789.0,548283.0,1415193.0,976544.0,808413.0,639736.0,1849733.0,1210115.0,,59228.0,0.0,10540581.0,35866708.0,35994864.0,811846.0,18768.0,119459.0,752859.0,24517.0,80311.0,8825871.0,2206468.0,80311.0,716289.0,8949669.0,9141613.0,9094074.0,28615.0,9122689.0,18924.0,37750295.0,1883587.0,35866708.0,1734723.0,7940821.0,0.0,tofino-d,Tofino,tofino-d|2021,Tofino|2021,"Under 5,000",4182632.0,2256383.0,877797.0,9305949.0,2249947.0,0.17590728076276443,4885.61038961039,4026.1959511077157,5923.171504965622,1597.6440030557678,287.57028265851795,1.492939925323894,0.21845637875479124,1.0,0.3246314925029504,0.9979299058054635,,,,,,,,,,,,,,,,,,,,,,
Tofino,D,ALB,2022,2522.0,1082.0,0.0,34243052.0,107236.0,40997775.0,5965290.0,709938.0,28078063.0,12919712.0,55375077.0,3368080.0,1310969.0,3546512.0,54470866.0,68294789.0,8613155.0,3952589.0,334823.0,15470296.0,350107.0,341321.0,0.0,307419.0,5911.0,0.0,29375621.0,1889407.0,1476126.0,0.0,438402.0,3243226.0,1564073.0,1091869.0,845910.0,780265.0,1579.0,1244704.0,,0.0,0.0,12575561.0,55195174.0,55375077.0,752859.0,434725.0,439236.0,724308.0,24307.0,463543.0,11416914.0,2854229.0,463543.0,904223.0,10072763.0,10223073.0,10031455.0,84382.0,10115837.0,107236.0,72146284.0,16951110.0,55195174.0,20587779.0,26901306.0,0.0,tofino-d,Tofino,tofino-d|2022,Tofino|2022,"Under 5,000",8225561.0,16155226.0,654651.0,11306550.0,16800060.0,0.5719048458584075,11647.748215701824,4986.34456780333,5122.80412371134,3261.5229976209357,287.1958762886598,1.2195660363038576,0.7653077884025408,1.0,0.31680113964226414,0.9895103947707309,,,,,,,,,,,,,,,,,,,,,,
Tofino,D,ALB,2023,2653.0,1082.0,0.0,39400403.0,121406.0,49172210.0,9066446.0,14904193.0,41914695.0,7257515.0,97721534.0,3261773.0,1155652.0,0.0,82261341.0,104979049.0,9093844.0,3868121.0,149550.0,36052904.0,161379.0,926402.0,0.0,60473.0,302662.0,0.0,50615335.0,2386968.0,1234362.0,0.0,115651.0,2592467.0,2213542.0,1070859.0,1367713.0,933377.0,12544.0,1305409.0,0.0,0.0,0.0,13232892.0,97498362.0,97721534.0,724308.0,14378798.0,161508.0,14915396.0,26913.0,188421.0,13117373.0,3279343.0,188421.0,1587826.0,11201526.0,11417656.0,11204454.0,91796.0,11296250.0,121406.0,115426083.0,17927721.0,97498362.0,44469571.0,69004818.0,0.0,tofino-d,Tofino,tofino-d|2023,Tofino|2023,"Under 5,000",4417425.0,36363833.0,1289537.0,11900570.0,37382443.0,0.7385596282233438,19078.528081417262,4987.897474557105,2735.588013569544,1665.0678477195627,5622.08669430833,0.9400140690514389,0.6444415374010551,1.0,0.48419027835758566,0.9893668192490648,,,,,,,,,,,,,,,,,,,,,,
Tofino,D,ALB,2024,2653.0,1082.0,0.0,24482226.0,127386.0,35999194.0,3021455.0,17304862.0,32879415.0,3119779.0,119941088.0,2011722.0,984413.0,0.0,102302916.0,123060867.0,9945896.0,5049936.0,177975.0,17979855.0,40566.0,1723842.0,0.0,624715.0,0.0,0.0,35542785.0,2827224.0,1163886.0,0.0,167713.0,2956983.0,2355330.0,2535065.0,1370251.0,1491904.0,8833.0,2335022.0,0.0,248757.0,0.0,17460968.0,119615649.0,119941088.0,14915396.0,2511127.0,85339.0,17312733.0,655916.0,741255.0,16301720.0,4075430.0,741255.0,2787393.0,12487467.0,12578098.0,12453364.0,206792.0,12660156.0,127386.0,139294733.0,19679084.0,119615649.0,24701065.0,139294733.0,19679084.0,tofino-d,Tofino,tofino-d|2024,Tofino|2024,"Under 5,000",2996135.0,18198396.0,2348557.0,14470030.0,18081817.0,0.5087338260071629,13397.20505088579,6581.593667546174,1175.943837165473,1129.3384847342631,6525.719185827365,0.7446064961922224,0.17732949744768886,0.858723416340516,0.6839506506061938,1.0065238798425644,4486.511144130758,3546.5079302077975,3557.844717668488,2783.665107049771,5496.677373974208,2437.8724475115623,3386.4506393861893,1604.3462673977224,624.7436119532265,518.5374381567245,3.324657351485151,1.7099330852451193,0.02521828600111612,0.02529861000232605,0.9816336034641139,0.9815511712696461,0.8531878894527055,0.8619101997275483,0.9614729661922712,0.9623635142836453,0.23352896680225554,0.19976549769108282
Trail,C,KOO,2019,8171.0,3425.0,93.0,14554197.0,619490.0,17321824.0,2821521.0,17540348.0,22960655.0,-5638831.0,105900888.0,194278.0,0.0,1495931.0,88041333.0,100262057.0,16558293.0,5007813.0,92642.0,2004013.0,721123.0,513770.0,0.0,0.0,0.0,15000.0,24912654.0,2744638.0,2449785.0,374233.0,372419.0,197719.0,3987904.0,5475881.0,1675382.0,620378.0,577267.0,3953694.0,,288800.0,0.0,22718100.0,105581679.0,105900888.0,18468223.0,0.0,735956.0,17540348.0,801123.0,1537079.0,20425997.0,5106499.0,1537079.0,3532270.0,24406422.0,25025737.0,21770216.0,366909.0,24406247.0,619490.0,188671314.0,83089635.0,105581679.0,4469354.0,11672021.0,0.0,trail-c,Trail,trail-c|2019,Trail|2019,"5,000 to 19,999",1690209.0,2817778.0,528770.0,17963283.0,2194554.0,0.08808993212846773,3048.911271570187,2780.332884591849,-690.1029249785828,206.8546077591482,2146.6586709093135,0.6338755144398102,0.38291175110120174,1.0,0.6917204918673243,0.9752458838674761,,,,,,,,,,,,,,,,,,,,,,
Trail,C,KOO,2020,8250.0,3425.0,93.0,18762826.0,427528.0,20964090.0,2964210.0,16579808.0,22350251.0,-1386161.0,105280388.0,195923.0,0.0,1715865.0,88392386.0,103894227.0,16589447.0,4244401.0,352356.0,2800298.0,787600.0,373626.0,0.0,0.0,120677.0,0.0,25268405.0,2854864.0,2354251.0,366551.0,333389.0,171350.0,3997356.0,4734020.0,1577884.0,608361.0,486001.0,4064875.0,,87329.0,0.0,21636231.0,104972191.0,105280388.0,17540348.0,0.0,735954.0,16579808.0,758327.0,1494281.0,19376389.0,4844097.0,1494281.0,3310266.0,24038442.0,24739715.0,21536992.0,510713.0,24312187.0,427528.0,191682575.0,86710384.0,104972191.0,4159860.0,11143963.0,0.0,trail-c,Trail,trail-c|2020,Trail|2020,"5,000 to 19,999",1911788.0,3940254.0,494303.0,16813029.0,3632174.0,0.1437436988998712,3062.83696969697,2622.5734545454548,-168.01951515151515,231.7318787878788,2009.673696969697,0.839490616906271,0.3732837232140846,1.0,0.6833607997527713,0.9827189601820393,,,,,,,,,,,,,,,,,,,,,,
Trail,C,KOO,2021,8168.0,3425.0,93.0,22401569.0,403481.0,25093359.0,4519816.0,15584041.0,23251080.0,1842279.0,106279660.0,196223.0,0.0,4197093.0,90380160.0,108121939.0,15977550.0,5730948.0,46805.0,2351267.0,2765555.0,393317.0,0.0,0.0,0.0,0.0,27265442.0,2603884.0,2262759.0,376593.0,284462.0,164618.0,3746560.0,6044448.0,1919826.0,951593.0,578654.0,3940071.0,,596630.0,0.0,23470098.0,105964200.0,106279660.0,16579808.0,0.0,744518.0,15584041.0,667291.0,1411809.0,20049710.0,5012428.0,1411809.0,3557519.0,24250320.0,24765544.0,21736555.0,327515.0,24362063.0,403481.0,195959262.0,89995062.0,105964200.0,6137709.0,12597140.0,0.0,trail-c,Trail,trail-c|2021,Trail|2021,"5,000 to 19,999",4393316.0,5163627.0,393317.0,18862736.0,3795344.0,0.13919979731118975,3338.0805582762,2873.42042115573,225.5483594515181,537.8692458374143,1907.938418217434,0.9634635896483088,0.4872303554616365,1.0,0.7097396710735795,0.983707969427201,,,,,,,,,,,,,,,,,,,,,,
Trail,C,KOO,2022,8207.0,3425.0,93.0,22921437.0,349631.0,26921194.0,3050388.0,14553640.0,21074436.0,5846758.0,105245427.0,200981.0,0.0,7201056.0,89921013.0,111092185.0,16692871.0,6193935.0,21280.0,1818519.0,1310236.0,802903.0,0.0,0.0,0.0,0.0,26839744.0,2602369.0,2179665.0,369657.0,338522.0,124981.0,4066378.0,6862523.0,2004941.0,774230.0,658834.0,3887398.0,,0.0,0.0,23869498.0,104829492.0,105245427.0,15584041.0,403500.0,793185.0,14908479.0,556200.0,1349385.0,21071342.0,5267836.0,1349385.0,3918451.0,25150024.0,25654840.0,22649017.0,305405.0,25305209.0,349631.0,198232844.0,93403352.0,104829492.0,2752691.0,11922133.0,0.0,trail-c,Trail,trail-c|2022,Trail|2022,"5,000 to 19,999",7402037.0,3150035.0,802903.0,19425900.0,2970246.0,0.11066595866190079,3270.3477519190933,2908.431582795175,712.4111124649689,901.9175094431582,1816.5564761788717,1.0876417760361416,0.2308891370361327,1.0,0.7438445312268643,0.9863717333649323,,,,,,,,,,,,,,,,,,,,,,
Trail,C,KOO,2023,8480.0,3425.0,93.0,30424486.0,448677.0,33289060.0,3227976.0,13487300.0,22589427.0,10699633.0,107749574.0,4170014.0,3659638.0,7653251.0,91596184.0,118449207.0,17526072.0,7040720.0,0.0,4068251.0,857708.0,1619110.0,0.0,1065525.0,45500.0,0.0,32222886.0,2701207.0,2324126.0,305039.0,0.0,110346.0,3207152.0,7886901.0,1996127.0,783911.0,1011347.0,4453530.0,86178.0,0.0,0.0,24865864.0,107280577.0,107749574.0,14908479.0,0.0,810386.0,13776270.0,573424.0,1383810.0,22831599.0,5707900.0,1383810.0,4324090.0,26407055.0,27122883.0,23817014.0,527171.0,26674206.0,448677.0,204884633.0,97604056.0,107280577.0,5082669.0,12177852.0,0.0,trail-c,Trail,trail-c|2023,Trail|2023,"5,000 to 19,999",15482903.0,4925959.0,2730135.0,19838910.0,7357022.0,0.22831666909040985,3799.868632075472,2932.295283018868,1261.7491745283019,1825.814033018868,1624.560141509434,1.3468462922941782,0.41736991055565464,1.0,0.7575623258991924,0.983457621374542,,,,,,,,,,,,,,,,,,,,,,
Trail,C,KOO,2024,8480.0,3425.0,93.0,32591798.0,640162.0,35259327.0,4212393.0,12380751.0,23054539.0,12204788.0,111345380.0,0.0,0.0,816849.0,97163329.0,123550168.0,18057765.0,6594432.0,431008.0,2167644.0,963415.0,1818101.0,0.0,669422.0,0.0,0.0,30701787.0,3247527.0,3019664.0,0.0,358731.0,250687.0,3488409.0,7792765.0,2051768.0,761364.0,672684.0,3915643.0,41584.0,0.0,0.0,25600826.0,110931270.0,111345380.0,13776270.0,0.0,1041381.0,12380751.0,597779.0,1639160.0,23128652.0,5782163.0,1639160.0,4143003.0,27580653.0,28049238.0,24897182.0,225931.0,27409076.0,640162.0,212979630.0,102048360.0,110931270.0,8075737.0,533299839.0,8659134.0,trail-c,Trail,trail-c|2024,Trail|2024,"5,000 to 19,999",816849.0,3562067.0,2487523.0,21087404.0,5100961.0,0.16614541036324693,3620.49375,3018.965330188679,1439.2438679245283,96.32653301886792,1459.9942216981133,1.413682485691863,0.015142957881147981,0.9837631040424897,0.7165143908948952,0.9771772053130284,3601.3561989291247,3546.5079302077975,2957.8976990295423,2783.665107049771,1917.0647247750476,2437.8724475115623,987.5598464714869,1604.3462673977224,936.3446522221191,518.5374381567245,1.3967465323081123,1.7099330852451193,0.018327243000235003,0.02529861000232605,0.982034678745671,0.9815511712696461,0.7988058564062199,0.8619101997275483,0.970292410805516,0.9623635142836453,0.19624174475580758,0.19976549769108282
Tumbler Ridge,D,PEA,2019,2215.0,156440.0,0.0,30271596.0,625872.0,33244091.0,1121028.0,910709.0,3262486.0,29981605.0,55739515.0,786815.0,1225809.0,8900054.0,54713090.0,85721120.0,9520383.0,1507506.0,389727.0,2038038.0,159522.0,591775.0,-600034.0,0.0,5958.0,172043.0,13784918.0,2524866.0,575081.0,507864.0,0.0,474160.0,1642722.0,3327363.0,429636.0,483897.0,689170.0,3186321.0,,0.0,0.0,13841080.0,55623800.0,55739515.0,1080938.0,0.0,121884.0,910709.0,81753.0,203637.0,11407184.0,2851796.0,203637.0,2648159.0,11749558.0,12302628.0,10674522.0,381405.0,11676756.0,625872.0,108125214.0,52501414.0,55623800.0,1303833.0,167953691.0,3924869.0,tumbler-ridge-d,Tumbler Ridge,tumbler-ridge-d|2019,Tumbler Ridge|2019,"Under 5,000",10912678.0,2587287.0,169742.0,10573006.0,-56162.0,-0.004074162791537824,6223.43927765237,6248.794582392777,13535.713318284425,4926.716930022573,411.15530474040634,9.278689931543001,0.007763050589939104,0.9766312429537497,0.9285934197256747,0.949126967018754,,,,,,,,,,,,,,,,,,,,,,
Tumbler Ridge,D,PEA,2020,2208.0,156440.0,54.0,31414246.0,434638.0,34687706.0,480784.0,746588.0,1900877.0,32786829.0,55315525.0,860266.0,1351818.0,11092700.0,54314202.0,88102354.0,9354173.0,1398124.0,559796.0,2923009.0,109503.0,530760.0,425251.0,0.0,7373.0,33746.0,15341735.0,2922989.0,600706.0,588667.0,0.0,289892.0,1678265.0,2992301.0,434769.0,211372.0,0.0,3241540.0,,1785237.0,0.0,14745738.0,55060790.0,55315525.0,910709.0,0.0,114205.0,746588.0,68130.0,182335.0,10933777.0,2733444.0,182335.0,2551109.0,11158487.0,11742402.0,10271454.0,236564.0,11307764.0,434638.0,109078308.0,54017518.0,55060790.0,2738332.0,177687478.0,5227582.0,tumbler-ridge-d,Tumbler Ridge,tumbler-ridge-d|2020,Tumbler Ridge|2020,"Under 5,000",13304784.0,3592308.0,997130.0,11436068.0,595997.0,0.03884808334911273,6948.249547101449,6678.323369565217,14849.107336956522,6025.717391304348,338.1286231884058,16.526185544882704,0.015410945277753337,0.970579907718652,0.9332947739189096,0.9629855969843308,,,,,,,,,,,,,,,,,,,,,,
Tumbler Ridge,D,PEA,2021,2273.0,156440.0,72.0,34747867.0,294325.0,38006426.0,782645.0,570774.0,2974634.0,35031792.0,54140518.0,880912.0,1384262.0,13244483.0,53227869.0,89172310.0,9701122.0,1803644.0,65911.0,2561471.0,284133.0,435265.0,45282.0,0.0,0.0,0.0,14896828.0,2974260.0,668887.0,585034.0,0.0,338679.0,1764436.0,3251047.0,580056.0,351699.0,0.0,3225579.0,,87196.0,0.0,13826873.0,53798647.0,54140518.0,746588.0,0.0,114205.0,570774.0,51453.0,165658.0,11668763.0,2917191.0,165658.0,2751533.0,11799044.0,12299658.0,11085042.0,259250.0,12005333.0,294325.0,110459498.0,56660851.0,53798647.0,2112118.0,180812661.0,5552352.0,tumbler-ridge-d,Tumbler Ridge,tumbler-ridge-d|2021,Tumbler Ridge|2021,"Under 5,000",15509657.0,2911515.0,480547.0,10549841.0,1069955.0,0.07182435079467925,6553.817861856577,6083.0941487021555,15412.139023317202,6823.430268367796,251.11042674879013,11.681392399871715,0.011681250573487218,0.9692922388880721,0.9432131800763132,0.976070472853798,,,,,,,,,,,,,,,,,,,,,,
Tumbler Ridge,D,PEA,2022,2240.0,156440.0,72.0,36197671.0,214270.0,39143061.0,1232441.0,387928.0,2127562.0,37015499.0,53799646.0,890954.0,1400042.0,11390972.0,52906171.0,90815145.0,9848031.0,1775529.0,56559.0,3795053.0,145332.0,600378.0,-255159.0,0.0,92643.0,0.0,16058366.0,3305441.0,605482.0,700776.0,0.0,340894.0,1727566.0,3512905.0,650704.0,263784.0,0.0,3307979.0,,0.0,0.0,14415531.0,53294100.0,53799646.0,570774.0,0.0,114205.0,387928.0,51543.0,165748.0,11921762.0,2980441.0,165748.0,2814693.0,12054321.0,12402857.0,11328974.0,204107.0,12188587.0,214270.0,112945132.0,59651032.0,53294100.0,2803434.0,211339341.0,6913663.0,tumbler-ridge-d,Tumbler Ridge,tumbler-ridge-d|2022,Tumbler Ridge|2022,"Under 5,000",13681968.0,3996944.0,437862.0,11056009.0,1642835.0,0.10230399531309724,7168.913392857143,6435.504910714286,16524.776339285716,6108.021428571428,173.18214285714285,17.013685617622425,0.013265083475395147,0.9672864362721751,0.9443880955871966,0.9827241417038026,,,,,,,,,,,,,,,,,,,,,,
Tumbler Ridge,D,PEA,2023,2301.0,156440.0,72.0,40273569.0,304887.0,43474196.0,1262522.0,197767.0,3213181.0,40261015.0,52216171.0,1022470.0,1319337.0,17085558.0,50122975.0,92477186.0,10340931.0,1872189.0,0.0,4269735.0,152075.0,1303620.0,179735.0,0.0,113856.0,0.0,18232141.0,3252406.0,834298.0,654035.0,0.0,335197.0,2196459.0,3853644.0,575772.0,323956.0,0.0,3173667.0,38044.0,2947.0,0.0,15240425.0,51737207.0,52216171.0,387928.0,0.0,114206.0,197767.0,66772.0,180978.0,13020808.0,3255202.0,180978.0,3074224.0,12634197.0,12923119.0,11854925.0,103173.0,12618232.0,304887.0,115057796.0,63320589.0,51737207.0,1608437.0,8197985.0,0.0,tumbler-ridge-d,Tumbler Ridge,tumbler-ridge-d|2023,Tumbler Ridge|2023,"Under 5,000",19427365.0,4421810.0,1597211.0,11999986.0,2991716.0,0.1640902184773582,7923.572794437201,6623.392003476749,17497.181660147762,8443.00956106041,85.94828335506301,12.533862549293053,0.1961990659899963,1.0,0.9444034502313527,0.9764076303870606,,,,,,,,,,,,,,,,,,,,,,
Tumbler Ridge,D,PEA,2024,2301.0,156440.0,72.0,44248714.0,313329.0,48856137.0,1149724.0,0.0,3039009.0,45817128.0,50289669.0,1097516.0,1389892.0,20216257.0,48264709.0,96106797.0,10900661.0,2705397.0,174567.0,3059819.0,0.0,1793520.0,1455145.0,0.0,39959.0,0.0,20129068.0,3312500.0,951906.0,648494.0,0.0,473628.0,2581062.0,3920607.0,756891.0,288101.0,0.0,3340554.0,39095.0,186619.0,0.0,16499457.0,49693790.0,50289669.0,197767.0,0.0,114206.0,0.0,25727.0,139933.0,14397445.0,3599361.0,139933.0,3459428.0,13455571.0,13834468.0,12668028.0,143970.0,13521139.0,313329.0,115363885.0,65670095.0,49693790.0,1522096.0,716361537.0,329014850.0,tumbler-ridge-d,Tumbler Ridge,tumbler-ridge-d|2024,Tumbler Ridge|2024,"Under 5,000",22703665.0,3234386.0,3288624.0,13133176.0,3629611.0,0.1803168929629529,8747.965232507606,7170.559322033899,19911.833116036505,9866.868752716211,0.0,14.56024447443229,0.0021247595262781395,0.5407139649375117,0.9611228215230425,0.9773515685604969,4486.511144130758,3546.5079302077975,3557.844717668488,2783.665107049771,5496.677373974208,2437.8724475115623,3386.4506393861893,1604.3462673977224,624.7436119532265,518.5374381567245,3.324657351485151,1.7099330852451193,0.02521828600111612,0.02529861000232605,0.9816336034641139,0.9815511712696461,0.8531878894527055,0.8619101997275483,0.9614729661922712,0.9623635142836453,0.23352896680225554,0.19976549769108282
Ucluelet,D,ALB,2019,1842.0,644.0,26.0,11066622.0,154276.0,12508552.0,507316.0,1940157.0,4361999.0,8146553.0,40941528.0,0.0,55826.0,5487289.0,38905667.0,49088081.0,3177950.0,2177509.0,365248.0,1408510.0,22910.0,152333.0,1189507.0,0.0,0.0,0.0,8493967.0,2048520.0,393369.0,0.0,0.0,380832.0,950578.0,1364108.0,344065.0,425581.0,0.0,1329126.0,,0.0,0.0,7236179.0,40845824.0,40941528.0,2028015.0,0.0,72314.0,1940157.0,76610.0,148924.0,6385595.0,1596399.0,148924.0,1447475.0,5210624.0,5321498.0,4718887.0,10206.0,5167222.0,154276.0,60121099.0,19275275.0,40845824.0,1614672.0,17674456.0,0.0,ucluelet-d,Ucluelet,ucluelet-d|2019,Ucluelet|2019,"Under 5,000",5543115.0,1796668.0,1341840.0,5830443.0,1257788.0,0.14808016089537432,4611.274158523344,3928.4359391965254,4422.667209554832,3009.2915309446253,1053.2882736156353,2.537052851227155,0.09135624881467357,1.0,0.9067125449214137,0.9710089151588519,,,,,,,,,,,,,,,,,,,,,,
Ucluelet,D,ALB,2020,1941.0,644.0,26.0,13245717.0,149908.0,14700657.0,1481804.0,1849048.0,5789195.0,8911462.0,41352643.0,0.0,56144.0,6404224.0,39235838.0,50264105.0,3701832.0,2109407.0,127431.0,1349528.0,29352.0,65090.0,466140.0,0.0,0.0,0.0,7848780.0,1545038.0,415997.0,0.0,0.0,608526.0,834824.0,1276399.0,438077.0,375349.0,0.0,1184015.0,,0.0,0.0,6678225.0,41265691.0,41352643.0,1940157.0,200000.0,91779.0,2029583.0,77938.0,169717.0,5846450.0,1461613.0,169717.0,1291896.0,5341955.0,5435300.0,4824735.0,17470.0,5285392.0,149908.0,61724981.0,20459290.0,41265691.0,1619534.0,18539993.0,0.0,ucluelet-d,Ucluelet,ucluelet-d|2020,Ucluelet|2020,"Under 5,000",6460368.0,1506311.0,531230.0,5416272.0,1170555.0,0.149138464831477,4043.678516228748,3440.610510046368,4591.170530654302,3328.370942812983,1045.6378155589903,2.288006709050222,0.08735353891449689,1.0,0.8838837640332975,0.9724195536584918,,,,,,,,,,,,,,,,,,,,,,
Ucluelet,D,ALB,2021,2055.0,644.0,26.0,13944134.0,147795.0,16187944.0,581890.0,1754565.0,6197091.0,9990853.0,41084092.0,0.0,56283.0,6202116.0,39080774.0,51074945.0,3972520.0,2211444.0,260879.0,768272.0,32300.0,48562.0,985066.0,0.0,0.0,0.0,8279043.0,1673539.0,560744.0,0.0,0.0,455057.0,1029880.0,1523046.0,494542.0,427405.0,0.0,1300714.0,,0.0,0.0,7464927.0,40979160.0,41084092.0,2032859.0,0.0,112300.0,1898390.0,78194.0,190494.0,6018743.0,1504686.0,190494.0,1314192.0,5760915.0,5884790.0,5248711.0,11188.0,5736995.0,147795.0,62720989.0,21741829.0,40979160.0,1014296.0,15591511.0,0.0,ucluelet-d,Ucluelet,ucluelet-d|2021,Ucluelet|2021,"Under 5,000",6258399.0,1061451.0,1033628.0,6086019.0,814116.0,0.09833455388503236,4028.7313868613137,3632.5678832116787,4861.7289537712895,3045.449635036496,923.7907542579076,2.2501096078789224,0.06505437478125116,1.0,0.8733994999621183,0.9748852550388374,,,,,,,,,,,,,,,,,,,,,,
Ucluelet,D,ALB,2022,2204.0,644.0,26.0,13707028.0,342898.0,18196050.0,579566.0,1653969.0,6327715.0,11868335.0,41292354.0,0.0,68326.0,6829908.0,39068757.0,53160689.0,4693327.0,2561220.0,133449.0,1363616.0,34990.0,162587.0,1160481.0,379769.0,0.0,0.0,10489439.0,1538222.0,614474.0,0.0,0.0,513241.0,1167800.0,2231260.0,651352.0,396955.0,0.0,1290391.0,,0.0,0.0,8403695.0,41156767.0,41292354.0,1898390.0,350000.0,137516.0,2088013.0,41935.0,179451.0,7097914.0,1774479.0,179451.0,1595028.0,6620537.0,6735656.0,5956913.0,-16117.0,6392758.0,342898.0,64188987.0,23032220.0,41156767.0,1467998.0,16022691.0,0.0,ucluelet-d,Ucluelet,ucluelet-d|2022,Ucluelet|2022,"Under 5,000",6898234.0,1532055.0,1702837.0,7071369.0,2085744.0,0.19884228317644062,4759.273593466424,3812.9287658802177,5384.906987295826,3129.8702359346644,947.3743194192377,2.16618921680259,0.0916199407452843,1.0,0.8988711616198332,0.9490921151555246,,,,,,,,,,,,,,,,,,,,,,
Ucluelet,D,ALB,2023,2309.0,644.0,26.0,17504790.0,370601.0,20668623.0,757059.0,1549997.0,5997991.0,14670632.0,42662964.0,215269.0,72110.0,9907565.0,40599819.0,57333596.0,4696400.0,2562625.0,139682.0,4301935.0,34990.0,488047.0,113878.0,0.0,0.0,0.0,12337557.0,1835766.0,697483.0,0.0,0.0,390662.0,1199009.0,1895559.0,392997.0,391882.0,0.0,1361289.0,0.0,0.0,0.0,8164647.0,42488529.0,42662964.0,2088013.0,0.0,173065.0,1888710.0,41935.0,215000.0,7759984.0,1939996.0,215000.0,530296.0,7592186.0,7755379.0,6950286.0,-25147.0,7384778.0,370601.0,66840369.0,24351840.0,42488529.0,2693048.0,16895257.0,0.0,ucluelet-d,Ucluelet,ucluelet-d|2023,Ucluelet|2023,"Under 5,000",10194944.0,4476607.0,601925.0,6761423.0,4172910.0,0.3382282245990839,5343.246860112603,3536.0099610220873,6353.673451710697,4415.307059333045,817.9774794283239,2.9184421917271965,0.15939668748454078,1.0,0.27334901721446847,0.9522136829160767,,,,,,,,,,,,,,,,,,,,,,
Ucluelet,D,ALB,2024,2309.0,644.0,26.0,15168773.0,375931.0,20277429.0,1238352.0,1442533.0,6625989.0,13651440.0,49562695.0,220332.0,75413.0,8758881.0,47982503.0,63214135.0,5876836.0,2917528.0,0.0,5335591.0,65813.0,641930.0,-16878.0,0.0,0.0,0.0,14820820.0,1829624.0,710919.0,0.0,0.0,595807.0,799354.0,2170974.0,658380.0,422701.0,373107.0,1379250.0,0.0,165.0,0.0,8940281.0,49425036.0,49562695.0,1888710.0,0.0,416448.0,1442533.0,54309.0,470757.0,9799065.0,2449766.0,470757.0,794709.0,9431036.0,9960245.0,8843361.0,268387.0,9584314.0,375931.0,75144750.0,25719714.0,49425036.0,8315922.0,106852579.0,1130531.0,ucluelet-d,Ucluelet,ucluelet-d|2024,Ucluelet|2024,"Under 5,000",9054626.0,5401404.0,625052.0,7506722.0,5880539.0,0.3967755495309976,6418.718059766133,3871.9276743178866,5912.273711563447,3921.4491121697706,624.7436119532265,2.2892843619269514,0.07782612341064786,0.9894197125555575,0.32440200410978026,0.9622568521155855,4486.511144130758,3546.5079302077975,3557.844717668488,2783.665107049771,5496.677373974208,2437.8724475115623,3386.4506393861893,1604.3462673977224,624.7436119532265,518.5374381567245,3.324657351485151,1.7099330852451193,0.02521828600111612,0.02529861000232605,0.9816336034641139,0.9815511712696461,0.8531878894527055,0.8619101997275483,0.9614729661922712,0.9623635142836453,0.23352896680225554,0.19976549769108282
Valemount,V,FFG,2019,1128.0,487.0,0.0,7999101.0,441934.0,15479370.0,496957.0,616770.0,2312449.0,13166921.0,13460986.0,15547.0,269669.0,456391.0,12809207.0,26627907.0,1451024.0,1096009.0,1900.0,3935822.0,654780.0,117249.0,121187.0,0.0,0.0,0.0,7377971.0,1020037.0,110856.0,92856.0,0.0,0.0,347992.0,890610.0,310423.0,351088.0,109813.0,570845.0,,0.0,0.0,3804520.0,13425977.0,13460986.0,672797.0,0.0,37852.0,616770.0,33717.0,71569.0,2553086.0,638272.0,71569.0,566703.0,2307716.0,2800167.0,1659809.0,323629.0,2358233.0,441934.0,22646100.0,9220123.0,13425977.0,506783.0,23646100.0,600000.0,valemount-v,Valemount,valemount-v|2019,Valemount|2019,"Under 5,000",741607.0,4592502.0,238436.0,3199958.0,3573451.0,0.48434061342881396,6540.754432624113,3372.801418439716,11672.80230496454,657.4530141843971,546.781914893617,3.4591469909174215,0.021431990899133474,0.9746258368187566,0.8878706883585681,0.8421758416551585,,,,,,,,,,,,,,,,,,,,,,
Valemount,V,FFG,2020,1054.0,487.0,0.0,10144593.0,545429.0,19841674.0,786578.0,558502.0,2813470.0,17028204.0,14236036.0,15795.0,271956.0,460262.0,13641366.0,31264240.0,1456173.0,1506901.0,98121.0,2297372.0,1463182.0,117155.0,1558499.0,0.0,0.0,14535.0,8511938.0,1093777.0,94269.0,91818.0,0.0,0.0,383715.0,819255.0,368754.0,369945.0,77710.0,576362.0,,0.0,0.0,3875605.0,14199868.0,14236036.0,616770.0,0.0,37852.0,558502.0,35665.0,73517.0,3052264.0,763066.0,73517.0,689549.0,2373935.0,2737775.0,1764295.0,148044.0,2192346.0,545429.0,24980321.0,10780453.0,14199868.0,1350253.0,1153267.0,0.0,valemount-v,Valemount,valemount-v|2020,Valemount|2020,"Under 5,000",748013.0,3858675.0,1690189.0,3263578.0,4636333.0,0.5446859457857893,8075.842504743833,3677.0445920303605,16155.791271347249,709.6897533206832,529.888045540797,3.6057228262608096,1.1708069336935853,1.0,0.9036557781371467,0.8007765429956808,,,,,,,,,,,,,,,,,,,,,,
Valemount,V,FFG,2021,1111.0,487.0,39.0,10918103.0,516674.0,22550100.0,565560.0,497904.0,3224050.0,19326050.0,16426855.0,15703.0,272379.0,460962.0,15906498.0,35752905.0,1451226.0,1890209.0,0.0,1723405.0,2648087.0,62341.0,1339173.0,0.0,0.0,22747.0,9137188.0,1319182.0,82589.0,125649.0,0.0,0.0,491682.0,983102.0,568991.0,394758.0,68960.0,613610.0,,0.0,0.0,4648523.0,16404402.0,16426855.0,558502.0,0.0,37852.0,497904.0,38081.0,75933.0,3392286.0,848072.0,75933.0,772139.0,2501144.0,2732913.0,1599087.0,-12314.0,2216239.0,516674.0,27798465.0,11394063.0,16404402.0,2818144.0,1153267.0,0.0,valemount-v,Valemount,valemount-v|2021,Valemount|2021,"Under 5,000",749044.0,4371492.0,1424261.0,3996832.0,4488665.0,0.49125234153001995,8224.291629162917,4184.089108910891,17395.184518451846,674.2070207020702,448.15841584158414,3.3864558552131636,2.4436179999947973,1.0,0.9104639700402796,0.8109438536828651,,,,,,,,,,,,,,,,,,,,,,
Valemount,V,FFG,2022,1011.0,487.0,0.0,13804940.0,388687.0,25710877.0,877126.0,434881.0,3068881.0,22641996.0,17843841.0,16007.0,277652.0,469886.0,17390264.0,40485837.0,1733411.0,3111001.0,35306.0,2977111.0,225599.0,80698.0,1208645.0,348455.0,0.0,0.0,9720226.0,1277002.0,101558.0,126092.0,0.0,95606.0,606029.0,1368191.0,359739.0,351471.0,0.0,701606.0,,0.0,0.0,4987294.0,17825145.0,17843841.0,497904.0,0.0,37852.0,434881.0,22766.0,60618.0,4753440.0,1188360.0,60618.0,1127742.0,2582930.0,3155649.0,2019348.0,476655.0,2766962.0,388687.0,29920814.0,12095669.0,17825145.0,2122349.0,17825145.0,500000.0,valemount-v,Valemount,valemount-v|2022,Valemount|2022,"Under 5,000",763545.0,3238016.0,1637798.0,4262922.0,4732932.0,0.48691583919962356,9614.466864490603,4933.030662710188,22395.643916913945,755.2373887240356,430.14935707220576,4.498362758282253,0.11906489400226478,0.9719497372952647,0.9489902049883874,0.8768281897004389,,,,,,,,,,,,,,,,,,,,,,
Valemount,V,FFG,2023,1018.0,487.0,0.0,15391397.0,263722.0,25335688.0,918539.0,369336.0,3329666.0,22006022.0,21959034.0,16798.0,291379.0,3107398.0,20867503.0,43965056.0,1871264.0,2808324.0,0.0,4899350.0,781003.0,618094.0,-1325245.0,0.0,0.0,33094.0,9685884.0,1248794.0,143327.0,139252.0,0.0,62853.0,578244.0,1089029.0,423647.0,1019515.0,144449.0,690448.0,0.0,0.0,0.0,5539558.0,21913795.0,21959034.0,434881.0,0.0,37852.0,369336.0,22765.0,60617.0,4983634.0,1245909.0,60617.0,1185292.0,2826465.0,3277525.0,2666420.0,347383.0,3013803.0,263722.0,35367015.0,13453220.0,21913795.0,4769256.0,35367015.0,500000.0,valemount-v,Valemount,valemount-v|2023,Valemount|2023,"Under 5,000",3415575.0,5680353.0,-674057.0,4826345.0,4146326.0,0.4280792543045116,9514.620825147347,5441.609037328094,21616.917485265225,3355.181728880157,362.8055009823183,4.622504779758691,0.13485039661956205,0.9858625332106766,0.9513471690147515,0.9195362354215452,,,,,,,,,,,,,,,,,,,,,,
Valemount,V,FFG,2024,1018.0,487.0,39.0,13749978.0,514372.0,24106277.0,1012218.0,301171.0,3921763.0,20184514.0,25082981.0,17668.0,306475.0,2284969.0,24044965.0,45267495.0,1738845.0,1550202.0,1775760.0,1406480.0,24000.0,520116.0,-846139.0,293390.0,0.0,0.0,6462654.0,1355028.0,111657.0,153371.0,0.0,120303.0,556650.0,858087.0,339684.0,863596.0,16357.0,785482.0,0.0,0.0,0.0,5160215.0,25023081.0,25082981.0,369336.0,0.0,37852.0,301171.0,29857.0,67709.0,3659780.0,914945.0,67709.0,847236.0,2873306.0,3393424.0,2311953.0,299923.0,2879052.0,514372.0,39261783.0,14238702.0,25023081.0,3894768.0,39938728.0,1252103.0,valemount-v,Valemount,valemount-v|2024,Valemount|2024,"Under 5,000",2609112.0,3206240.0,-32633.0,4344876.0,1302439.0,0.2015331472178458,6348.383104125737,5068.97347740668,19827.616895874264,2562.9783889980354,295.8457760314342,3.5060706116101357,0.09751857895924979,0.9686494021542198,0.9259966446070529,0.8484209459236453,4648.097865362712,3546.5079302077975,3428.422456291105,2783.665107049771,5030.364110900993,2437.8724475115623,2420.45,1604.3462673977224,224.31236112962716,518.5374381567245,2.204313821553219,1.7099330852451193,0.030042455998363887,0.02529861000232605,0.9786113537119745,0.9815511712696461,0.9039920521842442,0.8619101997275483,0.9333160528846489,0.9623635142836453,0.20869205825466772,0.19976549769108282
Vancouver,C,GVR,2019,685885.0,11661.0,4271.0,2647735000.0,55192000.0,2915307000.0,424001000.0,1096332000.0,2265540000.0,649767000.0,7259105000.0,0.0,0.0,0.0,6138467000.0,7908872000.0,873498000.0,814063000.0,3409000.0,44845000.0,56313000.0,49070000.0,0.0,132695000.0,0.0,0.0,1973893000.0,154065000.0,464232000.0,56752000.0,61274000.0,67612000.0,145259000.0,289327000.0,102611000.0,123040000.0,8765000.0,193176000.0,,7057000.0,0.0,1673170000.0,7234799000.0,7259105000.0,1104827000.0,123644000.0,132139000.0,1096332000.0,40072000.0,172211000.0,1758806982.0,439701746.0,172211000.0,240562225.0,1767151000.0,1807122000.0,1694644000.0,18724000.0,1751930000.0,55192000.0,11056179000.0,3821380000.0,7234799000.0,348376000.0,28653626000.0,10570000000.0,vancouver-c,Vancouver,vancouver-c|2019,Vancouver|2019,"100,000 and over",0,104567000.0,181765000.0,1439922000.0,300723000.0,0.15235020337981847,2877.8774867506945,2439.4322663420253,947.34102655693,0.0,1598.4195601303425,1.1686992946493993,0.01215818200460912,0.6311112597058397,0.5471031834383482,0.9694586198386164,,,,,,,,,,,,,,,,,,,,,,
Vancouver,C,GVR,2020,697266.0,11661.0,4251.0,3207930000.0,91844000.0,3477284000.0,838239000.0,1070839000.0,2739329000.0,737955000.0,7399894000.0,0.0,0.0,0.0,6303679000.0,8137849000.0,935538000.0,672825000.0,5027000.0,51026000.0,14514000.0,40471000.0,0.0,125829000.0,12957000.0,0.0,1858187000.0,157375000.0,478747000.0,71064000.0,65722000.0,97749000.0,131093000.0,215307000.0,101747000.0,103912000.0,8708000.0,197786000.0,,0.0,0.0,1629210000.0,7374518000.0,7399894000.0,1096332000.0,107959000.0,132731000.0,1070839000.0,33726000.0,166457000.0,1665507000.0,416376750.0,166457000.0,211800258.0,1575845000.0,1624569000.0,1477106000.0,17582000.0,1532725000.0,91844000.0,11383856000.0,4009338000.0,7374518000.0,354977000.0,29770749000.0,11120000000.0,vancouver-c,Vancouver,vancouver-c|2020,Vancouver|2020,"100,000 and over",0,70567000.0,179257000.0,1397698000.0,228977000.0,0.12322602622879182,2664.9614350907686,2336.568827391555,1058.3550610527402,0.0,1535.7682720798089,1.1710641547619873,0.011923683881786112,0.626478997891521,0.508674554955338,0.943465620727713,,,,,,,,,,,,,,,,,,,,,,
Vancouver,C,MVRD,2021,693235.0,11661.0,4251.0,3046784000.0,72424000.0,3286583000.0,558885000.0,1020964000.0,2346572000.0,940011000.0,7781246000.0,0.0,0.0,0.0,6753462000.0,8721257000.0,982108000.0,822841000.0,56536000.0,46383000.0,23714000.0,31454000.0,0.0,384948000.0,2239000.0,0.0,2350223000.0,180185000.0,516372000.0,70855000.0,83047000.0,68509000.0,140727000.0,276869000.0,105737000.0,110563000.0,8625000.0,205326000.0,,0.0,0.0,1766815000.0,7752224000.0,7781246000.0,1070839000.0,100000000.0,149154000.0,1020964000.0,32187000.0,181341000.0,1854683118.0,463670780.0,181341000.0,238898444.0,1839230000.0,1925279000.0,1752325000.0,56165000.0,1852855000.0,72424000.0,11961793000.0,4209569000.0,7752224000.0,585399000.0,30586478000.0,11470000000.0,vancouver-c,Vancouver,vancouver-c|2021,Vancouver|2021,"100,000 and over",0,126633000.0,418641000.0,1529302000.0,583408000.0,0.24823516747134208,3390.225536794882,2548.6523329029837,1355.9774102577048,0.0,1472.7531068108217,1.2983978330944033,0.01913914377457908,0.6249976868863424,0.5152329072796004,0.9623825949381882,,,,,,,,,,,,,,,,,,,,,,
Vancouver,C,MVRD,2022,706012.0,11661.0,2137.0,3532165000.0,91500000.0,3777574000.0,574160000.0,1019598000.0,2529944000.0,1247630000.0,8026077000.0,0.0,0.0,949274000.0,6975282000.0,9273707000.0,1082144000.0,899926000.0,21098000.0,56431000.0,16934000.0,58676000.0,0.0,315960000.0,1110000.0,0.0,2452279000.0,168671000.0,522741000.0,84768000.0,99756000.0,117434000.0,152277000.0,305252000.0,109179000.0,117907000.0,9460000.0,206929000.0,,5457000.0,0.0,1899831000.0,7994880000.0,8026077000.0,1020964000.0,2000000.0,2645000.0,1019598000.0,29080000.0,31725000.0,2058775459.0,514693865.0,31725000.0,441242142.0,1961296000.0,2048971000.0,1877050000.0,55990000.0,1957471000.0,91500000.0,12401672000.0,4406792000.0,7994880000.0,455042000.0,31851211000.0,11970000000.0,vancouver-c,Vancouver,vancouver-c|2022,Vancouver|2022,"100,000 and over",949274000.0,94463000.0,375746000.0,1663822000.0,552448000.0,0.22527942375235444,3473.4239644651934,2690.933015302856,1767.1512665507103,1344.5578828688465,1444.1652549815017,1.3961435510035005,0.014286489766433057,0.6241901132110801,0.8572904633320236,0.9553434382429034,,,,,,,,,,,,,,,,,,,,,,
Vancouver,C,MVRD,2023,725778.0,11661.0,4336.0,3913424000.0,107930000.0,4259459000.0,386333000.0,1006953000.0,2845938000.0,1413521000.0,8315024000.0,0.0,0.0,1380443000.0,7038498000.0,9728545000.0,1183722000.0,952569000.0,45346000.0,105754000.0,34452000.0,145301000.0,0.0,150510000.0,482000.0,0.0,2618136000.0,217895000.0,633435000.0,71646000.0,135888000.0,84251000.0,125534000.0,344105000.0,111297000.0,123297000.0,10016000.0,218661000.0,2661000.0,5442000.0,0.0,2084128000.0,8282985000.0,8315024000.0,1019598000.0,104069000.0,112373000.0,1006953000.0,28413000.0,140786000.0,2295406794.0,573851699.0,140786000.0,400714010.0,2068873000.0,2173929000.0,2005186088.0,43051142.0,2111552611.0,107930000.0,12954272000.0,4671287000.0,8282985000.0,476622000.0,33385807000.0,12700000000.0,vancouver-c,Vancouver,vancouver-c|2023,Vancouver|2023,"100,000 and over",1380443000.0,185552000.0,296293000.0,1837054000.0,534008000.0,0.20396495827565872,3607.35100815952,2871.577810294608,1947.5941679136045,1902.0182480042106,1387.4118532113125,1.3750910947462665,0.014276186284788623,0.6195988313237418,0.698288444032297,0.971307071666094,,,,,,,,,,,,,,,,,,,,,,
Vancouver,C,MVRD,2024,725778.0,11661.0,4336.0,4119433000.0,134872000.0,4598741000.0,472082000.0,1027970000.0,3108889000.0,1489852000.0,8958662000.0,0.0,0.0,1484687000.0,7725346000.0,10448514000.0,1271706000.0,1082556000.0,49125000.0,62479000.0,32258000.0,172468000.0,0.0,480272000.0,13414000.0,0.0,3164278000.0,277417000.0,660491000.0,86438000.0,124506000.0,107048000.0,163023000.0,370590000.0,117538000.0,152373000.0,10244000.0,227348000.0,2170000.0,4458000.0,0.0,2303644000.0,8925037000.0,8958662000.0,1006953000.0,132364000.0,111311000.0,1027970000.0,34253000.0,145564000.0,2544726581.0,636181645.0,145564000.0,459647582.0,2197938000.0,2322280121.0,2025617000.0,44699862.0,2133669862.0,134872000.0,13808630000.0,4883593000.0,8925037000.0,879123000.0,34639871000.0,12950000000.0,vancouver-c,Vancouver,vancouver-c|2024,Vancouver|2024,"100,000 and over",1484687000.0,143862000.0,666154000.0,2042043000.0,860634000.0,0.27198431996177325,4359.8428169495355,3174.033933241294,2052.765446183268,2045.6489449941994,1416.3697439161838,1.325049881163335,0.025378934003535983,0.6261533421992247,0.7225099711891247,0.9187822962034475,3003.390678329474,3546.5079302077975,2379.369597210911,2783.665107049771,2052.765446183268,2437.8724475115623,1093.3312652075697,1604.3462673977224,312.26099706744867,518.5374381567245,1.6357691597817738,1.7099330852451193,0.025378934003535983,0.02529861000232605,0.9802497344746216,0.9815511712696461,0.9023585311053542,0.8619101997275483,0.9669710895067201,0.9623635142836453,0.27009754429306687,0.19976549769108282
Vanderhoof,D,BUL,2019,4668.0,5606.0,30.0,15647230.0,274917.0,16635699.0,740490.0,2811688.0,12042599.0,4593100.0,56777701.0,0.0,0.0,444303.0,53080220.0,61370801.0,5804785.0,3097222.0,30092.0,995216.0,597312.0,296778.0,0.0,487530.0,21183.0,0.0,11330118.0,1266768.0,570834.0,87045.0,0.0,0.0,1415390.0,2067538.0,366360.0,351924.0,50033.0,2920997.0,,0.0,0.0,9096889.0,56594241.0,56777701.0,3589861.0,275535.0,349142.0,3514021.0,120714.0,469856.0,9350371.0,2337593.0,469856.0,1867737.0,9400437.0,9732020.0,8196510.0,185362.0,9457103.0,274917.0,102947065.0,46352824.0,56594241.0,4364509.0,1099760.0,0.0,vanderhoof-d,Vanderhoof,vanderhoof-d|2019,Vanderhoof|2019,"Under 5,000",444303.0,1622620.0,805491.0,6055178.0,2233229.0,0.19710553764753377,2427.1889460154243,1948.7765638389033,983.9545844044559,95.1805912596401,752.7894173093401,1.2993233437400016,3.9686013311995345,1.0,0.79900008256356,0.9717512910988675,,,,,,,,,,,,,,,,,,,,,,
Vanderhoof,D,BUL,2020,4665.0,5606.0,30.0,23782327.0,286791.0,24672315.0,1091115.0,2694392.0,14497233.0,10175082.0,58062170.0,0.0,0.0,450302.0,54181358.0,68237252.0,5951935.0,5207925.0,44947.0,3615065.0,607820.0,188411.0,0.0,0.0,0.0,0.0,15616103.0,1075501.0,521293.0,88396.0,0.0,0.0,1364311.0,1868051.0,415351.0,380586.0,54100.0,2956317.0,,25746.0,0.0,8749652.0,57852067.0,58062170.0,3514021.0,547809.0,385472.0,3670709.0,114703.0,500175.0,11487550.0,2871888.0,500175.0,2371713.0,9492459.0,9819345.0,8270800.0,190331.0,9532554.0,286791.0,107007770.0,49155703.0,57852067.0,4254459.0,1392880.0,0.0,vanderhoof-d,Vanderhoof,vanderhoof-d|2020,Vanderhoof|2020,"Under 5,000",450302.0,4267832.0,188411.0,5678632.0,6866451.0,0.4397032345393726,3347.5033226152195,1875.5952840300108,2181.153697749196,96.52775991425509,786.8615219721329,1.640473530362656,3.0544332605823903,1.0,0.8258375674817402,0.9707932657422669,,,,,,,,,,,,,,,,,,,,,,
Vanderhoof,D,BUL,2021,4703.0,5606.0,30.0,24865780.0,248121.0,26687324.0,1865215.0,2573577.0,13037508.0,13649816.0,59545962.0,0.0,0.0,453528.0,56120634.0,73195778.0,6189614.0,2696809.0,40089.0,4494328.0,616739.0,205655.0,0.0,0.0,0.0,0.0,14243234.0,1232154.0,505170.0,86254.0,0.0,0.0,1479269.0,2115384.0,363417.0,370930.0,44914.0,3087216.0,,0.0,0.0,9284708.0,59342014.0,59545962.0,3670709.0,0.0,440162.0,3221379.0,107982.0,548144.0,9268176.0,2317044.0,548144.0,1768900.0,9941857.0,10315423.0,8751895.0,198775.0,10067302.0,248121.0,111584933.0,52242919.0,59342014.0,4577163.0,3126203.0,0.0,vanderhoof-d,Vanderhoof,vanderhoof-d|2021,Vanderhoof|2021,"Under 5,000",453528.0,5151156.0,205655.0,6089510.0,4958526.0,0.3481320323741083,3028.5422071018497,1974.2096534127154,2902.3635977035933,96.43376568147991,684.9625770784605,1.9072494528862418,1.4641285290814448,1.0,0.7634296111769997,0.9759465995723103,,,,,,,,,,,,,,,,,,,,,,
Vanderhoof,D,BUL,2022,4719.0,5606.0,30.0,25039476.0,307899.0,26305108.0,823312.0,2449137.0,9772278.0,16532830.0,63046234.0,0.0,0.0,400436.0,60023002.0,79579064.0,6376792.0,2222253.0,89863.0,3595271.0,1539992.0,333674.0,0.0,29000.0,3385182.0,0.0,17572027.0,1432430.0,524489.0,92061.0,0.0,78892.0,1689871.0,2400398.0,417515.0,454143.0,57218.0,3044957.0,,49564.0,0.0,10241538.0,62817524.0,63046234.0,3221379.0,0.0,414064.0,2794522.0,104885.0,518949.0,9229907.0,2307477.0,518949.0,1788528.0,10209247.0,10532876.0,8960932.0,167489.0,10224977.0,307899.0,117992577.0,55175053.0,62817524.0,6578039.0,2977710.0,0.0,vanderhoof-d,Vanderhoof,vanderhoof-d|2022,Vanderhoof|2022,"Under 5,000",400436.0,5225126.0,3747856.0,7091696.0,7330489.0,0.4171680933565604,3723.6759906759908,2170.2771773680865,3503.4604789150244,84.85611358338632,592.1852087306632,2.5622967336786777,2.2090932293608176,1.0,0.7751011169342099,0.9707678130835301,,,,,,,,,,,,,,,,,,,,,,
Vanderhoof,D,BUL,2023,4839.0,5606.0,30.0,25009450.0,257772.0,26366997.0,973826.0,2320964.0,10790266.0,15576731.0,67047130.0,0.0,0.0,405874.0,63719208.0,82623861.0,6741667.0,2245477.0,33614.0,3211323.0,418490.0,936685.0,0.0,26000.0,71180.0,0.0,13684436.0,1451607.0,705144.0,105313.0,0.0,192467.0,1637356.0,2606297.0,409077.0,462977.0,47163.0,3143367.0,8780.0,0.0,0.0,10769548.0,66799914.0,67047130.0,2794522.0,306926.0,305681.0,2779241.0,119225.0,424906.0,9953676.0,2488419.0,424906.0,2063513.0,10670117.0,11053845.0,9510773.0,224709.0,10796073.0,257772.0,125118332.0,58318418.0,66799914.0,6833071.0,7036651.0,0.0,vanderhoof-d,Vanderhoof,vanderhoof-d|2023,Vanderhoof|2023,"Under 5,000",405874.0,3663427.0,1033865.0,7506956.0,2914888.0,0.21300753644505335,2827.947096507543,2225.5730522835297,3218.997933457326,83.8755941310188,574.3420128125646,2.3177788202811684,0.9710686234119044,1.0,0.8292466019589144,0.9766803315950242,,,,,,,,,,,,,,,,,,,,,,
Vanderhoof,D,BUL,2024,4839.0,5606.0,69.0,30401516.0,381307.0,31651813.0,802997.0,2188946.0,15174201.0,16477612.0,68471681.0,0.0,0.0,322627.0,65352072.0,84949293.0,6987407.0,2932728.0,21562.0,2414971.0,940715.0,910160.0,0.0,37100.0,0.0,0.0,14244643.0,1878192.0,861202.0,165341.0,0.0,232457.0,1522197.0,2680671.0,558115.0,663149.0,43721.0,3305122.0,9044.0,0.0,0.0,11919211.0,68213325.0,68471681.0,2779241.0,0.0,317330.0,2461911.0,121163.0,438493.0,10913262.0,2728316.0,438493.0,2289823.0,11066957.0,11356356.0,9763227.0,152503.0,10975049.0,381307.0,129836865.0,61623540.0,68213325.0,4718533.0,165589780.0,4680000.0,vanderhoof-d,Vanderhoof,vanderhoof-d|2024,Vanderhoof|2024,"Under 5,000",322627.0,3377248.0,947260.0,8492926.0,2325432.0,0.163249580912628,2943.716263690845,2463.1558173176277,3405.1688365364744,66.67224633188675,508.76441413515187,2.0035002831450566,0.028495315350983617,0.9717373862082551,0.8392807138176076,0.9664234724589472,4486.511144130758,3546.5079302077975,3557.844717668488,2783.665107049771,5496.677373974208,2437.8724475115623,3386.4506393861893,1604.3462673977224,624.7436119532265,518.5374381567245,3.324657351485151,1.7099330852451193,0.02521828600111612,0.02529861000232605,0.9816336034641139,0.9815511712696461,0.8531878894527055,0.8619101997275483,0.9614729661922712,0.9623635142836453,0.23352896680225554,0.19976549769108282
Vernon,C,NOK,2019,43315.0,9570.0,300.0,105912000.0,1891000.0,127834000.0,23976000.0,10859000.0,58606000.0,69228000.0,563985000.0,0.0,0.0,3519000.0,551986000.0,633213000.0,43811000.0,23472000.0,4316000.0,6440000.0,525000.0,2096000.0,0.0,3551000.0,0.0,4937000.0,89148000.0,10132000.0,20349000.0,1961000.0,0.0,6087000.0,11898000.0,9419000.0,0.0,8054000.0,2016000.0,11421000.0,,23000.0,0.0,81360000.0,562845000.0,563985000.0,15375000.0,0.0,1800000.0,10859000.0,966000.0,3825000.0,74062060.0,18515515.0,3825000.0,14467615.0,73917000.0,76140000.0,62412000.0,1166000.0,74249000.0,1891000.0,780835000.0,217990000.0,562845000.0,12505000.0,1176069000.0,14191000.0,vernon-c,Vernon,vernon-c|2019,Vernon|2019,"20,000 to 99,999",3519000.0,11281000.0,10584000.0,68973000.0,7788000.0,0.08736034459550411,2058.132286736696,1878.3331409442455,1598.2454115202586,81.24206395013275,250.69837238831815,1.8071869774425826,0.010632879533428737,0.9879335311108447,0.7813779416883624,0.975164171263462,,,,,,,,,,,,,,,,,,,,,,
Vernon,C,NOK,2020,44171.0,9570.0,300.0,108810000.0,1839000.0,130785000.0,26244000.0,9440000.0,58878000.0,71907000.0,605040000.0,0.0,0.0,3818000.0,594507000.0,676947000.0,45723000.0,23777000.0,6188000.0,9565000.0,394000.0,1400000.0,0.0,4100000.0,0.0,676000.0,91823000.0,8793000.0,20997000.0,2068000.0,0.0,7123000.0,11317000.0,8808000.0,0.0,8744000.0,2147000.0,11513000.0,,4000.0,0.0,81514000.0,603947000.0,605040000.0,10859000.0,0.0,831000.0,9440000.0,438000.0,1269000.0,71235852.0,17808963.0,1269000.0,16302663.0,75254000.0,77434000.0,63444000.0,1282000.0,75595000.0,1839000.0,831915000.0,227968000.0,603947000.0,19446000.0,1505979000.0,17748000.0,vernon-c,Vernon,vernon-c|2020,Vernon|2020,"20,000 to 99,999",3818000.0,16147000.0,6176000.0,69563000.0,10309000.0,0.11227034620955534,2078.8073622965294,1845.4189400285254,1627.923298091508,86.43680242693169,213.71488080414753,1.8480586976459799,0.012912530652817868,0.9882149751092146,0.9154189943569426,0.9762507425678643,,,,,,,,,,,,,,,,,,,,,,
Vernon,C,NOK,2021,44916.0,9572.0,300.0,113893000.0,1001000.0,133677000.0,29671000.0,8527000.0,62754000.0,70923000.0,617829000.0,0.0,0.0,4079000.0,608147000.0,688752000.0,47471000.0,26520000.0,3971000.0,7806000.0,3662000.0,1148000.0,0.0,2897000.0,32000.0,1691000.0,95198000.0,9567000.0,21640000.0,2621000.0,0.0,7046000.0,11623000.0,6521000.0,0.0,7886000.0,4629000.0,11860000.0,,0.0,0.0,83393000.0,616674000.0,617829000.0,9440000.0,0.0,527000.0,8527000.0,402000.0,929000.0,76933096.0,19233274.0,929000.0,18045674.0,80629000.0,82892000.0,69052000.0,1696000.0,81891000.0,1001000.0,855342000.0,238668000.0,616674000.0,21906000.0,1587563000.0,22818000.0,vernon-c,Vernon,vernon-c|2021,Vernon|2021,"20,000 to 99,999",4079000.0,15439000.0,5768000.0,71131000.0,11805000.0,0.1240047059812181,2119.4674503517676,1856.6435123341348,1579.0141597648944,90.8139638436192,189.8432629797845,1.8149121968320745,0.013798507523795906,0.9856270270849093,0.9382528424437774,0.9879240457462722,,,,,,,,,,,,,,,,,,,,,,
Vernon,C,NOK,2022,45549.0,9572.0,308.0,112044000.0,1122000.0,135095000.0,31047000.0,7580000.0,65283000.0,69812000.0,639820000.0,0.0,0.0,4102000.0,630449000.0,709632000.0,52017000.0,29629000.0,832000.0,11706000.0,4818000.0,3466000.0,0.0,6436000.0,0.0,0.0,108904000.0,10018000.0,24237000.0,2938000.0,0.0,6832000.0,13058000.0,8773000.0,0.0,7931000.0,1854000.0,12083000.0,,300000.0,0.0,88024000.0,638029000.0,639820000.0,8527000.0,0.0,527000.0,7580000.0,246000.0,773000.0,85669000.0,21417250.0,773000.0,9814750.0,86264000.0,87683000.0,74415000.0,808000.0,86561000.0,1122000.0,886472000.0,248443000.0,638029000.0,35128000.0,1678207000.0,24668000.0,vernon-c,Vernon,vernon-c|2022,Vernon|2022,"20,000 to 99,999",4102000.0,17356000.0,9902000.0,75695000.0,20880000.0,0.19172849482112686,2390.919668927968,1932.5122395661815,1532.679092845068,90.0568618410942,166.41419131045686,1.716281420890584,0.02093186359012923,0.985300978961475,0.45826378269852575,0.9872039049758791,,,,,,,,,,,,,,,,,,,,,,
Vernon,C,NOK,2023,47265.0,9572.0,310.0,113878000.0,1159000.0,138085000.0,18772000.0,8097000.0,67550000.0,70535000.0,659427000.0,0.0,0.0,13822000.0,643602000.0,729962000.0,55256000.0,32755000.0,1420000.0,17430000.0,2769000.0,6216000.0,0.0,7807000.0,0.0,0.0,123653000.0,14756000.0,26182000.0,3077000.0,0.0,3126000.0,19910000.0,10271000.0,0.0,9369000.0,2977000.0,12932000.0,0.0,723000.0,0.0,103323000.0,657633000.0,659427000.0,7580000.0,1500000.0,527000.0,8097000.0,259000.0,786000.0,94773000.0,23693250.0,786000.0,11787350.0,91610000.0,94289000.0,79536000.0,2067000.0,93130000.0,1159000.0,918272000.0,260639000.0,657633000.0,27582000.0,2101368000.0,26527000.0,vernon-c,Vernon,vernon-c|2023,Vernon|2023,"20,000 to 99,999",13822000.0,21619000.0,14023000.0,90132000.0,20330000.0,0.1644117004844201,2616.164180683381,2186.0361789907965,1492.330477097218,292.4362636200148,171.31069501745478,1.6858327165062916,0.013125735235332413,0.9873763186647936,0.49749823261899484,0.9877080041150081,,,,,,,,,,,,,,,,,,,,,,
Vernon,C,NOK,2024,47265.0,9572.0,595.0,121907000.0,1501000.0,146926000.0,30450000.0,37075000.0,109113000.0,37813000.0,702483000.0,0.0,0.0,10732000.0,648735000.0,740296000.0,58830940.0,31055060.0,2091000.0,10680000.0,1524000.0,6713000.0,0.0,7061000.0,0.0,0.0,117955000.0,11179000.0,26274000.0,2774000.0,0.0,6777176.0,16875000.0,12472000.0,0.0,9762000.0,7080824.0,13405000.0,0.0,429000.0,0.0,107028000.0,699225000.0,702483000.0,8097000.0,30000000.0,544000.0,37075000.0,191000.0,735000.0,95174000.0,23793500.0,735000.0,14905050.0,97294225.0,100252528.0,84822325.0,2247203.0,98751528.0,1501000.0,972127000.0,272902000.0,699225000.0,55433000.0,3172068000.0,33156000.0,vernon-c,Vernon,vernon-c|2024,Vernon|2024,"20,000 to 99,999",10732000.0,14295000.0,13774000.0,93432000.0,10927000.0,0.09263702259336187,2495.6098593039246,2264.42399238337,800.0211573045594,227.0601925314715,784.4070665397228,1.1172545892790042,0.01747535046537464,0.989547512852814,0.6264336898732847,0.9850278089745528,2823.8160359162957,3546.5079302077975,2313.177731087988,2783.665107049771,1634.933826557682,2437.8724475115623,1015.8871081440785,1604.3462673977224,757.3716446138835,518.5374381567245,1.4428133381403412,1.7099330852451193,0.021350493990494074,0.02529861000232605,0.9847118933607182,0.9815511712696461,0.8457939120832807,0.8619101997275483,0.9744645665293163,0.9623635142836453,0.16542076645989975,0.19976549769108282
Victoria,C,CAP,2019,94005.0,1938.0,278.0,317975587.0,2003093.0,353301372.0,34516702.0,65635785.0,167825904.0,185475468.0,555778919.0,27666492.0,31599123.0,189437448.0,486868120.0,741254387.0,149890562.0,90316823.0,512596.0,4670903.0,7257119.0,7419999.0,0.0,2464041.0,106015.0,9230707.0,271868765.0,17343653.0,78570985.0,6226813.0,1067375.0,15942111.0,25213443.0,28188271.0,15287374.0,4033641.0,1951924.0,14676748.0,,0.0,0.0,208502338.0,552503905.0,555778919.0,69716343.0,0.0,3081616.0,65635785.0,2747570.0,5829186.0,257860860.0,64465215.0,5829186.0,58520358.0,239973430.0,251639777.0,226348757.0,10601825.0,249636684.0,2003093.0,750346301.0,197842396.0,552503905.0,42192705.0,151600615.0,0.0,victoria-c,Victoria,victoria-c|2019,Victoria|2019,"20,000 to 99,999",248703063.0,12440618.0,19220762.0,191078020.0,63366427.0,0.23307726064080955,2892.067070900484,2217.992000425509,1973.0383277485241,2645.636540609542,698.2158927716611,1.894675252278099,0.27831486699443797,1.0,0.907781941004928,0.9920398395520753,,,,,,,,,,,,,,,,,,,,,,
Victoria,C,CAP,2020,94415.0,1938.0,278.0,290464722.0,2879392.0,359686232.0,29203960.0,60836540.0,161276300.0,198409932.0,591084440.0,30366133.0,32693010.0,192126473.0,522541701.0,789494372.0,153368111.0,73585193.0,261517.0,10096118.0,3700699.0,6058640.0,0.0,1259880.0,82503.0,10302724.0,258715385.0,16512169.0,81905293.0,6413880.0,1815665.0,11796142.0,24697850.0,29815349.0,15823854.0,4532749.0,2113294.0,15550162.0,,0.0,0.0,210976407.0,585057220.0,591084440.0,65134748.0,1860000.0,3331780.0,62515519.0,2642370.0,5974150.0,244483134.0,61120784.0,5974150.0,54964132.0,235005493.0,247612045.0,220738743.0,11386677.0,244732653.0,2879392.0,797513260.0,212456040.0,585057220.0,48167900.0,163031656.0,0.0,victoria-c,Victoria,victoria-c|2020,Victoria|2020,"20,000 to 99,999",255185616.0,14058334.0,17703747.0,192783875.0,47738978.0,0.18452315079754533,2740.1936662606577,2234.564497166764,2101.4662077000476,2702.8079860191706,662.1354551713181,1.8010378586314295,0.29545120979449535,1.0,0.899270729249808,0.9883713572980668,,,,,,,,,,,,,,,,,,,,,,
Victoria,C,CAP,2021,94890.0,1938.0,279.0,288557283.0,2166691.0,387651273.0,30313137.0,56350062.0,164366159.0,223285114.0,623198041.0,34225554.0,33169086.0,206116189.0,560066598.0,846483155.0,158234857.0,81662899.0,2056955.0,2633440.0,11243230.0,4166979.0,0.0,3674631.0,50138.0,9958415.0,273681544.0,19086827.0,82617602.0,6176396.0,1882801.0,10249836.0,24513192.0,32322256.0,16738634.0,4280732.0,2165500.0,16658985.0,,0.0,0.0,216692761.0,619548752.0,623198041.0,62515519.0,2140000.0,3823847.0,59482154.0,2537396.0,6361243.0,255020797.0,63755199.0,6361243.0,57264378.0,257028618.0,270845138.0,242975068.0,12626136.0,268678447.0,2166691.0,848162232.0,228613480.0,619548752.0,47790883.0,176997204.0,0.0,victoria-c,Victoria,victoria-c|2021,Victoria|2021,"20,000 to 99,999",273510829.0,15933625.0,17850163.0,197496380.0,56988783.0,0.2082302743805041,2884.197955527453,2283.6206238802824,2353.094256507535,2882.3988723785437,626.8537675202866,1.7555759942045004,0.2700092539314915,1.0,0.8981915027823848,0.9920002588342568,,,,,,,,,,,,,,,,,,,,,,
Victoria,C,CAP,2022,96390.0,1938.0,279.0,376287389.0,3053365.0,419654126.0,30069020.0,51697289.0,161890992.0,257763134.0,648230846.0,40259761.0,35505120.0,228141292.0,587643260.0,905993980.0,166009112.0,102845267.0,4584835.0,6274333.0,4010801.0,8841705.0,0.0,5317159.0,5832876.0,0.0,303716088.0,29927669.0,86110823.0,6610842.0,4013771.0,20206578.0,25952209.0,29086435.0,16870385.0,5142895.0,2473912.0,17809743.0,,0.0,0.0,244205262.0,641709643.0,648230846.0,59482154.0,0.0,3918957.0,54066384.0,2516562.0,6435519.0,278202984.0,69550746.0,6435519.0,62981615.0,265261906.0,278501897.0,250252398.0,12049012.0,275448532.0,3053365.0,887759994.0,246050351.0,641709643.0,44201751.0,159947532.0,0.0,victoria-c,Victoria,victoria-c|2022,Victoria|2022,"20,000 to 99,999",303906173.0,14869969.0,19991740.0,223878957.0,59510826.0,0.19594229068300129,3150.9086834733894,2533.5124183006537,2674.168834941384,3152.8807241415084,560.91279178338,2.324325673413626,0.27635156633739116,1.0,0.905549093607134,0.989036466060409,,,,,,,,,,,,,,,,,,,,,,
Victoria,C,CAP,2023,99792.0,1938.0,279.0,370243443.0,4189736.0,416547820.0,35189523.0,47311640.0,167937183.0,248610637.0,728189961.0,46622846.0,39821649.0,203054190.0,671790270.0,976800598.0,177734449.0,116564127.0,6366738.0,17391891.0,4238689.0,17813876.0,0.0,6153835.0,44467.0,0.0,346308072.0,20675758.0,95196491.0,6954253.0,3272815.0,22271489.0,31040463.0,45064550.0,18434642.0,5352165.0,2771230.0,20906966.0,13904.0,3546726.0,0.0,275501452.0,722459962.0,728189961.0,54066383.0,0.0,3668453.0,48962799.0,2546132.0,6214585.0,312665321.0,78166330.0,6214585.0,71833609.0,280514884.0,284604565.0,265113623.0,2522878.0,280414829.0,4189736.0,989204921.0,266744959.0,722459962.0,103542059.0,178187438.0,0.0,victoria-c,Victoria,victoria-c|2023,Victoria|2023,"20,000 to 99,999",289498685.0,27997318.0,24012178.0,252048354.0,70806620.0,0.2044613617900307,3470.298941798942,2760.7568943402275,2491.288249559083,2901.0209736251404,490.648538961039,2.204654361744296,0.5810850650425762,1.0,0.9189840305922,0.9852787463194767,,,,,,,,,,,,,,,,,,,,,,
Victoria,C,CAP,2024,99792.0,1938.0,282.0,365211904.0,4360823.0,404862756.0,34759431.0,42989135.0,159818463.0,245044293.0,778968098.0,54088308.0,39896947.0,187773933.0,726881028.0,1024012391.0,192742992.0,121653719.0,10078238.0,5644478.0,394072.0,17432877.0,0.0,8562260.0,0.0,0.0,356508636.0,27124156.0,105062218.0,6262088.0,4113094.0,25908061.0,35507521.0,49196125.0,18810555.0,6974589.0,4412884.0,21701362.0,14095.0,4210095.0,0.0,309296843.0,773485605.0,778968098.0,48962799.0,791244.0,3705114.0,44676341.0,3173905.0,6879019.0,332334000.0,83083500.0,6879019.0,71313282.0,305393843.0,310712182.0,289851797.0,3535869.0,306351359.0,4360823.0,1060888037.0,287402432.0,773485605.0,77224466.0,3775807901.0,48451394.0,victoria-c,Victoria,victoria-c|2024,Victoria|2024,"20,000 to 99,999",281759188.0,16116788.0,25995137.0,284421576.0,47211793.0,0.13242818892050626,3572.517195767196,3099.4152136443804,2455.550474987975,2823.46468654802,447.69461479878146,2.2851671649476444,0.020452435088010586,0.9871679398766108,0.8583326653306613,0.9859650723317954,2823.8160359162957,3546.5079302077975,2313.177731087988,2783.665107049771,1634.933826557682,2437.8724475115623,1015.8871081440785,1604.3462673977224,757.3716446138835,518.5374381567245,1.4428133381403412,1.7099330852451193,0.021350493990494074,0.02529861000232605,0.9847118933607182,0.9815511712696461,0.8457939120832807,0.8619101997275483,0.9744645665293163,0.9623635142836453,0.16542076645989975,0.19976549769108282
View Royal,T,CAP,2019,11567.0,1457.0,63.0,25678695.0,117513.0,27911908.0,4200315.0,5811314.0,17571406.0,10340502.0,132580504.0,0.0,1687578.0,5104072.0,126460447.0,142921006.0,8973886.0,3154937.0,11434.0,2589972.0,1117450.0,583371.0,0.0,387108.0,0.0,303543.0,17121701.0,2166535.0,3920762.0,442961.0,0.0,479181.0,2682726.0,2844281.0,0.0,284337.0,0.0,3083698.0,,17328.0,0.0,15921809.0,132271761.0,132580504.0,6187677.0,0.0,306470.0,5811314.0,260633.0,567103.0,15610313.0,3902578.0,567103.0,3335475.0,17300727.0,49371255.0,15040721.0,32017362.0,49253742.0,117513.0,179331002.0,47059241.0,132271761.0,2635331.0,190842192.0,3107330.0,view-royal-t,View Royal,view-royal-t|2019,View Royal|2019,"5,000 to 19,999",6791650.0,3718856.0,1274022.0,12577478.0,1199892.0,0.0700801865422133,1480.2196766663785,1376.485605602144,893.9657646753695,587.157430621596,502.4045992910867,1.4613910235754612,0.013808953734926709,0.9837178038701211,0.8546850312793236,0.9976198093404756,,,,,,,,,,,,,,,,,,,,,,
View Royal,T,CAP,2020,11829.0,1457.0,57.0,30160007.0,167905.0,31641712.0,4372172.0,5419897.0,17884645.0,13757067.0,131691560.0,0.0,1549730.0,6107637.0,126157572.0,145448627.0,9266730.0,4101255.0,0.0,3543755.0,751466.0,707891.0,0.0,843524.0,82152.0,238487.0,19535260.0,2079186.0,4030840.0,464494.0,0.0,540979.0,2624440.0,2449447.0,0.0,1685163.0,0.0,3133093.0,,0.0,0.0,17007642.0,131577469.0,131691560.0,5811314.0,0.0,306470.0,5419897.0,260633.0,567103.0,15329844.0,3832461.0,567103.0,3265358.0,15989400.0,16232038.0,13693205.0,171664.0,16064133.0,167905.0,181658194.0,50080725.0,131577469.0,2383073.0,196084918.0,3186357.0,view-royal-t,View Royal,view-royal-t|2020,View Royal|2020,"5,000 to 19,999",7657367.0,4295221.0,1872054.0,13613916.0,2527618.0,0.12938747679836357,1651.4718065770564,1437.7920365204159,1162.99492772001,647.3384901513231,458.1872516696255,1.6863631903233192,0.012153270247944312,0.9837501168753835,0.8520264133150997,0.9896559507807954,,,,,,,,,,,,,,,,,,,,,,
View Royal,T,CAP,2021,12034.0,1457.0,49.0,30682611.0,100388.0,33805086.0,3803710.0,5012823.0,18247719.0,15557367.0,130524351.0,0.0,1877857.0,6887721.0,125416378.0,146081718.0,9707019.0,4527670.0,6275.0,1535730.0,1703143.0,122652.0,0.0,739235.0,454588.0,647501.0,19443813.0,2544390.0,4941431.0,479463.0,0.0,609189.0,2643911.0,2858390.0,0.0,1708323.0,0.0,3025625.0,,0.0,0.0,18810722.0,130429201.0,130524351.0,5419897.0,0.0,306470.0,5012823.0,251094.0,557564.0,17097249.0,4274312.0,557564.0,3716748.0,17118642.0,17376546.0,14888219.0,124365.0,17276158.0,100388.0,183367269.0,52938068.0,130429201.0,2175108.0,218554302.0,3608856.0,view-royal-t,View Royal,view-royal-t|2021,View Royal|2021,"5,000 to 19,999",8765578.0,3245148.0,1963976.0,15534003.0,633091.0,0.03256002307777801,1615.739820508559,1563.1312946651155,1292.7843609772312,728.4010304138275,416.55501080272563,1.6814491170101864,0.009952254337231028,0.9834876002578069,0.869554679209192,0.9942227874285258,,,,,,,,,,,,,,,,,,,,,,
View Royal,T,CAP,2022,12606.0,1457.0,49.0,37253511.0,143284.0,39634878.0,4813791.0,4587651.0,19751696.0,19883182.0,122963358.0,0.0,1669747.0,9777623.0,118243926.0,142846540.0,10294778.0,5368410.0,6467.0,2692245.0,610295.0,480050.0,0.0,1216646.0,245.0,72359.0,20741495.0,2757391.0,4655735.0,552950.0,0.0,561941.0,2494126.0,3356816.0,0.0,1707863.0,0.0,3151045.0,,5474228.0,0.0,24712095.0,122831577.0,122963358.0,5012823.0,0.0,315615.0,4587651.0,217112.0,532727.0,18618116.0,4654529.0,532727.0,4121802.0,18056423.0,18248162.0,13571161.0,49447.0,18104878.0,143284.0,178617275.0,55785698.0,122831577.0,1611577.0,212743391.0,3608856.0,view-royal-t,View Royal,view-royal-t|2022,View Royal|2022,"5,000 to 19,999",11447370.0,3309007.0,1769300.0,21343938.0,-3970600.0,-0.19143268120258447,1645.366888783119,1960.3438838648262,1577.2792321116929,908.0890052356021,363.9259876249405,1.8860917563737312,0.0075752153447624605,0.9830365776204065,0.8855465289828466,0.9921480311277376,,,,,,,,,,,,,,,,,,,,,,
View Royal,T,CAP,2023,13219.0,1457.0,49.0,49147681.0,122881.0,51566355.0,5354588.0,4146384.0,23694223.0,27872132.0,122330937.0,0.0,1509998.0,15833764.0,118037265.0,150203069.0,11383295.0,5420897.0,7040.0,7190286.0,745701.0,2028004.0,0.0,1138436.0,5834.0,116184.0,28035677.0,2813575.0,5536345.0,638625.0,0.0,527180.0,2845357.0,3368307.0,0.0,1750102.0,0.0,3164434.0,0.0,35222.0,0.0,20679147.0,122183649.0,122330937.0,4587651.0,0.0,315615.0,4146384.0,217112.0,532727.0,21208048.0,5302012.0,532727.0,4769285.0,19876171.0,20137898.0,17617890.0,168652.0,20015017.0,122881.0,180853525.0,58669876.0,122183649.0,2780314.0,350404023.0,5227000.0,view-royal-t,View Royal,view-royal-t|2023,View Royal|2023,"5,000 to 19,999",17343762.0,7943027.0,3288458.0,17297601.0,7356530.0,0.26239887126677913,2120.8621680913834,1564.3503290717906,2108.490203494969,1312.032831530373,313.6685074513957,2.074247423095495,0.00793459497467014,0.9850829338223666,0.8995236148088688,0.9938980225244959,,,,,,,,,,,,,,,,,,,,,,
View Royal,T,CAP,2024,13219.0,1457.0,49.0,53150526.0,283848.0,55732807.0,4000716.0,3688412.0,24307667.0,31425140.0,123445809.0,0.0,1201652.0,17871568.0,119662495.0,154870949.0,12323694.0,6369542.0,734754.0,3057311.0,91385.0,2203075.0,0.0,1398498.0,0.0,0.0,26178259.0,2794298.0,5712872.0,684366.0,0.0,709841.0,2834995.0,3530297.0,0.0,1866078.0,0.0,3314066.0,0.0,63566.0,0.0,21510379.0,123278431.0,123445809.0,4146384.0,0.0,315615.0,3688412.0,266198.0,581813.0,23063468.0,5765867.0,581813.0,5184054.0,21615128.0,22069738.0,19179602.0,345138.0,21785890.0,283848.0,184957023.0,61678592.0,123278431.0,4753869.0,349648298.0,5227000.0,view-royal-t,View Royal,view-royal-t|2024,View Royal|2024,"5,000 to 19,999",19073220.0,3883450.0,3601573.0,17930115.0,4667880.0,0.1783113231479603,1980.3509342612906,1627.2319388758606,2377.2705953551704,1442.864059308571,279.02352674181105,2.1865745486804635,0.013596145118372633,0.9850506922816481,0.899093579508511,0.9871385876896228,2866.2208483821423,3546.5079302077975,2297.657175284081,2783.665107049771,1859.732534766857,2437.8724475115623,918.4907099893891,1604.3462673977224,814.8464198087386,518.5374381567245,1.5120151567026447,1.7099330852451193,0.024769834473671436,0.02529861000232605,0.9804574834797263,0.9815511712696461,0.8566659461626738,0.8619101997275483,0.9770312225566793,0.9623635142836453,0.17479552285244132,0.19976549769108282
Warfield,V,KOO,2019,1739.0,193.0,18.0,2338512.0,142286.0,2675993.0,84673.0,707225.0,2357714.0,318279.0,7324768.0,184530.0,0.0,67223.0,6334969.0,7643047.0,1402456.0,625399.0,59806.0,509685.0,0.0,57251.0,0.0,0.0,50000.0,64838.0,2769435.0,542064.0,90425.0,143120.0,0.0,8538.0,474872.0,421592.0,338302.0,211424.0,0.0,331867.0,,0.0,0.0,2562204.0,7324768.0,7324768.0,854064.0,0.0,120248.0,989799.0,58019.0,-105326.0,2598453.0,649613.0,-105326.0,754939.0,2289214.0,2423419.0,1671808.0,87202.0,2281133.0,142286.0,13698994.0,6374226.0,7324768.0,442808.0,77240.0,0.0,warfield-v,Warfield,warfield-v|2019,Warfield|2019,"Under 5,000",251753.0,569491.0,172089.0,2172318.0,207231.0,0.07482789810918111,1592.5445658424383,1473.37780333525,183.02415181138585,144.76883266244968,569.1771132834963,0.9918556703654472,5.732884515794925,1.0,1.1621365335976959,0.9412870824236337,,,,,,,,,,,,,,,,,,,,,,
Warfield,V,KOO,2020,1709.0,193.0,18.0,3643974.0,139149.0,3892600.0,132836.0,600602.0,2345540.0,1547060.0,6924652.0,0.0,0.0,333103.0,6115982.0,8471712.0,1420777.0,524052.0,42127.0,1214783.0,22000.0,73295.0,0.0,0.0,0.0,66366.0,3363400.0,605056.0,72194.0,156640.0,0.0,21471.0,427280.0,251446.0,386499.0,214033.0,0.0,400116.0,,0.0,0.0,2534735.0,6924652.0,6924652.0,989799.0,0.0,149418.0,808670.0,58982.0,208400.0,2544380.0,636095.0,208400.0,427695.0,2415416.0,2576660.0,1802192.0,106989.0,2437511.0,139149.0,13698994.0,6774342.0,6924652.0,0.0,77240.0,0.0,warfield-v,Warfield,warfield-v|2020,Warfield|2020,"Under 5,000",333103.0,1278910.0,139661.0,2075637.0,828665.0,0.2463771778557412,1968.0514921006436,1483.1685196021065,905.2428320655354,194.91105909888824,473.18314803978933,1.5535757224349191,0.0,1.0,0.6723759815750792,0.9459963673903425,,,,,,,,,,,,,,,,,,,,,,
Warfield,V,KOO,2021,1793.0,193.0,18.0,3958685.0,110321.0,4185290.0,253363.0,488600.0,2426005.0,1759285.0,6671497.0,0.0,0.0,415697.0,6045820.0,8430782.0,1472669.0,584845.0,0.0,491133.0,51104.0,81459.0,0.0,0.0,5000.0,82387.0,2768597.0,718971.0,62884.0,167703.0,0.0,48500.0,471497.0,459653.0,329090.0,233074.0,0.0,318155.0,,0.0,0.0,2809527.0,6671497.0,6671497.0,808670.0,0.0,151515.0,625677.0,29153.0,180668.0,2671250.0,667813.0,180668.0,487145.0,2471707.0,2639383.0,1866506.0,120827.0,2529062.0,110321.0,13697452.0,7025955.0,6671497.0,65000.0,77240.0,0.0,warfield-v,Warfield,warfield-v|2021,Warfield|2021,"Under 5,000",415697.0,542237.0,168846.0,2462219.0,-40930.0,-0.014783661182902388,1544.1143335192414,1566.9419966536532,981.1963190184049,231.84439486893476,348.9553820412716,1.6317711628788893,0.8415328845157949,1.0,0.7294631880481512,0.9582019737188577,,,,,,,,,,,,,,,,,,,,,,
Warfield,V,KOO,2022,1822.0,193.0,18.0,4067177.0,110974.0,4346090.0,248626.0,372680.0,2509989.0,1836101.0,6691535.0,427360.0,0.0,67891.0,6239793.0,8527636.0,1594514.0,697245.0,0.0,658941.0,31705.0,81214.0,0.0,0.0,0.0,0.0,3063619.0,728133.0,68147.0,184744.0,0.0,46674.0,461940.0,563098.0,344423.0,243838.0,0.0,325768.0,,0.0,0.0,2966765.0,6691535.0,6691535.0,625677.0,0.0,138536.0,451742.0,20184.0,158720.0,2929574.0,732394.0,158720.0,573674.0,2707705.0,2832312.0,2088900.0,85834.0,2721338.0,110974.0,14043258.0,7351723.0,6691535.0,345806.0,127304.0,0.0,warfield-v,Warfield,warfield-v|2022,Warfield|2022,"Under 5,000",495251.0,690646.0,81214.0,2620813.0,96854.0,0.03161424446055466,1681.459385290889,1628.301317233809,1007.7392974753019,271.8172338090011,247.93743139407246,1.6203963443664493,2.716379689561993,1.0,0.7832860454891766,0.9608185821336067,,,,,,,,,,,,,,,,,,,,,,
Warfield,V,KOO,2023,1881.0,193.0,18.0,4736682.0,148362.0,5295388.0,383325.0,252702.0,3461226.0,1834162.0,8162410.0,317435.0,0.0,1012978.0,6964708.0,9996572.0,1810059.0,741408.0,0.0,2032273.0,172067.0,107559.0,0.0,0.0,0.0,0.0,4863366.0,748909.0,57227.0,179559.0,0.0,29869.0,813359.0,515499.0,328303.0,313031.0,0.0,377041.0,31633.0,0.0,0.0,3394430.0,8162410.0,8162410.0,451742.0,237383.0,162420.0,487249.0,28223.0,190643.0,3071570.0,767893.0,190643.0,577250.0,2974392.0,3102370.0,2323402.0,74503.0,2954008.0,148362.0,15891176.0,7728766.0,8162410.0,1169094.0,392136.0,0.0,warfield-v,Warfield,warfield-v|2023,Warfield|2023,"Under 5,000",1330413.0,2204340.0,107559.0,2989166.0,1468936.0,0.30204101439208975,2585.5215311004786,1804.5879851143009,975.0994152046784,707.2902711323763,259.03721424774056,1.3684983297825684,2.9813483077299714,1.0,0.7517323377085089,0.9521778511267193,,,,,,,,,,,,,,,,,,,,,,
Warfield,V,KOO,2024,1881.0,193.0,18.0,5304075.0,134212.0,5541746.0,321517.0,128524.0,3807218.0,1734528.0,8457995.0,398752.0,0.0,665932.0,7311524.0,10192523.0,1936765.0,674549.0,4110.0,607772.0,92101.0,136548.0,0.0,0.0,0.0,0.0,3451845.0,732308.0,64933.0,87870.0,0.0,38804.0,612097.0,523596.0,365463.0,390706.0,0.0,407257.0,32860.0,0.0,0.0,3255894.0,8382287.0,8457995.0,487249.0,0.0,145775.0,297819.0,38527.0,184302.0,3205107.0,801277.0,184302.0,616975.0,3199055.0,3368414.0,2549678.0,121908.0,3234202.0,134212.0,16518310.0,8136023.0,8382287.0,597505.0,86735734.0,1047600.0,warfield-v,Warfield,warfield-v|2024,Warfield|2024,"Under 5,000",1064684.0,703983.0,136548.0,2810110.0,195951.0,0.05676703328220126,1835.1116427432216,1730.9377990430621,922.1307814992025,566.020202020202,158.33014354066987,1.393162934194995,0.006888798565998185,0.9879219330754727,0.7699896540147789,0.9601557290760577,4648.097865362712,3546.5079302077975,3428.422456291105,2783.665107049771,5030.364110900993,2437.8724475115623,2420.45,1604.3462673977224,224.31236112962716,518.5374381567245,2.204313821553219,1.7099330852451193,0.030042455998363887,0.02529861000232605,0.9786113537119745,0.9815511712696461,0.9039920521842442,0.8619101997275483,0.9333160528846489,0.9623635142836453,0.20869205825466772,0.19976549769108282
Wells,D,CAR,2019,231.0,15697.0,0.0,273243.0,93775.0,639213.0,134118.0,0.0,229043.0,410170.0,6420705.0,0.0,0.0,130210.0,6418033.0,6830875.0,207741.0,191181.0,68650.0,745634.0,101481.0,0.0,-36915.0,0.0,0.0,0.0,1277772.0,759351.0,14730.0,15843.0,0.0,300959.0,0.0,0.0,53195.0,36755.0,40587.0,199372.0,,0.0,0.0,1420792.0,6418033.0,6420705.0,0.0,0.0,0.0,0.0,0.0,0.0,852661.0,213165.0,0.0,213165.0,321005.0,401138.0,158219.0,2650.0,307363.0,93775.0,9437347.0,3019314.0,6418033.0,303568.0,257524.0,0.0,wells-d,Wells,wells-d|2019,Wells|2019,"Under 5,000",130210.0,915765.0,-36915.0,1221420.0,-143020.0,-0.11192920176682539,5531.480519480519,6150.614718614718,1775.6277056277056,563.6796536796537,0.0,1.1929768646062093,1.178794986098383,1.0,1.0,0.7662275825277086,,,,,,,,,,,,,,,,,,,,,,
Wells,D,CAR,2020,231.0,15697.0,0.0,623873.0,125694.0,1198443.0,58405.0,0.0,143880.0,1054563.0,6285759.0,0.0,0.0,194473.0,6282956.0,7340322.0,206058.0,100944.0,67091.0,804743.0,170219.0,0.0,168962.0,0.0,0.0,13343.0,1531360.0,598033.0,26055.0,13693.0,0.0,0.0,0.0,0.0,68522.0,56732.0,104959.0,153919.0,,0.0,0.0,1021913.0,6282956.0,6285759.0,0.0,0.0,0.0,0.0,0.0,0.0,784800.0,196200.0,0.0,196200.0,326189.0,377061.0,251367.0,0.0,251367.0,125694.0,9456189.0,3173233.0,6282956.0,18842.0,3291383.0,139374.0,wells-d,Wells,wells-d|2020,Wells|2020,"Under 5,000",194473.0,1042053.0,182305.0,867994.0,509447.0,0.3326761832619371,6629.264069264069,4423.865800865801,4565.207792207792,841.8744588744589,0.0,4.336064776202391,0.005724645232718283,0.9576548824612633,1.0,0.6666481020312364,,,,,,,,,,,,,,,,,,,,,,
Wells,D,CAR,2021,231.0,15697.0,,,,,,,,,,,,,,,,,,,,,,,,,,,,,,,,,,,,,,,,,,,,,,,,,,,,,,,,,,,,,,,,,wells-d,Wells,wells-d|2021,Wells|2021,"Under 5,000",0,0,0,,,,,,,0.0,,,,,,,,,,,,,,,,,,,,,,,,,,,,
Wells,D,CAR,2022,232.0,15697.0,,,,,,,,,,,,,,,,,,,,,,,,,,,,,,,,,,,,,,,,,,,,,,,,,,,,,,,,,,,,,,,,,wells-d,Wells,wells-d|2022,Wells|2022,"Under 5,000",0,0,0,,,,,,,0.0,,,,,,,,,,,,,,,,,,,,,,,,,,,,
Wells,D,CAR,2023,227.0,15697.0,,,,,,,,,,,,,,,,,,,,,,,,,,,,,,,,,,,,,,,,,,,,,,,,,,,,,,,,,,,,,,,,,wells-d,Wells,wells-d|2023,Wells|2023,"Under 5,000",0,0,0,,,,,,,0.0,,,,,,,,,,,,,,,,,,,,,,,,,,,,
Wells,D,CAR,2024,227.0,15697.0,,,,,,,,,,,,,,,,,,,,,,,,,,,,,,,,,,,,,,,,,,,,,,,,,,,,,,,,,,,,,,,,,wells-d,Wells,wells-d|2024,Wells|2024,"Under 5,000",0,0,0,,,,,,,0.0,,,,,,,4486.511144130758,3546.5079302077975,3557.844717668488,2783.665107049771,5496.677373974208,2437.8724475115623,3386.4506393861893,1604.3462673977224,624.7436119532265,518.5374381567245,3.324657351485151,1.7099330852451193,0.02521828600111612,0.02529861000232605,0.9816336034641139,0.9815511712696461,0.8531878894527055,0.8619101997275483,0.9614729661922712,0.9623635142836453,0.23352896680225554,0.19976549769108282
West Kelowna,C,COK,2019,35818.0,12218.0,256.0,55623923.0,2926109.0,74421407.0,8179785.0,16563331.0,67526081.0,6895326.0,378388700.0,3274062.0,215498.0,11327219.0,360781020.0,385284026.0,34603407.0,23145843.0,386011.0,281550.0,2466710.0,1679477.0,0.0,1971558.0,0.0,5206517.0,69741073.0,7916640.0,15920513.0,2431843.0,90022.0,2636839.0,5723434.0,8067926.0,5704016.0,4891789.0,381694.0,11856221.0,,12289.0,0.0,65633226.0,377344351.0,378388700.0,18820360.0,0.0,1547830.0,16563331.0,965472.0,2513302.0,64173889.0,16043472.0,2513302.0,13530170.0,56612341.0,59642971.0,45251278.0,2229344.0,56716862.0,2926109.0,616461174.0,239116823.0,377344351.0,15106946.0,114858948.0,0.0,west-kelowna-c,West Kelowna,west-kelowna-c|2019,West Kelowna|2019,"20,000 to 99,999",14816779.0,3134271.0,8857552.0,52811533.0,4107847.0,0.0589014023343174,1947.0956781506504,1832.4090122284886,192.51007873136413,413.6685186219219,462.4303702049249,0.8237398376488042,0.13152606969724293,1.0,0.84334425864925,0.9509395834758131,,,,,,,,,,,,,,,,,,,,,,
West Kelowna,C,COK,2020,36496.0,12218.0,257.0,65130882.0,3251324.0,84319314.0,15530937.0,14343455.0,74224180.0,10095134.0,386305411.0,4737553.0,569800.0,12843195.0,370533103.0,396400545.0,35860409.0,24418233.0,5779699.0,5263917.0,1430292.0,1208722.0,0.0,333147.0,0.0,4350982.0,78645401.0,7847637.0,16902740.0,1696720.0,66976.0,2762391.0,5808567.0,8109394.0,6257643.0,5119630.0,366893.0,12384765.0,,205521.0,0.0,67528877.0,385349441.0,386305411.0,16563331.0,500000.0,1545765.0,14816338.0,790808.0,2336573.0,65464260.0,16366065.0,2336573.0,14029492.0,57567177.0,60766439.0,45774339.0,2425285.0,57515115.0,3251324.0,635585085.0,250235644.0,385349441.0,20595377.0,126671723.0,0.0,west-kelowna-c,West Kelowna,west-kelowna-c|2020,West Kelowna|2020,"20,000 to 99,999",18150548.0,12473908.0,5892851.0,54353304.0,11116524.0,0.14134995636934955,2154.904674484875,1850.3089927663304,276.6093270495397,497.3297895659798,405.97155852696187,0.8774887374976726,0.16258859129910153,1.0,0.8572306171336849,0.9464947419413535,,,,,,,,,,,,,,,,,,,,,,
West Kelowna,C,COK,2021,38311.0,12218.0,509.0,63217545.0,2911626.0,84334300.0,13357029.0,15150805.0,76240622.0,8093678.0,403267006.0,7740902.0,1030371.0,16505494.0,384324588.0,411360684.0,38685335.0,27067226.0,5796921.0,798373.0,2925383.0,1126204.0,0.0,3265952.0,0.0,4066014.0,83731408.0,8272536.0,16271812.0,1780086.0,65341.0,2831106.0,5722473.0,8563372.0,6624787.0,5148320.0,317469.0,12695804.0,,478163.0,0.0,68771269.0,400821854.0,403267006.0,14816338.0,3843410.0,1705851.0,16497266.0,703238.0,2409089.0,70827643.0,17706911.0,2409089.0,12323922.0,62756449.0,66659579.0,51095769.0,2948290.0,63747953.0,2911626.0,660126224.0,259304370.0,400821854.0,28646380.0,142419284.0,0.0,west-kelowna-c,West Kelowna,west-kelowna-c|2021,West Kelowna|2021,"20,000 to 99,999",25276767.0,9520677.0,8458170.0,55372227.0,14960139.0,0.17866818864433762,2185.570932630315,1795.078932943541,211.26250946203442,659.7783143222573,430.6143405288298,0.8291845389194228,0.20114116006930635,1.0,0.6959950270264531,0.9563209662635284,,,,,,,,,,,,,,,,,,,,,,
West Kelowna,C,COK,2022,38745.0,12218.0,522.0,59607916.0,3640119.0,86751048.0,17440543.0,29673283.0,87161274.0,-410226.0,445927561.0,8423096.0,1055070.0,18749563.0,411709742.0,445517335.0,40716284.0,32862532.0,666643.0,23649117.0,1495091.0,1913997.0,0.0,6365097.0,0.0,0.0,107668761.0,9027826.0,17864462.0,1848972.0,76191.0,3187235.0,7102371.0,9278403.0,7191189.0,5231950.0,0.0,12562802.0,,140709.0,0.0,73512110.0,444298367.0,445927561.0,16497266.0,18469192.0,1764058.0,32588625.0,912998.0,2677056.0,75150966.0,18787742.0,2677056.0,14777136.0,67092046.0,70536874.0,54528892.0,2541322.0,66896755.0,3640119.0,715569606.0,271271239.0,444298367.0,56180024.0,178009502.0,0.0,west-kelowna-c,West Kelowna,west-kelowna-c|2022,West Kelowna|2022,"20,000 to 99,999",28227729.0,25810851.0,8279094.0,60036310.0,34156651.0,0.3172382656098364,2778.907239643825,1897.3315266485997,-10.587843592721642,728.551529229578,841.105303910182,0.6838807335468732,0.31560126492573415,1.0,0.7865307070961481,0.9483940980996691,,,,,,,,,,,,,,,,,,,,,,
West Kelowna,C,COK,2023,46358.0,12218.0,525.0,75721700.0,3813090.0,101258060.0,23903267.0,40253192.0,110629273.0,-9371213.0,484788580.0,9835708.0,1591757.0,24540607.0,438296534.0,475417367.0,42891227.0,29884368.0,938879.0,20417617.0,1559682.0,3529612.0,0.0,5697778.0,3470911.0,5834966.0,114225040.0,8620296.0,23862470.0,1926833.0,100521.0,1865384.0,9203098.0,9772530.0,10221167.0,5536988.0,0.0,12916993.0,151294.0,147434.0,0.0,84325008.0,482564142.0,484788580.0,32588625.0,12600000.0,2084611.0,42557486.0,2120987.0,4205598.0,81821645.0,20455411.0,4205598.0,16038443.0,72274015.0,76506818.0,59904907.0,3225088.0,72693728.0,3813090.0,765091507.0,282527365.0,482564142.0,49695599.0,155211974.0,0.0,west-kelowna-c,West Kelowna,west-kelowna-c|2023,West Kelowna|2023,"20,000 to 99,999",35968072.0,22916178.0,18533267.0,69287028.0,29900032.0,0.2617642506406651,2463.9768756201734,1818.9958151775313,-202.14877691013416,775.876267310928,918.0181629923637,0.6844635054231984,0.3201788993418768,1.0,0.7840684794844748,0.9501601282123641,,,,,,,,,,,,,,,,,,,,,,
West Kelowna,C,COK,2024,46358.0,12218.0,530.0,56781646.0,5150394.0,81560858.0,19782990.0,43605248.0,112264200.0,-30703342.0,506529734.0,13287027.0,2318476.0,27117488.0,454961315.0,475826392.0,46264222.0,36998126.0,1706182.0,1714607.0,0.0,3081126.0,0.0,367176.0,69610.0,97815.0,90298864.0,10247737.0,21400167.0,1981465.0,0.0,1964161.0,11125683.0,10339596.0,12730334.0,6151030.0,121918.0,13849006.0,79008.0,27829.0,0.0,90017934.0,504709706.0,506529734.0,42557486.0,8212993.0,2313359.0,47959261.0,2514843.0,4828202.0,86203430.0,21550858.0,4828202.0,13766461.0,76899991.0,83236655.0,63372113.0,4995638.0,78086261.0,5150394.0,800520672.0,295810966.0,504709706.0,36022399.0,504709706.0,13849006.0,west-kelowna-c,West Kelowna,west-kelowna-c|2024,West Kelowna|2024,"20,000 to 99,999",42722991.0,3420789.0,3615727.0,73654085.0,280930.0,0.0031111133358222537,1947.8593554510549,1941.7993442340048,-662.309461150179,921.5883126968376,1034.541201087191,0.505785869404494,0.07137251091422442,0.9725604524039012,0.6387894625819538,0.938123486581723,2823.8160359162957,3546.5079302077975,2313.177731087988,2783.665107049771,1634.933826557682,2437.8724475115623,1015.8871081440785,1604.3462673977224,757.3716446138835,518.5374381567245,1.4428133381403412,1.7099330852451193,0.021350493990494074,0.02529861000232605,0.9847118933607182,0.9815511712696461,0.8457939120832807,0.8619101997275483,0.9744645665293163,0.9623635142836453,0.16542076645989975,0.19976549769108282
West Vancouver,D,GVR,2019,43945.0,8913.0,296.0,162267505.0,3888792.0,195106671.0,26494998.0,31742812.0,140627619.0,54479052.0,514313903.0,6536675.0,10674589.0,85635486.0,480434311.0,568792955.0,76070574.0,73347331.0,0.0,1407043.0,18333382.0,4416053.0,0.0,5232509.0,0.0,0.0,178806892.0,22082454.0,35647458.0,6973431.0,0.0,5911689.0,27905880.0,28614244.0,8181412.0,9901997.0,1259669.0,15427635.0,,776036.0,0.0,162681905.0,512177123.0,514313903.0,33009980.0,0.0,1027097.0,31742812.0,1239072.0,2266169.0,154403495.0,38600874.0,2266169.0,36334705.0,167748223.0,171173353.0,162995034.0,1695074.0,167284561.0,3888792.0,837350503.0,325173380.0,512177123.0,28155775.0,935975637.0,19354043.0,west-vancouver-d,West Vancouver,west-vancouver-d|2019,West Vancouver|2019,"20,000 to 99,999",102846750.0,19740425.0,9648562.0,146015198.0,16124987.0,0.09018101494656033,4068.879098873592,3701.9434520423256,1239.7099101149163,2340.3515758334283,722.3304585277051,1.1538807679023564,0.0300817391895426,0.9793220654097003,0.9412922878378349,0.9772815573695048,,,,,,,,,,,,,,,,,,,,,,
West Vancouver,D,GVR,2020,43805.0,8913.0,296.0,258163144.0,4831909.0,289050915.0,81206443.0,30429226.0,196240093.0,92810822.0,525357694.0,10339573.0,13786620.0,109906955.0,494942910.0,618168516.0,78525219.0,67934865.0,0.0,6395701.0,18498623.0,3952851.0,0.0,22716285.0,5049713.0,0.0,203073257.0,20195957.0,35276293.0,5761602.0,0.0,6255241.0,27877795.0,22774257.0,6985277.0,11341282.0,1085987.0,16144005.0,,0.0,0.0,153697696.0,523440294.0,525357694.0,31742812.0,0.0,1027097.0,30429226.0,1218653.0,2245750.0,151054906.0,37763727.0,2245750.0,35517977.0,152769302.0,157303258.0,147712705.0,1768219.0,152471349.0,4831909.0,838793493.0,315353199.0,523440294.0,24934627.0,941631572.0,20079032.0,west-vancouver-d,West Vancouver,west-vancouver-d|2020,West Vancouver|2020,"20,000 to 99,999",134033148.0,24894324.0,31718849.0,136335038.0,49375561.0,0.24314162154793234,4635.8465243693645,3508.6792831868506,2118.7266750370964,3059.76824563406,694.651889053761,1.3155473993787803,0.02648023679477901,0.9786763394547693,0.9405315582331162,0.9692828421900835,,,,,,,,,,,,,,,,,,,,,,
West Vancouver,D,MVRD,2021,45503.0,8913.0,296.0,229049432.0,4071872.0,257637109.0,31486324.0,29066114.0,148200591.0,109436518.0,538808706.0,6767492.0,24022240.0,49920098.0,502905804.0,648245224.0,82224228.0,76587742.0,0.0,1512658.0,19817723.0,3087443.0,0.0,9827408.0,0.0,0.0,193057202.0,23621818.0,37012105.0,3979621.0,0.0,6814962.0,29463888.0,24985857.0,6989083.0,12714693.0,1114565.0,16161367.0,,122537.0,0.0,162980496.0,537007401.0,538808706.0,30429226.0,0.0,1036267.0,29066114.0,1197538.0,2233805.0,162511468.0,40627867.0,2233805.0,38394062.0,164375712.0,168972877.0,159470550.0,2371902.0,164901005.0,4071872.0,844652565.0,307645164.0,537007401.0,23277706.0,924241393.0,19516840.0,west-vancouver-d,West Vancouver,west-vancouver-d|2021,West Vancouver|2021,"20,000 to 99,999",80709830.0,21330381.0,12914851.0,145621591.0,30076706.0,0.15579168085115,4242.735687756851,3581.7527635540514,2405.0396237610707,1773.7254686504186,638.773575368657,1.5455365626713324,0.02518574279003321,0.9788833954551092,0.9450179109821345,0.9759022153596876,,,,,,,,,,,,,,,,,,,,,,
West Vancouver,D,MVRD,2022,45406.0,8913.0,296.0,266089607.0,3481843.0,302719587.0,49785571.0,27653748.0,197520341.0,105199246.0,550081023.0,16652124.0,25884307.0,84844770.0,520264867.0,655280269.0,86189799.0,100673031.0,48163.0,1900125.0,1050193.0,5316632.0,0.0,7801200.0,0.0,0.0,202979143.0,27414123.0,38779337.0,3990850.0,0.0,7596534.0,31257074.0,29011966.0,7459077.0,12689641.0,1606213.0,15876667.0,,1037052.0,0.0,176718534.0,547918614.0,550081023.0,29066114.0,0.0,1036267.0,27653748.0,1054477.0,2090744.0,192463426.0,48115857.0,2090744.0,46025113.0,182926003.0,187910590.0,178582601.0,2773770.0,184428747.0,3481843.0,843810211.0,295891597.0,547918614.0,32860415.0,1000924361.0,20367383.0,west-vancouver-d,West Vancouver,west-vancouver-d|2022,West Vancouver|2022,"20,000 to 99,999",127381201.0,2998481.0,13117832.0,159787390.0,26260609.0,0.1293758984882501,4470.31544289301,3891.964365942827,2316.8578161476457,2805.382570585385,609.0329031405541,1.3471504031070907,0.0328300681653606,0.9796514264278158,0.9565477135739263,0.9814707462735336,,,,,,,,,,,,,,,,,,,,,,
West Vancouver,D,MVRD,2023,40715.0,8913.0,296.0,304907933.0,4839232.0,345788879.0,55520405.0,25916536.0,203150900.0,142637979.0,568648686.0,13719981.0,36902864.0,116361929.0,533039733.0,711286665.0,90849691.0,113444251.0,49907.0,9247271.0,850700.0,14853155.0,0.0,14584469.0,0.0,0.0,243879444.0,27512758.0,42253353.0,4471022.0,0.0,7818108.0,34918113.0,31468650.0,6527800.0,14922903.0,1772914.0,18233737.0,113535.0,2253392.0,0.0,192266285.0,561615430.0,568648686.0,27653748.0,0.0,1036267.0,25916536.0,1054477.0,2090744.0,219114152.0,54778538.0,2090744.0,52687794.0,196613046.0,201264558.0,191797050.0,2293264.0,196425326.0,4839232.0,874220325.0,312604895.0,561615430.0,32955796.0,1034124465.0,23256915.0,west-vancouver-d,West Vancouver,west-vancouver-d|2023,West Vancouver|2023,"20,000 to 99,999",166984774.0,10147878.0,29437624.0,172978071.0,51613159.0,0.21163390465987778,5989.916345327275,4722.246960579639,3503.327496008842,4101.308461255066,636.535330959106,1.5008938331063264,0.031868307070754776,0.9775105262595253,0.9618327893307411,0.975955866009951,,,,,,,,,,,,,,,,,,,,,,
West Vancouver,D,MVRD,2024,40715.0,8913.0,296.0,315832426.0,5003782.0,359020864.0,51924843.0,24505023.0,201266396.0,157754468.0,578222311.0,16059733.0,36152966.0,101824741.0,543655479.0,735976779.0,98399640.0,113881124.0,426443.0,1758230.0,0.0,17589804.0,0.0,6287280.0,29157.0,0.0,238371678.0,38730434.0,45055104.0,4724093.0,0.0,8784335.0,37831835.0,32131369.0,9040810.0,14297406.0,792124.0,19737859.0,116575.0,2439621.0,0.0,213681565.0,570936238.0,578222311.0,25916536.0,0.0,1036267.0,24505023.0,1001160.0,2037427.0,230147322.0,57536831.0,2037427.0,55499404.0,205933403.0,215289785.0,201617672.0,6183172.0,210286003.0,5003782.0,901231343.0,330295105.0,570936238.0,31746492.0,1103760707.0,25126227.0,west-vancouver-d,West Vancouver,west-vancouver-d|2024,West Vancouver|2024,"20,000 to 99,999",154037440.0,2184673.0,23906241.0,192942546.0,24690113.0,0.10357821536164208,5854.640255434115,5248.227066191821,3874.6031683654674,3783.30934545008,601.8671988210733,1.5692258234703025,0.02876211464918546,0.977235802252562,0.9645891689794316,0.9767579218865401,4511.346779173996,3546.5079302077975,2919.303585494507,2783.665107049771,1671.5377681570433,2437.8724475115623,2013.8680402698296,1604.3462673977224,758.072703793099,518.5374381567245,1.4106251913295584,1.7099330852451193,0.02395434950880719,0.02529861000232605,0.982881188126185,0.9815511712696461,0.7663674777332005,0.8619101997275483,0.9710385348590358,0.9623635142836453,0.1541512928248161,0.19976549769108282
Whistler,D,SQL,2019,13763.0,24090.0,115.0,100704166.0,1683966.0,112915967.0,14331726.0,39999800.0,77158567.0,35757400.0,498642177.0,8887790.0,15871505.0,50979966.0,457137000.0,534399577.0,58621789.0,31187565.0,1535867.0,11303095.0,0.0,3809235.0,33755.0,558793.0,0.0,2256385.0,109306484.0,21112466.0,12424824.0,6095551.0,2468090.0,3018124.0,10485885.0,19558872.0,3225672.0,5079646.0,0.0,13891162.0,,13364.0,0.0,97373656.0,497136806.0,498642177.0,31880447.0,10353826.0,1813741.0,39999800.0,1299528.0,3113269.0,95555118.0,23888780.0,3113269.0,20775511.0,80254196.0,82035083.0,77347295.0,1123748.0,80351117.0,1683966.0,686996632.0,189859826.0,497136806.0,29399764.0,1080953641.0,26182553.0,whistler-d,Whistler,whistler-d|2019,Whistler|2019,"5,000 to 19,999",75739261.0,12838962.0,6658168.0,82182966.0,11932828.0,0.109168528373852,7942.053622030081,7075.031315846836,2598.0818135580907,5503.106953425852,2906.328562086754,1.305158583362493,0.0271979878552442,0.9757782831687599,0.8696765175952895,0.9794726117361275,,,,,,,,,,,,,,,,,,,,,,
Whistler,D,SQL,2020,13948.0,24090.0,183.0,129926127.0,2396861.0,138505290.0,39837850.0,42593415.0,104145575.0,34359715.0,514714601.0,9919035.0,14096668.0,52645013.0,470425652.0,549074316.0,54615856.0,26386222.0,1085446.0,12322998.0,0.0,3567838.0,187049.0,372187.0,3519000.0,1629969.0,103686565.0,17900678.0,12140521.0,5852580.0,2750075.0,2693231.0,9214592.0,15734420.0,2639834.0,5319897.0,0.0,14506529.0,,259472.0,0.0,89011829.0,513019067.0,514714601.0,39999800.0,18506532.0,15443151.0,42593415.0,1368403.0,16811554.0,89521184.0,22380296.0,16811554.0,5568742.0,79536019.0,81574616.0,76790542.0,1306579.0,79177755.0,2396861.0,717049490.0,204030423.0,513019067.0,29907949.0,1076450358.0,30465893.0,whistler-d,Whistler,whistler-d|2020,Whistler|2020,"5,000 to 19,999",76660716.0,13408444.0,9276043.0,73136897.0,14674736.0,0.14152977292670463,7433.794450817321,6381.691210209349,2463.415184972756,5496.179810725552,3053.729208488672,1.2475434217920445,0.027783862746413802,0.9716978188788897,0.24882342932372298,0.9706175631890195,,,,,,,,,,,,,,,,,,,,,,
Whistler,D,SQL,2021,13918.0,24090.0,186.0,105297181.0,2587900.0,116610573.0,25409704.0,53978105.0,103870137.0,12740436.0,538376250.0,11306963.0,8278194.0,40633616.0,482855013.0,551116686.0,56124228.0,29161209.0,2141158.0,7352100.0,0.0,2093291.0,53450.0,824590.0,0.0,1761683.0,99511709.0,20126717.0,13225646.0,5801772.0,3667315.0,3259860.0,8047083.0,18174096.0,3352700.0,6014803.0,0.0,15477381.0,,321966.0,0.0,97469339.0,536833118.0,538376250.0,42593415.0,23666304.0,11760780.0,53978105.0,1260951.0,13021731.0,88784530.0,22196133.0,13021731.0,9174402.0,85927185.0,88707127.0,82972564.0,2043103.0,86119227.0,2587900.0,755278688.0,218445570.0,536833118.0,19026138.0,1156222860.0,30152314.0,whistler-d,Whistler,whistler-d|2021,Whistler|2021,"5,000 to 19,999",60218773.0,9493258.0,4733014.0,80731007.0,2042370.0,0.020523916436808457,7149.856947837333,7003.1138813047855,915.3927288403506,4326.682928581693,3878.2946544043684,1.0137387322402396,0.016455424519110442,0.9739217109061483,0.4133333495523747,0.9708264703466273,,,,,,,,,,,,,,,,,,,,,,
Whistler,D,SQL,2022,13537.0,24090.0,180.0,108463027.0,2330755.0,126936495.0,25359591.0,38032037.0,91385409.0,35551086.0,544820990.0,12666435.0,6092729.0,41136892.0,504887113.0,580372076.0,66692111.0,33446674.0,141249.0,7873522.0,621904.0,3063896.0,53510.0,4148239.0,25727164.0,0.0,141768269.0,25159312.0,14725684.0,6511643.0,6342593.0,3556299.0,8037979.0,19917584.0,3244953.0,5527872.0,0.0,15932770.0,,0.0,0.0,108956689.0,542919150.0,544820990.0,53978105.0,0.0,15477047.0,38032037.0,1278963.0,16756010.0,90446222.0,22611556.0,16756010.0,5855546.0,96067433.0,99296531.0,92931223.0,2267135.0,96965776.0,2330755.0,776543136.0,233623986.0,542919150.0,40875980.0,1086060694.0,29680795.0,whistler-d,Whistler,whistler-d|2022,Whistler|2022,"5,000 to 19,999",59896056.0,8636675.0,32992809.0,91744956.0,32811580.0,0.23144516210464558,10472.650439536086,8048.806160892369,2626.2160005909727,4424.618157642019,2809.4878481199676,1.186874668361992,0.037636920501608724,0.972671145209496,0.2589625411006655,0.9765273270221293,,,,,,,,,,,,,,,,,,,,,,
Whistler,D,SQL,2023,14025.0,24090.0,177.0,136064600.0,2500346.0,151813643.0,23751331.0,45470393.0,97543209.0,54270434.0,556965695.0,14204324.0,3250717.0,71527482.0,503736871.0,611236129.0,73406749.0,39539474.0,1169.0,16614115.0,604953.0,5071017.0,246432.0,2147665.0,8244009.0,0.0,145875583.0,28632070.0,15745184.0,6796368.0,4129233.0,4146636.0,9759715.0,22131665.0,1029068.0,5714179.0,0.0,16259989.0,28436.0,57444.0,0.0,114429987.0,550834793.0,556965695.0,38032037.0,10131903.0,2177557.0,45470393.0,1312042.0,3489599.0,102156420.0,25539105.0,3489599.0,22049506.0,107056909.0,110046740.0,104197098.0,1986350.0,107546394.0,2500346.0,800513780.0,249678987.0,550834793.0,44644564.0,1130422654.0,25233000.0,whistler-d,Whistler,whistler-d|2023,Whistler|2023,"5,000 to 19,999",88982523.0,17220237.0,15709123.0,96857956.0,31445596.0,0.21556449237978367,10401.111087344028,8159.000855614973,3869.549661319073,6344.564919786097,3242.0957575757575,1.3949161750460763,0.03949369188774237,0.9776782605066229,0.8633625179895693,0.9772792360773249,,,,,,,,,,,,,,,,,,,,,,
Whistler,D,SQL,2024,14025.0,24090.0,180.0,133646292.0,3008327.0,156261274.0,23236910.0,61911208.0,112258542.0,44002732.0,585440298.0,15133969.0,5134371.0,72673853.0,521274596.0,629443030.0,76791867.0,41084149.0,746727.0,17168209.0,0.0,6819480.0,-1662.0,4331689.0,0.0,0.0,146940459.0,29227920.0,19280645.0,6780658.0,6538382.0,4136603.0,11264547.0,22689180.0,4974746.0,6249170.0,0.0,17504876.0,29652.0,57179.0,0.0,128733558.0,579053749.0,585440298.0,45470393.0,19293927.0,2288273.0,61911208.0,1811655.0,4099928.0,110107359.0,27526840.0,4099928.0,23426912.0,112793267.0,116088236.0,109594651.0,2076568.0,113079909.0,3008327.0,845348838.0,266295089.0,579053749.0,45874488.0,1214092442.0,27346000.0,whistler-d,Whistler,whistler-d|2024,Whistler|2024,"5,000 to 19,999",92942193.0,17914936.0,11149507.0,109417027.0,18206901.0,0.12390665664110931,10477.03807486631,9178.86331550802,3137.449696969697,6626.894331550802,4414.346381461675,1.190522249968292,0.03778500418339644,0.9774761796927486,0.8510570773833829,0.9740858582776639,2567.538946805667,3546.5079302077975,2045.0195609464422,2783.665107049771,2217.25520024837,2437.8724475115623,799.2304887641933,1604.3462673977224,386.9249167164944,518.5374381567245,1.5629948984418691,1.7099330852451193,0.04472396775938227,0.02529861000232605,0.9792813777328785,0.9815511712696461,0.8510570773833829,0.8619101997275483,0.9732053424599786,0.9623635142836453,0.170495619408603,0.19976549769108282
White Rock,C,GVR,2019,21027.0,511.0,81.0,111400431.0,1768832.0,123584233.0,9481104.0,23328618.0,75704504.0,47879729.0,157416326.0,0.0,0.0,20804694.0,133112259.0,205296055.0,24284258.0,21303862.0,2223003.0,2118250.0,230681.0,2239494.0,0.0,13538595.0,28956.0,0.0,65967099.0,5923222.0,10762811.0,777843.0,0.0,1132070.0,5185726.0,7979926.0,2897412.0,2180255.0,79972.0,6751247.0,,52806.0,0.0,43723290.0,156440877.0,157416326.0,24013368.0,0.0,648364.0,23328618.0,694606.0,1342970.0,48162032.0,12040508.0,1342970.0,10461413.0,39830888.0,42464829.0,34636499.0,2008960.0,40695997.0,1768832.0,226874387.0,70433510.0,156440877.0,19781445.0,19881170.0,0.0,white-rock-c,White Rock,white-rock-c|2019,White Rock|2019,"20,000 to 99,999",20804694.0,4571934.0,15807045.0,36277437.0,22243809.0,0.33719550104818163,3137.256812669425,2079.387929804537,2277.0594473771816,989.4275930945927,1109.4601226993866,1.4715165560030616,0.9949839471218244,1.0,0.8688514637422274,0.958345952599974,,,,,,,,,,,,,,,,,,,,,,
White Rock,C,GVR,2020,20922.0,511.0,82.0,127772639.0,1757625.0,136718873.0,9222446.0,22626177.0,75717698.0,61001175.0,157495031.0,0.0,0.0,26632385.0,133635072.0,218496206.0,25199768.0,20935172.0,42232.0,5302210.0,114829.0,1238752.0,0.0,4604723.0,352308.0,0.0,57789994.0,5816252.0,11992616.0,988486.0,0.0,1161691.0,5843040.0,7015150.0,2834040.0,2310767.0,110159.0,6404914.0,,112728.0,0.0,44589843.0,156425967.0,157495031.0,23328618.0,248299.0,727467.0,22790895.0,710653.0,1438120.0,47712589.0,11928147.0,1438120.0,10490027.0,40196157.0,42193473.0,35092603.0,1216675.0,40435848.0,1757625.0,232011464.0,75585497.0,156425967.0,6517491.0,21490166.0,0.0,white-rock-c,White Rock,white-rock-c|2020,White Rock|2020,"20,000 to 99,999",26632385.0,5459271.0,6195783.0,37474276.0,13200151.0,0.22841585690422464,2762.163942261734,2131.241898480069,2915.6474046458275,1272.9368607207723,1089.3267852021795,1.6874871050622802,0.3032778341498153,1.0,0.8794347521035748,0.9583436755727598,,,,,,,,,,,,,,,,,,,,,,
White Rock,C,MVRD,2021,21522.0,511.0,82.0,145498168.0,1287510.0,151477353.0,12782449.0,21900837.0,80116027.0,71361326.0,158301648.0,0.0,0.0,31428393.0,135089128.0,229662974.0,26633233.0,23059879.0,19092.0,316512.0,235124.0,868962.0,0.0,4782690.0,160132.0,0.0,56075624.0,5725223.0,12090603.0,979768.0,0.0,1190652.0,6059020.0,6906142.0,2921109.0,2362479.0,111918.0,6370411.0,,191531.0,0.0,44908856.0,157122145.0,158301648.0,22790895.0,0.0,676423.0,22033017.0,698964.0,1375387.0,50747603.0,12686901.0,1375387.0,11311514.0,43489011.0,45493728.0,38516402.0,1455867.0,44206218.0,1287510.0,237759264.0,80637119.0,157122145.0,7270223.0,21601832.0,0.0,white-rock-c,White Rock,white-rock-c|2021,White Rock|2021,"20,000 to 99,999",31428393.0,570728.0,5811784.0,37839481.0,11166768.0,0.19913765025601854,2605.502462596413,2086.6488244586935,3315.7385930675587,1460.2914691943129,1023.743936437134,1.8160931519981638,0.33655585322578196,1.0,0.8915899950665651,0.9716991757633052,,,,,,,,,,,,,,,,,,,,,,
White Rock,C,MVRD,2022,21807.0,511.0,82.0,154866668.0,1519146.0,160772323.0,16161402.0,21151841.0,82770805.0,78001518.0,170351670.0,0.0,0.0,28537275.0,147694468.0,248353188.0,28497334.0,23550060.0,33276.0,461745.0,280295.0,3095022.0,0.0,9930826.0,159062.0,0.0,66007620.0,6125784.0,13379097.0,972637.0,0.0,1349278.0,5781859.0,7684358.0,2850696.0,2312657.0,128712.0,6655816.0,,76512.0,0.0,47317406.0,168945011.0,170351670.0,22033017.0,0.0,677364.0,21250543.0,698025.0,1375389.0,55249815.0,13812454.0,1375389.0,12437065.0,46414013.0,47998058.0,41162103.0,1035934.0,46478912.0,1519146.0,254949000.0,86003989.0,168945011.0,18559333.0,31914402.0,0.0,white-rock-c,White Rock,white-rock-c|2022,White Rock|2022,"20,000 to 99,999",28537275.0,775316.0,13184910.0,39963565.0,18690214.0,0.2831523693779597,3026.900536524969,2169.8264777365066,3576.902737653047,1308.6291099188334,974.4826431879671,1.8710301053614256,0.5815347252942418,1.0,0.9004239941722159,0.9683498444874582,,,,,,,,,,,,,,,,,,,,,,
White Rock,C,MVRD,2023,22362.0,511.0,82.0,171329026.0,1889314.0,177296676.0,8499625.0,20378409.0,75696837.0,101599839.0,170292218.0,0.0,0.0,33407822.0,147807856.0,271892057.0,31051989.0,26036242.0,21800.0,6142178.0,326201.0,7619598.0,0.0,1463038.0,50323.0,0.0,72711369.0,6467676.0,13647062.0,859507.0,0.0,1494313.0,6235391.0,8261165.0,2817597.0,2383897.0,106721.0,6868884.0,0.0,30287.0,0.0,49172500.0,168732243.0,170292218.0,21250543.0,10966.0,681375.0,20450587.0,689572.0,1370947.0,64787282.0,16196821.0,1370947.0,14825874.0,50739248.0,52678738.0,45168300.0,1215282.0,50789424.0,1889314.0,260949362.0,92217119.0,168732243.0,6212603.0,32232935.0,0.0,white-rock-c,White Rock,white-rock-c|2023,White Rock|2023,"20,000 to 99,999",33407822.0,6490179.0,9132959.0,41614044.0,23538869.0,0.32373024086508395,3251.559297021733,2198.9312226097845,4543.41467668366,1493.9550129684285,914.5240586709597,2.263357793932658,0.1927408410062565,1.0,0.9153570320990767,0.9641351696769956,,,,,,,,,,,,,,,,,,,,,,
White Rock,C,MVRD,2024,22362.0,511.0,83.0,185092894.0,3539703.0,193260136.0,9248866.0,19597755.0,77144824.0,116115312.0,173703228.0,0.0,0.0,36136269.0,152056019.0,289818540.0,33087049.0,27949515.0,9900.0,1341181.0,151647.0,8077335.0,0.0,2945060.0,31950.0,0.0,73593637.0,6647718.0,14354795.0,1529457.0,0.0,1811851.0,6187167.0,9624327.0,4685143.0,3629412.0,105680.0,6969020.0,0.0,122584.0,0.0,55667154.0,172161198.0,173703228.0,20450587.0,0.0,675647.0,19631379.0,682853.0,1358500.0,69207338.0,17301835.0,1358500.0,15943335.0,54164100.0,56841917.0,47148562.0,1719976.0,53302214.0,3539703.0,270706483.0,98545285.0,172161198.0,10520559.0,32000450.0,0.0,white-rock-c,White Rock,white-rock-c|2024,White Rock|2024,"20,000 to 99,999",36136269.0,1502728.0,11054345.0,48015281.0,17926483.0,0.24358740416647706,3291.0131920221806,2489.3638314998657,5192.528038636973,1615.967668365978,877.8901261067883,2.3992911565914,0.32876284552248486,1.0,0.9214823167600431,0.9377272409725379,2823.8160359162957,3546.5079302077975,2313.177731087988,2783.665107049771,1634.933826557682,2437.8724475115623,1015.8871081440785,1604.3462673977224,757.3716446138835,518.5374381567245,1.4428133381403412,1.7099330852451193,0.021350493990494074,0.02529861000232605,0.9847118933607182,0.9815511712696461,0.8457939120832807,0.8619101997275483,0.9744645665293163,0.9623635142836453,0.16542076645989975,0.19976549769108282
Williams Lake,C,CAR,2019,11359.0,3291.0,104.0,19770402.0,930250.0,26179815.0,4738368.0,9307122.0,18096782.0,8083033.0,107782299.0,0.0,0.0,0.0,97605147.0,115865332.0,14865257.0,8045800.0,594783.0,3913013.0,3405011.0,335950.0,1683938.0,321344.0,0.0,0.0,33165096.0,1920112.0,6971025.0,1340863.0,0.0,926522.0,3751120.0,5388693.0,1654708.0,930289.0,1416391.0,4280082.0,,13087.0,0.0,28592892.0,107148525.0,107782299.0,10268173.0,296176.0,695323.0,9543378.0,604500.0,1299823.0,22032220.0,5508055.0,1299823.0,4208232.0,22651151.0,23379365.0,19819458.0,377629.0,22449115.0,930250.0,200655639.0,93507114.0,107148525.0,4786301.0,31915248.0,0.0,williams-lake-c,Williams Lake,williams-lake-c|2019,Williams Lake|2019,"5,000 to 19,999",0,7912807.0,2341232.0,23708310.0,4572204.0,0.1378619256823499,2919.7196936350033,2517.2015142178006,711.5972356721543,0.0,840.1600493001145,1.0924816356852838,0.1499690994097868,1.0,0.7640141574475927,0.960210638740616,,,,,,,,,,,,,,,,,,,,,,
Williams Lake,C,CAR,2020,11559.0,3291.0,104.0,19915974.0,812599.0,28356072.0,8959941.0,8324241.0,21181297.0,7174775.0,109345462.0,0.0,0.0,0.0,100402858.0,116520237.0,15086959.0,6560707.0,877775.0,13428374.0,2452697.0,307384.0,27789.0,299000.0,10048.0,24846.0,39075579.0,1763451.0,17982281.0,1286418.0,0.0,1033604.0,3632821.0,4222857.0,1745649.0,908861.0,1246450.0,4598282.0,,0.0,0.0,38420674.0,108727099.0,109345462.0,9543378.0,0.0,865642.0,8324241.0,450517.0,1316159.0,20808538.0,5202135.0,1316159.0,3885976.0,22309471.0,23444918.0,19648941.0,731350.0,22632319.0,812599.0,206586420.0,97859321.0,108727099.0,6191654.0,29683786.0,0.0,williams-lake-c,Williams Lake,williams-lake-c|2020,Williams Lake|2020,"5,000 to 19,999",0,16758846.0,669067.0,33371875.0,654905.0,0.01675995639117721,3380.5328315598235,3323.875248723938,620.7089713643048,0.0,720.152348819102,0.9402622511737596,0.20858707174347638,1.0,0.7469963774488744,0.9653400792444657,,,,,,,,,,,,,,,,,,,,,,
Williams Lake,C,CAR,2021,11505.0,3291.0,111.0,25459908.0,792653.0,32086445.0,5295503.0,7377125.0,17148332.0,14938113.0,109561218.0,0.0,0.0,0.0,101622502.0,124499331.0,15628362.0,8351130.0,977.0,8482421.0,3387631.0,289230.0,651858.0,112500.0,4186.0,116312.0,37024607.0,1776851.0,6532841.0,1213331.0,0.0,956597.0,3808908.0,5206230.0,1771569.0,1234562.0,1816968.0,4689937.0,,37719.0,0.0,29045513.0,108999627.0,109561218.0,8324241.0,0.0,614894.0,7377125.0,317219.0,932113.0,22977612.0,5744403.0,932113.0,4812290.0,23823193.0,24866637.0,21295003.0,569325.0,24073984.0,792653.0,211205460.0,102205833.0,108999627.0,5062267.0,31547966.0,0.0,williams-lake-c,Williams Lake,williams-lake-c|2021,Williams Lake|2021,"5,000 to 19,999",0,11871029.0,1174086.0,24038357.0,7979094.0,0.21550786481001674,3218.1318557149066,2524.59913081269,1298.4018252933506,0.0,641.2103433289874,1.4846871404169222,0.1604625477281166,1.0,0.8377354443969199,0.9681238359654343,,,,,,,,,,,,,,,,,,,,,,
Williams Lake,C,CAR,2022,11385.0,3291.0,112.0,26992480.0,769370.0,32650658.0,4869483.0,6549107.0,16865563.0,15785095.0,113273993.0,0.0,0.0,0.0,105972868.0,129059088.0,16700364.0,11353101.0,124662.0,4242723.0,1419806.0,747370.0,558755.0,4040.0,18747.0,0.0,35169568.0,2047993.0,7213409.0,1242526.0,0.0,1056979.0,4271255.0,4947831.0,1561988.0,995087.0,2155457.0,4739192.0,,0.0,0.0,30231717.0,112521974.0,113273993.0,7377125.0,0.0,565802.0,6549107.0,266756.0,832558.0,27770685.0,6942671.0,832558.0,6110113.0,25169933.0,26123578.0,22499546.0,537412.0,25354208.0,769370.0,219391135.0,106869161.0,112521974.0,8261540.0,35370703.0,0.0,williams-lake-c,Williams Lake,williams-lake-c|2022,Williams Lake|2022,"5,000 to 19,999",0,5787191.0,1328912.0,25225769.0,4937851.0,0.1404012412094456,3089.114448836188,2655.398945981555,1386.481774264383,0.0,575.2399648660519,1.6004493890894718,0.2335701385409275,1.0,0.8800810235714756,0.9705488275763756,,,,,,,,,,,,,,,,,,,,,,
Williams Lake,C,CAR,2023,11626.0,3291.0,112.0,32941437.0,819883.0,41319807.0,3903143.0,5688041.0,14618787.0,26701020.0,114274733.0,0.0,0.0,0.0,107850229.0,140975753.0,18096521.0,13890102.0,239285.0,9096922.0,1103754.0,1560080.0,898903.0,200877.0,21481.0,0.0,45107925.0,2063438.0,7378279.0,1098177.0,0.0,1538567.0,4061583.0,5749323.0,1508231.0,2522533.0,3063172.0,4207957.0,0.0,0.0,0.0,33191260.0,113538273.0,114274733.0,6549107.0,0.0,588011.0,5688041.0,293971.0,881982.0,32342189.0,8085547.0,881982.0,7203565.0,27133545.0,28107247.0,24319116.0,599005.0,27287364.0,819883.0,223720169.0,110181896.0,113538273.0,5256931.0,36856284.0,0.0,williams-lake-c,Williams Lake,williams-lake-c|2023,Williams Lake|2023,"5,000 to 19,999",0,10439961.0,2681341.0,28689332.0,11916665.0,0.2641811832399739,3879.9178565284706,2854.916566316876,2296.664372957165,0.0,489.25176328917945,2.2533632236381855,0.14263323453878313,1.0,0.8909186972755214,0.9708301919430246,,,,,,,,,,,,,,,,,,,,,,
Williams Lake,C,CAR,2024,11626.0,3291.0,112.0,41167866.0,1181928.0,47886250.0,4054237.0,4797484.0,16777945.0,31108305.0,117967167.0,0.0,0.0,0.0,110050456.0,149075472.0,19437286.0,12757948.0,1042250.0,3250197.0,339194.0,2182863.0,1453165.0,9409.0,1174562.0,0.0,41646874.0,2201736.0,8311854.0,1203942.0,0.0,1243773.0,4450999.0,5970657.0,1781445.0,1183052.0,2761924.0,4437773.0,0.0,0.0,0.0,33547155.0,117158290.0,117967167.0,5688041.0,0.0,589605.0,4797484.0,282404.0,872009.0,32862654.0,8215664.0,872009.0,7343655.0,28899888.0,30022382.0,25760224.0,653584.0,28840454.0,1181928.0,231245513.0,114087223.0,117158290.0,5964911.0,1323090904.0,21854721.0,williams-lake-c,Williams Lake,williams-lake-c|2024,Williams Lake|2024,"5,000 to 19,999",0,4631641.0,4819999.0,28826978.0,8099719.0,0.19448564134729535,3582.218647858249,2885.528556683296,2675.753053500774,0.0,412.6512988130053,2.4536894119035435,0.004508315325853075,0.9834820714631713,0.8938601919455323,0.9606317713231415,3601.3561989291247,3546.5079302077975,2957.8976990295423,2783.665107049771,1917.0647247750476,2437.8724475115623,987.5598464714869,1604.3462673977224,936.3446522221191,518.5374381567245,1.3967465323081123,1.7099330852451193,0.018327243000235003,0.02529861000232605,0.982034678745671,0.9815511712696461,0.7988058564062199,0.8619101997275483,0.970292410805516,0.9623635142836453,0.19624174475580758,0.19976549769108282
Zeballos,V,STR,2019,117.0,168.0,7.0,1007425.0,38409.0,1317955.0,64500.0,0.0,217407.0,1100548.0,6069968.0,0.0,0.0,41854.0,6040457.0,7170516.0,190805.0,183246.0,0.0,485390.0,278423.0,0.0,0.0,26789.0,0.0,0.0,1164653.0,302415.0,154565.0,26510.0,0.0,0.0,126547.0,47546.0,15620.0,25089.0,0.0,230002.0,,0.0,0.0,928294.0,6040457.0,6069968.0,0.0,0.0,0.0,0.0,0.0,0.0,706823.0,176706.0,0.0,176706.0,250197.0,291540.0,204366.0,20073.0,253131.0,38409.0,9310824.0,3270367.0,6040457.0,170279.0,6040457.0,230002.0,zeballos-v,Zeballos,zeballos-v|2019,Zeballos|2019,"Under 5,000",41854.0,763813.0,26789.0,698292.0,236359.0,0.20294370941387693,9954.299145299145,7934.136752136752,9406.393162393162,357.7264957264957,0.0,4.633820438164364,0.028189754516918172,0.9619230796610256,1.0,0.8682547849351718,,,,,,,,,,,,,,,,,,,,,,
Zeballos,V,STR,2020,118.0,168.0,7.0,1423330.0,47879.0,1771915.0,88854.0,0.0,213245.0,1558670.0,5973257.0,0.0,0.0,42274.0,5962581.0,7531927.0,187587.0,136587.0,0.0,764147.0,64719.0,6888.0,0.0,26789.0,0.0,12508.0,1199225.0,305059.0,26086.0,30188.0,0.0,0.0,142247.0,44615.0,17850.0,30729.0,0.0,241039.0,,0.0,0.0,837813.0,5962581.0,5973257.0,0.0,0.0,0.0,0.0,0.0,0.0,695430.0,173858.0,0.0,173858.0,239978.0,288586.0,196140.0,17967.0,240707.0,47879.0,9473987.0,3511406.0,5962581.0,163165.0,5962582.0,241039.0,zeballos-v,Zeballos,zeballos-v|2020,Zeballos|2020,"Under 5,000",42274.0,828866.0,46185.0,596774.0,361412.0,0.3013713022994017,10162.92372881356,7100.110169491525,13209.06779661017,358.2542372881356,0.0,6.674623086121597,0.027364822823401004,0.959574727861185,1.0,0.8340910508479275,,,,,,,,,,,,,,,,,,,,,,
Zeballos,V,STR,2021,120.0,168.0,7.0,2284318.0,30013.0,2395194.0,45894.0,0.0,519231.0,1875963.0,5894497.0,0.0,0.0,42373.0,5882445.0,7770460.0,207366.0,199657.0,91619.0,447053.0,128173.0,0.0,0.0,26789.0,0.0,0.0,1100657.0,306669.0,14027.0,29235.0,0.0,0.0,162671.0,61453.0,27445.0,12614.0,0.0,248010.0,,0.0,0.0,862124.0,5882445.0,5894497.0,0.0,0.0,0.0,0.0,0.0,0.0,791758.0,197940.0,0.0,197940.0,263166.0,317478.0,215609.0,41158.0,287465.0,30013.0,9632700.0,3750255.0,5882445.0,168798.0,5882443.0,248010.0,zeballos-v,Zeballos,zeballos-v|2021,Zeballos|2021,"Under 5,000",42373.0,666845.0,26789.0,614114.0,238533.0,0.21671874162432075,9172.141666666666,7184.366666666667,15633.025,353.10833333333335,0.0,4.3994253039591245,0.02869522067617145,0.9578389454857447,1.0,0.905464315637619,,,,,,,,,,,,,,,,,,,,,,
Zeballos,V,STR,2022,122.0,168.0,7.0,2457601.0,50025.0,2632051.0,79169.0,0.0,530319.0,2101732.0,5750870.0,0.0,0.0,43378.0,5735206.0,7852602.0,225588.0,213464.0,0.0,516953.0,64889.0,25335.0,0.0,5086.0,0.0,0.0,1051315.0,364859.0,21493.0,28458.0,0.0,0.0,155683.0,86205.0,18594.0,27622.0,0.0,233613.0,,32646.0,0.0,969173.0,5735206.0,5750870.0,0.0,0.0,0.0,0.0,0.0,0.0,951387.0,237847.0,0.0,237847.0,286687.0,324005.0,220065.0,14610.0,273980.0,50025.0,9702139.0,3966933.0,5735206.0,119018.0,5641568.0,159414.0,zeballos-v,Zeballos,zeballos-v|2022,Zeballos|2022,"Under 5,000",43378.0,581842.0,30421.0,735560.0,82142.0,0.07813262437994321,8617.33606557377,7944.040983606557,17227.311475409835,355.55737704918033,0.0,4.634193758850805,0.021096617110703975,0.971742962240285,1.0,0.845604234502554,,,,,,,,,,,,,,,,,,,,,,
Zeballos,V,STR,2023,121.0,168.0,7.0,3372795.0,43228.0,3461264.0,56229.0,0.0,1605690.0,1855574.0,6557567.0,0.0,0.0,639511.0,5531981.0,8413141.0,231691.0,192151.0,0.0,1006625.0,76586.0,54972.0,0.0,1270.0,26789.0,0.0,1590084.0,419386.0,26273.0,31296.0,0.0,0.0,168358.0,58686.0,21105.0,28305.0,0.0,276136.0,0.0,0.0,0.0,1029545.0,6532609.0,6557567.0,0.0,0.0,0.0,0.0,4896.0,4896.0,855814.0,213954.0,4896.0,209058.0,283626.0,356084.0,225555.0,49573.0,312040.0,43228.0,10775678.0,4243069.0,6532609.0,72911.0,10775678.0,276136.0,zeballos-v,Zeballos,zeballos-v|2023,Zeballos|2023,"Under 5,000",639511.0,1083211.0,83031.0,748513.0,560539.0,0.3525216277882175,13141.190082644629,8508.636363636364,15335.322314049587,5285.214876033057,0.0,2.1005268762961715,0.006766256378484954,0.9743741414693349,0.9771165764603607,0.8763100841374507,,,,,,,,,,,,,,,,,,,,,,
Zeballos,V,STR,2024,121.0,168.0,7.0,2806619.0,75568.0,2965174.0,237414.0,0.0,1367226.0,1597948.0,7183384.0,21727.0,21727.0,154485.0,6129324.0,8781332.0,237330.0,188404.0,69149.0,1256459.0,2800.0,93821.0,0.0,12999.0,26789.0,0.0,1887751.0,722896.0,28629.0,66682.0,0.0,0.0,314558.0,73398.0,28460.0,12892.0,0.0,272045.0,0.0,0.0,0.0,1519560.0,7153965.0,7183384.0,0.0,0.0,0.0,0.0,5035.0,5035.0,938555.0,234639.0,5035.0,229604.0,314677.0,348759.0,232067.0,3711.0,273191.0,75568.0,11669079.0,4515114.0,7153965.0,869385.0,43657742.0,939839.0,zeballos-v,Zeballos,zeballos-v|2024,Zeballos|2024,"Under 5,000",197939.0,1328408.0,133609.0,1242480.0,368191.0,0.1950421427402237,15601.247933884297,12558.347107438016,13206.181818181818,1635.8595041322315,0.0,2.052783519330381,0.019913650137929718,0.9784725696532817,0.9785415041830215,0.7833231543845464,4648.097865362712,3546.5079302077975,3428.422456291105,2783.665107049771,5030.364110900993,2437.8724475115623,2420.45,1604.3462673977224,224.31236112962716,518.5374381567245,2.204313821553219,1.7099330852451193,0.030042455998363887,0.02529861000232605,0.9786113537119745,0.9815511712696461,0.9039920521842442,0.8619101997275483,0.9333160528846489,0.9623635142836453,0.20869205825466772,0.19976549769108282
shíshálh Nation Government District,D,SUN,2019,750.0,1033.0,0.0,4540483.0,15061.0,4583943.0,273589.0,0.0,677042.0,3906901.0,2311640.0,0.0,485385.0,868251.0,2311640.0,6218541.0,848697.0,207237.0,0.0,297663.0,175567.0,106319.0,0.0,0.0,0.0,0.0,1635483.0,414923.0,0.0,135943.0,0.0,0.0,146836.0,0.0,0.0,228333.0,0.0,112286.0,,729892.0,0.0,1768213.0,2311640.0,2311640.0,0.0,0.0,0.0,0.0,0.0,0.0,1459916.0,364979.0,0.0,364979.0,1899097.0,1909657.0,1629353.0,331.0,1894596.0,15061.0,5430823.0,3119183.0,2311640.0,560690.0,24432154.0,0.0,shishalh-nation-government-district-d,shíshálh Nation Government District,shishalh-nation-government-district-d|2019,shíshálh Nation Government District|2019,"Under 5,000",1353636.0,473230.0,106319.0,1655927.0,-132730.0,-0.08115645347582336,2180.644,2357.617333333333,5209.201333333333,1804.848,0.0,6.706353520165662,0.022948856658320017,1.0,1.0,0.9921132433730245,,,,,,,,,,,,,,,,,,,,,,
shíshálh Nation Government District,D,SUN,2020,731.0,1033.0,0.0,5028414.0,36070.0,5319344.0,784033.0,0.0,853371.0,4465973.0,3245048.0,3213.0,511851.0,935506.0,3245048.0,7711021.0,856554.0,812269.0,0.0,918647.0,84267.0,54221.0,0.0,0.0,0.0,0.0,2725958.0,531510.0,0.0,138692.0,0.0,0.0,145653.0,0.0,0.0,226017.0,0.0,111555.0,,80051.0,0.0,1233478.0,3245048.0,3245048.0,0.0,0.0,0.0,0.0,0.0,0.0,2020268.0,505067.0,0.0,505067.0,1848241.0,1853363.0,1578318.0,0.0,1817293.0,36070.0,6475787.0,3230739.0,3245048.0,1125014.0,1190005.0,0.0,shishalh-nation-government-district-d,shíshálh Nation Government District,shishalh-nation-government-district-d|2020,shíshálh Nation Government District|2020,"Under 5,000",1450570.0,1002914.0,54221.0,1121923.0,1492480.0,0.5475066013489569,3729.080711354309,1687.3844049247607,6109.40218878249,1984.3638850889192,0.0,5.892412561476778,0.9453859437565388,1.0,1.0,0.9805380813148854,,,,,,,,,,,,,,,,,,,,,,
shíshálh Nation Government District,D,SUN,2021,730.0,1033.0,0.0,4091274.0,114711.0,4263259.0,280374.0,0.0,309723.0,3953536.0,5017493.0,6449.0,567547.0,492472.0,5017493.0,8971029.0,869039.0,307748.0,0.0,1334902.0,172603.0,32992.0,0.0,0.0,0.0,0.0,2717284.0,729645.0,0.0,153641.0,0.0,0.0,176813.0,0.0,0.0,245054.0,0.0,127344.0,,24778.0,0.0,1457275.0,5017493.0,5017493.0,0.0,0.0,0.0,0.0,0.0,0.0,1498254.0,374564.0,0.0,374564.0,2101084.0,2143914.0,1758806.0,18288.0,2029203.0,114711.0,8375575.0,3358082.0,5017493.0,1924568.0,2392749.0,0.0,shishalh-nation-government-district-d,shíshálh Nation Government District,shishalh-nation-government-district-d|2021,shíshálh Nation Government District|2021,"Under 5,000",1066468.0,1507505.0,32992.0,1329931.0,1260009.0,0.4637016226496752,3722.3068493150686,1996.2671232876712,5415.8027397260275,1460.9150684931508,0.0,13.209461357406457,0.8043334256957165,1.0,1.0,0.9464945888687699,,,,,,,,,,,,,,,,,,,,,,
shíshálh Nation Government District,D,SUN,2022,769.0,1033.0,0.0,4317206.0,260620.0,4693065.0,936659.0,635872.0,1836072.0,2856993.0,7487920.0,9857.0,586075.0,1704167.0,6834851.0,10344913.0,917515.0,425462.0,0.0,509827.0,88336.0,111152.0,0.0,916603.0,0.0,0.0,2968895.0,475632.0,0.0,212054.0,0.0,0.0,143394.0,0.0,0.0,440198.0,0.0,138767.0,,184967.0,0.0,1595012.0,7470723.0,7487920.0,0.0,635872.0,0.0,635872.0,0.0,0.0,1842478.0,460620.0,0.0,460620.0,2196388.0,2224912.0,1847561.0,-150505.0,1964292.0,260620.0,10885554.0,3414831.0,7470723.0,2776963.0,5118908.0,0.0,shishalh-nation-government-district-d,shíshálh Nation Government District,shishalh-nation-government-district-d|2022,shíshálh Nation Government District|2022,"Under 5,000",2300099.0,598163.0,1027755.0,1456245.0,1373883.0,0.462759039979521,3860.7217165149546,2074.1378413524058,3715.2054616384917,2991.0260078023407,826.8816644993498,2.351327181069152,0.5424912891577657,1.0,1.0,0.8828627828875929,,,,,,,,,,,,,,,,,,,,,,
shíshálh Nation Government District,D,SUN,2023,792.0,1033.0,0.0,2687876.0,318616.0,3233277.0,1261204.0,642254.0,2078629.0,1154648.0,10764381.0,10145.0,136429.0,870903.0,10069581.0,11919029.0,939299.0,640460.0,0.0,1114082.0,194790.0,158514.0,0.0,166038.0,0.0,0.0,3213183.0,581657.0,0.0,196954.0,0.0,0.0,55018.0,0.0,0.0,556101.0,0.0,188410.0,0.0,60928.0,0.0,1639068.0,10711835.0,10764381.0,635872.0,0.0,0.0,642254.0,0.0,-6382.0,2024273.0,506068.0,-6382.0,512450.0,2355977.0,2542531.0,1902695.0,50574.0,2223915.0,318616.0,14325050.0,3613215.0,10711835.0,3490450.0,2448062.0,0.0,shishalh-nation-government-district-d,shíshálh Nation Government District,shishalh-nation-government-district-d|2023,shíshálh Nation Government District|2023,"Under 5,000",1017477.0,1308872.0,324552.0,1450658.0,1574115.0,0.4898927325334411,4057.0492424242425,2069.530303030303,1457.888888888889,1284.6931818181818,810.9267676767677,1.293100404160627,1.425801307319831,1.0,1.0126109534687038,0.8746855003931122,,,,,,,,,,,,,,,,,,,,,,
shíshálh Nation Government District,D,SUN,2024,792.0,1033.0,0.0,5406917.0,334305.0,5992091.0,543819.0,4054125.0,4653291.0,1338800.0,11316205.0,43259.0,-1115718.0,6374573.0,7061387.0,12655005.0,1032979.0,689871.0,98245.0,449393.0,0.0,213944.0,0.0,0.0,0.0,0.0,2484432.0,336034.0,0.0,214842.0,0.0,0.0,222163.0,0.0,0.0,699877.0,0.0,275539.0,0.0,0.0,0.0,1748455.0,11211489.0,11316205.0,642254.0,3411871.0,0.0,4054125.0,31446.0,31446.0,2254094.0,563524.0,31446.0,318369.0,2615111.0,2943576.0,2245942.0,102593.0,2614845.0,334305.0,15100241.0,3888752.0,11211489.0,775194.0,10356944.0,174500.0,shishalh-nation-government-district-d,shíshálh Nation Government District,shishalh-nation-government-district-d|2024,shíshálh Nation Government District|2024,"Under 5,000",5302114.0,547638.0,213944.0,1441470.0,735977.0,0.2962355178165472,3136.909090909091,2207.645202020202,1690.4040404040404,6694.588383838384,5118.844696969697,1.1619554848385798,0.07484775431826222,0.9831514006448234,0.5649608534862757,0.8883225709137458,4486.511144130758,3546.5079302077975,3557.844717668488,2783.665107049771,5496.677373974208,2437.8724475115623,3386.4506393861893,1604.3462673977224,624.7436119532265,518.5374381567245,3.324657351485151,1.7099330852451193,0.02521828600111612,0.02529861000232605,0.9816336034641139,0.9815511712696461,0.8531878894527055,0.8619101997275483,0.9614729661922712,0.9623635142836453,0.23352896680225554,0.19976549769108282
