month,sku,category,channel,region,units,list_price,discount_pct,net_revenue,unit_cost,cogs,freight
2024-01-01,B01,Beef,Restaurants,Lower Mainland,234,268.00,0.01,61835.54,198.12,46360.08,384.88
2024-01-01,B01,Beef,Restaurants,Vancouver Island,78,268.00,0.00,20778.74,198.52,15484.56,272.36
2024-01-01,B01,Beef,Restaurants,BC Interior,82,268.00,0.01,21625.44,198.91,16310.62,312.76
2024-01-01,B01,Beef,Grocery Retail,Lower Mainland,153,268.00,0.04,34501.62,198.32,30342.96,239.17
2024-01-01,B01,Beef,Grocery Retail,Vancouver Island,54,268.00,0.00,12709.85,198.12,10698.48,181.58
2024-01-01,B01,Beef,Grocery Retail,BC Interior,56,268.00,0.01,13100.75,198.52,11117.12,223.42
2024-01-01,B01,Beef,Hotels & Institutions,Lower Mainland,93,268.00,0.01,23440.10,198.91,18498.63,150.29
2024-01-01,B01,Beef,Hotels & Institutions,Vancouver Island,33,268.00,0.01,8317.92,198.12,6537.96,112.20
2024-01-01,B01,Beef,Hotels & Institutions,BC Interior,34,268.00,0.01,8560.66,198.72,6756.48,130.61
2024-01-01,B01,Beef,Online Direct,Lower Mainland,39,268.00,0.01,11589.18,197.92,7718.88,392.32
2024-01-01,B01,Beef,Online Direct,Vancouver Island,15,268.00,0.01,4475.41,197.92,2968.80,174.22
2024-01-01,B01,Beef,Online Direct,BC Interior,14,268.00,0.01,4143.46,198.52,2779.28,169.61
2024-01-01,B02,Beef,Restaurants,Lower Mainland,600,118.00,0.00,70870.38,86.82,52092.00,980.16
2024-01-01,B02,Beef,Restaurants,Vancouver Island,217,118.00,0.01,25146.53,86.73,18820.41,740.01
2024-01-01,B02,Beef,Restaurants,BC Interior,210,118.00,0.01,24483.14,86.82,18232.20,827.19
2024-01-01,B02,Beef,Grocery Retail,Lower Mainland,408,118.00,0.03,41388.98,86.82,35422.56,661.29
2024-01-01,B02,Beef,Grocery Retail,Vancouver Island,151,118.00,0.00,15632.83,86.73,13096.23,513.40
2024-01-01,B02,Beef,Grocery Retail,BC Interior,143,118.00,0.04,14328.87,86.56,12378.08,556.58
2024-01-01,B02,Beef,Hotels & Institutions,Lower Mainland,236,118.00,0.01,26270.68,86.99,20529.64,379.87
2024-01-01,B02,Beef,Hotels & Institutions,Vancouver Island,87,118.00,0.01,9645.52,86.90,7560.30,298.17
2024-01-01,B02,Beef,Hotels & Institutions,BC Interior,87,118.00,0.01,9606.76,86.64,7537.68,342.69
2024-01-01,B02,Beef,Online Direct,Lower Mainland,113,118.00,0.00,14904.21,86.90,9819.70,1149.29
2024-01-01,B02,Beef,Online Direct,Vancouver Island,38,118.00,0.01,4961.95,86.90,3302.20,455.37
2024-01-01,B02,Beef,Online Direct,BC Interior,40,118.00,0.01,5207.34,86.90,3476.00,486.58
2024-01-01,B03,Beef,Restaurants,Lower Mainland,271,196.00,0.00,52956.65,146.31,39650.01,420.59
2024-01-01,B03,Beef,Restaurants,Vancouver Island,100,196.00,0.01,19267.39,146.31,14631.00,341.36
2024-01-01,B03,Beef,Restaurants,BC Interior,92,196.00,0.00,18050.00,146.31,13460.52,349.83
2024-01-01,B03,Beef,Grocery Retail,Lower Mainland,186,196.00,0.03,31087.72,145.73,27105.78,296.41
2024-01-01,B03,Beef,Grocery Retail,Vancouver Island,68,196.00,0.03,11341.97,145.73,9909.64,230.28
2024-01-01,B03,Beef,Grocery Retail,BC Interior,66,196.00,0.03,10986.34,146.31,9656.46,256.11
2024-01-01,B03,Beef,Hotels & Institutions,Lower Mainland,107,196.00,0.01,19783.34,146.17,15640.19,168.12
2024-01-01,B03,Beef,Hotels & Institutions,Vancouver Island,38,196.00,0.00,7054.37,146.31,5559.78,126.10
2024-01-01,B03,Beef,Hotels & Institutions,BC Interior,38,196.00,0.00,7040.26,146.02,5548.76,149.83
2024-01-01,B03,Beef,Online Direct,Lower Mainland,49,196.00,0.01,10627.26,145.87,7147.63,501.33
2024-01-01,B03,Beef,Online Direct,Vancouver Island,18,196.00,0.01,3907.66,145.73,2623.14,209.06
2024-01-01,B03,Beef,Online Direct,BC Interior,17,196.00,0.00,3709.48,146.02,2482.34,213.54
2024-01-01,B04,Beef,Restaurants,Lower Mainland,125,342.00,0.01,42238.15,257.01,32126.25,197.60
2024-01-01,B04,Beef,Restaurants,Vancouver Island,43,342.00,0.00,14588.59,256.76,11040.68,144.45
2024-01-01,B04,Beef,Restaurants,BC Interior,45,342.00,0.01,15358.85,257.27,11577.15,176.55
2024-01-01,B04,Beef,Grocery Retail,Lower Mainland,89,342.00,0.02,26251.45,255.99,22783.11,140.55
2024-01-01,B04,Beef,Grocery Retail,Vancouver Island,31,342.00,0.01,9190.15,257.27,7975.37,102.66
2024-01-01,B04,Beef,Grocery Retail,BC Interior,32,342.00,0.03,9341.80,257.27,8232.64,124.55
2024-01-01,B04,Beef,Hotels & Institutions,Lower Mainland,51,342.00,0.01,16321.35,256.76,13094.76,83.40
2024-01-01,B04,Beef,Hotels & Institutions,Vancouver Island,18,342.00,0.00,5859.90,255.99,4607.82,60.10
2024-01-01,B04,Beef,Hotels & Institutions,BC Interior,19,342.00,0.01,6092.66,255.73,4858.87,74.25
2024-01-01,B04,Beef,Online Direct,Lower Mainland,23,342.00,0.01,8730.44,256.50,5899.50,227.19
2024-01-01,B04,Beef,Online Direct,Vancouver Island,8,342.00,0.01,3042.87,255.73,2045.84,94.72
2024-01-01,B04,Beef,Online Direct,BC Interior,8,342.00,0.01,3045.81,256.24,2049.92,101.58
2024-01-01,P01,Pork,Restaurants,Lower Mainland,371,132.00,0.00,48776.26,92.49,34313.79,604.28
2024-01-01,P01,Pork,Restaurants,Vancouver Island,136,132.00,0.01,17772.28,92.40,12566.40,474.42
2024-01-01,P01,Pork,Restaurants,BC Interior,135,132.00,0.01,17659.94,92.31,12461.85,527.03
2024-01-01,P01,Pork,Grocery Retail,Lower Mainland,260,132.00,0.03,29321.77,92.40,24024.00,427.65
2024-01-01,P01,Pork,Grocery Retail,Vancouver Island,88,132.00,0.00,10140.47,92.12,8106.56,308.18
2024-01-01,P01,Pork,Grocery Retail,BC Interior,91,132.00,0.04,10137.99,92.40,8408.40,360.93
2024-01-01,P01,Pork,Hotels & Institutions,Lower Mainland,143,132.00,0.01,17752.18,92.12,13173.16,230.40
2024-01-01,P01,Pork,Hotels & Institutions,Vancouver Island,55,132.00,0.00,6896.94,92.68,5097.40,184.57
2024-01-01,P01,Pork,Hotels & Institutions,BC Interior,54,132.00,0.01,6724.08,92.12,4974.48,206.81
2024-01-01,P01,Pork,Online Direct,Lower Mainland,65,132.00,0.01,9485.02,92.22,5994.30,640.09
2024-01-01,P01,Pork,Online Direct,Vancouver Island,23,132.00,0.01,3366.37,92.68,2131.64,273.97
2024-01-01,P01,Pork,Online Direct,BC Interior,24,132.00,0.00,3548.16,92.40,2217.60,305.34
2024-01-01,P02,Pork,Restaurants,Lower Mainland,272,104.00,0.00,28288.00,71.54,19458.88,444.34
2024-01-01,P02,Pork,Restaurants,Vancouver Island,93,104.00,0.01,9527.06,71.54,6653.22,306.71
2024-01-01,P02,Pork,Restaurants,BC Interior,94,104.00,0.01,9619.97,71.83,6752.02,369.53
2024-01-01,P02,Pork,Grocery Retail,Lower Mainland,178,104.00,0.01,16160.48,71.54,12734.12,281.10
2024-01-01,P02,Pork,Grocery Retail,Vancouver Island,67,104.00,0.04,5917.00,71.76,4807.92,221.42
2024-01-01,P02,Pork,Grocery Retail,BC Interior,66,104.00,0.01,5979.85,71.98,4750.68,259.72
2024-01-01,P02,Pork,Hotels & Institutions,Lower Mainland,107,104.00,0.01,10465.63,71.76,7678.32,174.45
2024-01-01,P02,Pork,Hotels & Institutions,Vancouver Island,37,104.00,0.00,3648.29,71.98,2663.26,128.94
2024-01-01,P02,Pork,Hotels & Institutions,BC Interior,38,104.00,0.01,3713.21,71.76,2726.88,149.98
2024-01-01,P02,Pork,Online Direct,Lower Mainland,48,104.00,0.01,5568.65,71.98,3455.04,490.13
2024-01-01,P02,Pork,Online Direct,Vancouver Island,16,104.00,0.01,1846.92,71.54,1144.64,192.30
2024-01-01,P02,Pork,Online Direct,BC Interior,18,104.00,0.00,2084.08,71.98,1295.64,229.67
2024-01-01,P03,Pork,Restaurants,Lower Mainland,235,146.00,0.01,33897.83,103.14,24237.90,385.40
2024-01-01,P03,Pork,Restaurants,Vancouver Island,82,146.00,0.01,11768.84,102.62,8414.84,279.36
2024-01-01,P03,Pork,Restaurants,BC Interior,80,146.00,0.00,11679.89,102.72,8217.60,320.74
2024-01-01,P03,Pork,Grocery Retail,Lower Mainland,156,146.00,0.02,19600.97,103.03,16072.68,246.36
2024-01-01,P03,Pork,Grocery Retail,Vancouver Island,55,146.00,0.04,6804.39,102.62,5644.10,190.74
2024-01-01,P03,Pork,Grocery Retail,BC Interior,55,146.00,0.02,6945.85,102.72,5649.60,213.00
2024-01-01,P03,Pork,Hotels & Institutions,Lower Mainland,96,146.00,0.00,13248.70,102.93,9881.28,152.37
2024-01-01,P03,Pork,Hotels & Institutions,Vancouver Island,35,146.00,0.01,4815.66,102.93,3602.55,118.88
2024-01-01,P03,Pork,Hotels & Institutions,BC Interior,35,146.00,0.01,4820.57,102.83,3599.05,137.73
2024-01-01,P03,Pork,Online Direct,Lower Mainland,41,146.00,0.01,6657.34,102.83,4216.03,402.51
2024-01-01,P03,Pork,Online Direct,Vancouver Island,15,146.00,0.01,2413.62,103.03,1545.45,181.89
2024-01-01,P03,Pork,Online Direct,BC Interior,15,146.00,0.01,2425.89,103.24,1548.60,184.51
2024-01-01,P04,Pork,Restaurants,Lower Mainland,324,92.00,0.01,29568.94,64.07,20758.68,507.51
2024-01-01,P04,Pork,Restaurants,Vancouver Island,117,92.00,0.01,10666.56,64.13,7503.21,404.56
2024-01-01,P04,Pork,Restaurants,BC Interior,120,92.00,0.01,10929.60,63.94,7672.80,478.76
2024-01-01,P04,Pork,Grocery Retail,Lower Mainland,236,92.00,0.04,18437.83,63.88,15075.68,388.17
2024-01-01,P04,Pork,Grocery Retail,Vancouver Island,84,92.00,0.02,6631.20,63.88,5365.92,293.03
2024-01-01,P04,Pork,Grocery Retail,BC Interior,85,92.00,0.03,6674.71,64.13,5451.05,331.17
2024-01-01,P04,Pork,Hotels & Institutions,Lower Mainland,139,92.00,0.01,11966.91,63.81,8869.59,218.62
2024-01-01,P04,Pork,Hotels & Institutions,Vancouver Island,49,92.00,0.01,4239.61,63.81,3126.69,163.43
2024-01-01,P04,Pork,Hotels & Institutions,BC Interior,50,92.00,0.01,4330.63,64.07,3203.50,192.27
2024-01-01,P04,Pork,Online Direct,Lower Mainland,61,92.00,0.00,6279.08,63.88,3896.68,599.47
2024-01-01,P04,Pork,Online Direct,Vancouver Island,23,92.00,0.00,2362.81,63.75,1466.25,271.78
2024-01-01,P04,Pork,Online Direct,BC Interior,23,92.00,0.01,2339.20,63.81,1467.63,292.04
2024-01-01,C01,Poultry,Restaurants,Lower Mainland,624,78.00,0.00,48671.56,56.66,35355.84,969.45
2024-01-01,C01,Poultry,Restaurants,Vancouver Island,221,78.00,0.01,16980.19,56.44,12473.24,740.88
2024-01-01,C01,Poultry,Restaurants,BC Interior,231,78.00,0.00,18054.04,56.44,13037.64,903.60
2024-01-01,C01,Poultry,Grocery Retail,Lower Mainland,416,78.00,0.02,27954.60,56.49,23499.84,670.26
2024-01-01,C01,Poultry,Grocery Retail,Vancouver Island,160,78.00,0.02,10697.38,56.49,9038.40,528.22
2024-01-01,C01,Poultry,Grocery Retail,BC Interior,149,78.00,0.00,10145.70,56.38,8400.62,584.59
2024-01-01,C01,Poultry,Hotels & Institutions,Lower Mainland,262,78.00,0.01,19104.33,56.55,14816.10,428.42
2024-01-01,C01,Poultry,Hotels & Institutions,Vancouver Island,93,78.00,0.00,6905.08,56.44,5248.92,313.35
2024-01-01,C01,Poultry,Hotels & Institutions,BC Interior,90,78.00,0.00,6635.70,56.61,5094.90,346.79
2024-01-01,C01,Poultry,Online Direct,Lower Mainland,114,78.00,0.01,9780.23,56.49,6439.86,1142.19
2024-01-01,C01,Poultry,Online Direct,Vancouver Island,41,78.00,0.00,3567.44,56.72,2325.52,487.41
2024-01-01,C01,Poultry,Online Direct,BC Interior,40,78.00,0.00,3483.92,56.38,2255.20,501.95
2024-01-01,C02,Poultry,Restaurants,Lower Mainland,532,124.00,0.01,65046.62,89.01,47353.32,858.86
2024-01-01,C02,Poultry,Restaurants,Vancouver Island,208,124.00,0.01,25739.80,89.01,18514.08,724.88
2024-01-01,C02,Poultry,Restaurants,BC Interior,202,124.00,0.00,25098.02,89.28,18034.56,803.56
2024-01-01,C02,Poultry,Grocery Retail,Lower Mainland,393,124.00,0.03,41894.48,89.01,34980.93,630.06
2024-01-01,C02,Poultry,Grocery Retail,Vancouver Island,131,124.00,0.01,14165.32,89.55,11731.05,438.27
2024-01-01,C02,Poultry,Grocery Retail,BC Interior,143,124.00,0.04,15040.58,89.55,12805.65,550.45
2024-01-01,C02,Poultry,Hotels & Institutions,Lower Mainland,221,124.00,0.01,25696.30,89.46,19770.66,352.89
2024-01-01,C02,Poultry,Hotels & Institutions,Vancouver Island,85,124.00,0.01,9952.85,89.28,7588.80,284.09
2024-01-01,C02,Poultry,Hotels & Institutions,BC Interior,84,124.00,0.00,9895.20,89.28,7499.52,325.96
2024-01-01,C02,Poultry,Online Direct,Lower Mainland,100,124.00,0.01,13666.18,89.19,8919.00,1025.15
2024-01-01,C02,Poultry,Online Direct,Vancouver Island,37,124.00,0.01,5061.62,89.46,3310.02,443.82
2024-01-01,C02,Poultry,Online Direct,BC Interior,36,124.00,0.01,4939.84,89.37,3217.32,446.85
2024-01-01,C03,Poultry,Restaurants,Lower Mainland,466,96.00,0.00,44914.94,68.78,32051.48,751.56
2024-01-01,C03,Poultry,Restaurants,Vancouver Island,164,96.00,0.00,15775.36,68.64,11256.96,570.42
2024-01-01,C03,Poultry,Restaurants,BC Interior,163,96.00,0.01,15491.77,68.78,11211.14,619.17
2024-01-01,C03,Poultry,Grocery Retail,Lower Mainland,298,96.00,0.02,24696.21,68.57,20433.86,465.83
2024-01-01,C03,Poultry,Grocery Retail,Vancouver Island,108,96.00,0.04,8768.69,68.43,7390.44,369.04
2024-01-01,C03,Poultry,Grocery Retail,BC Interior,107,96.00,0.01,8904.10,68.78,7359.46,427.32
2024-01-01,C03,Poultry,Hotels & Institutions,Lower Mainland,180,96.00,0.01,16252.23,68.57,12342.60,291.74
2024-01-01,C03,Poultry,Hotels & Institutions,Vancouver Island,66,96.00,0.01,5947.04,68.78,4539.48,222.60
2024-01-01,C03,Poultry,Hotels & Institutions,BC Interior,69,96.00,0.01,6210.99,68.50,4726.50,261.83
2024-01-01,C03,Poultry,Online Direct,Lower Mainland,82,96.00,0.01,8763.68,68.71,5634.22,806.67
2024-01-01,C03,Poultry,Online Direct,Vancouver Island,31,96.00,0.01,3279.84,68.43,2121.33,367.79
2024-01-01,C03,Poultry,Online Direct,BC Interior,29,96.00,0.00,3099.40,68.71,1992.59,356.72
2024-01-01,C04,Poultry,Restaurants,Lower Mainland,109,188.00,0.01,20388.80,131.34,14316.06,177.54
2024-01-01,C04,Poultry,Restaurants,Vancouver Island,40,188.00,0.00,7504.94,131.86,5274.40,132.74
2024-01-01,C04,Poultry,Restaurants,BC Interior,39,188.00,0.01,7207.66,131.73,5137.47,148.45
2024-01-01,C04,Poultry,Grocery Retail,Lower Mainland,69,188.00,0.02,11185.96,131.34,9062.46,108.74
2024-01-01,C04,Poultry,Grocery Retail,Vancouver Island,25,188.00,0.02,4061.68,131.86,3296.50,86.70
2024-01-01,C04,Poultry,Grocery Retail,BC Interior,26,188.00,0.03,4193.90,131.86,3428.36,102.01
2024-01-01,C04,Poultry,Hotels & Institutions,Lower Mainland,44,188.00,0.01,7826.87,131.60,5790.40,71.17
2024-01-01,C04,Poultry,Hotels & Institutions,Vancouver Island,16,188.00,0.00,2863.32,131.34,2101.44,55.05
2024-01-01,C04,Poultry,Hotels & Institutions,BC Interior,15,188.00,0.01,2652.15,131.60,1974.00,58.68
2024-01-01,C04,Poultry,Online Direct,Lower Mainland,19,188.00,0.01,3944.76,131.34,2495.46,188.45
2024-01-01,C04,Poultry,Online Direct,Vancouver Island,7,188.00,0.00,1469.50,131.86,923.02,84.47
2024-01-01,C04,Poultry,Online Direct,BC Interior,7,188.00,0.01,1459.21,131.47,920.29,89.06
2024-01-01,S01,Seafood,Restaurants,Lower Mainland,236,176.00,0.01,41286.49,133.15,31423.40,368.54
2024-01-01,S01,Seafood,Restaurants,Vancouver Island,81,176.00,0.00,14170.58,133.28,10795.68,267.69
2024-01-01,S01,Seafood,Restaurants,BC Interior,83,176.00,0.01,14505.74,133.01,11039.83,316.90
2024-01-01,S01,Seafood,Grocery Retail,Lower Mainland,150,176.00,0.03,22695.85,132.75,19912.50,241.20
2024-01-01,S01,Seafood,Grocery Retail,Vancouver Island,59,176.00,0.04,8799.47,133.01,7847.59,197.19
2024-01-01,S01,Seafood,Grocery Retail,BC Interior,57,176.00,0.03,8562.75,133.28,7596.96,225.19
2024-01-01,S01,Seafood,Hotels & Institutions,Lower Mainland,94,176.00,0.01,15622.07,133.28,12528.32,148.14
2024-01-01,S01,Seafood,Hotels & Institutions,Vancouver Island,34,176.00,0.00,5690.42,133.15,4527.10,113.87
2024-01-01,S01,Seafood,Hotels & Institutions,BC Interior,33,176.00,0.00,5523.05,132.88,4385.04,128.31
2024-01-01,S01,Seafood,Online Direct,Lower Mainland,42,176.00,0.00,8245.92,132.61,5569.62,424.62
2024-01-01,S01,Seafood,Online Direct,Vancouver Island,14,176.00,0.01,2737.51,133.15,1864.10,168.27
2024-01-01,S01,Seafood,Online Direct,BC Interior,16,176.00,0.01,3141.20,132.75,2124.00,194.23
2024-01-01,S02,Seafood,Restaurants,Lower Mainland,101,214.00,0.01,21483.97,160.02,16162.02,163.38
2024-01-01,S02,Seafood,Restaurants,Vancouver Island,36,214.00,0.00,7688.57,160.34,5772.24,121.79
2024-01-01,S02,Seafood,Restaurants,BC Interior,37,214.00,0.01,7791.43,160.50,5938.50,143.87
2024-01-01,S02,Seafood,Grocery Retail,Lower Mainland,67,214.00,0.03,12313.21,160.18,10732.06,103.98
2024-01-01,S02,Seafood,Grocery Retail,Vancouver Island,24,214.00,0.03,4397.39,160.82,3859.68,83.88
2024-01-01,S02,Seafood,Grocery Retail,BC Interior,25,214.00,0.04,4524.57,160.02,4000.50,98.57
2024-01-01,S02,Seafood,Hotels & Institutions,Lower Mainland,41,214.00,0.01,8251.48,160.34,6573.94,63.83
2024-01-01,S02,Seafood,Hotels & Institutions,Vancouver Island,14,214.00,0.00,2829.15,160.66,2249.24,47.27
2024-01-01,S02,Seafood,Hotels & Institutions,BC Interior,15,214.00,0.01,3031.20,160.66,2409.90,58.62
2024-01-01,S02,Seafood,Online Direct,Lower Mainland,17,214.00,0.00,4050.15,160.66,2731.22,174.28
2024-01-01,S02,Seafood,Online Direct,Vancouver Island,6,214.00,0.01,1422.30,160.34,962.04,73.40
2024-01-01,S02,Seafood,Online Direct,BC Interior,7,214.00,0.01,1649.33,160.02,1120.14,84.54
2024-01-01,S03,Seafood,Restaurants,Lower Mainland,64,305.00,0.01,19500.09,227.00,14528.00,102.71
2024-01-01,S03,Seafood,Restaurants,Vancouver Island,22,305.00,0.00,6716.63,226.54,4983.88,73.08
2024-01-01,S03,Seafood,Restaurants,BC Interior,22,305.00,0.00,6716.71,226.77,4988.94,86.06
2024-01-01,S03,Seafood,Grocery Retail,Lower Mainland,41,305.00,0.03,10598.69,227.68,9334.88,67.24
2024-01-01,S03,Seafood,Grocery Retail,Vancouver Island,15,305.00,0.03,3917.06,226.77,3401.55,50.24
2024-01-01,S03,Seafood,Grocery Retail,BC Interior,15,305.00,0.02,3941.37,227.91,3418.65,58.73
2024-01-01,S03,Seafood,Hotels & Institutions,Lower Mainland,25,305.00,0.01,7236.36,226.77,5669.25,39.88
2024-01-01,S03,Seafood,Hotels & Institutions,Vancouver Island,9,305.00,0.01,2573.77,227.00,2043.00,30.84
2024-01-01,S03,Seafood,Hotels & Institutions,BC Interior,9,305.00,0.00,2615.56,227.45,2047.05,34.75
2024-01-01,S03,Seafood,Online Direct,Lower Mainland,11,305.00,0.00,3753.84,227.45,2501.95,112.99
2024-01-01,S03,Seafood,Online Direct,Vancouver Island,4,305.00,0.01,1352.72,226.77,907.08,48.08
2024-01-01,S03,Seafood,Online Direct,BC Interior,4,305.00,0.01,1345.92,227.00,908.00,51.04
2024-01-01,S04,Seafood,Restaurants,Lower Mainland,114,138.00,0.01,15652.77,103.19,11763.66,180.76
2024-01-01,S04,Seafood,Restaurants,Vancouver Island,41,138.00,0.01,5561.98,103.60,4247.60,137.31
2024-01-01,S04,Seafood,Restaurants,BC Interior,43,138.00,0.01,5892.46,103.71,4459.53,166.53
2024-01-01,S04,Seafood,Grocery Retail,Lower Mainland,78,138.00,0.02,9301.82,103.60,8080.80,125.30
2024-01-01,S04,Seafood,Grocery Retail,Vancouver Island,29,138.00,0.00,3507.68,103.71,3007.59,100.67
2024-01-01,S04,Seafood,Grocery Retail,BC Interior,27,138.00,0.02,3213.51,103.50,2794.50,104.98
2024-01-01,S04,Seafood,Hotels & Institutions,Lower Mainland,45,138.00,0.01,5875.83,103.50,4657.50,72.94
2024-01-01,S04,Seafood,Hotels & Institutions,Vancouver Island,17,138.00,0.00,2230.92,103.40,1757.80,57.92
2024-01-01,S04,Seafood,Hotels & Institutions,BC Interior,16,138.00,0.01,2072.40,103.71,1659.36,63.27
2024-01-01,S04,Seafood,Online Direct,Lower Mainland,21,138.00,0.00,3239.27,103.71,2177.91,217.19
2024-01-01,S04,Seafood,Online Direct,Vancouver Island,8,138.00,0.00,1231.53,103.40,827.20,95.49
2024-01-01,S04,Seafood,Online Direct,BC Interior,8,138.00,0.00,1240.19,103.40,827.20,101.18
2024-01-01,H01,Charcuterie,Restaurants,Lower Mainland,145,188.00,0.01,26851.10,108.71,15762.95,235.94
2024-01-01,H01,Charcuterie,Restaurants,Vancouver Island,53,188.00,0.01,9834.83,108.71,5761.63,182.00
2024-01-01,H01,Charcuterie,Restaurants,BC Interior,55,188.00,0.01,10225.83,109.04,5997.20,216.86
2024-01-01,H01,Charcuterie,Grocery Retail,Lower Mainland,99,188.00,0.01,16182.20,108.82,10773.18,155.87
2024-01-01,H01,Charcuterie,Grocery Retail,Vancouver Island,36,188.00,0.03,5782.33,108.93,3921.48,125.83
2024-01-01,H01,Charcuterie,Grocery Retail,BC Interior,35,188.00,0.01,5709.53,108.93,3812.55,132.68
2024-01-01,H01,Charcuterie,Hotels & Institutions,Lower Mainland,62,188.00,0.01,10973.43,109.04,6760.48,101.18
2024-01-01,H01,Charcuterie,Hotels & Institutions,Vancouver Island,23,188.00,0.01,4050.23,108.82,2502.86,77.81
2024-01-01,H01,Charcuterie,Hotels & Institutions,BC Interior,21,188.00,0.01,3687.03,108.82,2285.22,84.19
2024-01-01,H01,Charcuterie,Online Direct,Lower Mainland,28,188.00,0.01,5795.63,108.82,3046.96,280.54
2024-01-01,H01,Charcuterie,Online Direct,Vancouver Island,10,188.00,0.00,2101.39,109.04,1090.40,121.74
2024-01-01,H01,Charcuterie,Online Direct,BC Interior,10,188.00,0.00,2092.98,109.37,1093.70,123.75
2024-01-01,H02,Charcuterie,Restaurants,Lower Mainland,131,156.00,0.00,20456.19,89.70,11750.70,206.88
2024-01-01,H02,Charcuterie,Restaurants,Vancouver Island,46,156.00,0.00,7133.00,89.70,4126.20,160.31
2024-01-01,H02,Charcuterie,Restaurants,BC Interior,47,156.00,0.01,7236.77,89.61,4211.67,187.52
2024-01-01,H02,Charcuterie,Grocery Retail,Lower Mainland,86,156.00,0.00,11805.97,89.43,7690.98,140.49
2024-01-01,H02,Charcuterie,Grocery Retail,Vancouver Island,32,156.00,0.01,4335.98,89.43,2861.76,111.74
2024-01-01,H02,Charcuterie,Grocery Retail,BC Interior,34,156.00,0.02,4574.41,89.88,3055.92,129.55
2024-01-01,H02,Charcuterie,Hotels & Institutions,Lower Mainland,54,156.00,0.01,7954.46,89.88,4853.52,84.93
2024-01-01,H02,Charcuterie,Hotels & Institutions,Vancouver Island,20,156.00,0.01,2937.38,89.88,1797.60,69.97
2024-01-01,H02,Charcuterie,Hotels & Institutions,BC Interior,20,156.00,0.01,2931.36,89.79,1795.80,79.25
2024-01-01,H02,Charcuterie,Online Direct,Lower Mainland,24,156.00,0.01,4159.60,89.52,2148.48,245.31
2024-01-01,H02,Charcuterie,Online Direct,Vancouver Island,8,156.00,0.01,1383.80,89.88,719.04,95.20
2024-01-01,H02,Charcuterie,Online Direct,BC Interior,9,156.00,0.01,1550.49,89.70,807.30,108.59
2024-01-01,H03,Charcuterie,Restaurants,Lower Mainland,69,204.00,0.01,13920.32,120.48,8313.12,107.53
2024-01-01,H03,Charcuterie,Restaurants,Vancouver Island,25,204.00,0.00,5084.70,120.48,3012.00,86.36
2024-01-01,H03,Charcuterie,Restaurants,BC Interior,24,204.00,0.01,4832.41,120.00,2880.00,92.20
2024-01-01,H03,Charcuterie,Grocery Retail,Lower Mainland,48,204.00,0.03,8401.54,120.00,5760.00,76.88
2024-01-01,H03,Charcuterie,Grocery Retail,Vancouver Island,16,204.00,0.02,2806.32,120.72,1931.52,53.69
2024-01-01,H03,Charcuterie,Grocery Retail,BC Interior,17,204.00,0.03,2951.40,120.72,2052.24,66.63
2024-01-01,H03,Charcuterie,Hotels & Institutions,Lower Mainland,29,204.00,0.01,5558.23,120.12,3483.48,46.72
2024-01-01,H03,Charcuterie,Hotels & Institutions,Vancouver Island,10,204.00,0.01,1920.59,120.36,1203.60,34.37
2024-01-01,H03,Charcuterie,Hotels & Institutions,BC Interior,10,204.00,0.01,1916.72,120.24,1202.40,39.35
2024-01-01,H03,Charcuterie,Online Direct,Lower Mainland,12,204.00,0.00,2741.72,120.72,1448.64,122.78
2024-01-01,H03,Charcuterie,Online Direct,Vancouver Island,4,204.00,0.01,896.61,120.00,480.00,47.17
2024-01-01,H03,Charcuterie,Online Direct,BC Interior,5,204.00,0.01,1133.24,120.00,600.00,62.50
2024-01-01,H04,Charcuterie,Restaurants,Lower Mainland,118,96.00,0.01,11248.70,54.77,6462.86,187.29
2024-01-01,H04,Charcuterie,Restaurants,Vancouver Island,44,96.00,0.01,4194.36,54.67,2405.48,147.66
2024-01-01,H04,Charcuterie,Restaurants,BC Interior,44,96.00,0.01,4156.53,54.77,2409.88,176.23
2024-01-01,H04,Charcuterie,Grocery Retail,Lower Mainland,78,96.00,0.01,6497.41,54.72,4268.16,124.80
2024-01-01,H04,Charcuterie,Grocery Retail,Vancouver Island,30,96.00,0.04,2443.25,54.61,1638.30,101.69
2024-01-01,H04,Charcuterie,Grocery Retail,BC Interior,29,96.00,0.01,2437.61,54.67,1585.43,111.06
2024-01-01,H04,Charcuterie,Hotels & Institutions,Lower Mainland,49,96.00,0.01,4455.31,54.67,2678.83,78.71
2024-01-01,H04,Charcuterie,Hotels & Institutions,Vancouver Island,17,96.00,0.01,1533.31,54.77,931.09,56.76
2024-01-01,H04,Charcuterie,Hotels & Institutions,BC Interior,17,96.00,0.00,1556.60,54.56,927.52,66.70
2024-01-01,H04,Charcuterie,Online Direct,Lower Mainland,22,96.00,0.00,2353.63,54.88,1207.36,228.20
2024-01-01,H04,Charcuterie,Online Direct,Vancouver Island,8,96.00,0.00,860.15,54.72,437.76,96.72
2024-01-01,H04,Charcuterie,Online Direct,BC Interior,8,96.00,0.01,852.40,54.77,438.16,98.51
2024-01-01,D01,Cheese & Dairy,Restaurants,Lower Mainland,198,142.00,0.01,27611.49,87.86,17396.28,323.14
2024-01-01,D01,Cheese & Dairy,Restaurants,Vancouver Island,73,142.00,0.01,10303.80,88.30,6445.90,253.16
2024-01-01,D01,Cheese & Dairy,Restaurants,BC Interior,76,142.00,0.01,10598.23,88.13,6697.88,293.44
2024-01-01,D01,Cheese & Dairy,Grocery Retail,Lower Mainland,141,142.00,0.02,17372.13,88.04,12413.64,222.67
2024-01-01,D01,Cheese & Dairy,Grocery Retail,Vancouver Island,50,142.00,0.04,6041.14,87.78,4389.00,166.94
2024-01-01,D01,Cheese & Dairy,Grocery Retail,BC Interior,48,142.00,0.02,5895.88,87.95,4221.60,185.70
2024-01-01,D01,Cheese & Dairy,Hotels & Institutions,Lower Mainland,85,142.00,0.00,11432.10,87.78,7461.30,137.50
2024-01-01,D01,Cheese & Dairy,Hotels & Institutions,Vancouver Island,29,142.00,0.01,3868.97,88.04,2553.16,96.53
2024-01-01,D01,Cheese & Dairy,Hotels & Institutions,BC Interior,30,142.00,0.00,4018.72,88.04,2641.20,113.72
2024-01-01,D01,Cheese & Dairy,Online Direct,Lower Mainland,37,142.00,0.01,5819.86,88.30,3267.10,364.73
2024-01-01,D01,Cheese & Dairy,Online Direct,Vancouver Island,14,142.00,0.01,2197.58,88.04,1232.56,168.10
2024-01-01,D01,Cheese & Dairy,Online Direct,BC Interior,14,142.00,0.01,2215.41,88.30,1236.20,171.00
2024-01-01,D02,Cheese & Dairy,Restaurants,Lower Mainland,172,118.00,0.00,20336.53,72.50,12470.00,276.85
2024-01-01,D02,Cheese & Dairy,Restaurants,Vancouver Island,63,118.00,0.01,7352.36,72.79,4585.77,219.13
2024-01-01,D02,Cheese & Dairy,Restaurants,BC Interior,63,118.00,0.00,7396.86,72.72,4581.36,249.88
2024-01-01,D02,Cheese & Dairy,Grocery Retail,Lower Mainland,113,118.00,0.04,11334.56,72.50,8192.50,184.24
2024-01-01,D02,Cheese & Dairy,Grocery Retail,Vancouver Island,45,118.00,0.03,4564.96,72.64,3268.80,151.32
2024-01-01,D02,Cheese & Dairy,Grocery Retail,BC Interior,43,118.00,0.03,4344.56,72.79,3129.97,171.22
2024-01-01,D02,Cheese & Dairy,Hotels & Institutions,Lower Mainland,73,118.00,0.01,8060.76,72.64,5302.72,116.33
2024-01-01,D02,Cheese & Dairy,Hotels & Institutions,Vancouver Island,27,118.00,0.00,3038.81,72.57,1959.39,90.15
2024-01-01,D02,Cheese & Dairy,Hotels & Institutions,BC Interior,25,118.00,0.01,2771.64,72.64,1816.00,96.14
2024-01-01,D02,Cheese & Dairy,Online Direct,Lower Mainland,32,118.00,0.01,4182.60,72.57,2322.24,332.90
2024-01-01,D02,Cheese & Dairy,Online Direct,Vancouver Island,12,118.00,0.01,1568.38,72.57,870.84,144.51
2024-01-01,D02,Cheese & Dairy,Online Direct,BC Interior,11,118.00,0.01,1443.60,72.79,800.69,139.13
2024-01-01,D03,Cheese & Dairy,Restaurants,Lower Mainland,93,236.00,0.01,21750.86,148.98,13855.14,146.42
2024-01-01,D03,Cheese & Dairy,Restaurants,Vancouver Island,33,236.00,0.01,7694.54,149.13,4921.29,112.87
2024-01-01,D03,Cheese & Dairy,Restaurants,BC Interior,34,236.00,0.01,7951.70,148.83,5060.22,134.46
2024-01-01,D03,Cheese & Dairy,Grocery Retail,Lower Mainland,63,236.00,0.02,12731.52,148.23,9338.49,98.38
2024-01-01,D03,Cheese & Dairy,Grocery Retail,Vancouver Island,23,236.00,0.04,4580.99,148.68,3419.64,77.73
2024-01-01,D03,Cheese & Dairy,Grocery Retail,BC Interior,23,236.00,0.03,4623.79,148.23,3409.29,91.76
2024-01-01,D03,Cheese & Dairy,Hotels & Institutions,Lower Mainland,37,236.00,0.01,8187.81,148.53,5495.61,59.20
2024-01-01,D03,Cheese & Dairy,Hotels & Institutions,Vancouver Island,14,236.00,0.01,3107.24,148.68,2081.52,48.89
2024-01-01,D03,Cheese & Dairy,Hotels & Institutions,BC Interior,13,236.00,0.01,2882.54,149.13,1938.69,50.80
2024-01-01,D03,Cheese & Dairy,Online Direct,Lower Mainland,17,236.00,0.01,4448.51,148.68,2527.56,168.27
2024-01-01,D03,Cheese & Dairy,Online Direct,Vancouver Island,6,236.00,0.00,1581.16,148.68,892.08,70.83
2024-01-01,D03,Cheese & Dairy,Online Direct,BC Interior,6,236.00,0.00,1587.51,148.83,892.98,75.22
2024-01-01,D04,Cheese & Dairy,Restaurants,Lower Mainland,262,86.00,0.01,22351.29,52.51,13757.62,408.30
2024-01-01,D04,Cheese & Dairy,Restaurants,Vancouver Island,89,86.00,0.01,7623.14,52.41,4664.49,310.77
2024-01-01,D04,Cheese & Dairy,Restaurants,BC Interior,88,86.00,0.00,7567.97,52.46,4616.48,334.96
2024-01-01,D04,Cheese & Dairy,Grocery Retail,Lower Mainland,169,86.00,0.01,12598.40,52.36,8848.84,264.99
2024-01-01,D04,Cheese & Dairy,Grocery Retail,Vancouver Island,63,86.00,0.01,4691.69,52.36,3298.68,209.27
2024-01-01,D04,Cheese & Dairy,Grocery Retail,BC Interior,61,86.00,0.01,4570.06,52.56,3206.16,244.56
2024-01-01,D04,Cheese & Dairy,Hotels & Institutions,Lower Mainland,104,86.00,0.01,8386.44,52.56,5466.24,163.57
2024-01-01,D04,Cheese & Dairy,Hotels & Institutions,Vancouver Island,36,86.00,0.01,2908.93,52.30,1882.80,121.05
2024-01-01,D04,Cheese & Dairy,Hotels & Institutions,BC Interior,39,86.00,0.00,3167.21,52.41,2043.99,149.67
2024-01-01,D04,Cheese & Dairy,Online Direct,Lower Mainland,46,86.00,0.01,4412.97,52.36,2408.56,465.06
2024-01-01,D04,Cheese & Dairy,Online Direct,Vancouver Island,16,86.00,0.01,1524.15,52.36,837.76,194.02
2024-01-01,D04,Cheese & Dairy,Online Direct,BC Interior,17,86.00,0.00,1637.43,52.51,892.67,211.64
2024-02-01,B01,Beef,Restaurants,Lower Mainland,229,268.00,0.01,60694.33,198.72,45506.88,376.29
2024-02-01,B01,Beef,Restaurants,Vancouver Island,82,268.00,0.01,21843.99,198.32,16262.24,286.33
2024-02-01,B01,Beef,Restaurants,BC Interior,84,268.00,0.01,22287.08,198.91,16708.44,323.01
2024-02-01,B01,Beef,Grocery Retail,Lower Mainland,150,268.00,0.00,35234.60,197.92,29688.00,242.16
2024-02-01,B01,Beef,Grocery Retail,Vancouver Island,57,268.00,0.03,13025.26,198.52,11315.64,196.71
2024-02-01,B01,Beef,Grocery Retail,BC Interior,56,268.00,0.04,12782.51,198.52,11117.12,221.02
2024-02-01,B01,Beef,Hotels & Institutions,Lower Mainland,95,268.00,0.01,24113.76,198.52,18859.40,156.26
2024-02-01,B01,Beef,Hotels & Institutions,Vancouver Island,33,268.00,0.00,8359.82,197.92,6531.36,109.17
2024-02-01,B01,Beef,Hotels & Institutions,BC Interior,35,268.00,0.00,8848.73,197.73,6920.55,138.68
2024-02-01,B01,Beef,Online Direct,Lower Mainland,39,268.00,0.01,11601.09,197.92,7718.88,393.51
2024-02-01,B01,Beef,Online Direct,Vancouver Island,15,268.00,0.01,4470.69,197.92,2968.80,179.75
2024-02-01,B01,Beef,Online Direct,BC Interior,14,268.00,0.00,4181.25,198.32,2776.48,176.72
2024-02-01,B02,Beef,Restaurants,Lower Mainland,602,118.00,0.01,70821.61,86.82,52265.64,958.38
2024-02-01,B02,Beef,Restaurants,Vancouver Island,211,118.00,0.01,24451.23,86.47,18245.17,712.38
2024-02-01,B02,Beef,Restaurants,BC Interior,219,118.00,0.00,25764.53,86.82,19013.58,863.50
2024-02-01,B02,Beef,Grocery Retail,Lower Mainland,424,118.00,0.04,42402.20,86.82,36811.68,672.29
2024-02-01,B02,Beef,Grocery Retail,Vancouver Island,155,118.00,0.04,15469.23,86.90,13469.50,537.54
2024-02-01,B02,Beef,Grocery Retail,BC Interior,147,118.00,0.01,15172.28,86.82,12762.54,578.46
2024-02-01,B02,Beef,Hotels & Institutions,Lower Mainland,246,118.00,0.01,27219.10,86.47,21271.62,402.26
2024-02-01,B02,Beef,Hotels & Institutions,Vancouver Island,93,118.00,0.00,10383.60,86.56,8050.08,325.37
2024-02-01,B02,Beef,Hotels & Institutions,BC Interior,90,118.00,0.00,10048.64,86.64,7797.60,360.83
2024-02-01,B02,Beef,Online Direct,Lower Mainland,108,118.00,0.01,14130.55,86.82,9376.56,1074.44
2024-02-01,B02,Beef,Online Direct,Vancouver Island,40,118.00,0.01,5223.13,86.90,3476.00,486.47
2024-02-01,B02,Beef,Online Direct,BC Interior,40,118.00,0.01,5212.46,86.73,3469.20,496.99
2024-02-01,B03,Beef,Restaurants,Lower Mainland,252,196.00,0.00,49293.27,145.87,36759.24,412.07
2024-02-01,B03,Beef,Restaurants,Vancouver Island,95,196.00,0.01,18452.76,146.02,13871.90,330.75
2024-02-01,B03,Beef,Restaurants,BC Interior,92,196.00,0.01,18013.61,145.73,13407.16,350.55
2024-02-01,B03,Beef,Grocery Retail,Lower Mainland,182,196.00,0.04,30257.60,146.31,26628.42,282.46
2024-02-01,B03,Beef,Grocery Retail,Vancouver Island,67,196.00,0.01,11509.80,146.31,9802.77,226.43
2024-02-01,B03,Beef,Grocery Retail,BC Interior,64,196.00,0.04,10587.77,145.87,9335.68,251.10
2024-02-01,B03,Beef,Hotels & Institutions,Lower Mainland,104,196.00,0.00,19364.80,145.73,15155.92,161.57
2024-02-01,B03,Beef,Hotels & Institutions,Vancouver Island,38,196.00,0.00,7089.73,145.87,5543.06,130.36
2024-02-01,B03,Beef,Hotels & Institutions,BC Interior,41,196.00,0.01,7572.87,146.17,5992.97,157.50
2024-02-01,B03,Beef,Online Direct,Lower Mainland,49,196.00,0.01,10670.21,146.02,7154.98,501.33
2024-02-01,B03,Beef,Online Direct,Vancouver Island,17,196.00,0.01,3687.18,146.17,2484.89,204.73
2024-02-01,B03,Beef,Online Direct,BC Interior,17,196.00,0.01,3679.74,146.46,2489.82,209.54
2024-02-01,B04,Beef,Restaurants,Lower Mainland,130,342.00,0.01,44015.40,255.73,33244.90,209.66
2024-02-01,B04,Beef,Restaurants,Vancouver Island,46,342.00,0.01,15527.26,257.01,11822.46,154.84
2024-02-01,B04,Beef,Restaurants,BC Interior,43,342.00,0.01,14631.94,256.24,11018.32,172.73
2024-02-01,B04,Beef,Grocery Retail,Lower Mainland,84,342.00,0.02,24825.11,256.76,21567.84,136.28
2024-02-01,B04,Beef,Grocery Retail,Vancouver Island,32,342.00,0.02,9437.44,255.73,8183.36,111.85
2024-02-01,B04,Beef,Grocery Retail,BC Interior,30,342.00,0.01,8983.66,255.99,7679.70,114.08
2024-02-01,B04,Beef,Hotels & Institutions,Lower Mainland,51,342.00,0.00,16602.99,257.27,13120.77,80.05
2024-02-01,B04,Beef,Hotels & Institutions,Vancouver Island,18,342.00,0.01,5795.44,256.24,4612.32,59.36
2024-02-01,B04,Beef,Hotels & Institutions,BC Interior,19,342.00,0.01,6092.99,256.50,4873.50,74.69
2024-02-01,B04,Beef,Online Direct,Lower Mainland,22,342.00,0.01,8401.52,257.01,5654.22,221.98
2024-02-01,B04,Beef,Online Direct,Vancouver Island,8,342.00,0.01,3027.41,257.01,2056.08,93.96
2024-02-01,B04,Beef,Online Direct,BC Interior,8,342.00,0.00,3052.07,256.76,2054.08,100.69
2024-02-01,P01,Pork,Restaurants,Lower Mainland,331,132.00,0.01,42951.07,92.49,30614.19,530.66
2024-02-01,P01,Pork,Restaurants,Vancouver Island,122,132.00,0.00,16071.74,92.12,11238.64,425.58
2024-02-01,P01,Pork,Restaurants,BC Interior,128,132.00,0.01,16693.43,92.22,11804.16,489.72
2024-02-01,P01,Pork,Grocery Retail,Lower Mainland,238,132.00,0.03,26789.05,92.12,21924.56,373.56
2024-02-01,P01,Pork,Grocery Retail,Vancouver Island,83,132.00,0.01,9602.60,92.58,7684.14,286.15
2024-02-01,P01,Pork,Grocery Retail,BC Interior,86,132.00,0.04,9610.52,92.68,7970.48,344.79
2024-02-01,P01,Pork,Hotels & Institutions,Lower Mainland,139,132.00,0.01,17274.07,92.22,12818.58,218.17
2024-02-01,P01,Pork,Hotels & Institutions,Vancouver Island,53,132.00,0.01,6573.09,92.58,4906.74,182.72
2024-02-01,P01,Pork,Hotels & Institutions,BC Interior,50,132.00,0.01,6201.09,92.22,4611.00,190.12
2024-02-01,P01,Pork,Online Direct,Lower Mainland,64,132.00,0.01,9310.51,92.40,5913.60,659.33
2024-02-01,P01,Pork,Online Direct,Vancouver Island,23,132.00,0.00,3403.72,92.22,2121.06,277.53
2024-02-01,P01,Pork,Online Direct,BC Interior,23,132.00,0.00,3376.56,92.68,2131.64,287.48
2024-02-01,P02,Pork,Restaurants,Lower Mainland,250,104.00,0.01,25895.69,71.90,17975.00,396.40
2024-02-01,P02,Pork,Restaurants,Vancouver Island,90,104.00,0.00,9322.59,71.76,6458.40,302.33
2024-02-01,P02,Pork,Restaurants,BC Interior,92,104.00,0.01,9462.75,71.98,6622.16,358.80
2024-02-01,P02,Pork,Grocery Retail,Lower Mainland,163,104.00,0.03,14500.06,71.98,11732.74,260.80
2024-02-01,P02,Pork,Grocery Retail,Vancouver Island,61,104.00,0.03,5409.09,71.69,4373.09,201.18
2024-02-01,P02,Pork,Grocery Retail,BC Interior,63,104.00,0.01,5725.40,71.76,4520.88,242.26
2024-02-01,P02,Pork,Hotels & Institutions,Lower Mainland,102,104.00,0.00,10097.72,71.90,7333.80,165.48
2024-02-01,P02,Pork,Hotels & Institutions,Vancouver Island,37,104.00,0.01,3640.93,71.62,2649.94,125.55
2024-02-01,P02,Pork,Hotels & Institutions,BC Interior,37,104.00,0.00,3633.70,71.69,2652.53,140.69
2024-02-01,P02,Pork,Online Direct,Lower Mainland,44,104.00,0.00,5094.42,71.69,3154.36,431.07
2024-02-01,P02,Pork,Online Direct,Vancouver Island,16,104.00,0.00,1865.54,71.83,1149.28,191.35
2024-02-01,P02,Pork,Online Direct,BC Interior,17,104.00,0.01,1962.32,71.62,1217.54,210.38
2024-02-01,P03,Pork,Restaurants,Lower Mainland,228,146.00,0.00,33055.38,102.93,23468.04,365.53
2024-02-01,P03,Pork,Restaurants,Vancouver Island,80,146.00,0.00,11610.01,103.03,8242.40,268.19
2024-02-01,P03,Pork,Restaurants,BC Interior,81,146.00,0.01,11754.72,102.83,8329.23,309.90
2024-02-01,P03,Pork,Grocery Retail,Lower Mainland,151,146.00,0.02,18897.00,103.14,15574.14,244.50
2024-02-01,P03,Pork,Grocery Retail,Vancouver Island,54,146.00,0.01,6861.73,103.03,5563.62,183.05
2024-02-01,P03,Pork,Grocery Retail,BC Interior,54,146.00,0.04,6680.95,102.72,5546.88,207.02
2024-02-01,P03,Pork,Hotels & Institutions,Lower Mainland,86,146.00,0.01,11785.30,103.24,8878.64,139.39
2024-02-01,P03,Pork,Hotels & Institutions,Vancouver Island,32,146.00,0.01,4389.68,103.14,3300.48,111.85
2024-02-01,P03,Pork,Hotels & Institutions,BC Interior,33,146.00,0.00,4572.52,102.72,3389.76,127.16
2024-02-01,P03,Pork,Online Direct,Lower Mainland,41,146.00,0.01,6657.43,103.24,4232.84,413.27
2024-02-01,P03,Pork,Online Direct,Vancouver Island,15,146.00,0.01,2442.98,102.93,1543.95,181.18
2024-02-01,P03,Pork,Online Direct,BC Interior,15,146.00,0.01,2433.21,103.24,1548.60,182.65
2024-02-01,P04,Pork,Restaurants,Lower Mainland,311,92.00,0.01,28383.30,64.13,19944.43,510.54
2024-02-01,P04,Pork,Restaurants,Vancouver Island,119,92.00,0.01,10762.21,64.00,7616.00,409.46
2024-02-01,P04,Pork,Restaurants,BC Interior,115,92.00,0.01,10547.96,63.75,7331.25,444.02
2024-02-01,P04,Pork,Grocery Retail,Lower Mainland,219,92.00,0.03,17286.03,64.13,14044.47,354.96
2024-02-01,P04,Pork,Grocery Retail,Vancouver Island,80,92.00,0.00,6476.74,63.94,5115.20,270.91
2024-02-01,P04,Pork,Grocery Retail,BC Interior,76,92.00,0.01,6116.04,64.00,4864.00,303.81
2024-02-01,P04,Pork,Hotels & Institutions,Lower Mainland,133,92.00,0.01,11554.27,64.07,8521.31,208.12
2024-02-01,P04,Pork,Hotels & Institutions,Vancouver Island,49,92.00,0.01,4235.61,64.00,3136.00,169.27
2024-02-01,P04,Pork,Hotels & Institutions,BC Interior,48,92.00,0.01,4161.70,64.13,3078.24,184.58
2024-02-01,P04,Pork,Online Direct,Lower Mainland,57,92.00,0.01,5802.92,63.94,3644.58,581.46
2024-02-01,P04,Pork,Online Direct,Vancouver Island,21,92.00,0.01,2135.79,64.00,1344.00,251.15
2024-02-01,P04,Pork,Online Direct,BC Interior,20,92.00,0.00,2056.68,64.00,1280.00,247.75
2024-02-01,C01,Poultry,Restaurants,Lower Mainland,591,78.00,0.01,45545.33,56.61,33456.51,936.14
2024-02-01,C01,Poultry,Restaurants,Vancouver Island,224,78.00,0.01,17314.89,56.66,12691.84,779.88
2024-02-01,C01,Poultry,Restaurants,BC Interior,221,78.00,0.00,17169.12,56.49,12484.29,843.80
2024-02-01,C01,Poultry,Grocery Retail,Lower Mainland,428,78.00,0.04,28119.25,56.55,24203.40,697.13
2024-02-01,C01,Poultry,Grocery Retail,Vancouver Island,155,78.00,0.03,10361.30,56.49,8755.95,518.04
2024-02-01,C01,Poultry,Grocery Retail,BC Interior,157,78.00,0.01,10668.60,56.38,8851.66,623.32
2024-02-01,C01,Poultry,Hotels & Institutions,Lower Mainland,254,78.00,0.01,18483.67,56.55,14363.70,407.62
2024-02-01,C01,Poultry,Hotels & Institutions,Vancouver Island,90,78.00,0.01,6602.24,56.55,5089.50,311.81
2024-02-01,C01,Poultry,Hotels & Institutions,BC Interior,93,78.00,0.00,6870.63,56.61,5264.73,356.53
2024-02-01,C01,Poultry,Online Direct,Lower Mainland,111,78.00,0.01,9580.79,56.49,6270.39,1127.83
2024-02-01,C01,Poultry,Online Direct,Vancouver Island,42,78.00,0.01,3599.63,56.49,2372.58,492.30
2024-02-01,C01,Poultry,Online Direct,BC Interior,40,78.00,0.01,3473.38,56.49,2259.60,497.49
2024-02-01,C02,Poultry,Restaurants,Lower Mainland,549,124.00,0.01,67261.27,89.46,49113.54,904.75
2024-02-01,C02,Poultry,Restaurants,Vancouver Island,197,124.00,0.00,24403.57,89.55,17641.35,649.71
2024-02-01,C02,Poultry,Restaurants,BC Interior,194,124.00,0.00,24031.66,89.19,17302.86,763.41
2024-02-01,C02,Poultry,Grocery Retail,Lower Mainland,366,124.00,0.01,39578.80,89.37,32709.42,583.84
2024-02-01,C02,Poultry,Grocery Retail,Vancouver Island,139,124.00,0.02,14819.73,89.19,12397.41,475.44
2024-02-01,C02,Poultry,Grocery Retail,BC Interior,131,124.00,0.01,14080.30,89.28,11695.68,518.05
2024-02-01,C02,Poultry,Hotels & Institutions,Lower Mainland,212,124.00,0.00,25023.55,89.19,18908.28,344.29
2024-02-01,C02,Poultry,Hotels & Institutions,Vancouver Island,79,124.00,0.00,9269.01,89.10,7038.90,266.18
2024-02-01,C02,Poultry,Hotels & Institutions,BC Interior,81,124.00,0.01,9427.60,89.19,7224.39,325.06
2024-02-01,C02,Poultry,Online Direct,Lower Mainland,98,124.00,0.01,13460.36,89.55,8775.90,977.92
2024-02-01,C02,Poultry,Online Direct,Vancouver Island,37,124.00,0.01,5071.69,89.28,3303.36,450.43
2024-02-01,C02,Poultry,Online Direct,BC Interior,37,124.00,0.01,5097.53,89.46,3310.02,451.46
2024-02-01,C03,Poultry,Restaurants,Lower Mainland,440,96.00,0.01,41857.64,68.64,30201.60,723.71
2024-02-01,C03,Poultry,Restaurants,Vancouver Island,161,96.00,0.01,15363.34,68.78,11073.58,553.97
2024-02-01,C03,Poultry,Restaurants,BC Interior,168,96.00,0.01,15950.59,68.64,11531.52,661.10
2024-02-01,C03,Poultry,Grocery Retail,Lower Mainland,304,96.00,0.02,25294.74,68.57,20845.28,479.10
2024-02-01,C03,Poultry,Grocery Retail,Vancouver Island,110,96.00,0.01,9246.11,68.64,7550.40,370.63
2024-02-01,C03,Poultry,Grocery Retail,BC Interior,111,96.00,0.02,9245.32,68.43,7595.73,442.42
2024-02-01,C03,Poultry,Hotels & Institutions,Lower Mainland,183,96.00,0.01,16472.40,68.71,12573.93,289.87
2024-02-01,C03,Poultry,Hotels & Institutions,Vancouver Island,65,96.00,0.01,5898.36,68.71,4466.15,222.77
2024-02-01,C03,Poultry,Hotels & Institutions,BC Interior,65,96.00,0.01,5874.73,68.57,4457.05,250.96
2024-02-01,C03,Poultry,Online Direct,Lower Mainland,82,96.00,0.01,8790.03,68.71,5634.22,852.22
2024-02-01,C03,Poultry,Online Direct,Vancouver Island,29,96.00,0.01,3105.54,68.71,1992.59,335.09
2024-02-01,C03,Poultry,Online Direct,BC Interior,29,96.00,0.00,3102.51,68.71,1992.59,353.13
2024-02-01,C04,Poultry,Restaurants,Lower Mainland,100,188.00,0.01,18649.60,131.86,13186.00,163.84
2024-02-01,C04,Poultry,Restaurants,Vancouver Island,36,188.00,0.00,6740.95,131.47,4732.92,124.60
2024-02-01,C04,Poultry,Restaurants,BC Interior,39,188.00,0.01,7273.45,131.73,5137.47,152.10
2024-02-01,C04,Poultry,Grocery Retail,Lower Mainland,69,188.00,0.02,11176.41,131.47,9071.43,110.29
2024-02-01,C04,Poultry,Grocery Retail,Vancouver Island,25,188.00,0.04,3991.09,131.73,3293.25,82.70
2024-02-01,C04,Poultry,Grocery Retail,BC Interior,25,188.00,0.03,4012.26,131.99,3299.75,95.65
2024-02-01,C04,Poultry,Hotels & Institutions,Lower Mainland,43,188.00,0.01,7580.24,131.21,5642.03,69.01
2024-02-01,C04,Poultry,Hotels & Institutions,Vancouver Island,15,188.00,0.00,2662.95,131.60,1974.00,50.80
2024-02-01,C04,Poultry,Hotels & Institutions,BC Interior,15,188.00,0.01,2652.15,131.60,1974.00,60.14
2024-02-01,C04,Poultry,Online Direct,Lower Mainland,19,188.00,0.01,3956.70,131.86,2505.34,191.71
2024-02-01,C04,Poultry,Online Direct,Vancouver Island,7,188.00,0.00,1469.49,131.47,920.29,85.13
2024-02-01,C04,Poultry,Online Direct,BC Interior,7,188.00,0.01,1457.67,131.21,918.47,89.32
2024-02-01,S01,Seafood,Restaurants,Lower Mainland,219,176.00,0.01,38312.12,133.15,29159.85,347.95
2024-02-01,S01,Seafood,Restaurants,Vancouver Island,83,176.00,0.01,14447.66,132.61,11006.63,274.86
2024-02-01,S01,Seafood,Restaurants,BC Interior,82,176.00,0.01,14287.68,132.48,10863.36,327.79
2024-02-01,S01,Seafood,Grocery Retail,Lower Mainland,151,176.00,0.04,22497.27,132.48,20004.48,243.77
2024-02-01,S01,Seafood,Grocery Retail,Vancouver Island,57,176.00,0.01,8740.06,133.15,7589.55,193.61
2024-02-01,S01,Seafood,Grocery Retail,BC Interior,56,176.00,0.02,8473.59,133.28,7463.68,214.25
2024-02-01,S01,Seafood,Hotels & Institutions,Lower Mainland,90,176.00,0.01,14942.39,133.01,11970.90,147.60
2024-02-01,S01,Seafood,Hotels & Institutions,Vancouver Island,34,176.00,0.00,5684.80,132.61,4508.74,116.87
2024-02-01,S01,Seafood,Hotels & Institutions,BC Interior,33,176.00,0.01,5462.54,132.88,4385.04,125.10
2024-02-01,S01,Seafood,Online Direct,Lower Mainland,41,176.00,0.01,8017.00,132.88,5448.08,419.90
2024-02-01,S01,Seafood,Online Direct,Vancouver Island,16,176.00,0.00,3131.88,132.75,2124.00,188.88
2024-02-01,S01,Seafood,Online Direct,BC Interior,15,176.00,0.01,2944.94,132.61,1989.15,180.42
2024-02-01,S02,Seafood,Restaurants,Lower Mainland,97,214.00,0.01,20528.79,160.66,15584.02,156.13
2024-02-01,S02,Seafood,Restaurants,Vancouver Island,37,214.00,0.01,7814.83,160.02,5920.74,124.16
2024-02-01,S02,Seafood,Restaurants,BC Interior,36,214.00,0.00,7711.61,160.18,5766.48,137.87
2024-02-01,S02,Seafood,Grocery Retail,Lower Mainland,64,214.00,0.01,11967.58,160.66,10282.24,105.47
2024-02-01,S02,Seafood,Grocery Retail,Vancouver Island,23,214.00,0.01,4287.88,160.98,3702.54,78.43
2024-02-01,S02,Seafood,Grocery Retail,BC Interior,23,214.00,0.02,4240.40,160.50,3691.50,90.78
2024-02-01,S02,Seafood,Hotels & Institutions,Lower Mainland,40,214.00,0.00,8107.60,160.82,6432.80,63.87
2024-02-01,S02,Seafood,Hotels & Institutions,Vancouver Island,14,214.00,0.01,2812.01,160.18,2242.52,48.89
2024-02-01,S02,Seafood,Hotels & Institutions,BC Interior,14,214.00,0.01,2814.77,160.66,2249.24,54.27
2024-02-01,S02,Seafood,Online Direct,Lower Mainland,18,214.00,0.01,4270.93,160.98,2897.64,181.80
2024-02-01,S02,Seafood,Online Direct,Vancouver Island,7,214.00,0.00,1677.73,160.82,1125.74,84.22
2024-02-01,S02,Seafood,Online Direct,BC Interior,6,214.00,0.01,1420.84,160.82,964.92,74.62
2024-02-01,S03,Seafood,Restaurants,Lower Mainland,63,305.00,0.01,18888.92,227.22,14314.86,97.88
2024-02-01,S03,Seafood,Restaurants,Vancouver Island,22,305.00,0.01,6642.64,227.00,4994.00,76.07
2024-02-01,S03,Seafood,Restaurants,BC Interior,22,305.00,0.01,6643.06,227.22,4998.84,87.77
2024-02-01,S03,Seafood,Grocery Retail,Lower Mainland,43,305.00,0.00,11506.53,227.45,9780.35,68.73
2024-02-01,S03,Seafood,Grocery Retail,Vancouver Island,15,305.00,0.00,4009.91,227.45,3411.75,49.93
2024-02-01,S03,Seafood,Grocery Retail,BC Interior,15,305.00,0.01,3985.70,227.68,3415.20,58.68
2024-02-01,S03,Seafood,Hotels & Institutions,Lower Mainland,26,305.00,0.01,7480.71,227.68,5919.68,42.27
2024-02-01,S03,Seafood,Hotels & Institutions,Vancouver Island,9,305.00,0.01,2576.51,227.45,2047.05,30.39
2024-02-01,S03,Seafood,Hotels & Institutions,BC Interior,9,305.00,0.01,2573.88,227.00,2043.00,35.94
2024-02-01,S03,Seafood,Online Direct,Lower Mainland,11,305.00,0.01,3734.95,227.68,2504.48,108.88
2024-02-01,S03,Seafood,Online Direct,Vancouver Island,4,305.00,0.01,1352.77,227.68,910.72,48.46
2024-02-01,S03,Seafood,Online Direct,BC Interior,4,305.00,0.01,1351.37,226.77,907.08,50.29
2024-02-01,S04,Seafood,Restaurants,Lower Mainland,111,138.00,0.01,15225.98,103.71,11511.81,180.44
2024-02-01,S04,Seafood,Restaurants,Vancouver Island,41,138.00,0.01,5612.55,103.60,4247.60,141.63
2024-02-01,S04,Seafood,Restaurants,BC Interior,42,138.00,0.01,5737.72,103.71,4355.82,161.02
2024-02-01,S04,Seafood,Grocery Retail,Lower Mainland,76,138.00,0.01,9146.28,103.19,7842.44,119.53
2024-02-01,S04,Seafood,Grocery Retail,Vancouver Island,28,138.00,0.04,3294.43,103.40,2895.20,93.30
2024-02-01,S04,Seafood,Grocery Retail,BC Interior,28,138.00,0.01,3346.05,103.71,2903.88,111.82
2024-02-01,S04,Seafood,Hotels & Institutions,Lower Mainland,48,138.00,0.01,6280.12,103.19,4953.12,78.80
2024-02-01,S04,Seafood,Hotels & Institutions,Vancouver Island,16,138.00,0.01,2066.23,103.50,1656.00,53.20
2024-02-01,S04,Seafood,Hotels & Institutions,BC Interior,17,138.00,0.01,2186.49,103.50,1759.50,68.16
2024-02-01,S04,Seafood,Online Direct,Lower Mainland,20,138.00,0.01,3054.07,103.40,2068.00,205.43
2024-02-01,S04,Seafood,Online Direct,Vancouver Island,7,138.00,0.01,1077.59,103.81,726.67,83.22
2024-02-01,S04,Seafood,Online Direct,BC Interior,8,138.00,0.01,1222.91,103.40,827.20,101.68
2024-02-01,H01,Charcuterie,Restaurants,Lower Mainland,146,188.00,0.01,27119.37,109.37,15968.02,231.03
2024-02-01,H01,Charcuterie,Restaurants,Vancouver Island,52,188.00,0.01,9736.58,109.26,5681.52,172.03
2024-02-01,H01,Charcuterie,Restaurants,BC Interior,50,188.00,0.01,9305.63,109.37,5468.50,196.36
2024-02-01,H01,Charcuterie,Grocery Retail,Lower Mainland,95,188.00,0.02,15401.38,109.04,10358.80,148.35
2024-02-01,H01,Charcuterie,Grocery Retail,Vancouver Island,34,188.00,0.01,5523.96,109.04,3707.36,117.80
2024-02-01,H01,Charcuterie,Grocery Retail,BC Interior,35,188.00,0.01,5703.69,108.71,3804.85,134.86
2024-02-01,H01,Charcuterie,Hotels & Institutions,Lower Mainland,60,188.00,0.01,10630.40,109.04,6542.40,93.79
2024-02-01,H01,Charcuterie,Hotels & Institutions,Vancouver Island,21,188.00,0.00,3739.36,109.37,2296.77,71.61
2024-02-01,H01,Charcuterie,Hotels & Institutions,BC Interior,21,188.00,0.00,3746.85,108.71,2282.91,81.08
2024-02-01,H01,Charcuterie,Online Direct,Lower Mainland,26,188.00,0.01,5430.58,108.82,2829.32,255.77
2024-02-01,H01,Charcuterie,Online Direct,Vancouver Island,9,188.00,0.00,1900.73,109.15,982.35,109.03
2024-02-01,H01,Charcuterie,Online Direct,BC Interior,10,188.00,0.01,2080.37,108.71,1087.10,122.64
2024-02-01,H02,Charcuterie,Restaurants,Lower Mainland,128,156.00,0.00,19908.14,89.79,11493.12,200.29
2024-02-01,H02,Charcuterie,Restaurants,Vancouver Island,47,156.00,0.01,7273.10,89.97,4228.59,164.11
2024-02-01,H02,Charcuterie,Restaurants,BC Interior,46,156.00,0.00,7140.16,89.79,4130.34,177.25
2024-02-01,H02,Charcuterie,Grocery Retail,Lower Mainland,82,156.00,0.02,10997.78,89.52,7340.64,133.56
2024-02-01,H02,Charcuterie,Grocery Retail,Vancouver Island,30,156.00,0.03,3970.42,89.88,2696.40,100.16
2024-02-01,H02,Charcuterie,Grocery Retail,BC Interior,30,156.00,0.02,4019.56,89.70,2691.00,114.31
2024-02-01,H02,Charcuterie,Hotels & Institutions,Lower Mainland,52,156.00,0.01,7606.31,89.88,4673.76,82.28
2024-02-01,H02,Charcuterie,Hotels & Institutions,Vancouver Island,18,156.00,0.01,2646.28,89.79,1616.22,62.79
2024-02-01,H02,Charcuterie,Hotels & Institutions,BC Interior,18,156.00,0.00,2667.60,89.97,1619.46,69.08
2024-02-01,H02,Charcuterie,Online Direct,Lower Mainland,23,156.00,0.01,4002.47,89.79,2065.17,234.86
2024-02-01,H02,Charcuterie,Online Direct,Vancouver Island,8,156.00,0.00,1399.15,89.52,716.16,93.39
2024-02-01,H02,Charcuterie,Online Direct,BC Interior,8,156.00,0.01,1383.75,89.43,715.44,100.79
2024-02-01,H03,Charcuterie,Restaurants,Lower Mainland,64,204.00,0.01,12899.68,120.72,7726.08,101.17
2024-02-01,H03,Charcuterie,Restaurants,Vancouver Island,24,204.00,0.01,4827.65,120.60,2894.40,81.93
2024-02-01,H03,Charcuterie,Restaurants,BC Interior,23,204.00,0.00,4654.54,120.24,2765.52,89.70
2024-02-01,H03,Charcuterie,Grocery Retail,Lower Mainland,46,204.00,0.01,8183.75,120.00,5520.00,71.61
2024-02-01,H03,Charcuterie,Grocery Retail,Vancouver Island,16,204.00,0.04,2757.65,120.24,1923.84,53.04
2024-02-01,H03,Charcuterie,Grocery Retail,BC Interior,15,204.00,0.03,2606.79,120.24,1803.60,58.27
2024-02-01,H03,Charcuterie,Hotels & Institutions,Lower Mainland,27,204.00,0.01,5180.36,120.12,3243.24,42.90
2024-02-01,H03,Charcuterie,Hotels & Institutions,Vancouver Island,10,204.00,0.00,1939.94,120.00,1200.00,33.49
2024-02-01,H03,Charcuterie,Hotels & Institutions,BC Interior,9,204.00,0.01,1730.27,120.60,1085.40,35.03
2024-02-01,H03,Charcuterie,Online Direct,Lower Mainland,11,204.00,0.00,2500.72,120.72,1327.92,113.54
2024-02-01,H03,Charcuterie,Online Direct,Vancouver Island,4,204.00,0.01,902.98,120.12,480.48,47.55
2024-02-01,H03,Charcuterie,Online Direct,BC Interior,4,204.00,0.01,907.52,120.48,481.92,48.61
2024-02-01,H04,Charcuterie,Restaurants,Lower Mainland,107,96.00,0.00,10251.37,54.61,5843.27,166.06
2024-02-01,H04,Charcuterie,Restaurants,Vancouver Island,41,96.00,0.01,3912.40,54.67,2241.47,138.70
2024-02-01,H04,Charcuterie,Restaurants,BC Interior,40,96.00,0.01,3786.39,54.72,2188.80,151.48
2024-02-01,H04,Charcuterie,Grocery Retail,Lower Mainland,73,96.00,0.02,6043.43,54.61,3986.53,120.07
2024-02-01,H04,Charcuterie,Grocery Retail,Vancouver Island,28,96.00,0.03,2285.30,54.72,1532.16,96.15
2024-02-01,H04,Charcuterie,Grocery Retail,BC Interior,29,96.00,0.01,2437.64,54.72,1586.88,113.67
2024-02-01,H04,Charcuterie,Hotels & Institutions,Lower Mainland,44,96.00,0.00,3984.76,54.88,2414.72,72.37
2024-02-01,H04,Charcuterie,Hotels & Institutions,Vancouver Island,17,96.00,0.01,1530.30,54.83,932.11,56.36
2024-02-01,H04,Charcuterie,Hotels & Institutions,BC Interior,17,96.00,0.01,1522.58,54.67,929.39,67.69
2024-02-01,H04,Charcuterie,Online Direct,Lower Mainland,20,96.00,0.00,2154.70,54.56,1091.20,206.24
2024-02-01,H04,Charcuterie,Online Direct,Vancouver Island,7,96.00,0.01,745.11,54.88,384.16,84.97
2024-02-01,H04,Charcuterie,Online Direct,BC Interior,8,96.00,0.01,846.44,54.88,439.04,101.48
2024-02-01,D01,Cheese & Dairy,Restaurants,Lower Mainland,192,142.00,0.01,26883.39,87.86,16869.12,297.98
2024-02-01,D01,Cheese & Dairy,Restaurants,Vancouver Island,69,142.00,0.01,9690.22,88.13,6080.97,239.06
2024-02-01,D01,Cheese & Dairy,Restaurants,BC Interior,72,142.00,0.01,10070.78,87.95,6332.40,281.92
2024-02-01,D01,Cheese & Dairy,Grocery Retail,Lower Mainland,125,142.00,0.00,15604.35,88.13,11016.25,195.60
2024-02-01,D01,Cheese & Dairy,Grocery Retail,Vancouver Island,46,142.00,0.03,5626.87,87.86,4041.56,158.43
2024-02-01,D01,Cheese & Dairy,Grocery Retail,BC Interior,49,142.00,0.01,6061.74,88.22,4322.78,192.82
2024-02-01,D01,Cheese & Dairy,Hotels & Institutions,Lower Mainland,77,142.00,0.01,10231.86,88.04,6779.08,119.75
2024-02-01,D01,Cheese & Dairy,Hotels & Institutions,Vancouver Island,29,142.00,0.00,3912.08,87.86,2547.94,97.61
2024-02-01,D01,Cheese & Dairy,Hotels & Institutions,BC Interior,30,142.00,0.01,3974.38,88.04,2641.20,117.58
2024-02-01,D01,Cheese & Dairy,Online Direct,Lower Mainland,36,142.00,0.01,5668.31,88.04,3169.44,374.51
2024-02-01,D01,Cheese & Dairy,Online Direct,Vancouver Island,13,142.00,0.00,2069.59,88.13,1145.69,150.83
2024-02-01,D01,Cheese & Dairy,Online Direct,BC Interior,12,142.00,0.00,1898.95,87.95,1055.40,152.82
2024-02-01,D02,Cheese & Dairy,Restaurants,Lower Mainland,169,118.00,0.01,19802.41,72.79,12301.51,276.08
2024-02-01,D02,Cheese & Dairy,Restaurants,Vancouver Island,62,118.00,0.01,7242.43,72.72,4508.64,214.38
2024-02-01,D02,Cheese & Dairy,Restaurants,BC Interior,59,118.00,0.01,6850.71,72.72,4290.48,232.17
2024-02-01,D02,Cheese & Dairy,Grocery Retail,Lower Mainland,110,118.00,0.03,11124.78,72.50,7975.00,172.83
2024-02-01,D02,Cheese & Dairy,Grocery Retail,Vancouver Island,40,118.00,0.02,4099.32,72.64,2905.60,133.01
2024-02-01,D02,Cheese & Dairy,Grocery Retail,BC Interior,40,118.00,0.03,4037.61,72.72,2908.80,154.13
2024-02-01,D02,Cheese & Dairy,Hotels & Institutions,Lower Mainland,66,118.00,0.00,7398.53,72.50,4785.00,108.13
2024-02-01,D02,Cheese & Dairy,Hotels & Institutions,Vancouver Island,24,118.00,0.01,2676.91,72.50,1740.00,81.03
2024-02-01,D02,Cheese & Dairy,Hotels & Institutions,BC Interior,25,118.00,0.00,2805.27,72.72,1818.00,99.45
2024-02-01,D02,Cheese & Dairy,Online Direct,Lower Mainland,31,118.00,0.00,4076.50,72.42,2245.02,316.23
2024-02-01,D02,Cheese & Dairy,Online Direct,Vancouver Island,10,118.00,0.00,1316.32,72.64,726.40,121.50
2024-02-01,D02,Cheese & Dairy,Online Direct,BC Interior,10,118.00,0.01,1310.96,72.64,726.40,126.23
2024-02-01,D03,Cheese & Dairy,Restaurants,Lower Mainland,90,236.00,0.00,21197.46,148.68,13381.20,143.14
2024-02-01,D03,Cheese & Dairy,Restaurants,Vancouver Island,30,236.00,0.01,6988.17,148.38,4451.40,102.31
2024-02-01,D03,Cheese & Dairy,Restaurants,BC Interior,32,236.00,0.00,7544.36,148.83,4762.56,127.05
2024-02-01,D03,Cheese & Dairy,Grocery Retail,Lower Mainland,61,236.00,0.01,12541.30,149.13,9096.93,99.06
2024-02-01,D03,Cheese & Dairy,Grocery Retail,Vancouver Island,22,236.00,0.01,4532.41,148.53,3267.66,75.85
2024-02-01,D03,Cheese & Dairy,Grocery Retail,BC Interior,21,236.00,0.03,4196.14,148.83,3125.43,80.26
2024-02-01,D03,Cheese & Dairy,Hotels & Institutions,Lower Mainland,36,236.00,0.00,8006.76,148.68,5352.48,56.68
2024-02-01,D03,Cheese & Dairy,Hotels & Institutions,Vancouver Island,13,236.00,0.00,2902.94,148.98,1936.74,44.33
2024-02-01,D03,Cheese & Dairy,Hotels & Institutions,BC Interior,13,236.00,0.01,2888.37,149.13,1938.69,50.04
2024-02-01,D03,Cheese & Dairy,Online Direct,Lower Mainland,15,236.00,0.01,3948.81,148.68,2230.20,152.56
2024-02-01,D03,Cheese & Dairy,Online Direct,Vancouver Island,5,236.00,0.01,1304.42,148.23,741.15,59.44
2024-02-01,D03,Cheese & Dairy,Online Direct,BC Interior,6,236.00,0.01,1568.41,148.23,889.38,74.92
2024-02-01,D04,Cheese & Dairy,Restaurants,Lower Mainland,237,86.00,0.01,20177.39,52.56,12456.72,383.37
2024-02-01,D04,Cheese & Dairy,Restaurants,Vancouver Island,87,86.00,0.01,7414.80,52.46,4564.02,291.36
2024-02-01,D04,Cheese & Dairy,Restaurants,BC Interior,86,86.00,0.00,7410.77,52.51,4515.86,336.41
2024-02-01,D04,Cheese & Dairy,Grocery Retail,Lower Mainland,163,86.00,0.02,12149.86,52.41,8542.83,255.84
2024-02-01,D04,Cheese & Dairy,Grocery Retail,Vancouver Island,59,86.00,0.01,4425.02,52.56,3101.04,206.02
2024-02-01,D04,Cheese & Dairy,Grocery Retail,BC Interior,60,86.00,0.01,4481.93,52.62,3157.20,230.96
2024-02-01,D04,Cheese & Dairy,Hotels & Institutions,Lower Mainland,98,86.00,0.01,7934.25,52.56,5150.88,158.52
2024-02-01,D04,Cheese & Dairy,Hotels & Institutions,Vancouver Island,35,86.00,0.01,2816.68,52.56,1839.60,118.88
2024-02-01,D04,Cheese & Dairy,Hotels & Institutions,BC Interior,36,86.00,0.01,2908.90,52.56,1892.16,141.94
2024-02-01,D04,Cheese & Dairy,Online Direct,Lower Mainland,44,86.00,0.01,4162.03,52.36,2303.84,437.29
2024-02-01,D04,Cheese & Dairy,Online Direct,Vancouver Island,15,86.00,0.01,1430.34,52.36,785.40,174.22
2024-02-01,D04,Cheese & Dairy,Online Direct,BC Interior,16,86.00,0.00,1536.49,52.36,837.76,201.77
2024-03-01,B01,Beef,Restaurants,Lower Mainland,248,268.00,0.01,65600.77,197.92,49084.16,395.61
2024-03-01,B01,Beef,Restaurants,Vancouver Island,85,268.00,0.01,22733.89,197.73,16807.05,284.38
2024-03-01,B01,Beef,Restaurants,BC Interior,92,268.00,0.01,24335.47,197.92,18208.64,359.16
2024-03-01,B01,Beef,Grocery Retail,Lower Mainland,163,268.00,0.00,38441.57,197.73,32229.99,260.54
2024-03-01,B01,Beef,Grocery Retail,Vancouver Island,61,268.00,0.03,13997.81,197.92,12073.12,202.22
2024-03-01,B01,Beef,Grocery Retail,BC Interior,60,268.00,0.04,13613.70,198.91,11934.60,229.32
2024-03-01,B01,Beef,Hotels & Institutions,Lower Mainland,96,268.00,0.00,24368.32,198.12,19019.52,151.60
2024-03-01,B01,Beef,Hotels & Institutions,Vancouver Island,37,268.00,0.01,9316.18,198.32,7337.84,125.42
2024-03-01,B01,Beef,Hotels & Institutions,BC Interior,36,268.00,0.01,9083.11,197.73,7118.28,143.63
2024-03-01,B01,Beef,Online Direct,Lower Mainland,45,268.00,0.00,13534.11,198.52,8933.40,449.96
2024-03-01,B01,Beef,Online Direct,Vancouver Island,15,268.00,0.01,4466.23,198.52,2977.80,180.11
2024-03-01,B01,Beef,Online Direct,BC Interior,16,268.00,0.01,4764.14,198.12,3169.92,196.61
2024-03-01,B02,Beef,Restaurants,Lower Mainland,647,118.00,0.00,76574.73,86.90,56224.30,1065.22
2024-03-01,B02,Beef,Restaurants,Vancouver Island,242,118.00,0.00,28470.39,86.73,20988.66,829.38
2024-03-01,B02,Beef,Restaurants,BC Interior,227,118.00,0.01,26465.43,86.64,19667.28,883.53
2024-03-01,B02,Beef,Grocery Retail,Lower Mainland,433,118.00,0.04,42991.55,86.90,37627.70,711.51
2024-03-01,B02,Beef,Grocery Retail,Vancouver Island,169,118.00,0.02,17213.92,86.73,14657.37,570.00
2024-03-01,B02,Beef,Grocery Retail,BC Interior,159,118.00,0.00,16411.63,86.64,13775.76,624.44
2024-03-01,B02,Beef,Hotels & Institutions,Lower Mainland,261,118.00,0.01,28907.94,86.82,22660.02,416.76
2024-03-01,B02,Beef,Hotels & Institutions,Vancouver Island,100,118.00,0.01,11108.71,86.90,8690.00,329.80
2024-03-01,B02,Beef,Hotels & Institutions,BC Interior,94,118.00,0.01,10421.59,86.47,8128.18,356.34
2024-03-01,B02,Beef,Online Direct,Lower Mainland,121,118.00,0.00,15927.44,86.99,10525.79,1246.54
2024-03-01,B02,Beef,Online Direct,Vancouver Island,43,118.00,0.01,5637.50,86.56,3722.08,513.75
2024-03-01,B02,Beef,Online Direct,BC Interior,43,118.00,0.01,5614.61,86.47,3718.21,548.13
2024-03-01,B03,Beef,Restaurants,Lower Mainland,298,196.00,0.01,57880.23,145.87,43469.26,467.26
2024-03-01,B03,Beef,Restaurants,Vancouver Island,102,196.00,0.00,19932.02,145.87,14878.74,342.64
2024-03-01,B03,Beef,Restaurants,BC Interior,103,196.00,0.01,19886.07,146.31,15069.93,407.73
2024-03-01,B03,Beef,Grocery Retail,Lower Mainland,192,196.00,0.01,32884.55,145.73,27980.16,315.19
2024-03-01,B03,Beef,Grocery Retail,Vancouver Island,70,196.00,0.02,11808.46,146.46,10252.20,237.52
2024-03-01,B03,Beef,Grocery Retail,BC Interior,70,196.00,0.03,11676.26,145.87,10210.90,273.27
2024-03-01,B03,Beef,Hotels & Institutions,Lower Mainland,114,196.00,0.00,21141.96,145.73,16613.22,183.68
2024-03-01,B03,Beef,Hotels & Institutions,Vancouver Island,41,196.00,0.01,7573.22,145.73,5974.93,142.47
2024-03-01,B03,Beef,Hotels & Institutions,BC Interior,44,196.00,0.01,8111.07,145.87,6418.28,173.49
2024-03-01,B03,Beef,Online Direct,Lower Mainland,50,196.00,0.00,10921.16,145.73,7286.50,490.35
2024-03-01,B03,Beef,Online Direct,Vancouver Island,19,196.00,0.01,4108.32,145.73,2768.87,228.13
2024-03-01,B03,Beef,Online Direct,BC Interior,18,196.00,0.00,3935.55,146.02,2628.36,216.73
2024-03-01,B04,Beef,Restaurants,Lower Mainland,136,342.00,0.00,46419.02,255.73,34779.28,221.73
2024-03-01,B04,Beef,Restaurants,Vancouver Island,48,342.00,0.01,16317.39,256.50,12312.00,166.95
2024-03-01,B04,Beef,Restaurants,BC Interior,50,342.00,0.01,16946.41,257.01,12850.50,192.86
2024-03-01,B04,Beef,Grocery Retail,Lower Mainland,95,342.00,0.02,28103.43,255.99,24319.05,156.56
2024-03-01,B04,Beef,Grocery Retail,Vancouver Island,33,342.00,0.02,9712.71,256.76,8473.08,113.32
2024-03-01,B04,Beef,Grocery Retail,BC Interior,34,342.00,0.00,10263.34,255.73,8694.82,136.05
2024-03-01,B04,Beef,Hotels & Institutions,Lower Mainland,55,342.00,0.01,17637.41,256.24,14093.20,86.86
2024-03-01,B04,Beef,Hotels & Institutions,Vancouver Island,19,342.00,0.00,6129.96,255.99,4863.81,63.37
2024-03-01,B04,Beef,Hotels & Institutions,BC Interior,20,342.00,0.01,6419.94,257.01,5140.20,75.74
2024-03-01,B04,Beef,Online Direct,Lower Mainland,25,342.00,0.01,9470.84,255.99,6399.75,259.06
2024-03-01,B04,Beef,Online Direct,Vancouver Island,9,342.00,0.01,3419.75,257.01,2313.09,104.96
2024-03-01,B04,Beef,Online Direct,BC Interior,9,342.00,0.01,3436.96,256.24,2306.16,113.16
2024-03-01,P01,Pork,Restaurants,Lower Mainland,368,132.00,0.00,48381.84,92.12,33900.16,585.86
2024-03-01,P01,Pork,Restaurants,Vancouver Island,131,132.00,0.01,17016.00,92.12,12067.72,444.06
2024-03-01,P01,Pork,Restaurants,BC Interior,136,132.00,0.00,17880.19,92.31,12554.16,517.67
2024-03-01,P01,Pork,Grocery Retail,Lower Mainland,253,132.00,0.01,29182.76,92.68,23448.04,402.37
2024-03-01,P01,Pork,Grocery Retail,Vancouver Island,92,132.00,0.00,10697.39,92.68,8526.56,314.36
2024-03-01,P01,Pork,Grocery Retail,BC Interior,89,132.00,0.01,10265.56,92.31,8215.59,339.81
2024-03-01,P01,Pork,Hotels & Institutions,Lower Mainland,153,132.00,0.00,19186.18,92.58,14164.74,251.16
2024-03-01,P01,Pork,Hotels & Institutions,Vancouver Island,54,132.00,0.00,6758.06,92.58,4999.32,184.52
2024-03-01,P01,Pork,Hotels & Institutions,BC Interior,54,132.00,0.01,6751.22,92.31,4984.74,211.65
2024-03-01,P01,Pork,Online Direct,Lower Mainland,64,132.00,0.01,9329.42,92.22,5902.08,636.06
2024-03-01,P01,Pork,Online Direct,Vancouver Island,25,132.00,0.00,3703.38,92.40,2310.00,302.56
2024-03-01,P01,Pork,Online Direct,BC Interior,25,132.00,0.01,3659.10,92.49,2312.25,301.32
2024-03-01,P02,Pork,Restaurants,Lower Mainland,261,104.00,0.01,27035.29,71.83,18747.63,416.35
2024-03-01,P02,Pork,Restaurants,Vancouver Island,98,104.00,0.00,10191.96,71.98,7054.04,326.20
2024-03-01,P02,Pork,Restaurants,BC Interior,97,104.00,0.01,10007.30,71.90,6974.30,371.49
2024-03-01,P02,Pork,Grocery Retail,Lower Mainland,178,104.00,0.02,15997.33,71.98,12812.44,285.08
2024-03-01,P02,Pork,Grocery Retail,Vancouver Island,63,104.00,0.01,5673.78,71.54,4507.02,214.41
2024-03-01,P02,Pork,Grocery Retail,BC Interior,63,104.00,0.03,5587.51,71.76,4520.88,244.47
2024-03-01,P02,Pork,Hotels & Institutions,Lower Mainland,106,104.00,0.01,10409.96,71.83,7613.98,174.35
2024-03-01,P02,Pork,Hotels & Institutions,Vancouver Island,40,104.00,0.01,3912.56,71.69,2867.60,136.00
2024-03-01,P02,Pork,Hotels & Institutions,BC Interior,38,104.00,0.00,3746.89,71.62,2721.56,152.50
2024-03-01,P02,Pork,Online Direct,Lower Mainland,46,104.00,0.01,5293.84,71.83,3304.18,475.75
2024-03-01,P02,Pork,Online Direct,Vancouver Island,16,104.00,0.01,1837.61,71.54,1144.64,193.45
2024-03-01,P02,Pork,Online Direct,BC Interior,17,104.00,0.00,1972.24,71.62,1217.54,213.96
2024-03-01,P03,Pork,Restaurants,Lower Mainland,221,146.00,0.00,32137.03,102.93,22747.53,345.82
2024-03-01,P03,Pork,Restaurants,Vancouver Island,85,146.00,0.01,12310.91,102.72,8731.20,284.09
2024-03-01,P03,Pork,Restaurants,BC Interior,81,146.00,0.01,11719.45,103.24,8362.44,321.90
2024-03-01,P03,Pork,Grocery Retail,Lower Mainland,152,146.00,0.01,19314.69,102.62,15598.24,236.15
2024-03-01,P03,Pork,Grocery Retail,Vancouver Island,59,146.00,0.01,7549.91,103.14,6085.26,204.21
2024-03-01,P03,Pork,Grocery Retail,BC Interior,56,146.00,0.00,7180.43,102.83,5758.48,215.34
2024-03-01,P03,Pork,Hotels & Institutions,Lower Mainland,98,146.00,0.00,13592.55,102.83,10077.34,156.17
2024-03-01,P03,Pork,Hotels & Institutions,Vancouver Island,36,146.00,0.00,4953.33,102.62,3694.32,121.42
2024-03-01,P03,Pork,Hotels & Institutions,BC Interior,34,146.00,0.00,4696.95,103.03,3503.02,133.00
2024-03-01,P03,Pork,Online Direct,Lower Mainland,43,146.00,0.01,6996.10,102.72,4416.96,446.03
2024-03-01,P03,Pork,Online Direct,Vancouver Island,15,146.00,0.00,2455.24,102.62,1539.30,181.71
2024-03-01,P03,Pork,Online Direct,BC Interior,16,146.00,0.01,2595.34,102.72,1643.52,203.16
2024-03-01,P04,Pork,Restaurants,Lower Mainland,347,92.00,0.00,31892.08,63.88,22166.36,570.75
2024-03-01,P04,Pork,Restaurants,Vancouver Island,125,92.00,0.01,11350.50,64.13,8016.25,416.08
2024-03-01,P04,Pork,Restaurants,BC Interior,115,92.00,0.00,10548.28,63.88,7346.20,439.53
2024-03-01,P04,Pork,Grocery Retail,Lower Mainland,235,92.00,0.00,18987.55,64.00,15040.00,377.13
2024-03-01,P04,Pork,Grocery Retail,Vancouver Island,85,92.00,0.02,6737.46,63.75,5418.75,290.73
2024-03-01,P04,Pork,Grocery Retail,BC Interior,82,92.00,0.02,6492.52,64.13,5258.66,324.92
2024-03-01,P04,Pork,Hotels & Institutions,Lower Mainland,136,92.00,0.00,11922.06,64.07,8713.52,223.48
2024-03-01,P04,Pork,Hotels & Institutions,Vancouver Island,48,92.00,0.00,4182.60,64.00,3072.00,165.81
2024-03-01,P04,Pork,Hotels & Institutions,BC Interior,51,92.00,0.00,4457.33,63.81,3254.31,201.88
2024-03-01,P04,Pork,Online Direct,Lower Mainland,61,92.00,0.00,6291.73,64.00,3904.00,598.23
2024-03-01,P04,Pork,Online Direct,Vancouver Island,21,92.00,0.01,2159.46,63.81,1340.01,246.90
2024-03-01,P04,Pork,Online Direct,BC Interior,22,92.00,0.01,2260.04,63.75,1402.50,272.53
2024-03-01,C01,Poultry,Restaurants,Lower Mainland,603,78.00,0.01,46515.40,56.44,34033.32,979.27
2024-03-01,C01,Poultry,Restaurants,Vancouver Island,232,78.00,0.01,17969.18,56.55,13119.60,787.22
2024-03-01,C01,Poultry,Restaurants,BC Interior,228,78.00,0.00,17659.73,56.55,12893.40,863.41
2024-03-01,C01,Poultry,Grocery Retail,Lower Mainland,434,78.00,0.01,29551.65,56.61,24568.74,702.04
2024-03-01,C01,Poultry,Grocery Retail,Vancouver Island,155,78.00,0.00,10586.07,56.49,8755.95,539.65
2024-03-01,C01,Poultry,Grocery Retail,BC Interior,157,78.00,0.03,10475.55,56.55,8878.35,595.16
2024-03-01,C01,Poultry,Hotels & Institutions,Lower Mainland,258,78.00,0.01,18812.45,56.38,14546.04,417.34
2024-03-01,C01,Poultry,Hotels & Institutions,Vancouver Island,91,78.00,0.01,6635.31,56.44,5136.04,313.42
2024-03-01,C01,Poultry,Hotels & Institutions,BC Interior,95,78.00,0.01,6941.23,56.38,5356.10,362.35
2024-03-01,C01,Poultry,Online Direct,Lower Mainland,118,78.00,0.00,10318.73,56.61,6679.98,1223.98
2024-03-01,C01,Poultry,Online Direct,Vancouver Island,41,78.00,0.01,3556.69,56.55,2318.55,502.05
2024-03-01,C01,Poultry,Online Direct,BC Interior,41,78.00,0.01,3524.59,56.38,2311.58,499.25
2024-03-01,C02,Poultry,Restaurants,Lower Mainland,562,124.00,0.01,68922.69,89.37,50225.94,874.02
2024-03-01,C02,Poultry,Restaurants,Vancouver Island,194,124.00,0.00,23983.83,89.01,17267.94,643.11
2024-03-01,C02,Poultry,Restaurants,BC Interior,200,124.00,0.01,24626.40,89.19,17838.00,780.00
2024-03-01,C02,Poultry,Grocery Retail,Lower Mainland,392,124.00,0.03,41533.28,89.46,35068.32,625.32
2024-03-01,C02,Poultry,Grocery Retail,Vancouver Island,135,124.00,0.01,14642.81,89.37,12064.95,469.10
2024-03-01,C02,Poultry,Grocery Retail,BC Interior,135,124.00,0.00,14701.75,89.19,12040.65,540.19
2024-03-01,C02,Poultry,Hotels & Institutions,Lower Mainland,236,124.00,0.00,27661.96,89.01,21006.36,367.03
2024-03-01,C02,Poultry,Hotels & Institutions,Vancouver Island,84,124.00,0.01,9806.34,89.10,7484.40,293.03
2024-03-01,C02,Poultry,Hotels & Institutions,BC Interior,83,124.00,0.01,9689.31,89.10,7395.30,316.90
2024-03-01,C02,Poultry,Online Direct,Lower Mainland,98,124.00,0.00,13501.58,89.28,8749.44,1011.58
2024-03-01,C02,Poultry,Online Direct,Vancouver Island,36,124.00,0.01,4939.74,89.28,3214.08,439.97
2024-03-01,C02,Poultry,Online Direct,BC Interior,38,124.00,0.01,5235.05,89.19,3389.22,458.01
2024-03-01,C03,Poultry,Restaurants,Lower Mainland,446,96.00,0.01,42601.32,68.43,30519.78,722.88
2024-03-01,C03,Poultry,Restaurants,Vancouver Island,168,96.00,0.00,16079.62,68.64,11531.52,575.77
2024-03-01,C03,Poultry,Restaurants,BC Interior,169,96.00,0.01,15932.70,68.78,11623.82,640.65
2024-03-01,C03,Poultry,Grocery Retail,Lower Mainland,318,96.00,0.01,26408.75,68.50,21783.00,511.85
2024-03-01,C03,Poultry,Grocery Retail,Vancouver Island,116,96.00,0.02,9613.66,68.85,7986.60,393.22
2024-03-01,C03,Poultry,Grocery Retail,BC Interior,113,96.00,0.02,9402.32,68.78,7772.14,440.70
2024-03-01,C03,Poultry,Hotels & Institutions,Lower Mainland,184,96.00,0.01,16680.00,68.78,12655.52,301.47
2024-03-01,C03,Poultry,Hotels & Institutions,Vancouver Island,67,96.00,0.00,6073.79,68.78,4608.26,230.08
2024-03-01,C03,Poultry,Hotels & Institutions,BC Interior,66,96.00,0.00,5995.12,68.78,4539.48,259.46
2024-03-01,C03,Poultry,Online Direct,Lower Mainland,81,96.00,0.00,8656.94,68.50,5548.50,823.83
2024-03-01,C03,Poultry,Online Direct,Vancouver Island,31,96.00,0.01,3286.46,68.85,2134.35,367.79
2024-03-01,C03,Poultry,Online Direct,BC Interior,29,96.00,0.01,3093.14,68.43,1984.47,369.31
2024-03-01,C04,Poultry,Restaurants,Lower Mainland,101,188.00,0.01,18779.13,131.99,13330.99,159.34
2024-03-01,C04,Poultry,Restaurants,Vancouver Island,39,188.00,0.01,7207.66,131.47,5127.33,129.28
2024-03-01,C04,Poultry,Restaurants,BC Interior,39,188.00,0.01,7229.59,131.99,5147.61,153.47
2024-03-01,C04,Poultry,Grocery Retail,Lower Mainland,71,188.00,0.03,11406.52,131.34,9325.14,115.42
2024-03-01,C04,Poultry,Grocery Retail,Vancouver Island,25,188.00,0.03,3999.88,131.21,3280.25,84.06
2024-03-01,C04,Poultry,Grocery Retail,BC Interior,25,188.00,0.03,3995.51,131.73,3293.25,94.67
2024-03-01,C04,Poultry,Hotels & Institutions,Lower Mainland,45,188.00,0.01,7932.41,131.86,5933.70,72.72
2024-03-01,C04,Poultry,Hotels & Institutions,Vancouver Island,16,188.00,0.01,2837.55,131.73,2107.68,55.76
2024-03-01,C04,Poultry,Hotels & Institutions,BC Interior,15,188.00,0.01,2649.61,131.73,1975.95,56.92
2024-03-01,C04,Poultry,Online Direct,Lower Mainland,20,188.00,0.00,4194.37,131.60,2632.00,196.95
2024-03-01,C04,Poultry,Online Direct,Vancouver Island,7,188.00,0.01,1465.08,131.21,918.47,82.30
2024-03-01,C04,Poultry,Online Direct,BC Interior,7,188.00,0.00,1466.56,131.60,921.20,88.62
2024-03-01,S01,Seafood,Restaurants,Lower Mainland,251,176.00,0.01,43821.13,132.48,33252.48,409.63
2024-03-01,S01,Seafood,Restaurants,Vancouver Island,90,176.00,0.01,15539.99,132.48,11923.20,299.88
2024-03-01,S01,Seafood,Restaurants,BC Interior,90,176.00,0.01,15712.52,132.75,11947.50,359.42
2024-03-01,S01,Seafood,Grocery Retail,Lower Mainland,171,176.00,0.01,26246.12,132.88,22722.48,274.97
2024-03-01,S01,Seafood,Grocery Retail,Vancouver Island,63,176.00,0.04,9397.10,133.15,8388.45,208.63
2024-03-01,S01,Seafood,Grocery Retail,BC Interior,63,176.00,0.02,9494.69,132.88,8371.44,243.49
2024-03-01,S01,Seafood,Hotels & Institutions,Lower Mainland,101,176.00,0.01,16785.42,132.75,13407.75,160.31
2024-03-01,S01,Seafood,Hotels & Institutions,Vancouver Island,37,176.00,0.01,6137.00,132.48,4901.76,128.06
2024-03-01,S01,Seafood,Hotels & Institutions,BC Interior,40,176.00,0.01,6607.66,132.61,5304.40,158.65
2024-03-01,S01,Seafood,Online Direct,Lower Mainland,48,176.00,0.01,9376.26,133.28,6397.44,470.26
2024-03-01,S01,Seafood,Online Direct,Vancouver Island,16,176.00,0.00,3131.88,132.75,2124.00,191.73
2024-03-01,S01,Seafood,Online Direct,BC Interior,16,176.00,0.01,3119.32,133.01,2128.16,196.02
2024-03-01,S02,Seafood,Restaurants,Lower Mainland,115,214.00,0.01,24411.94,160.50,18457.50,186.02
2024-03-01,S02,Seafood,Restaurants,Vancouver Island,41,214.00,0.01,8616.46,160.98,6600.18,139.54
2024-03-01,S02,Seafood,Restaurants,BC Interior,41,214.00,0.00,8738.90,160.98,6600.18,159.58
2024-03-01,S02,Seafood,Grocery Retail,Lower Mainland,77,214.00,0.04,13950.66,160.18,12333.86,124.06
2024-03-01,S02,Seafood,Grocery Retail,Vancouver Island,27,214.00,0.02,4967.57,160.18,4324.86,90.15
2024-03-01,S02,Seafood,Grocery Retail,BC Interior,27,214.00,0.00,5089.69,160.66,4337.82,106.77
2024-03-01,S02,Seafood,Hotels & Institutions,Lower Mainland,44,214.00,0.01,8855.94,160.50,7062.00,71.88
2024-03-01,S02,Seafood,Hotels & Institutions,Vancouver Island,16,214.00,0.01,3243.01,160.02,2560.32,54.02
2024-03-01,S02,Seafood,Hotels & Institutions,BC Interior,16,214.00,0.01,3207.21,160.82,2573.12,64.21
2024-03-01,S02,Seafood,Online Direct,Lower Mainland,20,214.00,0.01,4755.25,160.18,3203.60,197.15
2024-03-01,S02,Seafood,Online Direct,Vancouver Island,7,214.00,0.01,1662.67,160.98,1126.86,83.80
2024-03-01,S02,Seafood,Online Direct,BC Interior,7,214.00,0.01,1650.98,160.34,1122.38,86.02
2024-03-01,S03,Seafood,Restaurants,Lower Mainland,68,305.00,0.01,20656.60,227.68,15482.24,110.43
2024-03-01,S03,Seafood,Restaurants,Vancouver Island,26,305.00,0.00,7937.83,226.77,5896.02,86.81
2024-03-01,S03,Seafood,Restaurants,BC Interior,24,305.00,0.01,7195.87,227.22,5453.28,93.13
2024-03-01,S03,Seafood,Grocery Retail,Lower Mainland,47,305.00,0.04,12134.95,227.45,10690.15,74.75
2024-03-01,S03,Seafood,Grocery Retail,Vancouver Island,18,305.00,0.00,4802.25,227.68,4098.24,60.47
2024-03-01,S03,Seafood,Grocery Retail,BC Interior,18,305.00,0.02,4710.83,227.91,4102.38,69.08
2024-03-01,S03,Seafood,Hotels & Institutions,Lower Mainland,29,305.00,0.00,8411.05,227.00,6583.00,45.47
2024-03-01,S03,Seafood,Hotels & Institutions,Vancouver Island,10,305.00,0.01,2862.60,227.91,2279.10,33.80
2024-03-01,S03,Seafood,Hotels & Institutions,BC Interior,10,305.00,0.01,2877.25,226.77,2267.70,38.77
2024-03-01,S03,Seafood,Online Direct,Lower Mainland,13,305.00,0.01,4392.03,226.54,2945.02,131.30
2024-03-01,S03,Seafood,Online Direct,Vancouver Island,5,305.00,0.01,1685.74,227.45,1137.25,58.67
2024-03-01,S03,Seafood,Online Direct,BC Interior,4,305.00,0.00,1358.21,227.91,911.64,48.51
2024-03-01,S04,Seafood,Restaurants,Lower Mainland,125,138.00,0.01,17112.00,103.50,12937.50,202.60
2024-03-01,S04,Seafood,Restaurants,Vancouver Island,48,138.00,0.00,6623.97,103.60,4972.80,166.63
2024-03-01,S04,Seafood,Restaurants,BC Interior,45,138.00,0.01,6154.05,103.19,4643.55,174.45
2024-03-01,S04,Seafood,Grocery Retail,Lower Mainland,87,138.00,0.04,10174.36,103.50,9004.50,136.97
2024-03-01,S04,Seafood,Grocery Retail,Vancouver Island,31,138.00,0.02,3700.57,103.60,3211.60,105.72
2024-03-01,S04,Seafood,Grocery Retail,BC Interior,33,138.00,0.03,3863.76,103.50,3415.50,132.05
2024-03-01,S04,Seafood,Hotels & Institutions,Lower Mainland,51,138.00,0.01,6646.02,103.50,5278.50,82.42
2024-03-01,S04,Seafood,Hotels & Institutions,Vancouver Island,19,138.00,0.01,2458.57,103.50,1966.50,65.57
2024-03-01,S04,Seafood,Hotels & Institutions,BC Interior,18,138.00,0.01,2336.11,103.60,1864.80,70.62
2024-03-01,S04,Seafood,Online Direct,Lower Mainland,24,138.00,0.00,3705.72,103.29,2478.96,235.86
2024-03-01,S04,Seafood,Online Direct,Vancouver Island,9,138.00,0.01,1379.92,103.71,933.39,106.46
2024-03-01,S04,Seafood,Online Direct,BC Interior,8,138.00,0.01,1225.38,103.60,828.80,100.89
2024-03-01,H01,Charcuterie,Restaurants,Lower Mainland,155,188.00,0.01,28789.01,109.26,16935.30,242.05
2024-03-01,H01,Charcuterie,Restaurants,Vancouver Island,54,188.00,0.01,9999.72,109.15,5894.10,188.37
2024-03-01,H01,Charcuterie,Restaurants,BC Interior,54,188.00,0.01,10100.87,108.71,5870.34,213.97
2024-03-01,H01,Charcuterie,Grocery Retail,Lower Mainland,98,188.00,0.02,15985.31,108.71,10653.58,159.94
2024-03-01,H01,Charcuterie,Grocery Retail,Vancouver Island,37,188.00,0.03,5925.40,108.71,4022.27,129.07
2024-03-01,H01,Charcuterie,Grocery Retail,BC Interior,37,188.00,0.01,6047.95,109.37,4046.69,148.20
2024-03-01,H01,Charcuterie,Hotels & Institutions,Lower Mainland,62,188.00,0.01,10918.32,109.04,6760.48,98.90
2024-03-01,H01,Charcuterie,Hotels & Institutions,Vancouver Island,22,188.00,0.01,3913.46,108.93,2396.46,72.78
2024-03-01,H01,Charcuterie,Hotels & Institutions,BC Interior,23,188.00,0.01,4054.55,109.26,2512.98,92.12
2024-03-01,H01,Charcuterie,Online Direct,Lower Mainland,28,188.00,0.00,5866.24,108.93,3050.04,287.61
2024-03-01,H01,Charcuterie,Online Direct,Vancouver Island,10,188.00,0.01,2080.33,109.15,1091.50,121.74
2024-03-01,H01,Charcuterie,Online Direct,BC Interior,10,188.00,0.01,2080.33,108.82,1088.20,125.86
2024-03-01,H02,Charcuterie,Restaurants,Lower Mainland,137,156.00,0.01,21180.04,89.97,12325.89,219.64
2024-03-01,H02,Charcuterie,Restaurants,Vancouver Island,47,156.00,0.01,7251.52,89.61,4211.67,160.12
2024-03-01,H02,Charcuterie,Restaurants,BC Interior,50,156.00,0.00,7753.27,89.70,4485.00,198.12
2024-03-01,H02,Charcuterie,Grocery Retail,Lower Mainland,93,156.00,0.01,12626.83,89.43,8316.99,152.82
2024-03-01,H02,Charcuterie,Grocery Retail,Vancouver Island,31,156.00,0.01,4221.43,89.79,2783.49,103.08
2024-03-01,H02,Charcuterie,Grocery Retail,BC Interior,31,156.00,0.02,4166.31,89.70,2780.70,117.51
2024-03-01,H02,Charcuterie,Hotels & Institutions,Lower Mainland,56,156.00,0.01,8191.31,89.43,5008.08,90.59
2024-03-01,H02,Charcuterie,Hotels & Institutions,Vancouver Island,20,156.00,0.00,2969.92,89.70,1794.00,70.04
2024-03-01,H02,Charcuterie,Hotels & Institutions,BC Interior,19,156.00,0.01,2776.34,89.43,1699.17,73.88
2024-03-01,H02,Charcuterie,Online Direct,Lower Mainland,25,156.00,0.00,4350.53,89.88,2247.00,254.02
2024-03-01,H02,Charcuterie,Online Direct,Vancouver Island,9,156.00,0.01,1570.88,89.88,808.92,107.42
2024-03-01,H02,Charcuterie,Online Direct,BC Interior,9,156.00,0.00,1567.77,89.97,809.73,113.27
2024-03-01,H03,Charcuterie,Restaurants,Lower Mainland,66,204.00,0.01,13302.43,120.72,7967.52,106.76
2024-03-01,H03,Charcuterie,Restaurants,Vancouver Island,24,204.00,0.01,4856.79,120.36,2888.64,80.54
2024-03-01,H03,Charcuterie,Restaurants,BC Interior,24,204.00,0.00,4871.55,120.36,2888.64,93.60
2024-03-01,H03,Charcuterie,Grocery Retail,Lower Mainland,46,204.00,0.00,8241.34,120.00,5520.00,71.98
2024-03-01,H03,Charcuterie,Grocery Retail,Vancouver Island,17,204.00,0.04,2930.00,120.24,2044.08,56.82
2024-03-01,H03,Charcuterie,Grocery Retail,BC Interior,17,204.00,0.02,2987.75,120.48,2048.16,66.03
2024-03-01,H03,Charcuterie,Hotels & Institutions,Lower Mainland,29,204.00,0.01,5563.78,120.48,3493.92,45.89
2024-03-01,H03,Charcuterie,Hotels & Institutions,Vancouver Island,11,204.00,0.01,2112.50,120.00,1320.00,36.32
2024-03-01,H03,Charcuterie,Hotels & Institutions,BC Interior,10,204.00,0.01,1908.96,120.72,1207.20,40.09
2024-03-01,H03,Charcuterie,Online Direct,Lower Mainland,12,204.00,0.00,2733.53,120.00,1440.00,123.26
2024-03-01,H03,Charcuterie,Online Direct,Vancouver Island,5,204.00,0.01,1129.85,120.00,600.00,57.77
2024-03-01,H03,Charcuterie,Online Direct,BC Interior,4,204.00,0.01,906.62,120.24,480.96,48.66
2024-03-01,H04,Charcuterie,Restaurants,Lower Mainland,116,96.00,0.01,11024.64,54.72,6347.52,181.33
2024-03-01,H04,Charcuterie,Restaurants,Vancouver Island,41,96.00,0.01,3912.38,54.83,2248.03,143.16
2024-03-01,H04,Charcuterie,Restaurants,BC Interior,43,96.00,0.01,4103.20,54.67,2350.81,172.06
2024-03-01,H04,Charcuterie,Grocery Retail,Lower Mainland,80,96.00,0.02,6663.44,54.83,4386.40,124.16
2024-03-01,H04,Charcuterie,Grocery Retail,Vancouver Island,28,96.00,0.01,2341.82,54.61,1529.08,94.82
2024-03-01,H04,Charcuterie,Grocery Retail,BC Interior,29,96.00,0.00,2452.37,54.72,1586.88,114.12
2024-03-01,H04,Charcuterie,Hotels & Institutions,Lower Mainland,49,96.00,0.00,4482.19,54.61,2675.89,79.73
2024-03-01,H04,Charcuterie,Hotels & Institutions,Vancouver Island,17,96.00,0.01,1534.91,54.77,931.09,57.80
2024-03-01,H04,Charcuterie,Hotels & Institutions,BC Interior,17,96.00,0.00,1544.20,54.56,927.52,64.91
2024-03-01,H04,Charcuterie,Online Direct,Lower Mainland,21,96.00,0.01,2228.54,54.61,1146.81,208.28
2024-03-01,H04,Charcuterie,Online Direct,Vancouver Island,8,96.00,0.00,861.02,54.67,437.36,94.53
2024-03-01,H04,Charcuterie,Online Direct,BC Interior,8,96.00,0.01,848.13,54.88,439.04,97.12
2024-03-01,D01,Cheese & Dairy,Restaurants,Lower Mainland,195,142.00,0.01,27303.00,88.13,17185.35,307.94
2024-03-01,D01,Cheese & Dairy,Restaurants,Vancouver Island,75,142.00,0.00,10681.91,88.22,6616.50,261.38
2024-03-01,D01,Cheese & Dairy,Restaurants,BC Interior,71,142.00,0.01,9961.13,88.13,6257.23,283.82
2024-03-01,D01,Cheese & Dairy,Grocery Retail,Lower Mainland,132,142.00,0.03,15919.45,88.22,11645.04,214.79
2024-03-01,D01,Cheese & Dairy,Grocery Retail,Vancouver Island,50,142.00,0.02,6154.18,88.13,4406.50,170.51
2024-03-01,D01,Cheese & Dairy,Grocery Retail,BC Interior,50,142.00,0.01,6216.54,88.22,4411.00,199.87
2024-03-01,D01,Cheese & Dairy,Hotels & Institutions,Lower Mainland,84,142.00,0.00,11331.59,88.13,7402.92,136.82
2024-03-01,D01,Cheese & Dairy,Hotels & Institutions,Vancouver Island,30,142.00,0.01,4018.55,88.04,2641.20,102.20
2024-03-01,D01,Cheese & Dairy,Hotels & Institutions,BC Interior,30,142.00,0.01,4006.61,88.22,2646.60,115.71
2024-03-01,D01,Cheese & Dairy,Online Direct,Lower Mainland,38,142.00,0.01,5958.99,88.04,3345.52,383.42
2024-03-01,D01,Cheese & Dairy,Online Direct,Vancouver Island,13,142.00,0.00,2073.71,87.95,1143.35,157.18
2024-03-01,D01,Cheese & Dairy,Online Direct,BC Interior,13,142.00,0.01,2059.23,87.78,1141.14,158.30
2024-03-01,D02,Cheese & Dairy,Restaurants,Lower Mainland,173,118.00,0.01,20108.08,72.35,12516.55,270.99
2024-03-01,D02,Cheese & Dairy,Restaurants,Vancouver Island,61,118.00,0.01,7097.52,72.79,4440.19,205.95
2024-03-01,D02,Cheese & Dairy,Restaurants,BC Interior,65,118.00,0.00,7654.66,72.57,4717.05,256.80
2024-03-01,D02,Cheese & Dairy,Grocery Retail,Lower Mainland,116,118.00,0.01,11973.08,72.50,8410.00,187.46
2024-03-01,D02,Cheese & Dairy,Grocery Retail,Vancouver Island,44,118.00,0.02,4473.32,72.57,3193.08,148.25
2024-03-01,D02,Cheese & Dairy,Grocery Retail,BC Interior,42,118.00,0.02,4291.15,72.72,3054.24,167.24
2024-03-01,D02,Cheese & Dairy,Hotels & Institutions,Lower Mainland,71,118.00,0.01,7863.68,72.79,5168.09,114.85
2024-03-01,D02,Cheese & Dairy,Hotels & Institutions,Vancouver Island,26,118.00,0.01,2876.82,72.79,1892.54,87.43
2024-03-01,D02,Cheese & Dairy,Hotels & Institutions,BC Interior,25,118.00,0.01,2766.10,72.72,1818.00,98.96
2024-03-01,D02,Cheese & Dairy,Online Direct,Lower Mainland,31,118.00,0.01,4076.42,72.42,2245.02,315.60
2024-03-01,D02,Cheese & Dairy,Online Direct,Vancouver Island,11,118.00,0.01,1446.49,72.50,797.50,133.26
2024-03-01,D02,Cheese & Dairy,Online Direct,BC Interior,12,118.00,0.01,1574.79,72.64,871.68,151.92
2024-03-01,D03,Cheese & Dairy,Restaurants,Lower Mainland,93,236.00,0.01,21749.68,148.68,13827.24,146.42
2024-03-01,D03,Cheese & Dairy,Restaurants,Vancouver Island,33,236.00,0.01,7679.07,149.13,4921.29,112.20
2024-03-01,D03,Cheese & Dairy,Restaurants,BC Interior,33,236.00,0.01,7671.29,148.83,4911.39,131.15
2024-03-01,D03,Cheese & Dairy,Grocery Retail,Lower Mainland,60,236.00,0.01,12261.61,148.98,8938.80,98.11
2024-03-01,D03,Cheese & Dairy,Grocery Retail,Vancouver Island,23,236.00,0.04,4599.72,149.13,3429.99,79.29
2024-03-01,D03,Cheese & Dairy,Grocery Retail,BC Interior,23,236.00,0.02,4662.21,148.68,3419.64,89.16
2024-03-01,D03,Cheese & Dairy,Hotels & Institutions,Lower Mainland,39,236.00,0.01,8604.03,148.23,5780.97,62.09
2024-03-01,D03,Cheese & Dairy,Hotels & Institutions,Vancouver Island,14,236.00,0.01,3104.36,148.68,2081.52,46.79
2024-03-01,D03,Cheese & Dairy,Hotels & Institutions,BC Interior,14,236.00,0.00,3141.92,148.38,2077.32,53.84
2024-03-01,D03,Cheese & Dairy,Online Direct,Lower Mainland,17,236.00,0.00,4488.89,148.53,2525.01,175.82
2024-03-01,D03,Cheese & Dairy,Online Direct,Vancouver Island,6,236.00,0.00,1585.92,148.23,889.38,72.83
2024-03-01,D03,Cheese & Dairy,Online Direct,BC Interior,6,236.00,0.01,1571.68,149.13,894.78,75.29
2024-03-01,D04,Cheese & Dairy,Restaurants,Lower Mainland,241,86.00,0.01,20354.09,52.36,12618.76,394.08
2024-03-01,D04,Cheese & Dairy,Restaurants,Vancouver Island,90,86.00,0.00,7685.91,52.30,4707.00,301.72
2024-03-01,D04,Cheese & Dairy,Restaurants,BC Interior,87,86.00,0.01,7451.83,52.46,4564.02,343.03
2024-03-01,D04,Cheese & Dairy,Grocery Retail,Lower Mainland,172,86.00,0.02,12757.45,52.51,9031.72,274.65
2024-03-01,D04,Cheese & Dairy,Grocery Retail,Vancouver Island,60,86.00,0.00,4540.76,52.56,3153.60,207.88
2024-03-01,D04,Cheese & Dairy,Grocery Retail,BC Interior,65,86.00,0.03,4781.32,52.46,3409.90,260.60
2024-03-01,D04,Cheese & Dairy,Hotels & Institutions,Lower Mainland,104,86.00,0.01,8402.98,52.62,5472.48,161.74
2024-03-01,D04,Cheese & Dairy,Hotels & Institutions,Vancouver Island,37,86.00,0.00,3019.84,52.56,1944.72,124.29
2024-03-01,D04,Cheese & Dairy,Hotels & Institutions,BC Interior,37,86.00,0.01,2980.70,52.51,1942.87,144.30
2024-03-01,D04,Cheese & Dairy,Online Direct,Lower Mainland,44,86.00,0.01,4195.80,52.51,2310.44,442.62
2024-03-01,D04,Cheese & Dairy,Online Direct,Vancouver Island,16,86.00,0.01,1522.67,52.36,837.76,193.26
2024-03-01,D04,Cheese & Dairy,Online Direct,BC Interior,16,86.00,0.00,1544.19,52.46,839.36,203.36
2024-04-01,B01,Beef,Restaurants,Lower Mainland,265,268.00,0.01,70519.74,198.72,52660.80,435.45
2024-04-01,B01,Beef,Restaurants,Vancouver Island,94,268.00,0.01,24939.10,198.72,18679.68,313.53
2024-04-01,B01,Beef,Restaurants,BC Interior,96,268.00,0.00,25779.25,198.72,19077.12,369.16
2024-04-01,B01,Beef,Grocery Retail,Lower Mainland,174,268.00,0.01,40667.16,198.32,34507.68,274.78
2024-04-01,B01,Beef,Grocery Retail,Vancouver Island,64,268.00,0.03,14536.83,198.52,12705.28,211.07
2024-04-01,B01,Beef,Grocery Retail,BC Interior,64,268.00,0.04,14578.28,197.73,12654.72,250.60
2024-04-01,B01,Beef,Hotels & Institutions,Lower Mainland,104,268.00,0.00,26425.47,198.32,20625.28,162.57
2024-04-01,B01,Beef,Hotels & Institutions,Vancouver Island,38,268.00,0.01,9510.83,198.91,7558.58,132.43
2024-04-01,B01,Beef,Hotels & Institutions,BC Interior,40,268.00,0.01,10001.15,198.72,7948.80,155.38
2024-04-01,B01,Beef,Online Direct,Lower Mainland,49,268.00,0.01,14560.60,198.52,9727.48,487.97
2024-04-01,B01,Beef,Online Direct,Vancouver Island,17,268.00,0.01,5046.38,198.12,3368.04,199.67
2024-04-01,B01,Beef,Online Direct,BC Interior,17,268.00,0.01,5041.26,198.72,3378.24,205.11
2024-04-01,B02,Beef,Restaurants,Lower Mainland,713,118.00,0.01,83797.04,86.99,62023.87,1116.84
2024-04-01,B02,Beef,Restaurants,Vancouver Island,249,118.00,0.01,29058.03,86.99,21660.51,861.84
2024-04-01,B02,Beef,Restaurants,BC Interior,261,118.00,0.00,30705.61,86.64,22613.04,1008.74
2024-04-01,B02,Beef,Grocery Retail,Lower Mainland,470,118.00,0.02,48119.04,86.99,40885.30,765.54
2024-04-01,B02,Beef,Grocery Retail,Vancouver Island,177,118.00,0.02,18066.89,86.64,15335.28,610.83
2024-04-01,B02,Beef,Grocery Retail,BC Interior,170,118.00,0.03,17124.65,86.82,14759.40,650.40
2024-04-01,B02,Beef,Hotels & Institutions,Lower Mainland,283,118.00,0.01,31406.71,86.56,24496.48,452.80
2024-04-01,B02,Beef,Hotels & Institutions,Vancouver Island,106,118.00,0.00,11835.07,86.64,9183.84,366.53
2024-04-01,B02,Beef,Hotels & Institutions,BC Interior,110,118.00,0.00,12306.34,86.90,9559.00,434.58
2024-04-01,B02,Beef,Online Direct,Lower Mainland,128,118.00,0.01,16764.47,86.47,11068.16,1304.44
2024-04-01,B02,Beef,Online Direct,Vancouver Island,46,118.00,0.01,6030.67,86.56,3981.76,546.31
2024-04-01,B02,Beef,Online Direct,BC Interior,46,118.00,0.01,5976.33,86.64,3985.44,566.41
2024-04-01,B03,Beef,Restaurants,Lower Mainland,319,196.00,0.01,61462.97,146.46,46720.74,522.65
2024-04-01,B03,Beef,Restaurants,Vancouver Island,112,196.00,0.01,21798.56,146.46,16403.52,371.66
2024-04-01,B03,Beef,Restaurants,BC Interior,111,196.00,0.01,21560.59,146.02,16208.22,445.89
2024-04-01,B03,Beef,Grocery Retail,Lower Mainland,211,196.00,0.03,35120.75,146.17,30841.87,327.81
2024-04-01,B03,Beef,Grocery Retail,Vancouver Island,77,196.00,0.02,13002.78,145.73,11221.21,266.51
2024-04-01,B03,Beef,Grocery Retail,BC Interior,78,196.00,0.01,13212.03,146.46,11423.88,302.37
2024-04-01,B03,Beef,Hotels & Institutions,Lower Mainland,131,196.00,0.01,24171.79,146.46,19186.26,210.86
2024-04-01,B03,Beef,Hotels & Institutions,Vancouver Island,47,196.00,0.01,8698.75,146.17,6869.99,157.40
2024-04-01,B03,Beef,Hotels & Institutions,BC Interior,47,196.00,0.01,8742.47,145.73,6849.31,179.63
2024-04-01,B03,Beef,Online Direct,Lower Mainland,57,196.00,0.01,12412.54,146.17,8331.69,565.91
2024-04-01,B03,Beef,Online Direct,Vancouver Island,21,196.00,0.00,4609.92,145.58,3057.18,251.90
2024-04-01,B03,Beef,Online Direct,BC Interior,20,196.00,0.01,4355.19,146.02,2920.40,250.48
2024-04-01,B04,Beef,Restaurants,Lower Mainland,148,342.00,0.00,50716.83,256.50,37962.00,231.59
2024-04-01,B04,Beef,Restaurants,Vancouver Island,51,342.00,0.00,17354.89,257.27,13120.77,173.75
2024-04-01,B04,Beef,Restaurants,BC Interior,52,342.00,0.01,17588.70,255.73,13297.96,203.41
2024-04-01,B04,Beef,Grocery Retail,Lower Mainland,102,342.00,0.01,30574.76,256.50,26163.00,158.47
2024-04-01,B04,Beef,Grocery Retail,Vancouver Island,35,342.00,0.04,10133.71,257.01,8995.35,118.88
2024-04-01,B04,Beef,Grocery Retail,BC Interior,38,342.00,0.00,11379.34,255.73,9717.74,152.05
2024-04-01,B04,Beef,Hotels & Institutions,Lower Mainland,62,342.00,0.01,19801.96,256.76,15919.12,98.80
2024-04-01,B04,Beef,Hotels & Institutions,Vancouver Island,23,342.00,0.01,7420.47,255.99,5887.77,79.61
2024-04-01,B04,Beef,Hotels & Institutions,BC Interior,21,342.00,0.01,6720.56,256.24,5381.04,83.87
2024-04-01,B04,Beef,Online Direct,Lower Mainland,27,342.00,0.01,10238.66,256.76,6932.52,274.88
2024-04-01,B04,Beef,Online Direct,Vancouver Island,9,342.00,0.00,3423.27,255.99,2303.91,110.31
2024-04-01,B04,Beef,Online Direct,BC Interior,10,342.00,0.01,3792.05,255.73,2557.30,121.27
2024-04-01,P01,Pork,Restaurants,Lower Mainland,390,132.00,0.00,51377.04,92.49,36071.10,640.85
2024-04-01,P01,Pork,Restaurants,Vancouver Island,141,132.00,0.01,18389.16,92.68,13067.88,485.63
2024-04-01,P01,Pork,Restaurants,BC Interior,143,132.00,0.01,18818.84,92.40,13213.20,544.87
2024-04-01,P01,Pork,Grocery Retail,Lower Mainland,262,132.00,0.03,29459.03,92.31,24185.22,430.94
2024-04-01,P01,Pork,Grocery Retail,Vancouver Island,96,132.00,0.03,10784.06,92.68,8897.28,319.55
2024-04-01,P01,Pork,Grocery Retail,BC Interior,98,132.00,0.04,10895.96,92.12,9027.76,382.58
2024-04-01,P01,Pork,Hotels & Institutions,Lower Mainland,158,132.00,0.01,19516.72,92.58,14627.64,249.26
2024-04-01,P01,Pork,Hotels & Institutions,Vancouver Island,58,132.00,0.01,7243.87,92.31,5353.98,201.93
2024-04-01,P01,Pork,Hotels & Institutions,BC Interior,60,132.00,0.01,7471.41,92.49,5549.40,227.21
2024-04-01,P01,Pork,Online Direct,Lower Mainland,68,132.00,0.00,10022.92,92.31,6277.08,706.03
2024-04-01,P01,Pork,Online Direct,Vancouver Island,26,132.00,0.00,3843.82,92.49,2404.74,306.62
2024-04-01,P01,Pork,Online Direct,BC Interior,26,132.00,0.01,3824.57,92.58,2407.08,322.40
2024-04-01,P02,Pork,Restaurants,Lower Mainland,277,104.00,0.01,28577.88,71.62,19838.74,452.51
2024-04-01,P02,Pork,Restaurants,Vancouver Island,98,104.00,0.00,10161.44,71.62,7018.76,324.54
2024-04-01,P02,Pork,Restaurants,BC Interior,95,104.00,0.01,9791.28,71.90,6830.50,379.76
2024-04-01,P02,Pork,Grocery Retail,Lower Mainland,185,104.00,0.02,16642.73,71.83,13288.55,296.30
2024-04-01,P02,Pork,Grocery Retail,Vancouver Island,66,104.00,0.02,5943.19,71.90,4745.40,218.57
2024-04-01,P02,Pork,Grocery Retail,BC Interior,70,104.00,0.01,6367.92,71.98,5038.60,275.46
2024-04-01,P02,Pork,Hotels & Institutions,Lower Mainland,110,104.00,0.01,10747.80,71.54,7869.40,172.13
2024-04-01,P02,Pork,Hotels & Institutions,Vancouver Island,42,104.00,0.00,4149.60,71.76,3013.92,138.94
2024-04-01,P02,Pork,Hotels & Institutions,BC Interior,39,104.00,0.00,3822.44,71.62,2793.18,153.01
2024-04-01,P02,Pork,Online Direct,Lower Mainland,50,104.00,0.00,5812.31,71.98,3599.00,502.48
2024-04-01,P02,Pork,Online Direct,Vancouver Island,18,104.00,0.01,2056.93,71.54,1287.72,217.63
2024-04-01,P02,Pork,Online Direct,BC Interior,17,104.00,0.01,1972.20,71.90,1222.30,213.33
2024-04-01,P03,Pork,Restaurants,Lower Mainland,236,146.00,0.01,34180.77,103.14,24341.04,387.04
2024-04-01,P03,Pork,Restaurants,Vancouver Island,87,146.00,0.01,12574.98,102.62,8927.94,300.83
2024-04-01,P03,Pork,Restaurants,BC Interior,91,146.00,0.01,13193.08,103.14,9385.74,357.74
2024-04-01,P03,Pork,Grocery Retail,Lower Mainland,169,146.00,0.00,21713.03,103.14,17430.66,270.94
2024-04-01,P03,Pork,Grocery Retail,Vancouver Island,59,146.00,0.02,7406.29,102.62,6054.58,206.22
2024-04-01,P03,Pork,Grocery Retail,BC Interior,62,146.00,0.03,7757.96,102.62,6362.44,239.62
2024-04-01,P03,Pork,Hotels & Institutions,Lower Mainland,100,146.00,0.00,13897.74,103.24,10324.00,156.16
2024-04-01,P03,Pork,Hotels & Institutions,Vancouver Island,37,146.00,0.00,5136.97,102.93,3808.41,125.42
2024-04-01,P03,Pork,Hotels & Institutions,BC Interior,35,146.00,0.01,4805.68,103.03,3606.05,139.23
2024-04-01,P03,Pork,Online Direct,Lower Mainland,46,146.00,0.01,7461.83,102.72,4725.12,457.17
2024-04-01,P03,Pork,Online Direct,Vancouver Island,16,146.00,0.01,2590.09,102.93,1646.88,195.92
2024-04-01,P03,Pork,Online Direct,BC Interior,17,146.00,0.01,2760.40,103.24,1755.08,217.12
2024-04-01,P04,Pork,Restaurants,Lower Mainland,353,92.00,0.01,32151.92,63.88,22549.64,580.05
2024-04-01,P04,Pork,Restaurants,Vancouver Island,126,92.00,0.01,11453.02,63.81,8040.06,430.54
2024-04-01,P04,Pork,Restaurants,BC Interior,122,92.00,0.01,11067.31,63.81,7784.82,473.90
2024-04-01,P04,Pork,Grocery Retail,Lower Mainland,242,92.00,0.03,18888.33,64.07,15504.94,382.94
2024-04-01,P04,Pork,Grocery Retail,Vancouver Island,83,92.00,0.01,6625.60,64.07,5317.81,289.25
2024-04-01,P04,Pork,Grocery Retail,BC Interior,84,92.00,0.03,6569.85,64.00,5376.00,333.17
2024-04-01,P04,Pork,Hotels & Institutions,Lower Mainland,145,92.00,0.01,12495.39,63.81,9252.45,229.45
2024-04-01,P04,Pork,Hotels & Institutions,Vancouver Island,50,92.00,0.01,4295.84,63.75,3187.50,169.66
2024-04-01,P04,Pork,Hotels & Institutions,BC Interior,54,92.00,0.01,4648.87,63.81,3445.74,206.18
2024-04-01,P04,Pork,Online Direct,Lower Mainland,63,92.00,0.00,6465.57,63.81,4020.03,630.57
2024-04-01,P04,Pork,Online Direct,Vancouver Island,22,92.00,0.01,2257.74,63.94,1406.68,262.59
2024-04-01,P04,Pork,Online Direct,BC Interior,23,92.00,0.01,2339.08,63.88,1469.24,288.34
2024-04-01,C01,Poultry,Restaurants,Lower Mainland,617,78.00,0.00,47885.56,56.61,34928.37,1008.92
2024-04-01,C01,Poultry,Restaurants,Vancouver Island,228,78.00,0.01,17624.19,56.49,12879.72,754.27
2024-04-01,C01,Poultry,Restaurants,BC Interior,233,78.00,0.01,17973.87,56.66,13201.78,904.16
2024-04-01,C01,Poultry,Grocery Retail,Lower Mainland,447,78.00,0.00,30651.40,56.66,25327.02,708.05
2024-04-01,C01,Poultry,Grocery Retail,Vancouver Island,148,78.00,0.01,10097.70,56.61,8378.28,500.68
2024-04-01,C01,Poultry,Grocery Retail,BC Interior,149,78.00,0.02,10002.94,56.72,8451.28,581.68
2024-04-01,C01,Poultry,Hotels & Institutions,Lower Mainland,253,78.00,0.01,18690.87,56.66,14334.98,414.11
2024-04-01,C01,Poultry,Hotels & Institutions,Vancouver Island,94,78.00,0.01,6923.56,56.55,5315.70,310.33
2024-04-01,C01,Poultry,Hotels & Institutions,BC Interior,89,78.00,0.00,6581.66,56.66,5042.74,338.77
2024-04-01,C01,Poultry,Online Direct,Lower Mainland,112,78.00,0.00,9784.31,56.72,6352.64,1100.66
2024-04-01,C01,Poultry,Online Direct,Vancouver Island,41,78.00,0.00,3563.87,56.38,2311.58,475.21
2024-04-01,C01,Poultry,Online Direct,BC Interior,42,78.00,0.00,3661.78,56.61,2377.62,530.70
2024-04-01,C02,Poultry,Restaurants,Lower Mainland,570,124.00,0.01,69482.12,89.37,50940.90,895.58
2024-04-01,C02,Poultry,Restaurants,Vancouver Island,198,124.00,0.01,24354.77,89.37,17695.26,668.49
2024-04-01,C02,Poultry,Restaurants,BC Interior,194,124.00,0.00,24007.89,89.19,17302.86,747.52
2024-04-01,C02,Poultry,Grocery Retail,Lower Mainland,384,124.00,0.02,40856.46,89.19,34248.96,595.97
2024-04-01,C02,Poultry,Grocery Retail,Vancouver Island,137,124.00,0.03,14575.32,89.46,12256.02,474.65
2024-04-01,C02,Poultry,Grocery Retail,BC Interior,131,124.00,0.02,14007.84,89.10,11672.10,502.73
2024-04-01,C02,Poultry,Hotels & Institutions,Lower Mainland,233,124.00,0.00,27310.27,89.19,20781.27,364.23
2024-04-01,C02,Poultry,Hotels & Institutions,Vancouver Island,83,124.00,0.01,9659.94,89.28,7410.24,275.71
2024-04-01,C02,Poultry,Hotels & Institutions,BC Interior,82,124.00,0.00,9620.99,89.28,7320.96,319.48
2024-04-01,C02,Poultry,Online Direct,Lower Mainland,102,124.00,0.01,14066.34,89.55,9134.10,1006.51
2024-04-01,C02,Poultry,Online Direct,Vancouver Island,35,124.00,0.00,4870.48,89.10,3118.50,421.50
2024-04-01,C02,Poultry,Online Direct,BC Interior,36,124.00,0.00,4999.64,89.28,3214.08,433.01
2024-04-01,C03,Poultry,Restaurants,Lower Mainland,472,96.00,0.01,44814.66,68.78,32464.16,748.40
2024-04-01,C03,Poultry,Restaurants,Vancouver Island,160,96.00,0.01,15267.92,68.85,11016.00,532.03
2024-04-01,C03,Poultry,Restaurants,BC Interior,169,96.00,0.01,16078.21,68.50,11576.50,659.10
2024-04-01,C03,Poultry,Grocery Retail,Lower Mainland,296,96.00,0.01,24656.60,68.78,20358.88,481.65
2024-04-01,C03,Poultry,Grocery Retail,Vancouver Island,113,96.00,0.02,9392.74,68.50,7740.50,395.34
2024-04-01,C03,Poultry,Grocery Retail,BC Interior,113,96.00,0.01,9507.94,68.64,7756.32,449.95
2024-04-01,C03,Poultry,Hotels & Institutions,Lower Mainland,181,96.00,0.00,16391.85,68.43,12385.83,283.52
2024-04-01,C03,Poultry,Hotels & Institutions,Vancouver Island,66,96.00,0.01,5947.04,68.43,4516.38,220.81
2024-04-01,C03,Poultry,Hotels & Institutions,BC Interior,65,96.00,0.00,5927.95,68.57,4457.05,250.20
2024-04-01,C03,Poultry,Online Direct,Lower Mainland,79,96.00,0.00,8485.53,68.85,5439.15,801.89
2024-04-01,C03,Poultry,Online Direct,Vancouver Island,29,96.00,0.01,3074.53,68.85,1996.65,343.37
2024-04-01,C03,Poultry,Online Direct,BC Interior,31,96.00,0.01,3303.19,68.50,2123.50,379.79
2024-04-01,C04,Poultry,Restaurants,Lower Mainland,110,188.00,0.01,20370.09,131.60,14476.00,175.30
2024-04-01,C04,Poultry,Restaurants,Vancouver Island,37,188.00,0.00,6907.39,131.60,4869.20,123.03
2024-04-01,C04,Poultry,Restaurants,BC Interior,37,188.00,0.01,6928.09,131.21,4854.77,148.20
2024-04-01,C04,Poultry,Grocery Retail,Lower Mainland,73,188.00,0.01,11932.19,131.73,9616.29,119.49
2024-04-01,C04,Poultry,Grocery Retail,Vancouver Island,26,188.00,0.01,4241.28,131.73,3424.98,90.52
2024-04-01,C04,Poultry,Grocery Retail,BC Interior,26,188.00,0.03,4185.41,131.73,3424.98,100.28
2024-04-01,C04,Poultry,Hotels & Institutions,Lower Mainland,44,188.00,0.00,7858.33,131.86,5801.84,72.51
2024-04-01,C04,Poultry,Hotels & Institutions,Vancouver Island,16,188.00,0.00,2854.74,131.21,2099.36,53.58
2024-04-01,C04,Poultry,Hotels & Institutions,BC Interior,15,188.00,0.01,2654.86,131.34,1970.10,58.68
2024-04-01,C04,Poultry,Online Direct,Lower Mainland,20,188.00,0.00,4190.16,131.60,2632.00,206.24
2024-04-01,C04,Poultry,Online Direct,Vancouver Island,7,188.00,0.01,1453.26,131.73,922.11,85.55
2024-04-01,C04,Poultry,Online Direct,BC Interior,7,188.00,0.01,1457.69,131.73,922.11,86.37
2024-04-01,S01,Seafood,Restaurants,Lower Mainland,297,176.00,0.00,52324.27,132.61,39385.17,473.77
2024-04-01,S01,Seafood,Restaurants,Vancouver Island,107,176.00,0.00,18719.18,132.61,14189.27,362.71
2024-04-01,S01,Seafood,Restaurants,BC Interior,102,176.00,0.01,17826.01,132.48,13512.96,388.25
2024-04-01,S01,Seafood,Grocery Retail,Lower Mainland,201,176.00,0.04,30098.95,132.48,26628.48,323.85
2024-04-01,S01,Seafood,Grocery Retail,Vancouver Island,67,176.00,0.01,10314.53,132.75,8894.25,225.07
2024-04-01,S01,Seafood,Grocery Retail,BC Interior,69,176.00,0.02,10473.19,133.15,9187.35,270.18
2024-04-01,S01,Seafood,Hotels & Institutions,Lower Mainland,117,176.00,0.01,19503.52,132.48,15500.16,190.38
2024-04-01,S01,Seafood,Hotels & Institutions,Vancouver Island,41,176.00,0.01,6806.91,132.61,5437.01,135.22
2024-04-01,S01,Seafood,Hotels & Institutions,BC Interior,42,176.00,0.01,6930.90,132.88,5580.96,160.69
2024-04-01,S01,Seafood,Online Direct,Lower Mainland,52,176.00,0.00,10260.43,133.01,6916.52,521.52
2024-04-01,S01,Seafood,Online Direct,Vancouver Island,19,176.00,0.01,3674.34,132.61,2519.59,225.42
2024-04-01,S01,Seafood,Online Direct,BC Interior,19,176.00,0.01,3681.72,133.15,2529.85,232.77
2024-04-01,S02,Seafood,Restaurants,Lower Mainland,120,214.00,0.00,25679.59,160.66,19279.20,189.31
2024-04-01,S02,Seafood,Restaurants,Vancouver Island,46,214.00,0.01,9735.81,160.66,7390.36,160.47
2024-04-01,S02,Seafood,Restaurants,BC Interior,44,214.00,0.01,9284.40,160.98,7083.12,167.48
2024-04-01,S02,Seafood,Grocery Retail,Lower Mainland,83,214.00,0.03,15239.80,160.82,13348.06,128.82
2024-04-01,S02,Seafood,Grocery Retail,Vancouver Island,31,214.00,0.03,5633.98,160.98,4990.38,108.03
2024-04-01,S02,Seafood,Grocery Retail,BC Interior,31,214.00,0.03,5674.90,160.50,4975.50,124.16
2024-04-01,S02,Seafood,Hotels & Institutions,Lower Mainland,49,214.00,0.01,9862.24,160.98,7888.02,76.68
2024-04-01,S02,Seafood,Hotels & Institutions,Vancouver Island,19,214.00,0.00,3843.41,160.82,3055.58,63.44
2024-04-01,S02,Seafood,Hotels & Institutions,BC Interior,18,214.00,0.01,3626.47,160.98,2897.64,72.03
2024-04-01,S02,Seafood,Online Direct,Lower Mainland,21,214.00,0.01,4983.03,160.98,3380.58,207.86
2024-04-01,S02,Seafood,Online Direct,Vancouver Island,8,214.00,0.01,1900.22,160.82,1286.56,95.39
2024-04-01,S02,Seafood,Online Direct,BC Interior,8,214.00,0.01,1886.84,160.82,1286.56,99.00
2024-04-01,S03,Seafood,Restaurants,Lower Mainland,79,305.00,0.00,24022.62,226.77,17914.83,122.86
2024-04-01,S03,Seafood,Restaurants,Vancouver Island,28,305.00,0.01,8454.74,227.00,6356.00,97.20
2024-04-01,S03,Seafood,Restaurants,BC Interior,28,305.00,0.01,8437.61,227.22,6362.16,111.17
2024-04-01,S03,Seafood,Grocery Retail,Lower Mainland,50,305.00,0.04,12975.69,227.45,11372.50,82.16
2024-04-01,S03,Seafood,Grocery Retail,Vancouver Island,19,305.00,0.01,5053.81,227.22,4317.18,63.50
2024-04-01,S03,Seafood,Grocery Retail,BC Interior,19,305.00,0.04,4920.53,227.91,4330.29,72.91
2024-04-01,S03,Seafood,Hotels & Institutions,Lower Mainland,32,305.00,0.01,9206.93,227.68,7285.76,51.00
2024-04-01,S03,Seafood,Hotels & Institutions,Vancouver Island,11,305.00,0.01,3184.00,227.22,2499.42,37.55
2024-04-01,S03,Seafood,Hotels & Institutions,BC Interior,11,305.00,0.01,3177.60,227.00,2497.00,42.08
2024-04-01,S03,Seafood,Online Direct,Lower Mainland,14,305.00,0.01,4729.88,227.68,3187.52,142.53
2024-04-01,S03,Seafood,Online Direct,Vancouver Island,5,305.00,0.00,1706.29,226.77,1133.85,60.10
2024-04-01,S03,Seafood,Online Direct,BC Interior,5,305.00,0.01,1689.17,227.91,1139.55,63.80
2024-04-01,S04,Seafood,Restaurants,Lower Mainland,139,138.00,0.00,19086.17,103.40,14372.60,227.07
2024-04-01,S04,Seafood,Restaurants,Vancouver Island,49,138.00,0.01,6700.79,103.71,5081.79,168.10
2024-04-01,S04,Seafood,Restaurants,BC Interior,53,138.00,0.00,7321.23,103.19,5469.07,211.04
2024-04-01,S04,Seafood,Grocery Retail,Lower Mainland,94,138.00,0.04,10948.63,103.40,9719.60,150.70
2024-04-01,S04,Seafood,Grocery Retail,Vancouver Island,36,138.00,0.00,4380.57,103.40,3722.40,121.91
2024-04-01,S04,Seafood,Grocery Retail,BC Interior,35,138.00,0.00,4250.36,103.60,3626.00,135.82
2024-04-01,S04,Seafood,Hotels & Institutions,Lower Mainland,61,138.00,0.01,7924.71,103.71,6326.31,100.33
2024-04-01,S04,Seafood,Hotels & Institutions,Vancouver Island,21,138.00,0.01,2714.65,103.81,2180.01,71.83
2024-04-01,S04,Seafood,Hotels & Institutions,BC Interior,20,138.00,0.00,2619.35,103.50,2070.00,78.62
2024-04-01,S04,Seafood,Online Direct,Lower Mainland,25,138.00,0.01,3844.59,103.40,2585.00,254.27
2024-04-01,S04,Seafood,Online Direct,Vancouver Island,9,138.00,0.01,1382.67,103.50,931.50,110.21
2024-04-01,S04,Seafood,Online Direct,BC Interior,10,138.00,0.00,1550.24,103.19,1031.90,127.10
2024-04-01,H01,Charcuterie,Restaurants,Lower Mainland,161,188.00,0.01,30176.65,109.04,17555.44,263.52
2024-04-01,H01,Charcuterie,Restaurants,Vancouver Island,56,188.00,0.00,10517.47,108.82,6093.92,194.21
2024-04-01,H01,Charcuterie,Restaurants,BC Interior,59,188.00,0.01,10980.65,109.04,6433.36,226.88
2024-04-01,H01,Charcuterie,Grocery Retail,Lower Mainland,112,188.00,0.04,17809.23,108.71,12175.52,184.04
2024-04-01,H01,Charcuterie,Grocery Retail,Vancouver Island,39,188.00,0.03,6290.31,109.37,4265.43,133.79
2024-04-01,H01,Charcuterie,Grocery Retail,BC Interior,38,188.00,0.04,6090.95,109.04,4143.52,149.24
2024-04-01,H01,Charcuterie,Hotels & Institutions,Lower Mainland,67,188.00,0.01,11846.25,108.82,7290.94,105.38
2024-04-01,H01,Charcuterie,Hotels & Institutions,Vancouver Island,24,188.00,0.00,4273.52,109.04,2616.96,81.93
2024-04-01,H01,Charcuterie,Hotels & Institutions,BC Interior,24,188.00,0.01,4213.71,108.93,2614.32,96.31
2024-04-01,H01,Charcuterie,Online Direct,Lower Mainland,28,188.00,0.01,5825.05,108.93,3050.04,285.06
2024-04-01,H01,Charcuterie,Online Direct,Vancouver Island,10,188.00,0.00,2103.49,109.15,1091.50,115.55
2024-04-01,H01,Charcuterie,Online Direct,BC Interior,10,188.00,0.01,2088.79,109.37,1093.70,123.01
2024-04-01,H02,Charcuterie,Restaurants,Lower Mainland,135,156.00,0.01,20785.93,89.88,12133.80,222.48
2024-04-01,H02,Charcuterie,Restaurants,Vancouver Island,51,156.00,0.01,7860.78,89.43,4560.93,174.09
2024-04-01,H02,Charcuterie,Restaurants,BC Interior,50,156.00,0.00,7761.05,89.61,4480.50,197.34
2024-04-01,H02,Charcuterie,Grocery Retail,Lower Mainland,96,156.00,0.04,12702.33,89.88,8628.48,156.83
2024-04-01,H02,Charcuterie,Grocery Retail,Vancouver Island,33,156.00,0.03,4380.74,89.61,2957.13,112.42
2024-04-01,H02,Charcuterie,Grocery Retail,BC Interior,35,156.00,0.03,4665.72,89.61,3136.35,139.50
2024-04-01,H02,Charcuterie,Hotels & Institutions,Lower Mainland,58,156.00,0.01,8483.96,89.97,5218.26,93.91
2024-04-01,H02,Charcuterie,Hotels & Institutions,Vancouver Island,20,156.00,0.00,2952.16,89.61,1792.20,66.57
2024-04-01,H02,Charcuterie,Hotels & Institutions,BC Interior,20,156.00,0.01,2910.78,89.88,1797.60,78.00
2024-04-01,H02,Charcuterie,Online Direct,Lower Mainland,26,156.00,0.01,4483.66,89.52,2327.52,260.50
2024-04-01,H02,Charcuterie,Online Direct,Vancouver Island,9,156.00,0.01,1566.16,89.43,804.87,105.07
2024-04-01,H02,Charcuterie,Online Direct,BC Interior,9,156.00,0.01,1569.30,89.79,808.11,113.61
2024-04-01,H03,Charcuterie,Restaurants,Lower Mainland,73,204.00,0.01,14639.46,120.12,8768.76,116.68
2024-04-01,H03,Charcuterie,Restaurants,Vancouver Island,25,204.00,0.01,5038.73,120.36,3009.00,87.12
2024-04-01,H03,Charcuterie,Restaurants,BC Interior,27,204.00,0.01,5409.10,120.60,3256.20,103.62
2024-04-01,H03,Charcuterie,Grocery Retail,Lower Mainland,51,204.00,0.03,8853.68,120.36,6138.36,81.52
2024-04-01,H03,Charcuterie,Grocery Retail,Vancouver Island,17,204.00,0.01,3036.54,120.36,2046.12,58.38
2024-04-01,H03,Charcuterie,Grocery Retail,BC Interior,17,204.00,0.01,3030.51,120.24,2044.08,64.51
2024-04-01,H03,Charcuterie,Hotels & Institutions,Lower Mainland,29,204.00,0.01,5564.05,120.24,3486.96,45.98
2024-04-01,H03,Charcuterie,Hotels & Institutions,Vancouver Island,11,204.00,0.01,2118.95,120.36,1323.96,37.66
2024-04-01,H03,Charcuterie,Hotels & Institutions,BC Interior,11,204.00,0.01,2093.55,120.24,1322.64,42.64
2024-04-01,H03,Charcuterie,Online Direct,Lower Mainland,13,204.00,0.01,2922.83,120.12,1561.56,132.09
2024-04-01,H03,Charcuterie,Online Direct,Vancouver Island,5,204.00,0.01,1130.99,120.72,603.60,58.01
2024-04-01,H03,Charcuterie,Online Direct,BC Interior,5,204.00,0.00,1142.38,120.48,602.40,63.36
2024-04-01,H04,Charcuterie,Restaurants,Lower Mainland,125,96.00,0.01,11891.38,54.77,6846.25,197.00
2024-04-01,H04,Charcuterie,Restaurants,Vancouver Island,45,96.00,0.01,4294.10,54.72,2462.40,156.98
2024-04-01,H04,Charcuterie,Restaurants,BC Interior,47,96.00,0.01,4444.32,54.61,2566.67,178.35
2024-04-01,H04,Charcuterie,Grocery Retail,Lower Mainland,83,96.00,0.01,6990.73,54.77,4545.91,130.81
2024-04-01,H04,Charcuterie,Grocery Retail,Vancouver Island,32,96.00,0.01,2665.62,54.77,1752.64,108.26
2024-04-01,H04,Charcuterie,Grocery Retail,BC Interior,30,96.00,0.01,2508.91,54.56,1636.80,118.64
2024-04-01,H04,Charcuterie,Hotels & Institutions,Lower Mainland,52,96.00,0.01,4690.23,54.77,2848.04,82.70
2024-04-01,H04,Charcuterie,Hotels & Institutions,Vancouver Island,19,96.00,0.01,1724.13,54.88,1042.72,65.18
2024-04-01,H04,Charcuterie,Hotels & Institutions,BC Interior,19,96.00,0.00,1725.88,54.77,1040.63,72.62
2024-04-01,H04,Charcuterie,Online Direct,Lower Mainland,23,96.00,0.01,2463.06,54.77,1259.71,227.89
2024-04-01,H04,Charcuterie,Online Direct,Vancouver Island,8,96.00,0.01,850.66,54.77,438.16,93.96
2024-04-01,H04,Charcuterie,Online Direct,BC Interior,8,96.00,0.01,852.43,54.72,437.76,96.22
2024-04-01,D01,Cheese & Dairy,Restaurants,Lower Mainland,204,142.00,0.01,28678.32,88.13,17978.52,334.56
2024-04-01,D01,Cheese & Dairy,Restaurants,Vancouver Island,76,142.00,0.01,10651.38,88.22,6704.72,253.49
2024-04-01,D01,Cheese & Dairy,Restaurants,BC Interior,74,142.00,0.00,10507.91,87.95,6508.30,292.93
2024-04-01,D01,Cheese & Dairy,Grocery Retail,Lower Mainland,133,142.00,0.04,15954.89,88.13,11721.29,207.27
2024-04-01,D01,Cheese & Dairy,Grocery Retail,Vancouver Island,50,142.00,0.04,6029.32,88.13,4406.50,175.10
2024-04-01,D01,Cheese & Dairy,Grocery Retail,BC Interior,49,142.00,0.01,6043.66,88.22,4322.78,192.44
2024-04-01,D01,Cheese & Dairy,Hotels & Institutions,Lower Mainland,83,142.00,0.01,11073.85,88.13,7314.79,135.19
2024-04-01,D01,Cheese & Dairy,Hotels & Institutions,Vancouver Island,29,142.00,0.01,3861.19,87.78,2545.62,100.37
2024-04-01,D01,Cheese & Dairy,Hotels & Institutions,BC Interior,31,142.00,0.01,4115.05,87.95,2726.45,121.02
2024-04-01,D01,Cheese & Dairy,Online Direct,Lower Mainland,38,142.00,0.01,6001.03,88.13,3348.94,378.81
2024-04-01,D01,Cheese & Dairy,Online Direct,Vancouver Island,14,142.00,0.01,2206.55,88.04,1232.56,166.60
2024-04-01,D01,Cheese & Dairy,Online Direct,BC Interior,14,142.00,0.01,2202.04,88.04,1232.56,172.21
2024-04-01,D02,Cheese & Dairy,Restaurants,Lower Mainland,172,118.00,0.00,20316.30,72.79,12519.88,278.50
2024-04-01,D02,Cheese & Dairy,Restaurants,Vancouver Island,64,118.00,0.01,7484.14,72.57,4644.48,211.07
2024-04-01,D02,Cheese & Dairy,Restaurants,BC Interior,62,118.00,0.01,7264.83,72.64,4503.68,238.66
2024-04-01,D02,Cheese & Dairy,Grocery Retail,Lower Mainland,113,118.00,0.01,11721.95,72.64,8208.32,182.61
2024-04-01,D02,Cheese & Dairy,Grocery Retail,Vancouver Island,42,118.00,0.04,4203.58,72.50,3045.00,144.51
2024-04-01,D02,Cheese & Dairy,Grocery Retail,BC Interior,42,118.00,0.03,4213.40,72.64,3050.88,162.00
2024-04-01,D02,Cheese & Dairy,Hotels & Institutions,Lower Mainland,74,118.00,0.01,8204.38,72.64,5375.36,115.44
2024-04-01,D02,Cheese & Dairy,Hotels & Institutions,Vancouver Island,26,118.00,0.00,2908.77,72.72,1890.72,88.75
2024-04-01,D02,Cheese & Dairy,Hotels & Institutions,BC Interior,27,118.00,0.00,3014.59,72.72,1963.44,106.04
2024-04-01,D02,Cheese & Dairy,Online Direct,Lower Mainland,31,118.00,0.00,4080.57,72.42,2245.02,312.16
2024-04-01,D02,Cheese & Dairy,Online Direct,Vancouver Island,11,118.00,0.00,1446.50,72.64,799.04,134.83
2024-04-01,D02,Cheese & Dairy,Online Direct,BC Interior,12,118.00,0.01,1571.68,72.64,871.68,152.37
2024-04-01,D03,Cheese & Dairy,Restaurants,Lower Mainland,94,236.00,0.01,21896.41,148.53,13961.82,147.99
2024-04-01,D03,Cheese & Dairy,Restaurants,Vancouver Island,34,236.00,0.00,7967.93,149.13,5070.42,115.37
2024-04-01,D03,Cheese & Dairy,Restaurants,BC Interior,32,236.00,0.01,7446.45,148.83,4762.56,123.80
2024-04-01,D03,Cheese & Dairy,Grocery Retail,Lower Mainland,64,236.00,0.02,12999.39,148.23,9486.72,102.91
2024-04-01,D03,Cheese & Dairy,Grocery Retail,Vancouver Island,22,236.00,0.00,4578.06,148.38,3264.36,72.86
2024-04-01,D03,Cheese & Dairy,Grocery Retail,BC Interior,23,236.00,0.01,4719.26,148.98,3426.54,91.40
2024-04-01,D03,Cheese & Dairy,Hotels & Institutions,Lower Mainland,37,236.00,0.01,8245.63,148.53,5495.61,58.13
2024-04-01,D03,Cheese & Dairy,Hotels & Institutions,Vancouver Island,14,236.00,0.01,3098.09,148.53,2079.42,46.41
2024-04-01,D03,Cheese & Dairy,Hotels & Institutions,BC Interior,13,236.00,0.01,2879.59,149.13,1938.69,51.97
2024-04-01,D03,Cheese & Dairy,Online Direct,Lower Mainland,17,236.00,0.00,4466.52,148.68,2527.56,167.58
2024-04-01,D03,Cheese & Dairy,Online Direct,Vancouver Island,6,236.00,0.00,1578.00,148.53,891.18,70.76
2024-04-01,D03,Cheese & Dairy,Online Direct,BC Interior,6,236.00,0.01,1571.68,148.38,890.28,72.76
2024-04-01,D04,Cheese & Dairy,Restaurants,Lower Mainland,250,86.00,0.01,21263.50,52.30,13075.00,390.40
2024-04-01,D04,Cheese & Dairy,Restaurants,Vancouver Island,92,86.00,0.00,7888.28,52.51,4830.92,319.68
2024-04-01,D04,Cheese & Dairy,Restaurants,BC Interior,88,86.00,0.00,7583.14,52.30,4602.40,336.68
2024-04-01,D04,Cheese & Dairy,Grocery Retail,Lower Mainland,169,86.00,0.04,12342.27,52.51,8874.19,265.80
2024-04-01,D04,Cheese & Dairy,Grocery Retail,Vancouver Island,63,86.00,0.03,4624.80,52.62,3315.06,208.84
2024-04-01,D04,Cheese & Dairy,Grocery Retail,BC Interior,61,86.00,0.04,4463.81,52.51,3203.11,237.19
2024-04-01,D04,Cheese & Dairy,Hotels & Institutions,Lower Mainland,101,86.00,0.01,8185.52,52.56,5308.56,161.60
2024-04-01,D04,Cheese & Dairy,Hotels & Institutions,Vancouver Island,38,86.00,0.01,3085.95,52.36,1989.68,132.17
2024-04-01,D04,Cheese & Dairy,Hotels & Institutions,BC Interior,39,86.00,0.01,3132.23,52.56,2049.84,149.21
2024-04-01,D04,Cheese & Dairy,Online Direct,Lower Mainland,47,86.00,0.00,4522.51,52.62,2473.14,460.93
2024-04-01,D04,Cheese & Dairy,Online Direct,Vancouver Island,17,86.00,0.00,1635.79,52.30,889.10,202.50
2024-04-01,D04,Cheese & Dairy,Online Direct,BC Interior,17,86.00,0.00,1639.07,52.41,890.97,211.01
2024-05-01,B01,Beef,Restaurants,Lower Mainland,301,268.00,0.01,80264.18,198.12,59634.12,490.75
2024-05-01,B01,Beef,Restaurants,Vancouver Island,110,268.00,0.01,29155.72,198.32,21815.20,363.15
2024-05-01,B01,Beef,Restaurants,BC Interior,101,268.00,0.01,26768.63,198.72,20070.72,401.38
2024-05-01,B01,Beef,Grocery Retail,Lower Mainland,204,268.00,0.00,48111.17,198.72,40538.88,320.85
2024-05-01,B01,Beef,Grocery Retail,Vancouver Island,71,268.00,0.01,16544.16,198.32,14080.72,240.92
2024-05-01,B01,Beef,Grocery Retail,BC Interior,70,268.00,0.01,16475.53,198.52,13896.40,270.82
2024-05-01,B01,Beef,Hotels & Institutions,Lower Mainland,117,268.00,0.01,29609.47,197.73,23134.41,189.82
2024-05-01,B01,Beef,Hotels & Institutions,Vancouver Island,44,268.00,0.01,11134.88,198.32,8726.08,149.60
2024-05-01,B01,Beef,Hotels & Institutions,BC Interior,44,268.00,0.00,11168.82,198.91,8752.04,173.83
2024-05-01,B01,Beef,Online Direct,Lower Mainland,52,268.00,0.01,15498.59,198.52,10323.04,532.03
2024-05-01,B01,Beef,Online Direct,Vancouver Island,20,268.00,0.01,5961.00,198.52,3970.40,232.29
2024-05-01,B01,Beef,Online Direct,BC Interior,19,268.00,0.01,5640.36,197.73,3756.87,232.54
2024-05-01,B02,Beef,Restaurants,Lower Mainland,769,118.00,0.01,89112.73,86.82,66764.58,1214.40
2024-05-01,B02,Beef,Restaurants,Vancouver Island,287,118.00,0.01,33560.87,86.99,24966.13,959.21
2024-05-01,B02,Beef,Restaurants,BC Interior,287,118.00,0.01,33695.86,86.47,24816.89,1087.96
2024-05-01,B02,Beef,Grocery Retail,Lower Mainland,535,118.00,0.02,54169.21,86.99,46539.65,830.32
2024-05-01,B02,Beef,Grocery Retail,Vancouver Island,188,118.00,0.03,19013.26,86.99,16354.12,649.43
2024-05-01,B02,Beef,Grocery Retail,BC Interior,197,118.00,0.01,20394.91,86.47,17034.59,791.35
2024-05-01,B02,Beef,Hotels & Institutions,Lower Mainland,330,118.00,0.01,36366.04,86.90,28677.00,517.44
2024-05-01,B02,Beef,Hotels & Institutions,Vancouver Island,119,118.00,0.01,13232.74,86.90,10341.10,408.24
2024-05-01,B02,Beef,Hotels & Institutions,BC Interior,116,118.00,0.00,12951.59,86.56,10040.96,463.26
2024-05-01,B02,Beef,Online Direct,Lower Mainland,139,118.00,0.01,18204.72,86.73,12055.47,1396.88
2024-05-01,B02,Beef,Online Direct,Vancouver Island,54,118.00,0.01,7100.70,86.73,4683.42,650.95
2024-05-01,B02,Beef,Online Direct,BC Interior,53,118.00,0.01,6906.42,86.47,4582.91,656.54
2024-05-01,B03,Beef,Restaurants,Lower Mainland,340,196.00,0.01,65444.21,146.31,49745.40,548.90
2024-05-01,B03,Beef,Restaurants,Vancouver Island,121,196.00,0.01,23407.69,145.58,17615.18,422.51
2024-05-01,B03,Beef,Restaurants,BC Interior,126,196.00,0.00,24621.91,146.31,18435.06,503.19
2024-05-01,B03,Beef,Grocery Retail,Lower Mainland,222,196.00,0.04,36869.21,145.87,32383.14,356.98
2024-05-01,B03,Beef,Grocery Retail,Vancouver Island,80,196.00,0.01,13564.54,145.58,11646.40,278.26
2024-05-01,B03,Beef,Grocery Retail,BC Interior,81,196.00,0.01,13788.84,145.73,11804.13,308.95
2024-05-01,B03,Beef,Hotels & Institutions,Lower Mainland,140,196.00,0.01,25729.69,145.87,20421.80,226.02
2024-05-01,B03,Beef,Hotels & Institutions,Vancouver Island,50,196.00,0.01,9179.52,145.73,7286.50,173.23
2024-05-01,B03,Beef,Hotels & Institutions,BC Interior,49,196.00,0.01,9032.78,146.02,7154.98,192.25
2024-05-01,B03,Beef,Online Direct,Lower Mainland,64,196.00,0.00,13993.08,145.58,9317.12,657.39
2024-05-01,B03,Beef,Online Direct,Vancouver Island,22,196.00,0.01,4776.45,145.58,3202.76,259.71
2024-05-01,B03,Beef,Online Direct,BC Interior,22,196.00,0.01,4781.15,146.17,3215.74,279.35
2024-05-01,B04,Beef,Restaurants,Lower Mainland,163,342.00,0.00,55467.49,256.76,41851.88,268.10
2024-05-01,B04,Beef,Restaurants,Vancouver Island,58,342.00,0.01,19578.85,257.01,14906.58,197.20
2024-05-01,B04,Beef,Restaurants,BC Interior,60,342.00,0.00,20458.44,256.50,15390.00,227.92
2024-05-01,B04,Beef,Grocery Retail,Lower Mainland,112,342.00,0.01,33102.67,255.99,28670.88,179.38
2024-05-01,B04,Beef,Grocery Retail,Vancouver Island,40,342.00,0.03,11666.51,257.27,10290.80,137.90
2024-05-01,B04,Beef,Grocery Retail,BC Interior,38,342.00,0.03,11037.62,256.76,9756.88,146.57
2024-05-01,B04,Beef,Hotels & Institutions,Lower Mainland,67,342.00,0.00,21703.00,256.24,17168.08,106.13
2024-05-01,B04,Beef,Hotels & Institutions,Vancouver Island,23,342.00,0.01,7398.13,255.73,5881.79,76.71
2024-05-01,B04,Beef,Hotels & Institutions,BC Interior,25,342.00,0.00,8090.04,256.24,6406.00,97.70
2024-05-01,B04,Beef,Online Direct,Lower Mainland,30,342.00,0.01,11422.07,257.27,7718.10,305.42
2024-05-01,B04,Beef,Online Direct,Vancouver Island,11,342.00,0.00,4200.80,255.73,2813.03,129.59
2024-05-01,B04,Beef,Online Direct,BC Interior,11,342.00,0.01,4146.19,256.76,2824.36,138.31
2024-05-01,P01,Pork,Restaurants,Lower Mainland,409,132.00,0.01,53286.80,92.12,37677.08,653.09
2024-05-01,P01,Pork,Restaurants,Vancouver Island,152,132.00,0.00,20124.11,92.40,14044.80,502.33
2024-05-01,P01,Pork,Restaurants,BC Interior,145,132.00,0.01,18948.77,92.22,13371.90,581.33
2024-05-01,P01,Pork,Grocery Retail,Lower Mainland,270,132.00,0.02,30861.39,92.40,24948.00,440.21
2024-05-01,P01,Pork,Grocery Retail,Vancouver Island,101,132.00,0.02,11498.27,92.31,9323.31,345.80
2024-05-01,P01,Pork,Grocery Retail,BC Interior,101,132.00,0.04,11286.77,92.12,9304.12,393.90
2024-05-01,P01,Pork,Hotels & Institutions,Lower Mainland,163,132.00,0.01,20296.22,92.31,15046.53,253.50
2024-05-01,P01,Pork,Hotels & Institutions,Vancouver Island,59,132.00,0.01,7309.61,92.40,5451.60,206.22
2024-05-01,P01,Pork,Hotels & Institutions,BC Interior,59,132.00,0.01,7324.61,92.40,5451.60,231.48
2024-05-01,P01,Pork,Online Direct,Lower Mainland,71,132.00,0.01,10433.59,92.58,6573.18,697.74
2024-05-01,P01,Pork,Online Direct,Vancouver Island,27,132.00,0.01,3967.70,92.22,2489.94,325.16
2024-05-01,P01,Pork,Online Direct,BC Interior,26,132.00,0.01,3786.28,92.12,2395.12,329.82
2024-05-01,P02,Pork,Restaurants,Lower Mainland,289,104.00,0.01,29815.76,71.69,20718.41,473.04
2024-05-01,P02,Pork,Restaurants,Vancouver Island,107,104.00,0.01,11027.45,71.69,7670.83,362.71
2024-05-01,P02,Pork,Restaurants,BC Interior,104,104.00,0.01,10750.67,71.83,7470.32,406.01
2024-05-01,P02,Pork,Grocery Retail,Lower Mainland,198,104.00,0.00,18030.43,71.62,14180.76,308.56
2024-05-01,P02,Pork,Grocery Retail,Vancouver Island,68,104.00,0.04,5980.89,71.83,4884.44,230.51
2024-05-01,P02,Pork,Grocery Retail,BC Interior,68,104.00,0.01,6123.88,71.90,4889.20,264.14
2024-05-01,P02,Pork,Hotels & Institutions,Lower Mainland,122,104.00,0.01,11969.22,71.69,8746.18,192.86
2024-05-01,P02,Pork,Hotels & Institutions,Vancouver Island,43,104.00,0.00,4239.90,71.76,3085.68,145.03
2024-05-01,P02,Pork,Hotels & Institutions,BC Interior,42,104.00,0.00,4124.74,71.98,3023.16,164.13
2024-05-01,P02,Pork,Online Direct,Lower Mainland,53,104.00,0.00,6167.19,71.76,3803.28,533.16
2024-05-01,P02,Pork,Online Direct,Vancouver Island,19,104.00,0.00,2213.08,71.76,1363.44,230.62
2024-05-01,P02,Pork,Online Direct,BC Interior,19,104.00,0.01,2204.20,71.90,1366.10,229.24
2024-05-01,P03,Pork,Restaurants,Lower Mainland,257,146.00,0.00,37259.80,102.93,26453.01,417.78
2024-05-01,P03,Pork,Restaurants,Vancouver Island,89,146.00,0.01,12864.27,102.83,9151.87,294.13
2024-05-01,P03,Pork,Restaurants,BC Interior,91,146.00,0.00,13325.86,103.14,9385.74,348.16
2024-05-01,P03,Pork,Grocery Retail,Lower Mainland,172,146.00,0.02,21698.84,102.83,17686.76,279.33
2024-05-01,P03,Pork,Grocery Retail,Vancouver Island,61,146.00,0.02,7665.31,103.14,6291.54,203.87
2024-05-01,P03,Pork,Grocery Retail,BC Interior,60,146.00,0.00,7724.19,103.24,6194.40,235.17
2024-05-01,P03,Pork,Hotels & Institutions,Lower Mainland,105,146.00,0.00,14534.26,102.62,10775.10,170.86
2024-05-01,P03,Pork,Hotels & Institutions,Vancouver Island,38,146.00,0.01,5212.72,102.62,3899.56,127.91
2024-05-01,P03,Pork,Hotels & Institutions,BC Interior,38,146.00,0.01,5181.22,102.72,3903.36,152.20
2024-05-01,P03,Pork,Online Direct,Lower Mainland,48,146.00,0.00,7809.75,102.93,4940.64,487.22
2024-05-01,P03,Pork,Online Direct,Vancouver Island,17,146.00,0.01,2757.51,103.03,1751.51,202.30
2024-05-01,P03,Pork,Online Direct,BC Interior,17,146.00,0.01,2749.23,102.83,1748.11,214.81
2024-05-01,P04,Pork,Restaurants,Lower Mainland,376,92.00,0.00,34419.25,64.00,24064.00,599.80
2024-05-01,P04,Pork,Restaurants,Vancouver Island,134,92.00,0.01,12191.87,63.75,8542.50,445.12
2024-05-01,P04,Pork,Restaurants,BC Interior,127,92.00,0.00,11637.26,64.00,8128.00,494.31
2024-05-01,P04,Pork,Grocery Retail,Lower Mainland,241,92.00,0.00,19491.81,63.81,15378.21,377.12
2024-05-01,P04,Pork,Grocery Retail,Vancouver Island,87,92.00,0.04,6734.73,64.13,5579.31,296.69
2024-05-01,P04,Pork,Grocery Retail,BC Interior,92,92.00,0.00,7440.87,64.00,5888.00,367.41
2024-05-01,P04,Pork,Hotels & Institutions,Lower Mainland,153,92.00,0.01,13184.79,64.00,9792.00,238.68
2024-05-01,P04,Pork,Hotels & Institutions,Vancouver Island,53,92.00,0.00,4618.30,63.88,3385.64,177.50
2024-05-01,P04,Pork,Hotels & Institutions,BC Interior,52,92.00,0.00,4544.78,63.75,3315.00,202.80
2024-05-01,P04,Pork,Online Direct,Lower Mainland,67,92.00,0.00,6869.20,64.07,4292.69,685.50
2024-05-01,P04,Pork,Online Direct,Vancouver Island,24,92.00,0.01,2435.95,63.88,1533.12,288.74
2024-05-01,P04,Pork,Online Direct,BC Interior,25,92.00,0.01,2552.72,63.88,1597.00,307.83
2024-05-01,C01,Poultry,Restaurants,Lower Mainland,648,78.00,0.00,50594.54,56.44,36573.12,1050.28
2024-05-01,C01,Poultry,Restaurants,Vancouver Island,234,78.00,0.00,18215.50,56.72,13272.48,772.53
2024-05-01,C01,Poultry,Restaurants,BC Interior,225,78.00,0.00,17514.90,56.55,12723.75,862.58
2024-05-01,C01,Poultry,Grocery Retail,Lower Mainland,447,78.00,0.00,30498.23,56.44,25228.68,728.79
2024-05-01,C01,Poultry,Grocery Retail,Vancouver Island,155,78.00,0.01,10586.00,56.38,8738.90,524.89
2024-05-01,C01,Poultry,Grocery Retail,BC Interior,155,78.00,0.02,10448.03,56.66,8782.30,588.78
2024-05-01,C01,Poultry,Hotels & Institutions,Lower Mainland,258,78.00,0.01,18908.04,56.49,14574.42,409.91
2024-05-01,C01,Poultry,Hotels & Institutions,Vancouver Island,91,78.00,0.01,6675.73,56.55,5146.05,317.75
2024-05-01,C01,Poultry,Hotels & Institutions,BC Interior,92,78.00,0.01,6721.66,56.72,5218.24,365.62
2024-05-01,C01,Poultry,Online Direct,Lower Mainland,116,78.00,0.01,9972.02,56.38,6540.08,1198.55
2024-05-01,C01,Poultry,Online Direct,Vancouver Island,42,78.00,0.01,3643.27,56.44,2370.48,496.30
2024-05-01,C01,Poultry,Online Direct,BC Interior,41,78.00,0.01,3553.16,56.66,2323.06,500.27
2024-05-01,C02,Poultry,Restaurants,Lower Mainland,544,124.00,0.00,67523.46,89.28,48568.32,889.55
2024-05-01,C02,Poultry,Restaurants,Vancouver Island,200,124.00,0.00,24651.40,89.46,17892.00,671.84
2024-05-01,C02,Poultry,Restaurants,BC Interior,196,124.00,0.00,24182.58,89.10,17463.60,779.69
2024-05-01,C02,Poultry,Grocery Retail,Lower Mainland,379,124.00,0.04,39743.58,89.10,33768.90,622.77
2024-05-01,C02,Poultry,Grocery Retail,Vancouver Island,142,124.00,0.04,14934.74,89.46,12703.32,493.42
2024-05-01,C02,Poultry,Grocery Retail,BC Interior,137,124.00,0.01,14800.08,89.55,12268.35,532.16
2024-05-01,C02,Poultry,Hotels & Institutions,Lower Mainland,227,124.00,0.01,26472.55,89.37,20286.99,367.92
2024-05-01,C02,Poultry,Hotels & Institutions,Vancouver Island,81,124.00,0.00,9522.72,89.10,7217.10,268.79
2024-05-01,C02,Poultry,Hotels & Institutions,BC Interior,83,124.00,0.00,9767.62,89.19,7402.77,332.44
2024-05-01,C02,Poultry,Online Direct,Lower Mainland,104,124.00,0.00,14429.08,89.37,9294.48,1027.29
2024-05-01,C02,Poultry,Online Direct,Vancouver Island,37,124.00,0.01,5117.90,89.10,3296.70,436.34
2024-05-01,C02,Poultry,Online Direct,BC Interior,37,124.00,0.00,5118.02,89.10,3296.70,465.22
2024-05-01,C03,Poultry,Restaurants,Lower Mainland,476,96.00,0.01,45512.26,68.71,32705.96,760.08
2024-05-01,C03,Poultry,Restaurants,Vancouver Island,169,96.00,0.01,15916.72,68.78,11623.82,590.11
2024-05-01,C03,Poultry,Restaurants,BC Interior,175,96.00,0.00,16799.93,68.50,11987.50,698.88
2024-05-01,C03,Poultry,Grocery Retail,Lower Mainland,312,96.00,0.00,26147.32,68.85,21481.20,497.20
2024-05-01,C03,Poultry,Grocery Retail,Vancouver Island,113,96.00,0.03,9251.11,68.57,7748.41,382.66
2024-05-01,C03,Poultry,Grocery Retail,BC Interior,117,96.00,0.02,9706.41,68.43,8006.31,453.56
2024-05-01,C03,Poultry,Hotels & Institutions,Lower Mainland,193,96.00,0.01,17372.78,68.85,13288.05,305.40
2024-05-01,C03,Poultry,Hotels & Institutions,Vancouver Island,66,96.00,0.00,6019.18,68.57,4525.62,226.87
2024-05-01,C03,Poultry,Hotels & Institutions,BC Interior,70,96.00,0.01,6371.08,68.85,4819.50,275.18
2024-05-01,C03,Poultry,Online Direct,Lower Mainland,80,96.00,0.01,8464.39,68.64,5491.20,787.80
2024-05-01,C03,Poultry,Online Direct,Vancouver Island,30,96.00,0.01,3190.03,68.85,2065.50,353.07
2024-05-01,C03,Poultry,Online Direct,BC Interior,31,96.00,0.01,3296.54,68.78,2132.18,395.55
2024-05-01,C04,Poultry,Restaurants,Lower Mainland,107,188.00,0.01,20075.29,131.99,14122.93,172.40
2024-05-01,C04,Poultry,Restaurants,Vancouver Island,41,188.00,0.01,7615.75,131.47,5390.27,140.65
2024-05-01,C04,Poultry,Restaurants,BC Interior,40,188.00,0.01,7437.49,131.21,5248.40,153.35
2024-05-01,C04,Poultry,Grocery Retail,Lower Mainland,73,188.00,0.04,11677.73,131.60,9606.80,115.40
2024-05-01,C04,Poultry,Grocery Retail,Vancouver Island,25,188.00,0.04,3991.24,131.73,3293.25,84.49
2024-05-01,C04,Poultry,Grocery Retail,BC Interior,26,188.00,0.00,4297.14,131.47,3418.22,101.30
2024-05-01,C04,Poultry,Hotels & Institutions,Lower Mainland,42,188.00,0.01,7433.79,131.21,5510.82,66.26
2024-05-01,C04,Poultry,Hotels & Institutions,Vancouver Island,16,188.00,0.01,2851.82,131.21,2099.36,54.13
2024-05-01,C04,Poultry,Hotels & Institutions,BC Interior,16,188.00,0.00,2846.18,131.60,2105.60,61.21
2024-05-01,C04,Poultry,Online Direct,Lower Mainland,20,188.00,0.01,4173.38,131.60,2632.00,201.19
2024-05-01,C04,Poultry,Online Direct,Vancouver Island,7,188.00,0.01,1451.86,131.47,920.29,83.38
2024-05-01,C04,Poultry,Online Direct,BC Interior,7,188.00,0.00,1468.03,131.47,920.29,86.28
2024-05-01,S01,Seafood,Restaurants,Lower Mainland,360,176.00,0.01,63168.78,132.48,47692.80,576.00
2024-05-01,S01,Seafood,Restaurants,Vancouver Island,125,176.00,0.00,21999.65,132.75,16593.75,429.25
2024-05-01,S01,Seafood,Restaurants,BC Interior,132,176.00,0.00,23139.16,133.28,17592.96,525.61
2024-05-01,S01,Seafood,Grocery Retail,Lower Mainland,251,176.00,0.03,37820.44,133.28,33453.28,408.83
2024-05-01,S01,Seafood,Grocery Retail,Vancouver Island,84,176.00,0.03,12633.65,132.75,11151.00,291.88
2024-05-01,S01,Seafood,Grocery Retail,BC Interior,86,176.00,0.04,12840.17,132.75,11416.50,340.10
2024-05-01,S01,Seafood,Hotels & Institutions,Lower Mainland,141,176.00,0.00,23551.62,133.01,18754.41,221.09
2024-05-01,S01,Seafood,Hotels & Institutions,Vancouver Island,55,176.00,0.01,9095.10,132.61,7293.55,188.12
2024-05-01,S01,Seafood,Hotels & Institutions,BC Interior,52,176.00,0.01,8624.91,133.01,6916.52,207.87
2024-05-01,S01,Seafood,Online Direct,Lower Mainland,67,176.00,0.01,13009.12,132.61,8884.87,672.64
2024-05-01,S01,Seafood,Online Direct,Vancouver Island,22,176.00,0.01,4310.62,133.01,2926.22,267.04
2024-05-01,S01,Seafood,Online Direct,BC Interior,23,176.00,0.00,4520.17,133.28,3065.44,290.90
2024-05-01,S02,Seafood,Restaurants,Lower Mainland,152,214.00,0.01,32396.85,160.82,24444.64,249.77
2024-05-01,S02,Seafood,Restaurants,Vancouver Island,56,214.00,0.01,11840.52,160.18,8970.08,195.35
2024-05-01,S02,Seafood,Restaurants,BC Interior,54,214.00,0.01,11452.23,160.02,8641.08,216.71
2024-05-01,S02,Seafood,Grocery Retail,Lower Mainland,99,214.00,0.00,18550.57,160.18,15857.82,157.77
2024-05-01,S02,Seafood,Grocery Retail,Vancouver Island,38,214.00,0.04,6898.79,160.34,6092.92,128.55
2024-05-01,S02,Seafood,Grocery Retail,BC Interior,38,214.00,0.03,6962.06,160.34,6092.92,150.13
2024-05-01,S02,Seafood,Hotels & Institutions,Lower Mainland,62,214.00,0.01,12516.44,160.02,9921.24,99.10
2024-05-01,S02,Seafood,Hotels & Institutions,Vancouver Island,23,214.00,0.01,4629.03,160.50,3691.50,76.56
2024-05-01,S02,Seafood,Hotels & Institutions,BC Interior,23,214.00,0.01,4619.94,160.66,3695.18,87.19
2024-05-01,S02,Seafood,Online Direct,Lower Mainland,29,214.00,0.01,6888.01,160.66,4659.14,284.99
2024-05-01,S02,Seafood,Online Direct,Vancouver Island,10,214.00,0.00,2387.22,160.18,1601.80,118.17
2024-05-01,S02,Seafood,Online Direct,BC Interior,10,214.00,0.01,2377.64,160.02,1600.20,126.11
2024-05-01,S03,Seafood,Restaurants,Lower Mainland,93,305.00,0.01,28279.62,227.91,21195.63,148.50
2024-05-01,S03,Seafood,Restaurants,Vancouver Island,35,305.00,0.00,10621.67,226.77,7936.95,119.12
2024-05-01,S03,Seafood,Restaurants,BC Interior,36,305.00,0.00,10925.14,227.45,8188.20,144.61
2024-05-01,S03,Seafood,Grocery Retail,Lower Mainland,63,305.00,0.01,16723.50,227.45,14329.35,101.20
2024-05-01,S03,Seafood,Grocery Retail,Vancouver Island,23,305.00,0.01,6129.94,227.00,5221.00,78.12
2024-05-01,S03,Seafood,Grocery Retail,BC Interior,23,305.00,0.02,6013.24,227.68,5236.64,87.28
2024-05-01,S03,Seafood,Hotels & Institutions,Lower Mainland,41,305.00,0.01,11690.24,227.45,9325.45,64.75
2024-05-01,S03,Seafood,Hotels & Institutions,Vancouver Island,14,305.00,0.01,4036.07,227.22,3181.08,49.03
2024-05-01,S03,Seafood,Hotels & Institutions,BC Interior,14,305.00,0.01,3999.87,227.68,3187.52,55.86
2024-05-01,S03,Seafood,Online Direct,Lower Mainland,17,305.00,0.01,5749.27,227.22,3862.74,167.24
2024-05-01,S03,Seafood,Online Direct,Vancouver Island,6,305.00,0.00,2053.69,227.00,1362.00,72.47
2024-05-01,S03,Seafood,Online Direct,BC Interior,6,305.00,0.01,2023.00,227.68,1366.08,73.66
2024-05-01,S04,Seafood,Restaurants,Lower Mainland,176,138.00,0.01,24165.98,103.29,18179.04,287.51
2024-05-01,S04,Seafood,Restaurants,Vancouver Island,63,138.00,0.00,8659.22,103.29,6507.27,209.27
2024-05-01,S04,Seafood,Restaurants,BC Interior,65,138.00,0.01,8871.33,103.81,6747.65,245.90
2024-05-01,S04,Seafood,Grocery Retail,Lower Mainland,118,138.00,0.01,14086.74,103.50,12213.00,184.46
2024-05-01,S04,Seafood,Grocery Retail,Vancouver Island,45,138.00,0.01,5426.38,103.40,4653.00,157.59
2024-05-01,S04,Seafood,Grocery Retail,BC Interior,44,138.00,0.02,5252.61,103.40,4549.60,168.85
2024-05-01,S04,Seafood,Hotels & Institutions,Lower Mainland,72,138.00,0.01,9373.18,103.81,7474.32,116.47
2024-05-01,S04,Seafood,Hotels & Institutions,Vancouver Island,27,138.00,0.00,3511.44,103.40,2791.80,91.89
2024-05-01,S04,Seafood,Hotels & Institutions,BC Interior,27,138.00,0.01,3504.22,103.19,2786.13,108.35
2024-05-01,S04,Seafood,Online Direct,Lower Mainland,32,138.00,0.01,4931.03,103.60,3315.20,318.68
2024-05-01,S04,Seafood,Online Direct,Vancouver Island,12,138.00,0.00,1854.72,103.50,1242.00,140.66
2024-05-01,S04,Seafood,Online Direct,BC Interior,11,138.00,0.01,1676.33,103.50,1138.50,136.54
2024-05-01,H01,Charcuterie,Restaurants,Lower Mainland,154,188.00,0.01,28661.79,108.82,16758.28,250.34
2024-05-01,H01,Charcuterie,Restaurants,Vancouver Island,55,188.00,0.01,10215.63,108.71,5979.05,187.19
2024-05-01,H01,Charcuterie,Restaurants,BC Interior,59,188.00,0.01,11013.87,109.15,6439.85,223.20
2024-05-01,H01,Charcuterie,Grocery Retail,Lower Mainland,107,188.00,0.03,17223.10,108.82,11643.74,175.99
2024-05-01,H01,Charcuterie,Grocery Retail,Vancouver Island,39,188.00,0.03,6316.02,109.26,4261.14,135.92
2024-05-01,H01,Charcuterie,Grocery Retail,BC Interior,41,188.00,0.01,6688.17,109.37,4484.17,162.78
2024-05-01,H01,Charcuterie,Hotels & Institutions,Lower Mainland,67,188.00,0.01,11882.56,109.26,7320.42,108.49
2024-05-01,H01,Charcuterie,Hotels & Institutions,Vancouver Island,23,188.00,0.01,4075.00,109.04,2507.92,79.76
2024-05-01,H01,Charcuterie,Hotels & Institutions,BC Interior,23,188.00,0.00,4095.48,109.15,2510.45,91.58
2024-05-01,H01,Charcuterie,Online Direct,Lower Mainland,28,188.00,0.00,5895.67,109.37,3062.36,280.54
2024-05-01,H01,Charcuterie,Online Direct,Vancouver Island,11,188.00,0.01,2299.93,109.26,1201.86,132.08
2024-05-01,H01,Charcuterie,Online Direct,BC Interior,10,188.00,0.00,2095.08,108.93,1089.30,126.36
2024-05-01,H02,Charcuterie,Restaurants,Lower Mainland,137,156.00,0.01,21200.00,89.88,12313.56,224.68
2024-05-01,H02,Charcuterie,Restaurants,Vancouver Island,50,156.00,0.01,7729.52,89.70,4485.00,173.06
2024-05-01,H02,Charcuterie,Restaurants,BC Interior,49,156.00,0.00,7598.20,89.61,4390.89,195.69
2024-05-01,H02,Charcuterie,Grocery Retail,Lower Mainland,94,156.00,0.02,12633.05,89.61,8423.34,147.54
2024-05-01,H02,Charcuterie,Grocery Retail,Vancouver Island,33,156.00,0.02,4417.28,89.88,2966.04,111.98
2024-05-01,H02,Charcuterie,Grocery Retail,BC Interior,34,156.00,0.00,4630.25,89.61,3046.74,132.47
2024-05-01,H02,Charcuterie,Hotels & Institutions,Lower Mainland,58,156.00,0.01,8475.26,89.52,5192.16,90.29
2024-05-01,H02,Charcuterie,Hotels & Institutions,Vancouver Island,20,156.00,0.01,2934.41,89.97,1799.40,66.50
2024-05-01,H02,Charcuterie,Hotels & Institutions,BC Interior,20,156.00,0.01,2934.24,89.79,1795.80,75.66
2024-05-01,H02,Charcuterie,Online Direct,Lower Mainland,26,156.00,0.01,4497.04,89.70,2332.20,258.40
2024-05-01,H02,Charcuterie,Online Direct,Vancouver Island,9,156.00,0.01,1556.77,89.79,808.11,104.85
2024-05-01,H02,Charcuterie,Online Direct,BC Interior,9,156.00,0.01,1555.20,89.52,805.68,112.27
2024-05-01,H03,Charcuterie,Restaurants,Lower Mainland,72,204.00,0.01,14512.04,120.72,8691.84,118.08
2024-05-01,H03,Charcuterie,Restaurants,Vancouver Island,26,204.00,0.01,5255.99,120.36,3129.36,89.90
2024-05-01,H03,Charcuterie,Restaurants,BC Interior,26,204.00,0.01,5256.26,120.48,3132.48,102.01
2024-05-01,H03,Charcuterie,Grocery Retail,Lower Mainland,50,204.00,0.02,8804.63,120.24,6012.00,78.64
2024-05-01,H03,Charcuterie,Grocery Retail,Vancouver Island,18,204.00,0.01,3199.10,120.60,2170.80,60.89
2024-05-01,H03,Charcuterie,Grocery Retail,BC Interior,18,204.00,0.03,3153.64,120.60,2170.80,70.55
2024-05-01,H03,Charcuterie,Hotels & Institutions,Lower Mainland,29,204.00,0.01,5569.42,120.12,3483.48,47.79
2024-05-01,H03,Charcuterie,Hotels & Institutions,Vancouver Island,10,204.00,0.01,1908.96,120.00,1200.00,33.66
2024-05-01,H03,Charcuterie,Hotels & Institutions,BC Interior,10,204.00,0.01,1912.83,120.48,1204.80,39.12
2024-05-01,H03,Charcuterie,Online Direct,Lower Mainland,14,204.00,0.00,3179.55,120.36,1685.04,144.37
2024-05-01,H03,Charcuterie,Online Direct,Vancouver Island,5,204.00,0.01,1127.56,120.72,603.60,58.07
2024-05-01,H03,Charcuterie,Online Direct,BC Interior,5,204.00,0.01,1126.39,120.00,600.00,62.62
2024-05-01,H04,Charcuterie,Restaurants,Lower Mainland,123,96.00,0.00,11760.82,54.77,6736.71,196.60
2024-05-01,H04,Charcuterie,Restaurants,Vancouver Island,46,96.00,0.01,4345.47,54.88,2524.48,155.62
2024-05-01,H04,Charcuterie,Restaurants,BC Interior,47,96.00,0.01,4457.80,54.88,2579.36,187.70
2024-05-01,H04,Charcuterie,Grocery Retail,Lower Mainland,87,96.00,0.02,7203.14,54.72,4760.64,141.98
2024-05-01,H04,Charcuterie,Grocery Retail,Vancouver Island,31,96.00,0.03,2545.62,54.56,1691.36,103.29
2024-05-01,H04,Charcuterie,Grocery Retail,BC Interior,31,96.00,0.01,2603.18,54.56,1691.36,118.97
2024-05-01,H04,Charcuterie,Hotels & Institutions,Lower Mainland,50,96.00,0.00,4546.33,54.67,2733.50,79.44
2024-05-01,H04,Charcuterie,Hotels & Institutions,Vancouver Island,19,96.00,0.00,1727.59,54.83,1041.77,65.89
2024-05-01,H04,Charcuterie,Hotels & Institutions,BC Interior,19,96.00,0.01,1715.37,54.83,1041.77,74.47
2024-05-01,H04,Charcuterie,Online Direct,Lower Mainland,22,96.00,0.01,2322.99,54.77,1204.94,223.31
2024-05-01,H04,Charcuterie,Online Direct,Vancouver Island,8,96.00,0.01,849.85,54.83,438.64,96.91
2024-05-01,H04,Charcuterie,Online Direct,BC Interior,8,96.00,0.00,858.44,54.77,438.16,97.91
2024-05-01,D01,Cheese & Dairy,Restaurants,Lower Mainland,203,142.00,0.01,28478.79,88.30,17924.90,333.89
2024-05-01,D01,Cheese & Dairy,Restaurants,Vancouver Island,73,142.00,0.01,10293.50,88.04,6426.92,251.18
2024-05-01,D01,Cheese & Dairy,Restaurants,BC Interior,72,142.00,0.00,10193.35,88.13,6345.36,287.54
2024-05-01,D01,Cheese & Dairy,Grocery Retail,Lower Mainland,136,142.00,0.01,16841.00,88.13,11985.68,214.34
2024-05-01,D01,Cheese & Dairy,Grocery Retail,Vancouver Island,51,142.00,0.00,6334.77,87.78,4476.78,174.44
2024-05-01,D01,Cheese & Dairy,Grocery Retail,BC Interior,49,142.00,0.03,5945.80,88.22,4322.78,189.95
2024-05-01,D01,Cheese & Dairy,Hotels & Institutions,Lower Mainland,82,142.00,0.00,11050.61,88.04,7219.28,132.77
2024-05-01,D01,Cheese & Dairy,Hotels & Institutions,Vancouver Island,30,142.00,0.01,4042.87,88.04,2641.20,104.14
2024-05-01,D01,Cheese & Dairy,Hotels & Institutions,BC Interior,30,142.00,0.00,4055.09,88.04,2641.20,116.06
2024-05-01,D01,Cheese & Dairy,Online Direct,Lower Mainland,38,142.00,0.01,5971.06,88.13,3348.94,390.71
2024-05-01,D01,Cheese & Dairy,Online Direct,Vancouver Island,14,142.00,0.01,2204.35,87.78,1228.92,168.77
2024-05-01,D01,Cheese & Dairy,Online Direct,BC Interior,14,142.00,0.00,2217.66,87.78,1228.92,169.43
2024-05-01,D02,Cheese & Dairy,Restaurants,Lower Mainland,176,118.00,0.01,20726.15,72.42,12745.92,275.40
2024-05-01,D02,Cheese & Dairy,Restaurants,Vancouver Island,63,118.00,0.00,7411.71,72.64,4576.32,219.77
2024-05-01,D02,Cheese & Dairy,Restaurants,BC Interior,66,118.00,0.00,7772.40,72.50,4785.00,261.78
2024-05-01,D02,Cheese & Dairy,Grocery Retail,Lower Mainland,119,118.00,0.02,12060.94,72.79,8662.01,185.83
2024-05-01,D02,Cheese & Dairy,Grocery Retail,Vancouver Island,42,118.00,0.01,4334.99,72.50,3045.00,144.23
2024-05-01,D02,Cheese & Dairy,Grocery Retail,BC Interior,42,118.00,0.03,4230.69,72.35,3038.70,163.96
2024-05-01,D02,Cheese & Dairy,Hotels & Institutions,Lower Mainland,74,118.00,0.01,8146.46,72.79,5386.46,117.81
2024-05-01,D02,Cheese & Dairy,Hotels & Institutions,Vancouver Island,27,118.00,0.01,3008.49,72.57,1959.39,89.14
2024-05-01,D02,Cheese & Dairy,Hotels & Institutions,BC Interior,27,118.00,0.00,3029.71,72.64,1961.28,103.93
2024-05-01,D02,Cheese & Dairy,Online Direct,Lower Mainland,32,118.00,0.01,4195.20,72.72,2327.04,322.55
2024-05-01,D02,Cheese & Dairy,Online Direct,Vancouver Island,11,118.00,0.00,1445.05,72.57,798.27,132.08
2024-05-01,D02,Cheese & Dairy,Online Direct,BC Interior,12,118.00,0.01,1562.17,72.50,870.00,148.06
2024-05-01,D03,Cheese & Dairy,Restaurants,Lower Mainland,92,236.00,0.01,21494.03,148.53,13664.76,143.08
2024-05-01,D03,Cheese & Dairy,Restaurants,Vancouver Island,33,236.00,0.00,7749.09,148.98,4916.34,111.08
2024-05-01,D03,Cheese & Dairy,Restaurants,BC Interior,33,236.00,0.01,7663.61,148.98,4916.34,126.90
2024-05-01,D03,Cheese & Dairy,Grocery Retail,Lower Mainland,62,236.00,0.00,12799.01,148.23,9190.26,97.71
2024-05-01,D03,Cheese & Dairy,Grocery Retail,Vancouver Island,23,236.00,0.04,4595.47,148.53,3416.19,76.09
2024-05-01,D03,Cheese & Dairy,Grocery Retail,BC Interior,23,236.00,0.00,4771.81,148.23,3409.29,87.91
2024-05-01,D03,Cheese & Dairy,Hotels & Institutions,Lower Mainland,39,236.00,0.01,8690.99,149.13,5816.07,62.77
2024-05-01,D03,Cheese & Dairy,Hotels & Institutions,Vancouver Island,13,236.00,0.00,2917.50,148.83,1934.79,45.22
2024-05-01,D03,Cheese & Dairy,Hotels & Institutions,BC Interior,14,236.00,0.00,3129.39,148.53,2079.42,53.29
2024-05-01,D03,Cheese & Dairy,Online Direct,Lower Mainland,17,236.00,0.01,4466.41,148.53,2525.01,174.62
2024-05-01,D03,Cheese & Dairy,Online Direct,Vancouver Island,6,236.00,0.01,1576.34,148.53,891.18,70.61
2024-05-01,D03,Cheese & Dairy,Online Direct,BC Interior,6,236.00,0.01,1562.19,148.23,889.38,73.21
2024-05-01,D04,Cheese & Dairy,Restaurants,Lower Mainland,260,86.00,0.01,22159.07,52.51,13652.60,411.42
2024-05-01,D04,Cheese & Dairy,Restaurants,Vancouver Island,90,86.00,0.01,7655.05,52.51,4725.90,314.26
2024-05-01,D04,Cheese & Dairy,Restaurants,BC Interior,88,86.00,0.01,7499.95,52.30,4602.40,341.48
2024-05-01,D04,Cheese & Dairy,Grocery Retail,Lower Mainland,170,86.00,0.01,12775.54,52.51,8926.70,265.74
2024-05-01,D04,Cheese & Dairy,Grocery Retail,Vancouver Island,61,86.00,0.02,4523.83,52.36,3193.96,204.70
2024-05-01,D04,Cheese & Dairy,Grocery Retail,BC Interior,62,86.00,0.02,4593.41,52.46,3252.52,243.98
2024-05-01,D04,Cheese & Dairy,Hotels & Institutions,Lower Mainland,98,86.00,0.00,8022.55,52.30,5125.40,159.62
2024-05-01,D04,Cheese & Dairy,Hotels & Institutions,Vancouver Island,36,86.00,0.01,2911.62,52.41,1886.76,124.97
2024-05-01,D04,Cheese & Dairy,Hotels & Institutions,BC Interior,39,86.00,0.00,3176.74,52.41,2043.99,155.75
2024-05-01,D04,Cheese & Dairy,Online Direct,Lower Mainland,45,86.00,0.00,4321.41,52.51,2362.95,449.05
2024-05-01,D04,Cheese & Dairy,Online Direct,Vancouver Island,17,86.00,0.01,1614.52,52.51,892.67,201.69
2024-05-01,D04,Cheese & Dairy,Online Direct,BC Interior,17,86.00,0.00,1629.26,52.36,890.12,211.64
2024-06-01,B01,Beef,Restaurants,Lower Mainland,312,268.00,0.00,83198.25,197.92,61751.04,496.20
2024-06-01,B01,Beef,Restaurants,Vancouver Island,112,268.00,0.00,29836.17,198.52,22234.24,374.33
2024-06-01,B01,Beef,Restaurants,BC Interior,117,268.00,0.00,31230.70,197.92,23156.64,457.21
2024-06-01,B01,Beef,Grocery Retail,Lower Mainland,217,268.00,0.01,50564.18,198.52,43078.84,346.85
2024-06-01,B01,Beef,Grocery Retail,Vancouver Island,74,268.00,0.01,17329.68,198.52,14690.48,250.85
2024-06-01,B01,Beef,Grocery Retail,BC Interior,75,268.00,0.03,17174.52,197.73,14829.75,286.65
2024-06-01,B01,Beef,Hotels & Institutions,Lower Mainland,127,268.00,0.01,32075.75,198.52,25212.04,208.48
2024-06-01,B01,Beef,Hotels & Institutions,Vancouver Island,48,268.00,0.01,12171.77,198.12,9509.76,163.53
2024-06-01,B01,Beef,Hotels & Institutions,BC Interior,48,268.00,0.00,12184.09,197.73,9491.04,188.70
2024-06-01,B01,Beef,Online Direct,Lower Mainland,57,268.00,0.01,16886.91,198.12,11292.84,567.64
2024-06-01,B01,Beef,Online Direct,Vancouver Island,20,268.00,0.00,5985.20,198.12,3962.40,244.90
2024-06-01,B01,Beef,Online Direct,BC Interior,20,268.00,0.01,5949.26,198.12,3962.40,254.20
2024-06-01,B02,Beef,Restaurants,Lower Mainland,815,118.00,0.00,96265.59,86.64,70611.60,1331.38
2024-06-01,B02,Beef,Restaurants,Vancouver Island,309,118.00,0.01,35950.99,86.90,26852.10,1054.80
2024-06-01,B02,Beef,Restaurants,BC Interior,292,118.00,0.01,33974.06,86.82,25351.44,1144.49
2024-06-01,B02,Beef,Grocery Retail,Lower Mainland,561,118.00,0.04,56208.70,86.90,48750.90,882.34
2024-06-01,B02,Beef,Grocery Retail,Vancouver Island,204,118.00,0.01,20887.64,86.99,17745.96,709.55
2024-06-01,B02,Beef,Grocery Retail,BC Interior,206,118.00,0.02,20985.64,86.47,17812.82,782.51
2024-06-01,B02,Beef,Hotels & Institutions,Lower Mainland,352,118.00,0.00,39419.27,86.73,30528.96,560.95
2024-06-01,B02,Beef,Hotels & Institutions,Vancouver Island,120,118.00,0.01,13263.85,86.90,10428.00,405.55
2024-06-01,B02,Beef,Hotels & Institutions,BC Interior,123,118.00,0.01,13732.71,86.90,10688.70,477.78
2024-06-01,B02,Beef,Online Direct,Lower Mainland,154,118.00,0.01,20189.96,86.73,13356.42,1564.73
2024-06-01,B02,Beef,Online Direct,Vancouver Island,54,118.00,0.01,7058.31,86.82,4688.28,642.60
2024-06-01,B02,Beef,Online Direct,BC Interior,54,118.00,0.01,7015.53,86.90,4692.60,668.26
2024-06-01,B03,Beef,Restaurants,Lower Mainland,381,196.00,0.00,74154.16,146.02,55633.62,608.99
2024-06-01,B03,Beef,Restaurants,Vancouver Island,134,196.00,0.00,26369.06,146.46,19625.64,459.70
2024-06-01,B03,Beef,Restaurants,BC Interior,133,196.00,0.00,25885.84,146.17,19440.61,533.74
2024-06-01,B03,Beef,Grocery Retail,Lower Mainland,249,196.00,0.03,41705.39,145.73,36286.77,393.22
2024-06-01,B03,Beef,Grocery Retail,Vancouver Island,88,196.00,0.04,14602.03,146.17,12862.96,306.08
2024-06-01,B03,Beef,Grocery Retail,BC Interior,88,196.00,0.03,14648.00,146.31,12875.28,349.03
2024-06-01,B03,Beef,Hotels & Institutions,Lower Mainland,150,196.00,0.01,27511.78,146.17,21925.50,235.44
2024-06-01,B03,Beef,Hotels & Institutions,Vancouver Island,54,196.00,0.01,10014.46,145.73,7869.42,179.56
2024-06-01,B03,Beef,Hotels & Institutions,BC Interior,54,196.00,0.01,9963.78,146.02,7885.08,212.28
2024-06-01,B03,Beef,Online Direct,Lower Mainland,65,196.00,0.01,14125.31,145.58,9462.70,651.90
2024-06-01,B03,Beef,Online Direct,Vancouver Island,24,196.00,0.01,5215.80,146.31,3511.44,283.60
2024-06-01,B03,Beef,Online Direct,BC Interior,24,196.00,0.01,5184.33,146.31,3511.44,290.16
2024-06-01,B04,Beef,Restaurants,Lower Mainland,169,342.00,0.01,57220.54,256.76,43392.44,263.91
2024-06-01,B04,Beef,Restaurants,Vancouver Island,62,342.00,0.01,20991.45,257.27,15950.74,216.49
2024-06-01,B04,Beef,Restaurants,BC Interior,64,342.00,0.01,21646.31,255.99,16383.36,255.59
2024-06-01,B04,Beef,Grocery Retail,Lower Mainland,120,342.00,0.03,34923.40,255.99,30718.80,192.00
2024-06-01,B04,Beef,Grocery Retail,Vancouver Island,43,342.00,0.03,12477.05,256.24,11018.32,145.76
2024-06-01,B04,Beef,Grocery Retail,BC Interior,44,342.00,0.00,13229.00,257.01,11308.44,173.14
2024-06-01,B04,Beef,Hotels & Institutions,Lower Mainland,70,342.00,0.00,22561.42,255.73,17901.10,115.36
2024-06-01,B04,Beef,Hotels & Institutions,Vancouver Island,26,342.00,0.01,8312.48,256.24,6662.24,85.75
2024-06-01,B04,Beef,Hotels & Institutions,BC Interior,25,342.00,0.00,8090.03,257.01,6425.25,97.40
2024-06-01,B04,Beef,Online Direct,Lower Mainland,32,342.00,0.01,12183.80,256.50,8208.00,330.31
2024-06-01,B04,Beef,Online Direct,Vancouver Island,12,342.00,0.01,4518.48,256.50,3078.00,139.80
2024-06-01,B04,Beef,Online Direct,BC Interior,12,342.00,0.00,4587.25,256.50,3078.00,148.95
2024-06-01,P01,Pork,Restaurants,Lower Mainland,402,132.00,0.00,52851.74,92.22,37072.44,657.35
2024-06-01,P01,Pork,Restaurants,Vancouver Island,149,132.00,0.00,19667.98,92.22,13740.78,499.51
2024-06-01,P01,Pork,Restaurants,BC Interior,146,132.00,0.00,19175.72,92.31,13477.26,573.39
2024-06-01,P01,Pork,Grocery Retail,Lower Mainland,287,132.00,0.01,33038.15,92.31,26492.97,471.14
2024-06-01,P01,Pork,Grocery Retail,Vancouver Island,104,132.00,0.01,11983.60,92.22,9590.88,344.76
2024-06-01,P01,Pork,Grocery Retail,BC Interior,100,132.00,0.03,11266.78,92.31,9231.00,387.27
2024-06-01,P01,Pork,Hotels & Institutions,Lower Mainland,169,132.00,0.00,21234.99,92.12,15568.28,267.97
2024-06-01,P01,Pork,Hotels & Institutions,Vancouver Island,58,132.00,0.01,7229.36,92.12,5342.96,201.54
2024-06-01,P01,Pork,Hotels & Institutions,BC Interior,61,132.00,0.01,7565.47,92.40,5636.40,243.61
2024-06-01,P01,Pork,Online Direct,Lower Mainland,74,132.00,0.00,10940.16,92.68,6858.32,757.12
2024-06-01,P01,Pork,Online Direct,Vancouver Island,28,132.00,0.01,4069.32,92.49,2589.72,342.86
2024-06-01,P01,Pork,Online Direct,BC Interior,26,132.00,0.01,3793.82,92.12,2395.12,315.95
2024-06-01,P02,Pork,Restaurants,Lower Mainland,300,104.00,0.00,30981.97,71.98,21594.00,478.08
2024-06-01,P02,Pork,Restaurants,Vancouver Island,101,104.00,0.00,10472.51,71.76,7247.76,339.28
2024-06-01,P02,Pork,Restaurants,BC Interior,108,104.00,0.01,11119.24,71.54,7726.32,420.78
2024-06-01,P02,Pork,Grocery Retail,Lower Mainland,202,104.00,0.04,17892.79,71.90,14523.80,325.46
2024-06-01,P02,Pork,Grocery Retail,Vancouver Island,69,104.00,0.00,6333.82,71.69,4946.61,238.35
2024-06-01,P02,Pork,Grocery Retail,BC Interior,73,104.00,0.00,6647.60,71.90,5248.70,292.39
2024-06-01,P02,Pork,Hotels & Institutions,Lower Mainland,120,104.00,0.01,11784.92,71.69,8602.80,188.35
2024-06-01,P02,Pork,Hotels & Institutions,Vancouver Island,44,104.00,0.01,4295.12,71.76,3157.44,151.69
2024-06-01,P02,Pork,Hotels & Institutions,BC Interior,42,104.00,0.01,4108.20,71.83,3016.86,160.52
2024-06-01,P02,Pork,Online Direct,Lower Mainland,50,104.00,0.01,5777.50,71.90,3595.00,496.42
2024-06-01,P02,Pork,Online Direct,Vancouver Island,19,104.00,0.01,2188.72,71.62,1360.78,219.32
2024-06-01,P02,Pork,Online Direct,BC Interior,19,104.00,0.01,2191.02,71.90,1366.10,238.66
2024-06-01,P03,Pork,Restaurants,Lower Mainland,253,146.00,0.01,36642.75,103.03,26066.59,400.75
2024-06-01,P03,Pork,Restaurants,Vancouver Island,91,146.00,0.01,13205.75,102.93,9366.63,302.28
2024-06-01,P03,Pork,Restaurants,BC Interior,93,146.00,0.01,13347.74,102.83,9563.19,356.17
2024-06-01,P03,Pork,Grocery Retail,Lower Mainland,179,146.00,0.02,22424.49,102.93,18424.47,281.53
2024-06-01,P03,Pork,Grocery Retail,Vancouver Island,65,146.00,0.03,8099.84,102.72,6676.80,217.91
2024-06-01,P03,Pork,Grocery Retail,BC Interior,65,146.00,0.00,8317.80,102.72,6676.80,252.23
2024-06-01,P03,Pork,Hotels & Institutions,Lower Mainland,103,146.00,0.01,14086.28,102.93,10601.79,160.35
2024-06-01,P03,Pork,Hotels & Institutions,Vancouver Island,37,146.00,0.01,5055.15,102.72,3800.64,127.18
2024-06-01,P03,Pork,Hotels & Institutions,BC Interior,37,146.00,0.01,5090.60,102.72,3800.64,144.73
2024-06-01,P03,Pork,Online Direct,Lower Mainland,47,146.00,0.00,7670.05,102.83,4833.01,469.48
2024-06-01,P03,Pork,Online Direct,Vancouver Island,16,146.00,0.01,2592.83,102.62,1641.92,188.50
2024-06-01,P03,Pork,Online Direct,BC Interior,17,146.00,0.00,2771.49,102.93,1749.81,205.74
2024-06-01,P04,Pork,Restaurants,Lower Mainland,377,92.00,0.01,34303.45,64.13,24177.01,620.69
2024-06-01,P04,Pork,Restaurants,Vancouver Island,138,92.00,0.01,12607.25,63.94,8823.72,475.77
2024-06-01,P04,Pork,Restaurants,BC Interior,136,92.00,0.00,12461.99,64.13,8721.68,533.05
2024-06-01,P04,Pork,Grocery Retail,Lower Mainland,247,92.00,0.02,19536.71,64.07,15825.29,393.22
2024-06-01,P04,Pork,Grocery Retail,Vancouver Island,89,92.00,0.00,7190.97,64.13,5707.57,296.55
2024-06-01,P04,Pork,Grocery Retail,BC Interior,88,92.00,0.03,6868.48,63.81,5615.28,337.02
2024-06-01,P04,Pork,Hotels & Institutions,Lower Mainland,150,92.00,0.00,13136.12,64.00,9600.00,241.68
2024-06-01,P04,Pork,Hotels & Institutions,Vancouver Island,55,92.00,0.00,4782.99,63.81,3509.55,187.00
2024-06-01,P04,Pork,Hotels & Institutions,BC Interior,54,92.00,0.01,4677.12,63.94,3452.76,207.86
2024-06-01,P04,Pork,Online Direct,Lower Mainland,68,92.00,0.01,6929.23,63.88,4343.84,701.91
2024-06-01,P04,Pork,Online Direct,Vancouver Island,23,92.00,0.00,2351.00,63.81,1467.63,266.31
2024-06-01,P04,Pork,Online Direct,BC Interior,25,92.00,0.00,2581.15,63.81,1595.25,310.93
2024-06-01,C01,Poultry,Restaurants,Lower Mainland,650,78.00,0.00,50497.40,56.55,36757.50,1058.72
2024-06-01,C01,Poultry,Restaurants,Vancouver Island,226,78.00,0.00,17575.15,56.44,12755.44,777.62
2024-06-01,C01,Poultry,Restaurants,BC Interior,227,78.00,0.01,17511.73,56.49,12823.23,879.10
2024-06-01,C01,Poultry,Grocery Retail,Lower Mainland,433,78.00,0.04,28795.60,56.44,24438.52,688.64
2024-06-01,C01,Poultry,Grocery Retail,Vancouver Island,166,78.00,0.02,11189.51,56.44,9369.04,576.82
2024-06-01,C01,Poultry,Grocery Retail,BC Interior,162,78.00,0.01,10996.90,56.66,9178.92,626.75
2024-06-01,C01,Poultry,Hotels & Institutions,Lower Mainland,267,78.00,0.01,19625.47,56.44,15069.48,434.89
2024-06-01,C01,Poultry,Hotels & Institutions,Vancouver Island,93,78.00,0.00,6836.28,56.72,5274.96,321.58
2024-06-01,C01,Poultry,Hotels & Institutions,BC Interior,100,78.00,0.01,7395.07,56.55,5655.00,385.71
2024-06-01,C01,Poultry,Online Direct,Lower Mainland,120,78.00,0.01,10378.62,56.55,6786.00,1197.46
2024-06-01,C01,Poultry,Online Direct,Vancouver Island,44,78.00,0.01,3801.60,56.61,2490.84,535.12
2024-06-01,C01,Poultry,Online Direct,BC Interior,43,78.00,0.01,3700.19,56.38,2424.34,536.40
2024-06-01,C02,Poultry,Restaurants,Lower Mainland,578,124.00,0.01,70957.00,89.55,51759.90,897.98
2024-06-01,C02,Poultry,Restaurants,Vancouver Island,200,124.00,0.01,24552.00,89.19,17838.00,679.32
2024-06-01,C02,Poultry,Restaurants,BC Interior,215,124.00,0.00,26553.36,89.55,19253.25,856.95
2024-06-01,C02,Poultry,Grocery Retail,Lower Mainland,387,124.00,0.01,41976.27,89.19,34516.53,611.15
2024-06-01,C02,Poultry,Grocery Retail,Vancouver Island,135,124.00,0.04,14143.59,89.37,12064.95,460.84
2024-06-01,C02,Poultry,Grocery Retail,BC Interior,137,124.00,0.03,14427.64,89.46,12256.02,527.35
2024-06-01,C02,Poultry,Hotels & Institutions,Lower Mainland,223,124.00,0.01,25875.36,89.28,19909.44,358.23
2024-06-01,C02,Poultry,Hotels & Institutions,Vancouver Island,85,124.00,0.01,9873.22,89.01,7565.85,290.73
2024-06-01,C02,Poultry,Hotels & Institutions,BC Interior,84,124.00,0.01,9786.59,89.10,7484.40,321.05
2024-06-01,C02,Poultry,Online Direct,Lower Mainland,102,124.00,0.00,14165.53,89.28,9106.56,1006.51
2024-06-01,C02,Poultry,Online Direct,Vancouver Island,37,124.00,0.01,5107.59,89.01,3293.37,427.97
2024-06-01,C02,Poultry,Online Direct,BC Interior,38,124.00,0.01,5266.81,89.01,3382.38,474.97
2024-06-01,C03,Poultry,Restaurants,Lower Mainland,452,96.00,0.01,42786.25,68.50,30962.00,716.69
2024-06-01,C03,Poultry,Restaurants,Vancouver Island,171,96.00,0.01,16333.82,68.85,11773.35,581.98
2024-06-01,C03,Poultry,Restaurants,BC Interior,170,96.00,0.00,16271.04,68.85,11704.50,651.07
2024-06-01,C03,Poultry,Grocery Retail,Lower Mainland,316,96.00,0.02,26242.28,68.50,21646.00,494.98
2024-06-01,C03,Poultry,Grocery Retail,Vancouver Island,114,96.00,0.00,9601.79,68.78,7840.92,376.75
2024-06-01,C03,Poultry,Grocery Retail,BC Interior,117,96.00,0.02,9725.85,68.57,8022.69,461.78
2024-06-01,C03,Poultry,Hotels & Institutions,Lower Mainland,199,96.00,0.01,17967.75,68.85,13701.15,319.67
2024-06-01,C03,Poultry,Hotels & Institutions,Vancouver Island,67,96.00,0.01,6037.08,68.57,4594.19,230.76
2024-06-01,C03,Poultry,Hotels & Institutions,BC Interior,71,96.00,0.01,6365.46,68.50,4863.50,276.07
2024-06-01,C03,Poultry,Online Direct,Lower Mainland,81,96.00,0.00,8700.41,68.57,5554.17,830.37
2024-06-01,C03,Poultry,Online Direct,Vancouver Island,30,96.00,0.01,3186.98,68.50,2055.00,348.08
2024-06-01,C03,Poultry,Online Direct,BC Interior,30,96.00,0.01,3199.73,68.71,2061.30,375.35
2024-06-01,C04,Poultry,Restaurants,Lower Mainland,112,188.00,0.01,20971.10,131.99,14782.88,183.32
2024-06-01,C04,Poultry,Restaurants,Vancouver Island,40,188.00,0.00,7550.08,131.21,5248.40,139.94
2024-06-01,C04,Poultry,Restaurants,BC Interior,41,188.00,0.01,7669.28,131.73,5400.93,159.74
2024-06-01,C04,Poultry,Grocery Retail,Lower Mainland,75,188.00,0.03,12073.31,131.34,9850.50,123.24
2024-06-01,C04,Poultry,Grocery Retail,Vancouver Island,27,188.00,0.03,4323.94,131.73,3556.71,91.43
2024-06-01,C04,Poultry,Grocery Retail,BC Interior,26,188.00,0.01,4262.63,131.47,3418.22,101.30
2024-06-01,C04,Poultry,Hotels & Institutions,Lower Mainland,43,188.00,0.01,7580.05,131.60,5658.80,67.91
2024-06-01,C04,Poultry,Hotels & Institutions,Vancouver Island,16,188.00,0.01,2811.99,131.47,2103.52,55.49
2024-06-01,C04,Poultry,Hotels & Institutions,BC Interior,16,188.00,0.01,2834.77,131.86,2109.76,61.90
2024-06-01,C04,Poultry,Online Direct,Lower Mainland,19,188.00,0.01,3972.68,131.60,2500.40,188.64
2024-06-01,C04,Poultry,Online Direct,Vancouver Island,7,188.00,0.01,1463.62,131.47,920.29,83.63
2024-06-01,C04,Poultry,Online Direct,BC Interior,7,188.00,0.01,1450.41,131.73,922.11,85.76
2024-06-01,S01,Seafood,Restaurants,Lower Mainland,362,176.00,0.01,62568.05,133.15,48200.30,565.88
2024-06-01,S01,Seafood,Restaurants,Vancouver Island,140,176.00,0.01,24467.52,133.15,18641.00,479.81
2024-06-01,S01,Seafood,Restaurants,BC Interior,135,176.00,0.01,23544.92,133.01,17956.35,515.97
2024-06-01,S01,Seafood,Grocery Retail,Lower Mainland,253,176.00,0.04,37542.02,132.75,33585.75,408.44
2024-06-01,S01,Seafood,Grocery Retail,Vancouver Island,90,176.00,0.03,13452.67,133.28,11995.20,298.04
2024-06-01,S01,Seafood,Grocery Retail,BC Interior,90,176.00,0.02,13618.91,132.75,11947.50,348.19
2024-06-01,S01,Seafood,Hotels & Institutions,Lower Mainland,151,176.00,0.01,25196.10,133.28,20125.28,246.43
2024-06-01,S01,Seafood,Hotels & Institutions,Vancouver Island,54,176.00,0.01,8911.70,132.61,7160.94,188.01
2024-06-01,S01,Seafood,Hotels & Institutions,BC Interior,54,176.00,0.01,8947.54,132.61,7160.94,212.71
2024-06-01,S01,Seafood,Online Direct,Lower Mainland,69,176.00,0.01,13410.66,132.88,9168.72,716.41
2024-06-01,S01,Seafood,Online Direct,Vancouver Island,25,176.00,0.01,4888.58,132.75,3318.75,292.44
2024-06-01,S01,Seafood,Online Direct,BC Interior,24,176.00,0.00,4730.88,132.88,3189.12,294.33
2024-06-01,S02,Seafood,Restaurants,Lower Mainland,160,214.00,0.01,33898.15,160.18,25628.80,254.98
2024-06-01,S02,Seafood,Restaurants,Vancouver Island,60,214.00,0.01,12711.46,160.02,9601.20,206.04
2024-06-01,S02,Seafood,Restaurants,BC Interior,57,214.00,0.01,12051.47,160.98,9175.86,224.97
2024-06-01,S02,Seafood,Grocery Retail,Lower Mainland,111,214.00,0.02,20589.26,160.50,17815.50,182.57
2024-06-01,S02,Seafood,Grocery Retail,Vancouver Island,39,214.00,0.04,7050.70,160.66,6265.74,132.60
2024-06-01,S02,Seafood,Grocery Retail,BC Interior,38,214.00,0.03,6969.91,160.66,6105.08,147.16
2024-06-01,S02,Seafood,Hotels & Institutions,Lower Mainland,63,214.00,0.01,12705.44,160.34,10101.42,102.92
2024-06-01,S02,Seafood,Hotels & Institutions,Vancouver Island,23,214.00,0.01,4619.79,160.34,3687.82,80.31
2024-06-01,S02,Seafood,Hotels & Institutions,BC Interior,24,214.00,0.00,4879.20,160.82,3859.68,93.60
2024-06-01,S02,Seafood,Online Direct,Lower Mainland,30,214.00,0.01,7132.81,160.18,4805.40,301.48
2024-06-01,S02,Seafood,Online Direct,Vancouver Island,10,214.00,0.01,2379.98,160.50,1605.00,120.19
2024-06-01,S02,Seafood,Online Direct,BC Interior,11,214.00,0.01,2610.05,160.82,1769.02,134.08
2024-06-01,S03,Seafood,Restaurants,Lower Mainland,103,305.00,0.01,31101.51,227.45,23427.35,167.11
2024-06-01,S03,Seafood,Restaurants,Vancouver Island,36,305.00,0.00,10903.27,226.77,8163.72,123.38
2024-06-01,S03,Seafood,Restaurants,BC Interior,35,305.00,0.00,10600.40,227.91,7976.85,136.77
2024-06-01,S03,Seafood,Grocery Retail,Lower Mainland,70,305.00,0.03,18242.58,227.22,15905.40,113.46
2024-06-01,S03,Seafood,Grocery Retail,Vancouver Island,25,305.00,0.03,6542.25,227.68,5692.00,83.47
2024-06-01,S03,Seafood,Grocery Retail,BC Interior,24,305.00,0.01,6402.78,227.91,5469.84,94.72
2024-06-01,S03,Seafood,Hotels & Institutions,Lower Mainland,39,305.00,0.00,11243.82,226.77,8844.03,61.28
2024-06-01,S03,Seafood,Hotels & Institutions,Vancouver Island,15,305.00,0.00,4333.22,226.77,3401.55,50.54
2024-06-01,S03,Seafood,Hotels & Institutions,BC Interior,15,305.00,0.01,4311.51,226.77,3401.55,59.73
2024-06-01,S03,Seafood,Online Direct,Lower Mainland,19,305.00,0.00,6477.40,227.91,4330.29,196.31
2024-06-01,S03,Seafood,Online Direct,Vancouver Island,7,305.00,0.01,2360.19,227.00,1589.00,81.63
2024-06-01,S03,Seafood,Online Direct,BC Interior,7,305.00,0.01,2364.90,226.54,1585.78,87.41
2024-06-01,S04,Seafood,Restaurants,Lower Mainland,183,138.00,0.01,25077.02,103.60,18958.80,286.94
2024-06-01,S04,Seafood,Restaurants,Vancouver Island,64,138.00,0.01,8726.25,103.40,6617.60,217.38
2024-06-01,S04,Seafood,Restaurants,BC Interior,67,138.00,0.01,9079.99,103.50,6934.50,265.22
2024-06-01,S04,Seafood,Grocery Retail,Lower Mainland,129,138.00,0.03,15209.95,103.81,13391.49,206.19
2024-06-01,S04,Seafood,Grocery Retail,Vancouver Island,46,138.00,0.04,5390.31,103.19,4746.74,156.56
2024-06-01,S04,Seafood,Grocery Retail,BC Interior,45,138.00,0.01,5404.79,103.71,4666.95,174.97
2024-06-01,S04,Seafood,Hotels & Institutions,Lower Mainland,73,138.00,0.01,9436.17,103.50,7555.50,115.28
2024-06-01,S04,Seafood,Hotels & Institutions,Vancouver Island,28,138.00,0.01,3652.39,103.50,2898.00,97.77
2024-06-01,S04,Seafood,Hotels & Institutions,BC Interior,27,138.00,0.01,3486.65,103.29,2788.83,106.25
2024-06-01,S04,Seafood,Online Direct,Lower Mainland,33,138.00,0.01,5085.09,103.40,3412.20,329.63
2024-06-01,S04,Seafood,Online Direct,Vancouver Island,12,138.00,0.01,1845.42,103.29,1239.48,140.23
2024-06-01,S04,Seafood,Online Direct,BC Interior,12,138.00,0.01,1834.27,103.71,1244.52,152.37
2024-06-01,H01,Charcuterie,Restaurants,Lower Mainland,162,188.00,0.01,30394.63,109.04,17664.48,264.12
2024-06-01,H01,Charcuterie,Restaurants,Vancouver Island,56,188.00,0.01,10380.74,108.93,6100.08,194.40
2024-06-01,H01,Charcuterie,Restaurants,BC Interior,59,188.00,0.01,10969.32,109.04,6433.36,225.73
2024-06-01,H01,Charcuterie,Grocery Retail,Lower Mainland,105,188.00,0.04,16830.26,108.93,11437.65,163.46
2024-06-01,H01,Charcuterie,Grocery Retail,Vancouver Island,39,188.00,0.02,6342.09,108.71,4239.69,132.73
2024-06-01,H01,Charcuterie,Grocery Retail,BC Interior,40,188.00,0.03,6406.41,109.37,4374.80,153.19
2024-06-01,H01,Charcuterie,Hotels & Institutions,Lower Mainland,67,188.00,0.00,11906.42,108.82,7290.94,109.99
2024-06-01,H01,Charcuterie,Hotels & Institutions,Vancouver Island,24,188.00,0.01,4213.71,108.93,2614.32,83.72
2024-06-01,H01,Charcuterie,Hotels & Institutions,BC Interior,24,188.00,0.01,4234.96,109.04,2616.96,93.97
2024-06-01,H01,Charcuterie,Online Direct,Lower Mainland,30,188.00,0.00,6285.24,108.93,3267.90,311.79
2024-06-01,H01,Charcuterie,Online Direct,Vancouver Island,11,188.00,0.01,2292.94,109.04,1199.44,134.43
2024-06-01,H01,Charcuterie,Online Direct,BC Interior,11,188.00,0.01,2288.43,108.93,1198.23,134.35
2024-06-01,H02,Charcuterie,Restaurants,Lower Mainland,135,156.00,0.01,20848.89,89.52,12085.20,217.51
2024-06-01,H02,Charcuterie,Restaurants,Vancouver Island,51,156.00,0.01,7924.14,89.43,4560.93,169.41
2024-06-01,H02,Charcuterie,Restaurants,BC Interior,52,156.00,0.01,8046.94,89.88,4673.76,198.74
2024-06-01,H02,Charcuterie,Grocery Retail,Lower Mainland,91,156.00,0.03,12080.23,89.61,8154.51,141.67
2024-06-01,H02,Charcuterie,Grocery Retail,Vancouver Island,36,156.00,0.01,4892.78,89.52,3222.72,124.97
2024-06-01,H02,Charcuterie,Grocery Retail,BC Interior,34,156.00,0.00,4639.55,89.43,3040.62,134.32
2024-06-01,H02,Charcuterie,Hotels & Institutions,Lower Mainland,56,156.00,0.01,8224.32,89.52,5013.12,88.88
2024-06-01,H02,Charcuterie,Hotels & Institutions,Vancouver Island,21,156.00,0.01,3096.64,89.88,1887.48,73.40
2024-06-01,H02,Charcuterie,Hotels & Institutions,BC Interior,20,156.00,0.00,2952.14,89.79,1795.80,77.14
2024-06-01,H02,Charcuterie,Online Direct,Lower Mainland,25,156.00,0.01,4333.12,89.43,2235.75,249.22
2024-06-01,H02,Charcuterie,Online Direct,Vancouver Island,9,156.00,0.01,1552.07,89.79,808.11,105.71
2024-06-01,H02,Charcuterie,Online Direct,BC Interior,9,156.00,0.01,1564.60,89.88,808.92,108.36
2024-06-01,H03,Charcuterie,Restaurants,Lower Mainland,70,204.00,0.01,14094.67,120.48,8433.60,113.79
2024-06-01,H03,Charcuterie,Restaurants,Vancouver Island,26,204.00,0.00,5293.35,120.24,3126.24,88.40
2024-06-01,H03,Charcuterie,Restaurants,BC Interior,27,204.00,0.01,5458.53,120.36,3249.72,107.20
2024-06-01,H03,Charcuterie,Grocery Retail,Lower Mainland,50,204.00,0.03,8715.43,120.60,6030.00,77.60
2024-06-01,H03,Charcuterie,Grocery Retail,Vancouver Island,18,204.00,0.00,3228.12,120.36,2166.48,61.32
2024-06-01,H03,Charcuterie,Grocery Retail,BC Interior,17,204.00,0.02,2975.68,120.60,2050.20,65.97
2024-06-01,H03,Charcuterie,Hotels & Institutions,Lower Mainland,30,204.00,0.01,5738.34,120.12,3603.60,49.10
2024-06-01,H03,Charcuterie,Hotels & Institutions,Vancouver Island,11,204.00,0.00,2131.78,120.48,1325.28,36.69
2024-06-01,H03,Charcuterie,Hotels & Institutions,BC Interior,10,204.00,0.00,1932.19,120.00,1200.00,39.12
2024-06-01,H03,Charcuterie,Online Direct,Lower Mainland,13,204.00,0.01,2946.50,120.60,1567.80,127.49
2024-06-01,H03,Charcuterie,Online Direct,Vancouver Island,5,204.00,0.00,1141.26,120.36,601.80,57.89
2024-06-01,H03,Charcuterie,Online Direct,BC Interior,5,204.00,0.01,1126.42,120.36,601.80,61.94
2024-06-01,H04,Charcuterie,Restaurants,Lower Mainland,127,96.00,0.01,12009.44,54.72,6949.44,203.81
2024-06-01,H04,Charcuterie,Restaurants,Vancouver Island,47,96.00,0.01,4435.53,54.83,2577.01,158.36
2024-06-01,H04,Charcuterie,Restaurants,BC Interior,45,96.00,0.01,4272.43,54.61,2457.45,172.69
2024-06-01,H04,Charcuterie,Grocery Retail,Lower Mainland,86,96.00,0.04,7003.73,54.88,4719.68,140.35
2024-06-01,H04,Charcuterie,Grocery Retail,Vancouver Island,31,96.00,0.04,2524.40,54.61,1692.91,107.30
2024-06-01,H04,Charcuterie,Grocery Retail,BC Interior,31,96.00,0.01,2582.25,54.56,1691.36,123.08
2024-06-01,H04,Charcuterie,Hotels & Institutions,Lower Mainland,53,96.00,0.01,4809.26,54.88,2908.64,87.26
2024-06-01,H04,Charcuterie,Hotels & Institutions,Vancouver Island,19,96.00,0.00,1731.05,54.83,1041.77,65.38
2024-06-01,H04,Charcuterie,Hotels & Institutions,BC Interior,18,96.00,0.01,1625.20,54.61,982.98,69.22
2024-06-01,H04,Charcuterie,Online Direct,Lower Mainland,23,96.00,0.00,2477.91,54.56,1254.88,227.65
2024-06-01,H04,Charcuterie,Online Direct,Vancouver Island,8,96.00,0.00,861.88,54.61,436.88,96.15
2024-06-01,H04,Charcuterie,Online Direct,BC Interior,8,96.00,0.01,851.56,54.67,437.36,99.00
2024-06-01,D01,Cheese & Dairy,Restaurants,Lower Mainland,208,142.00,0.01,29181.57,87.78,18258.24,335.80
2024-06-01,D01,Cheese & Dairy,Restaurants,Vancouver Island,71,142.00,0.01,9950.93,87.78,6232.38,241.40
2024-06-01,D01,Cheese & Dairy,Restaurants,BC Interior,76,142.00,0.01,10695.07,88.04,6691.04,303.22
2024-06-01,D01,Cheese & Dairy,Grocery Retail,Lower Mainland,135,142.00,0.03,16395.09,87.95,11873.25,216.65
2024-06-01,D01,Cheese & Dairy,Grocery Retail,Vancouver Island,50,142.00,0.03,6066.81,87.78,4389.00,167.28
2024-06-01,D01,Cheese & Dairy,Grocery Retail,BC Interior,49,142.00,0.02,6006.81,88.30,4326.70,190.53
2024-06-01,D01,Cheese & Dairy,Hotels & Institutions,Lower Mainland,86,142.00,0.01,11474.11,88.22,7586.92,136.77
2024-06-01,D01,Cheese & Dairy,Hotels & Institutions,Vancouver Island,29,142.00,0.01,3896.40,88.13,2555.77,100.37
2024-06-01,D01,Cheese & Dairy,Hotels & Institutions,BC Interior,30,142.00,0.00,4030.82,88.30,2649.00,114.66
2024-06-01,D01,Cheese & Dairy,Online Direct,Lower Mainland,38,142.00,0.01,5989.00,88.04,3345.52,386.87
2024-06-01,D01,Cheese & Dairy,Online Direct,Vancouver Island,13,142.00,0.00,2061.32,88.13,1145.69,156.09
2024-06-01,D01,Cheese & Dairy,Online Direct,BC Interior,14,142.00,0.01,2197.55,87.95,1231.30,177.25
2024-06-01,D02,Cheese & Dairy,Restaurants,Lower Mainland,176,118.00,0.00,20705.74,72.50,12760.00,279.91
2024-06-01,D02,Cheese & Dairy,Restaurants,Vancouver Island,65,118.00,0.01,7593.46,72.35,4702.75,214.37
2024-06-01,D02,Cheese & Dairy,Restaurants,BC Interior,65,118.00,0.01,7600.97,72.50,4712.50,252.74
2024-06-01,D02,Cheese & Dairy,Grocery Retail,Lower Mainland,114,118.00,0.02,11518.99,72.79,8298.06,183.68
2024-06-01,D02,Cheese & Dairy,Grocery Retail,Vancouver Island,41,118.00,0.01,4189.44,72.64,2978.24,143.44
2024-06-01,D02,Cheese & Dairy,Grocery Retail,BC Interior,41,118.00,0.00,4261.70,72.50,2972.50,164.22
2024-06-01,D02,Cheese & Dairy,Hotels & Institutions,Lower Mainland,74,118.00,0.01,8253.87,72.57,5370.18,118.16
2024-06-01,D02,Cheese & Dairy,Hotels & Institutions,Vancouver Island,25,118.00,0.00,2791.29,72.42,1810.50,84.15
2024-06-01,D02,Cheese & Dairy,Hotels & Institutions,BC Interior,25,118.00,0.01,2763.30,72.35,1808.75,96.43
2024-06-01,D02,Cheese & Dairy,Online Direct,Lower Mainland,32,118.00,0.00,4224.89,72.57,2322.24,325.46
2024-06-01,D02,Cheese & Dairy,Online Direct,Vancouver Island,11,118.00,0.01,1436.36,72.50,797.50,133.65
2024-06-01,D02,Cheese & Dairy,Online Direct,BC Interior,12,118.00,0.01,1576.40,72.42,869.04,150.29
2024-06-01,D03,Cheese & Dairy,Restaurants,Lower Mainland,92,236.00,0.00,21733.67,148.68,13678.56,146.02
2024-06-01,D03,Cheese & Dairy,Restaurants,Vancouver Island,34,236.00,0.01,7943.45,148.83,5060.22,117.22
2024-06-01,D03,Cheese & Dairy,Restaurants,BC Interior,35,236.00,0.01,8201.82,148.38,5193.30,132.68
2024-06-01,D03,Cheese & Dairy,Grocery Retail,Lower Mainland,60,236.00,0.00,12498.13,148.53,8911.80,94.37
2024-06-01,D03,Cheese & Dairy,Grocery Retail,Vancouver Island,23,236.00,0.02,4709.42,148.53,3416.19,76.48
2024-06-01,D03,Cheese & Dairy,Grocery Retail,BC Interior,23,236.00,0.03,4614.81,148.68,3419.64,88.98
2024-06-01,D03,Cheese & Dairy,Hotels & Institutions,Lower Mainland,37,236.00,0.01,8187.74,148.23,5484.51,59.08
2024-06-01,D03,Cheese & Dairy,Hotels & Institutions,Vancouver Island,14,236.00,0.01,3113.71,149.13,2087.82,48.79
2024-06-01,D03,Cheese & Dairy,Hotels & Institutions,BC Interior,14,236.00,0.01,3116.69,148.98,2085.72,54.11
2024-06-01,D03,Cheese & Dairy,Online Direct,Lower Mainland,17,236.00,0.01,4439.39,148.23,2519.91,169.30
2024-06-01,D03,Cheese & Dairy,Online Direct,Vancouver Island,6,236.00,0.00,1582.74,148.68,892.08,71.40
2024-06-01,D03,Cheese & Dairy,Online Direct,BC Interior,6,236.00,0.00,1578.00,149.13,894.78,76.19
2024-06-01,D04,Cheese & Dairy,Restaurants,Lower Mainland,258,86.00,0.00,22165.81,52.51,13547.58,416.10
2024-06-01,D04,Cheese & Dairy,Restaurants,Vancouver Island,93,86.00,0.01,7910.17,52.30,4863.90,325.05
2024-06-01,D04,Cheese & Dairy,Restaurants,BC Interior,89,86.00,0.01,7577.58,52.36,4660.04,355.78
2024-06-01,D04,Cheese & Dairy,Grocery Retail,Lower Mainland,177,86.00,0.01,13168.04,52.62,9313.74,278.67
2024-06-01,D04,Cheese & Dairy,Grocery Retail,Vancouver Island,60,86.00,0.03,4382.17,52.41,3144.60,205.84
2024-06-01,D04,Cheese & Dairy,Grocery Retail,BC Interior,65,86.00,0.01,4884.62,52.56,3416.40,246.66
2024-06-01,D04,Cheese & Dairy,Hotels & Institutions,Lower Mainland,107,86.00,0.01,8698.14,52.36,5602.52,166.41
2024-06-01,D04,Cheese & Dairy,Hotels & Institutions,Vancouver Island,36,86.00,0.01,2917.57,52.62,1894.32,119.46
2024-06-01,D04,Cheese & Dairy,Hotels & Institutions,BC Interior,39,86.00,0.01,3151.28,52.41,2043.99,150.12
2024-06-01,D04,Cheese & Dairy,Online Direct,Lower Mainland,46,86.00,0.01,4381.80,52.46,2413.16,452.06
2024-06-01,D04,Cheese & Dairy,Online Direct,Vancouver Island,17,86.00,0.00,1629.26,52.41,890.97,199.67
2024-06-01,D04,Cheese & Dairy,Online Direct,BC Interior,17,86.00,0.01,1611.32,52.51,892.67,205.11
2024-07-01,B01,Beef,Restaurants,Lower Mainland,317,268.00,0.00,84956.00,198.72,62994.24,493.51
2024-07-01,B01,Beef,Restaurants,Vancouver Island,115,268.00,0.00,30881.39,198.72,22852.80,385.14
2024-07-01,B01,Beef,Restaurants,BC Interior,116,268.00,0.00,30994.61,198.72,23051.52,458.28
2024-07-01,B01,Beef,Grocery Retail,Lower Mainland,214,268.00,0.01,49963.85,198.12,42397.68,345.14
2024-07-01,B01,Beef,Grocery Retail,Vancouver Island,77,268.00,0.00,18214.09,197.73,15225.21,264.68
2024-07-01,B01,Beef,Grocery Retail,BC Interior,78,268.00,0.01,18230.11,198.12,15453.36,298.12
2024-07-01,B01,Beef,Hotels & Institutions,Lower Mainland,128,268.00,0.01,32165.54,198.52,25410.56,207.46
2024-07-01,B01,Beef,Hotels & Institutions,Vancouver Island,46,268.00,0.00,11676.49,198.91,9149.86,160.62
2024-07-01,B01,Beef,Hotels & Institutions,BC Interior,48,268.00,0.01,12123.03,198.32,9519.36,192.44
2024-07-01,B01,Beef,Online Direct,Lower Mainland,57,268.00,0.01,17022.96,198.72,11327.04,572.25
2024-07-01,B01,Beef,Online Direct,Vancouver Island,21,268.00,0.01,6227.44,197.92,4156.32,248.65
2024-07-01,B01,Beef,Online Direct,BC Interior,20,268.00,0.01,5955.26,198.32,3966.40,245.77
2024-07-01,B02,Beef,Restaurants,Lower Mainland,836,118.00,0.01,98152.39,86.99,72723.64,1328.24
2024-07-01,B02,Beef,Restaurants,Vancouver Island,305,118.00,0.00,35810.27,86.64,26425.20,1013.15
2024-07-01,B02,Beef,Restaurants,BC Interior,309,118.00,0.01,36134.35,86.73,26799.57,1206.31
2024-07-01,B02,Beef,Grocery Retail,Lower Mainland,586,118.00,0.04,58420.86,86.73,50823.78,948.85
2024-07-01,B02,Beef,Grocery Retail,Vancouver Island,216,118.00,0.01,22160.89,86.82,18753.12,752.03
2024-07-01,B02,Beef,Grocery Retail,BC Interior,216,118.00,0.01,22316.49,86.73,18733.68,850.82
2024-07-01,B02,Beef,Hotels & Institutions,Lower Mainland,335,118.00,0.00,37515.50,86.56,28997.60,521.53
2024-07-01,B02,Beef,Hotels & Institutions,Vancouver Island,128,118.00,0.01,14091.33,86.90,11123.20,436.94
2024-07-01,B02,Beef,Hotels & Institutions,BC Interior,131,118.00,0.01,14538.38,86.90,11383.90,499.15
2024-07-01,B02,Beef,Online Direct,Lower Mainland,157,118.00,0.01,20437.88,86.99,13657.43,1553.99
2024-07-01,B02,Beef,Online Direct,Vancouver Island,58,118.00,0.01,7581.10,86.47,5015.26,704.69
2024-07-01,B02,Beef,Online Direct,BC Interior,54,118.00,0.00,7150.91,86.56,4674.24,654.20
2024-07-01,B03,Beef,Restaurants,Lower Mainland,385,196.00,0.00,75309.16,146.31,56329.35,628.94
2024-07-01,B03,Beef,Restaurants,Vancouver Island,140,196.00,0.01,26947.31,145.87,20421.80,465.05
2024-07-01,B03,Beef,Restaurants,BC Interior,135,196.00,0.01,26169.68,145.58,19653.30,533.34
2024-07-01,B03,Beef,Grocery Retail,Lower Mainland,247,196.00,0.00,42517.35,145.73,35995.31,384.13
2024-07-01,B03,Beef,Grocery Retail,Vancouver Island,94,196.00,0.02,15904.39,145.87,13711.78,322.48
2024-07-01,B03,Beef,Grocery Retail,BC Interior,89,196.00,0.03,14845.53,145.73,12969.97,356.47
2024-07-01,B03,Beef,Hotels & Institutions,Lower Mainland,146,196.00,0.01,26751.54,145.73,21276.58,236.40
2024-07-01,B03,Beef,Hotels & Institutions,Vancouver Island,56,196.00,0.01,10354.31,146.02,8177.12,192.49
2024-07-01,B03,Beef,Hotels & Institutions,BC Interior,55,196.00,0.01,10169.31,146.31,8047.05,215.36
2024-07-01,B03,Beef,Online Direct,Lower Mainland,68,196.00,0.01,14762.77,145.87,9919.16,700.54
2024-07-01,B03,Beef,Online Direct,Vancouver Island,24,196.00,0.01,5210.67,146.31,3511.44,281.32
2024-07-01,B03,Beef,Online Direct,BC Interior,25,196.00,0.01,5460.43,146.46,3661.50,310.93
2024-07-01,B04,Beef,Restaurants,Lower Mainland,177,342.00,0.01,60108.45,256.76,45446.52,282.35
2024-07-01,B04,Beef,Restaurants,Vancouver Island,63,342.00,0.01,21373.20,255.99,16127.37,214.20
2024-07-01,B04,Beef,Restaurants,BC Interior,63,342.00,0.01,21416.38,256.50,16159.50,245.95
2024-07-01,B04,Beef,Grocery Retail,Lower Mainland,121,342.00,0.02,35830.59,255.73,30943.33,189.73
2024-07-01,B04,Beef,Grocery Retail,Vancouver Island,43,342.00,0.03,12564.74,255.73,10996.39,142.84
2024-07-01,B04,Beef,Grocery Retail,BC Interior,44,342.00,0.03,12844.13,256.50,11286.00,170.23
2024-07-01,B04,Beef,Hotels & Institutions,Lower Mainland,71,342.00,0.01,22860.70,255.99,18175.29,116.78
2024-07-01,B04,Beef,Hotels & Institutions,Vancouver Island,25,342.00,0.00,8114.38,257.01,6425.25,86.10
2024-07-01,B04,Beef,Hotels & Institutions,BC Interior,26,342.00,0.01,8304.23,255.73,6648.98,100.79
2024-07-01,B04,Beef,Online Direct,Lower Mainland,32,342.00,0.00,12244.95,257.27,8232.64,319.32
2024-07-01,B04,Beef,Online Direct,Vancouver Island,12,342.00,0.01,4536.83,257.27,3087.24,142.09
2024-07-01,B04,Beef,Online Direct,BC Interior,12,342.00,0.01,4559.74,256.76,3081.12,151.03
2024-07-01,P01,Pork,Restaurants,Lower Mainland,422,132.00,0.01,55258.37,92.49,39030.78,663.05
2024-07-01,P01,Pork,Restaurants,Vancouver Island,148,132.00,0.01,19204.47,92.49,13688.52,513.77
2024-07-01,P01,Pork,Restaurants,BC Interior,143,132.00,0.01,18705.13,92.12,13173.16,552.12
2024-07-01,P01,Pork,Grocery Retail,Lower Mainland,287,132.00,0.03,32304.44,92.68,26599.16,457.36
2024-07-01,P01,Pork,Grocery Retail,Vancouver Island,104,132.00,0.03,11743.29,92.58,9628.32,342.99
2024-07-01,P01,Pork,Grocery Retail,BC Interior,100,132.00,0.04,11164.60,92.68,9268.00,400.14
2024-07-01,P01,Pork,Hotels & Institutions,Lower Mainland,160,132.00,0.01,20003.61,92.12,14739.20,262.91
2024-07-01,P01,Pork,Hotels & Institutions,Vancouver Island,62,132.00,0.01,7689.46,92.49,5734.38,204.48
2024-07-01,P01,Pork,Hotels & Institutions,BC Interior,57,132.00,0.01,7083.10,92.22,5256.54,222.97
2024-07-01,P01,Pork,Online Direct,Lower Mainland,76,132.00,0.01,11089.77,92.12,7001.12,790.63
2024-07-01,P01,Pork,Online Direct,Vancouver Island,26,132.00,0.00,3836.12,92.58,2407.08,307.85
2024-07-01,P01,Pork,Online Direct,BC Interior,27,132.00,0.01,3963.74,92.40,2494.80,330.78
2024-07-01,P02,Pork,Restaurants,Lower Mainland,290,104.00,0.01,30038.39,71.90,20851.00,476.06
2024-07-01,P02,Pork,Restaurants,Vancouver Island,105,104.00,0.01,10723.93,71.98,7557.90,348.79
2024-07-01,P02,Pork,Restaurants,BC Interior,108,104.00,0.01,11085.98,71.90,7765.20,418.67
2024-07-01,P02,Pork,Grocery Retail,Lower Mainland,195,104.00,0.02,17543.01,71.62,13965.90,312.94
2024-07-01,P02,Pork,Grocery Retail,Vancouver Island,68,104.00,0.01,6148.80,71.98,4894.64,226.81
2024-07-01,P02,Pork,Grocery Retail,BC Interior,73,104.00,0.01,6600.92,71.90,5248.70,285.84
2024-07-01,P02,Pork,Hotels & Institutions,Lower Mainland,115,104.00,0.01,11259.33,71.83,8260.45,184.37
2024-07-01,P02,Pork,Hotels & Institutions,Vancouver Island,43,104.00,0.00,4218.71,71.83,3088.69,146.78
2024-07-01,P02,Pork,Hotels & Institutions,BC Interior,43,104.00,0.00,4214.48,71.98,3095.14,171.89
2024-07-01,P02,Pork,Online Direct,Lower Mainland,52,104.00,0.01,6014.38,71.69,3727.88,519.42
2024-07-01,P02,Pork,Online Direct,Vancouver Island,18,104.00,0.00,2096.61,71.62,1289.16,212.70
2024-07-01,P02,Pork,Online Direct,BC Interior,19,104.00,0.01,2184.42,71.54,1359.26,241.02
2024-07-01,P03,Pork,Restaurants,Lower Mainland,251,146.00,0.01,36535.40,103.24,25913.24,413.25
2024-07-01,P03,Pork,Restaurants,Vancouver Island,90,146.00,0.00,13061.27,102.83,9254.70,302.63
2024-07-01,P03,Pork,Restaurants,BC Interior,92,146.00,0.01,13190.83,103.24,9498.08,350.19
2024-07-01,P03,Pork,Grocery Retail,Lower Mainland,177,146.00,0.01,22513.00,102.62,18163.74,282.63
2024-07-01,P03,Pork,Grocery Retail,Vancouver Island,63,146.00,0.00,8110.40,102.72,6471.36,210.56
2024-07-01,P03,Pork,Grocery Retail,BC Interior,60,146.00,0.01,7593.17,103.03,6181.80,236.81
2024-07-01,P03,Pork,Hotels & Institutions,Lower Mainland,101,146.00,0.01,13785.11,102.83,10385.83,159.34
2024-07-01,P03,Pork,Hotels & Institutions,Vancouver Island,37,146.00,0.01,5080.66,102.72,3800.64,122.28
2024-07-01,P03,Pork,Hotels & Institutions,BC Interior,37,146.00,0.01,5111.26,103.24,3819.88,147.33
2024-07-01,P03,Pork,Online Direct,Lower Mainland,45,146.00,0.01,7350.89,103.24,4645.80,449.05
2024-07-01,P03,Pork,Online Direct,Vancouver Island,17,146.00,0.01,2752.01,103.24,1755.08,204.53
2024-07-01,P03,Pork,Online Direct,BC Interior,17,146.00,0.00,2782.60,102.83,1748.11,216.28
2024-07-01,P04,Pork,Restaurants,Lower Mainland,367,92.00,0.01,33359.74,63.81,23418.27,597.18
2024-07-01,P04,Pork,Restaurants,Vancouver Island,131,92.00,0.01,11907.76,63.81,8359.11,454.31
2024-07-01,P04,Pork,Restaurants,BC Interior,138,92.00,0.01,12530.57,64.00,8832.00,544.66
2024-07-01,P04,Pork,Grocery Retail,Lower Mainland,259,92.00,0.03,20194.94,63.81,16526.79,421.86
2024-07-01,P04,Pork,Grocery Retail,Vancouver Island,92,92.00,0.01,7351.49,64.07,5894.44,311.55
2024-07-01,P04,Pork,Grocery Retail,BC Interior,91,92.00,0.01,7271.58,63.88,5813.08,358.09
2024-07-01,P04,Pork,Hotels & Institutions,Lower Mainland,154,92.00,0.01,13338.71,64.13,9876.02,250.84
2024-07-01,P04,Pork,Hotels & Institutions,Vancouver Island,53,92.00,0.01,4576.55,64.07,3395.71,178.58
2024-07-01,P04,Pork,Hotels & Institutions,BC Interior,54,92.00,0.01,4676.88,64.07,3459.78,214.60
2024-07-01,P04,Pork,Online Direct,Lower Mainland,66,92.00,0.01,6732.47,64.00,4224.00,658.60
2024-07-01,P04,Pork,Online Direct,Vancouver Island,23,92.00,0.01,2329.75,64.13,1474.99,267.95
2024-07-01,P04,Pork,Online Direct,BC Interior,24,92.00,0.01,2455.66,64.00,1536.00,292.24
2024-07-01,C01,Poultry,Restaurants,Lower Mainland,663,78.00,0.01,51402.32,56.55,37492.65,1073.53
2024-07-01,C01,Poultry,Restaurants,Vancouver Island,244,78.00,0.01,18709.03,56.61,13812.84,820.47
2024-07-01,C01,Poultry,Restaurants,BC Interior,235,78.00,0.01,18220.11,56.66,13315.10,891.75
2024-07-01,C01,Poultry,Grocery Retail,Lower Mainland,436,78.00,0.01,29448.66,56.44,24607.84,678.76
2024-07-01,C01,Poultry,Grocery Retail,Vancouver Island,157,78.00,0.03,10421.20,56.49,8868.93,538.60
2024-07-01,C01,Poultry,Grocery Retail,BC Interior,159,78.00,0.01,10750.05,56.55,8991.45,626.92
2024-07-01,C01,Poultry,Hotels & Institutions,Lower Mainland,254,78.00,0.01,18651.82,56.72,14406.88,408.43
2024-07-01,C01,Poultry,Hotels & Institutions,Vancouver Island,93,78.00,0.01,6801.62,56.49,5253.57,309.56
2024-07-01,C01,Poultry,Hotels & Institutions,BC Interior,94,78.00,0.01,6881.72,56.72,5331.68,357.43
2024-07-01,C01,Poultry,Online Direct,Lower Mainland,116,78.00,0.01,10042.56,56.61,6566.76,1148.17
2024-07-01,C01,Poultry,Online Direct,Vancouver Island,41,78.00,0.01,3531.73,56.38,2311.58,489.85
2024-07-01,C01,Poultry,Online Direct,BC Interior,42,78.00,0.01,3624.93,56.55,2375.10,520.80
2024-07-01,C02,Poultry,Restaurants,Lower Mainland,573,124.00,0.00,70768.01,89.10,51054.30,939.72
2024-07-01,C02,Poultry,Restaurants,Vancouver Island,209,124.00,0.01,25631.65,89.01,18603.09,730.50
2024-07-01,C02,Poultry,Restaurants,BC Interior,209,124.00,0.00,25967.83,89.28,18659.52,792.28
2024-07-01,C02,Poultry,Grocery Retail,Lower Mainland,379,124.00,0.03,40076.83,89.46,33905.34,590.03
2024-07-01,C02,Poultry,Grocery Retail,Vancouver Island,137,124.00,0.01,14725.74,89.01,12194.37,468.13
2024-07-01,C02,Poultry,Grocery Retail,BC Interior,145,124.00,0.02,15427.22,89.46,12971.70,571.72
2024-07-01,C02,Poultry,Hotels & Institutions,Lower Mainland,243,124.00,0.01,28167.82,89.46,21738.78,384.91
2024-07-01,C02,Poultry,Hotels & Institutions,Vancouver Island,83,124.00,0.01,9640.84,89.19,7402.77,287.28
2024-07-01,C02,Poultry,Hotels & Institutions,BC Interior,83,124.00,0.01,9650.65,89.19,7402.77,328.23
2024-07-01,C02,Poultry,Online Direct,Lower Mainland,102,124.00,0.01,13953.90,89.37,9115.74,1008.57
2024-07-01,C02,Poultry,Online Direct,Vancouver Island,39,124.00,0.01,5389.11,89.46,3488.94,475.24
2024-07-01,C02,Poultry,Online Direct,BC Interior,37,124.00,0.01,5076.75,89.46,3310.02,451.46
2024-07-01,C03,Poultry,Restaurants,Lower Mainland,451,96.00,0.01,42991.02,68.64,30956.64,735.31
2024-07-01,C03,Poultry,Restaurants,Vancouver Island,176,96.00,0.01,16659.20,68.78,12105.28,610.37
2024-07-01,C03,Poultry,Restaurants,BC Interior,162,96.00,0.01,15443.29,68.43,11085.66,616.64
2024-07-01,C03,Poultry,Grocery Retail,Lower Mainland,324,96.00,0.03,26602.57,68.57,22216.68,508.03
2024-07-01,C03,Poultry,Grocery Retail,Vancouver Island,116,96.00,0.03,9496.18,68.85,7986.60,391.64
2024-07-01,C03,Poultry,Grocery Retail,BC Interior,116,96.00,0.03,9535.58,68.50,7946.00,438.83
2024-07-01,C03,Poultry,Hotels & Institutions,Lower Mainland,184,96.00,0.01,16629.91,68.85,12668.40,289.10
2024-07-01,C03,Poultry,Hotels & Institutions,Vancouver Island,70,96.00,0.01,6332.80,68.57,4799.90,233.24
2024-07-01,C03,Poultry,Hotels & Institutions,BC Interior,68,96.00,0.01,6158.25,68.78,4677.04,265.20
2024-07-01,C03,Poultry,Online Direct,Lower Mainland,83,96.00,0.01,8835.00,68.64,5697.12,848.36
2024-07-01,C03,Poultry,Online Direct,Vancouver Island,30,96.00,0.01,3177.26,68.64,2059.20,348.43
2024-07-01,C03,Poultry,Online Direct,BC Interior,31,96.00,0.01,3286.46,68.50,2123.50,376.33
2024-07-01,C04,Poultry,Restaurants,Lower Mainland,106,188.00,0.01,19649.67,131.21,13908.26,172.48
2024-07-01,C04,Poultry,Restaurants,Vancouver Island,40,188.00,0.01,7437.28,131.47,5258.80,136.54
2024-07-01,C04,Poultry,Restaurants,BC Interior,39,188.00,0.01,7244.21,131.47,5127.33,155.60
2024-07-01,C04,Poultry,Grocery Retail,Lower Mainland,77,188.00,0.03,12330.37,131.99,10163.23,125.42
2024-07-01,C04,Poultry,Grocery Retail,Vancouver Island,26,188.00,0.02,4219.92,131.47,3418.22,90.88
2024-07-01,C04,Poultry,Grocery Retail,BC Interior,26,188.00,0.03,4159.35,131.73,3424.98,104.04
2024-07-01,C04,Poultry,Hotels & Institutions,Lower Mainland,45,188.00,0.01,8004.68,131.60,5922.00,71.14
2024-07-01,C04,Poultry,Hotels & Institutions,Vancouver Island,16,188.00,0.01,2823.31,131.99,2111.84,55.00
2024-07-01,C04,Poultry,Hotels & Institutions,BC Interior,16,188.00,0.01,2826.25,131.73,2107.68,62.96
2024-07-01,C04,Poultry,Online Direct,Lower Mainland,20,188.00,0.01,4143.94,131.99,2639.80,207.05
2024-07-01,C04,Poultry,Online Direct,Vancouver Island,7,188.00,0.01,1460.68,131.47,920.29,84.05
2024-07-01,C04,Poultry,Online Direct,BC Interior,7,188.00,0.01,1454.80,131.60,921.20,85.32
2024-07-01,S01,Seafood,Restaurants,Lower Mainland,335,176.00,0.00,59077.45,132.61,44424.35,538.14
2024-07-01,S01,Seafood,Restaurants,Vancouver Island,125,176.00,0.01,21714.00,132.75,16593.75,412.68
2024-07-01,S01,Seafood,Restaurants,BC Interior,119,176.00,0.01,20776.70,132.88,15812.72,452.96
2024-07-01,S01,Seafood,Grocery Retail,Lower Mainland,230,176.00,0.01,35265.32,132.48,30470.40,369.84
2024-07-01,S01,Seafood,Grocery Retail,Vancouver Island,81,176.00,0.01,12507.42,133.01,10773.81,275.12
2024-07-01,S01,Seafood,Grocery Retail,BC Interior,84,176.00,0.02,12711.47,133.28,11195.52,333.82
2024-07-01,S01,Seafood,Hotels & Institutions,Lower Mainland,141,176.00,0.01,23292.93,133.01,18754.41,223.12
2024-07-01,S01,Seafood,Hotels & Institutions,Vancouver Island,53,176.00,0.00,8843.81,133.28,7063.84,177.86
2024-07-01,S01,Seafood,Hotels & Institutions,BC Interior,50,176.00,0.00,8351.59,133.15,6657.50,195.00
2024-07-01,S01,Seafood,Online Direct,Lower Mainland,62,176.00,0.01,12136.01,132.48,8213.76,620.56
2024-07-01,S01,Seafood,Online Direct,Vancouver Island,22,176.00,0.01,4293.03,133.15,2929.30,258.66
2024-07-01,S01,Seafood,Online Direct,BC Interior,23,176.00,0.01,4465.75,132.75,3053.25,286.06
2024-07-01,S02,Seafood,Restaurants,Lower Mainland,149,214.00,0.01,31694.46,160.34,23890.66,231.25
2024-07-01,S02,Seafood,Restaurants,Vancouver Island,51,214.00,0.01,10783.15,160.02,8161.02,169.41
2024-07-01,S02,Seafood,Restaurants,BC Interior,54,214.00,0.00,11602.22,160.34,8658.36,210.81
2024-07-01,S02,Seafood,Grocery Retail,Lower Mainland,101,214.00,0.03,18413.32,160.18,16178.18,163.70
2024-07-01,S02,Seafood,Grocery Retail,Vancouver Island,36,214.00,0.03,6576.33,160.18,5766.48,123.87
2024-07-01,S02,Seafood,Grocery Retail,BC Interior,37,214.00,0.04,6723.97,160.02,5920.74,148.34
2024-07-01,S02,Seafood,Hotels & Institutions,Lower Mainland,61,214.00,0.01,12289.69,160.02,9761.22,98.58
2024-07-01,S02,Seafood,Hotels & Institutions,Vancouver Island,22,214.00,0.00,4454.72,160.50,3531.00,73.08
2024-07-01,S02,Seafood,Hotels & Institutions,BC Interior,22,214.00,0.00,4490.49,160.82,3538.04,85.37
2024-07-01,S02,Seafood,Online Direct,Lower Mainland,28,214.00,0.01,6643.67,160.02,4480.56,276.86
2024-07-01,S02,Seafood,Online Direct,Vancouver Island,10,214.00,0.00,2387.22,160.82,1608.20,116.38
2024-07-01,S02,Seafood,Online Direct,BC Interior,10,214.00,0.00,2380.05,160.34,1603.40,123.26
2024-07-01,S03,Seafood,Restaurants,Lower Mainland,93,305.00,0.00,28308.04,226.54,21068.22,152.07
2024-07-01,S03,Seafood,Restaurants,Vancouver Island,32,305.00,0.01,9662.63,226.54,7249.28,112.06
2024-07-01,S03,Seafood,Restaurants,BC Interior,33,305.00,0.01,9924.42,227.91,7521.03,126.25
2024-07-01,S03,Seafood,Grocery Retail,Lower Mainland,65,305.00,0.02,17010.65,227.22,14769.30,102.86
2024-07-01,S03,Seafood,Grocery Retail,Vancouver Island,23,305.00,0.04,5975.01,227.68,5236.64,78.51
2024-07-01,S03,Seafood,Grocery Retail,BC Interior,23,305.00,0.03,5981.42,227.00,5221.00,90.78
2024-07-01,S03,Seafood,Hotels & Institutions,Lower Mainland,39,305.00,0.01,11209.93,227.45,8870.55,64.15
2024-07-01,S03,Seafood,Hotels & Institutions,Vancouver Island,13,305.00,0.01,3732.92,227.00,2951.00,44.73
2024-07-01,S03,Seafood,Hotels & Institutions,BC Interior,13,305.00,0.00,3759.21,227.00,2951.00,50.29
2024-07-01,S03,Seafood,Online Direct,Lower Mainland,16,305.00,0.01,5389.08,227.91,3646.56,163.86
2024-07-01,S03,Seafood,Online Direct,Vancouver Island,6,305.00,0.00,2053.70,227.91,1367.46,72.90
2024-07-01,S03,Seafood,Online Direct,BC Interior,6,305.00,0.01,2043.39,227.68,1366.08,76.11
2024-07-01,S04,Seafood,Restaurants,Lower Mainland,177,138.00,0.01,24401.09,103.71,18356.67,285.47
2024-07-01,S04,Seafood,Restaurants,Vancouver Island,60,138.00,0.01,8246.78,103.71,6222.60,198.29
2024-07-01,S04,Seafood,Restaurants,BC Interior,64,138.00,0.01,8691.03,103.19,6604.16,246.36
2024-07-01,S04,Seafood,Grocery Retail,Lower Mainland,119,138.00,0.01,14177.65,103.40,12304.60,192.30
2024-07-01,S04,Seafood,Grocery Retail,Vancouver Island,41,138.00,0.02,4854.68,103.29,4234.89,143.02
2024-07-01,S04,Seafood,Grocery Retail,BC Interior,41,138.00,0.03,4873.98,103.60,4247.60,161.02
2024-07-01,S04,Seafood,Hotels & Institutions,Lower Mainland,71,138.00,0.01,9150.14,103.40,7341.40,116.44
2024-07-01,S04,Seafood,Hotels & Institutions,Vancouver Island,25,138.00,0.01,3248.00,103.19,2579.75,82.62
2024-07-01,S04,Seafood,Hotels & Institutions,BC Interior,24,138.00,0.01,3127.40,103.29,2478.96,91.07
2024-07-01,S04,Seafood,Online Direct,Lower Mainland,31,138.00,0.00,4796.14,103.81,3218.11,310.91
2024-07-01,S04,Seafood,Online Direct,Vancouver Island,11,138.00,0.01,1683.12,103.71,1140.81,130.64
2024-07-01,S04,Seafood,Online Direct,BC Interior,11,138.00,0.00,1693.36,103.81,1141.91,138.45
2024-07-01,H01,Charcuterie,Restaurants,Lower Mainland,160,188.00,0.00,30049.74,108.71,17393.60,263.68
2024-07-01,H01,Charcuterie,Restaurants,Vancouver Island,57,188.00,0.01,10705.07,108.71,6196.47,199.03
2024-07-01,H01,Charcuterie,Restaurants,BC Interior,59,188.00,0.01,11036.14,109.37,6452.83,231.94
2024-07-01,H01,Charcuterie,Grocery Retail,Lower Mainland,103,188.00,0.03,16561.01,108.71,11197.13,167.44
2024-07-01,H01,Charcuterie,Grocery Retail,Vancouver Island,38,188.00,0.01,6230.23,108.71,4130.98,132.82
2024-07-01,H01,Charcuterie,Grocery Retail,BC Interior,41,188.00,0.03,6539.72,108.82,4461.62,162.14
2024-07-01,H01,Charcuterie,Hotels & Institutions,Lower Mainland,67,188.00,0.01,11846.41,109.37,7327.79,104.52
2024-07-01,H01,Charcuterie,Hotels & Institutions,Vancouver Island,23,188.00,0.01,4058.39,108.93,2505.39,80.47
2024-07-01,H01,Charcuterie,Hotels & Institutions,BC Interior,24,188.00,0.01,4256.44,109.15,2619.60,93.79
2024-07-01,H01,Charcuterie,Online Direct,Lower Mainland,30,188.00,0.01,6291.33,108.82,3264.60,305.42
2024-07-01,H01,Charcuterie,Online Direct,Vancouver Island,10,188.00,0.01,2086.60,109.37,1093.70,116.38
2024-07-01,H01,Charcuterie,Online Direct,BC Interior,11,188.00,0.01,2299.95,109.37,1203.07,140.36
2024-07-01,H02,Charcuterie,Restaurants,Lower Mainland,143,156.00,0.01,22152.07,89.97,12865.71,230.63
2024-07-01,H02,Charcuterie,Restaurants,Vancouver Island,49,156.00,0.00,7651.55,89.70,4395.30,167.60
2024-07-01,H02,Charcuterie,Restaurants,BC Interior,48,156.00,0.00,7473.02,89.97,4318.56,192.25
2024-07-01,H02,Charcuterie,Grocery Retail,Lower Mainland,92,156.00,0.00,12629.71,89.43,8227.56,148.82
2024-07-01,H02,Charcuterie,Grocery Retail,Vancouver Island,33,156.00,0.02,4462.04,89.61,2957.13,115.34
2024-07-01,H02,Charcuterie,Grocery Retail,BC Interior,33,156.00,0.00,4516.63,89.61,2957.13,128.31
2024-07-01,H02,Charcuterie,Hotels & Institutions,Lower Mainland,57,156.00,0.00,8413.61,89.79,5118.03,93.66
2024-07-01,H02,Charcuterie,Hotels & Institutions,Vancouver Island,21,156.00,0.00,3124.65,89.79,1885.59,70.54
2024-07-01,H02,Charcuterie,Hotels & Institutions,BC Interior,21,156.00,0.00,3090.45,89.97,1889.37,80.43
2024-07-01,H02,Charcuterie,Online Direct,Lower Mainland,25,156.00,0.00,4354.90,89.97,2249.25,249.98
2024-07-01,H02,Charcuterie,Online Direct,Vancouver Island,9,156.00,0.01,1555.12,89.88,808.92,105.49
2024-07-01,H02,Charcuterie,Online Direct,BC Interior,9,156.00,0.01,1550.52,89.52,805.68,110.04
2024-07-01,H03,Charcuterie,Restaurants,Lower Mainland,73,204.00,0.01,14684.11,120.12,8768.76,116.80
2024-07-01,H03,Charcuterie,Restaurants,Vancouver Island,27,204.00,0.01,5469.44,120.24,3246.48,91.89
2024-07-01,H03,Charcuterie,Restaurants,BC Interior,26,204.00,0.01,5213.99,120.12,3123.12,98.66
2024-07-01,H03,Charcuterie,Grocery Retail,Lower Mainland,50,204.00,0.01,8921.90,120.12,6006.00,82.32
2024-07-01,H03,Charcuterie,Grocery Retail,Vancouver Island,18,204.00,0.02,3176.37,120.24,2164.32,61.87
2024-07-01,H03,Charcuterie,Grocery Retail,BC Interior,17,204.00,0.02,2987.53,120.60,2050.20,66.63
2024-07-01,H03,Charcuterie,Hotels & Institutions,Lower Mainland,30,204.00,0.01,5755.72,120.00,3600.00,48.05
2024-07-01,H03,Charcuterie,Hotels & Institutions,Vancouver Island,11,204.00,0.01,2110.46,120.48,1325.28,38.30
2024-07-01,H03,Charcuterie,Hotels & Institutions,BC Interior,11,204.00,0.00,2125.40,120.24,1322.64,43.59
2024-07-01,H03,Charcuterie,Online Direct,Lower Mainland,13,204.00,0.00,2982.12,120.24,1563.12,132.88
2024-07-01,H03,Charcuterie,Online Direct,Vancouver Island,5,204.00,0.00,1136.69,120.00,600.00,60.10
2024-07-01,H03,Charcuterie,Online Direct,BC Interior,5,204.00,0.01,1136.65,120.48,602.40,60.88
2024-07-01,H04,Charcuterie,Restaurants,Lower Mainland,122,96.00,0.01,11525.17,54.88,6695.36,195.20
2024-07-01,H04,Charcuterie,Restaurants,Vancouver Island,47,96.00,0.01,4440.02,54.88,2579.36,162.20
2024-07-01,H04,Charcuterie,Restaurants,BC Interior,47,96.00,0.00,4493.97,54.88,2579.36,188.25
2024-07-01,H04,Charcuterie,Grocery Retail,Lower Mainland,84,96.00,0.02,6947.57,54.72,4596.48,130.77
2024-07-01,H04,Charcuterie,Grocery Retail,Vancouver Island,30,96.00,0.02,2491.22,54.56,1636.80,101.39
2024-07-01,H04,Charcuterie,Grocery Retail,BC Interior,30,96.00,0.02,2483.60,54.77,1643.10,116.06
2024-07-01,H04,Charcuterie,Hotels & Institutions,Lower Mainland,50,96.00,0.01,4487.22,54.88,2744.00,79.28
2024-07-01,H04,Charcuterie,Hotels & Institutions,Vancouver Island,18,96.00,0.01,1620.26,54.61,982.98,60.83
2024-07-01,H04,Charcuterie,Hotels & Institutions,BC Interior,19,96.00,0.00,1727.61,54.67,1038.73,72.32
2024-07-01,H04,Charcuterie,Online Direct,Lower Mainland,22,96.00,0.00,2363.07,54.67,1202.74,225.98
2024-07-01,H04,Charcuterie,Online Direct,Vancouver Island,8,96.00,0.00,861.01,54.88,439.04,94.44
2024-07-01,H04,Charcuterie,Online Direct,BC Interior,8,96.00,0.00,858.44,54.61,436.88,97.71
2024-07-01,D01,Cheese & Dairy,Restaurants,Lower Mainland,196,142.00,0.01,27552.12,88.13,17273.48,304.51
2024-07-01,D01,Cheese & Dairy,Restaurants,Vancouver Island,72,142.00,0.00,10254.67,87.78,6320.16,240.88
2024-07-01,D01,Cheese & Dairy,Restaurants,BC Interior,76,142.00,0.01,10737.98,88.22,6704.72,293.73
2024-07-01,D01,Cheese & Dairy,Grocery Retail,Lower Mainland,142,142.00,0.03,17160.82,87.86,12476.12,223.79
2024-07-01,D01,Cheese & Dairy,Grocery Retail,Vancouver Island,51,142.00,0.03,6176.09,87.78,4476.78,178.43
2024-07-01,D01,Cheese & Dairy,Grocery Retail,BC Interior,51,142.00,0.02,6226.76,88.13,4494.63,201.09
2024-07-01,D01,Cheese & Dairy,Hotels & Institutions,Lower Mainland,82,142.00,0.01,10950.75,88.13,7226.66,127.26
2024-07-01,D01,Cheese & Dairy,Hotels & Institutions,Vancouver Island,30,142.00,0.01,3974.34,88.30,2649.00,100.57
2024-07-01,D01,Cheese & Dairy,Hotels & Institutions,BC Interior,31,142.00,0.01,4165.04,88.13,2732.03,122.59
2024-07-01,D01,Cheese & Dairy,Online Direct,Lower Mainland,36,142.00,0.00,5725.42,87.86,3162.96,364.69
2024-07-01,D01,Cheese & Dairy,Online Direct,Vancouver Island,13,142.00,0.01,2057.15,88.13,1145.69,154.39
2024-07-01,D01,Cheese & Dairy,Online Direct,BC Interior,13,142.00,0.00,2053.07,88.22,1146.86,164.75
2024-07-01,D02,Cheese & Dairy,Restaurants,Lower Mainland,177,118.00,0.00,20906.64,72.79,12883.83,277.54
2024-07-01,D02,Cheese & Dairy,Restaurants,Vancouver Island,66,118.00,0.01,7671.29,72.72,4799.52,226.64
2024-07-01,D02,Cheese & Dairy,Restaurants,BC Interior,63,118.00,0.01,7344.79,72.64,4576.32,252.09
2024-07-01,D02,Cheese & Dairy,Grocery Retail,Lower Mainland,116,118.00,0.02,11745.32,72.57,8418.12,189.13
2024-07-01,D02,Cheese & Dairy,Grocery Retail,Vancouver Island,43,118.00,0.03,4339.97,72.42,3114.06,148.25
2024-07-01,D02,Cheese & Dairy,Grocery Retail,BC Interior,44,118.00,0.03,4427.82,72.50,3190.00,169.54
2024-07-01,D02,Cheese & Dairy,Hotels & Institutions,Lower Mainland,72,118.00,0.01,7926.28,72.79,5240.88,114.16
2024-07-01,D02,Cheese & Dairy,Hotels & Institutions,Vancouver Island,25,118.00,0.01,2768.83,72.50,1812.50,85.68
2024-07-01,D02,Cheese & Dairy,Hotels & Institutions,BC Interior,26,118.00,0.01,2888.37,72.64,1888.64,100.79
2024-07-01,D02,Cheese & Dairy,Online Direct,Lower Mainland,31,118.00,0.01,4064.23,72.50,2247.50,308.09
2024-07-01,D02,Cheese & Dairy,Online Direct,Vancouver Island,11,118.00,0.01,1437.80,72.64,799.04,129.33
2024-07-01,D02,Cheese & Dairy,Online Direct,BC Interior,11,118.00,0.00,1452.29,72.50,797.50,134.08
2024-07-01,D03,Cheese & Dairy,Restaurants,Lower Mainland,93,236.00,0.00,21926.05,148.98,13855.14,149.40
2024-07-01,D03,Cheese & Dairy,Restaurants,Vancouver Island,34,236.00,0.01,7935.53,148.98,5065.32,117.80
2024-07-01,D03,Cheese & Dairy,Restaurants,BC Interior,35,236.00,0.01,8152.50,148.68,5203.80,134.59
2024-07-01,D03,Cheese & Dairy,Grocery Retail,Lower Mainland,63,236.00,0.03,12679.34,148.68,9366.84,97.98
2024-07-01,D03,Cheese & Dairy,Grocery Retail,Vancouver Island,23,236.00,0.03,4643.14,148.68,3419.64,77.73
2024-07-01,D03,Cheese & Dairy,Grocery Retail,BC Interior,22,236.00,0.00,4541.59,148.83,3274.26,86.31
2024-07-01,D03,Cheese & Dairy,Hotels & Institutions,Lower Mainland,38,236.00,0.01,8476.95,148.53,5644.14,62.02
2024-07-01,D03,Cheese & Dairy,Hotels & Institutions,Vancouver Island,14,236.00,0.00,3135.66,148.53,2079.42,48.03
2024-07-01,D03,Cheese & Dairy,Hotels & Institutions,BC Interior,14,236.00,0.01,3091.80,148.38,2077.32,55.04
2024-07-01,D03,Cheese & Dairy,Online Direct,Lower Mainland,16,236.00,0.01,4186.92,148.38,2374.08,163.05
2024-07-01,D03,Cheese & Dairy,Online Direct,Vancouver Island,6,236.00,0.01,1576.40,148.98,893.88,71.54
2024-07-01,D03,Cheese & Dairy,Online Direct,BC Interior,6,236.00,0.01,1573.22,148.83,892.98,72.99
2024-07-01,D04,Cheese & Dairy,Restaurants,Lower Mainland,256,86.00,0.01,21642.87,52.51,13442.56,398.13
2024-07-01,D04,Cheese & Dairy,Restaurants,Vancouver Island,90,86.00,0.01,7670.26,52.30,4707.00,313.65
2024-07-01,D04,Cheese & Dairy,Restaurants,BC Interior,92,86.00,0.01,7840.93,52.62,4841.04,365.98
2024-07-01,D04,Cheese & Dairy,Grocery Retail,Lower Mainland,168,86.00,0.00,12650.75,52.41,8804.88,261.54
2024-07-01,D04,Cheese & Dairy,Grocery Retail,Vancouver Island,65,86.00,0.02,4805.94,52.30,3399.50,226.75
2024-07-01,D04,Cheese & Dairy,Grocery Retail,BC Interior,61,86.00,0.02,4533.53,52.51,3203.11,230.76
2024-07-01,D04,Cheese & Dairy,Hotels & Institutions,Lower Mainland,102,86.00,0.01,8233.29,52.46,5350.92,162.38
2024-07-01,D04,Cheese & Dairy,Hotels & Institutions,Vancouver Island,38,86.00,0.01,3067.41,52.51,1995.38,126.62
2024-07-01,D04,Cheese & Dairy,Hotels & Institutions,BC Interior,38,86.00,0.00,3101.46,52.62,1999.56,144.79
2024-07-01,D04,Cheese & Dairy,Online Direct,Lower Mainland,44,86.00,0.01,4200.02,52.51,2310.44,451.51
2024-07-01,D04,Cheese & Dairy,Online Direct,Vancouver Island,16,86.00,0.00,1536.50,52.62,841.92,194.40
2024-07-01,D04,Cheese & Dairy,Online Direct,BC Interior,17,86.00,0.01,1624.29,52.36,890.12,207.64
2024-08-01,B01,Beef,Restaurants,Lower Mainland,309,268.00,0.01,82315.54,198.72,61404.48,503.79
2024-08-01,B01,Beef,Restaurants,Vancouver Island,106,268.00,0.00,28464.82,198.91,21084.46,362.20
2024-08-01,B01,Beef,Restaurants,BC Interior,115,268.00,0.01,30420.02,198.91,22874.65,435.49
2024-08-01,B01,Beef,Grocery Retail,Lower Mainland,209,268.00,0.03,48105.02,198.91,41572.19,340.08
2024-08-01,B01,Beef,Grocery Retail,Vancouver Island,76,268.00,0.04,17329.70,198.52,15087.52,256.85
2024-08-01,B01,Beef,Grocery Retail,BC Interior,75,268.00,0.00,17670.31,198.52,14889.00,295.13
2024-08-01,B01,Beef,Hotels & Institutions,Lower Mainland,122,268.00,0.00,30906.08,198.32,24195.04,194.22
2024-08-01,B01,Beef,Hotels & Institutions,Vancouver Island,43,268.00,0.01,10870.84,197.92,8510.56,149.56
2024-08-01,B01,Beef,Hotels & Institutions,BC Interior,45,268.00,0.01,11388.32,198.32,8924.40,176.90
2024-08-01,B01,Beef,Online Direct,Lower Mainland,55,268.00,0.01,16342.79,198.32,10907.60,563.83
2024-08-01,B01,Beef,Online Direct,Vancouver Island,19,268.00,0.00,5720.15,198.91,3779.29,219.54
2024-08-01,B01,Beef,Online Direct,BC Interior,20,268.00,0.00,6009.17,198.32,3966.40,249.49
2024-08-01,B02,Beef,Restaurants,Lower Mainland,809,118.00,0.00,95462.00,86.47,69954.23,1300.87
2024-08-01,B02,Beef,Restaurants,Vancouver Island,286,118.00,0.01,33444.27,86.82,24830.52,983.10
2024-08-01,B02,Beef,Restaurants,BC Interior,301,118.00,0.01,35234.28,86.99,26183.99,1144.55
2024-08-01,B02,Beef,Grocery Retail,Lower Mainland,548,118.00,0.04,55132.32,86.90,47621.20,888.20
2024-08-01,B02,Beef,Grocery Retail,Vancouver Island,195,118.00,0.02,20004.52,86.64,16894.80,662.34
2024-08-01,B02,Beef,Grocery Retail,BC Interior,199,118.00,0.00,20540.36,86.99,17311.01,789.29
2024-08-01,B02,Beef,Hotels & Institutions,Lower Mainland,340,118.00,0.00,37923.58,86.56,29430.40,552.16
2024-08-01,B02,Beef,Hotels & Institutions,Vancouver Island,121,118.00,0.01,13374.65,86.90,10514.90,410.58
2024-08-01,B02,Beef,Hotels & Institutions,BC Interior,120,118.00,0.01,13397.76,86.99,10438.80,482.04
2024-08-01,B02,Beef,Online Direct,Lower Mainland,147,118.00,0.01,19290.94,86.99,12787.53,1492.12
2024-08-01,B02,Beef,Online Direct,Vancouver Island,55,118.00,0.00,7275.98,86.90,4779.50,644.03
2024-08-01,B02,Beef,Online Direct,BC Interior,56,118.00,0.01,7378.62,86.90,4866.40,693.01
2024-08-01,B03,Beef,Restaurants,Lower Mainland,358,196.00,0.00,69817.58,145.58,52117.64,568.79
2024-08-01,B03,Beef,Restaurants,Vancouver Island,130,196.00,0.00,25479.59,146.46,19039.80,454.82
2024-08-01,B03,Beef,Restaurants,BC Interior,126,196.00,0.01,24472.45,145.73,18361.98,485.50
2024-08-01,B03,Beef,Grocery Retail,Lower Mainland,253,196.00,0.02,42767.48,146.02,36943.06,403.99
2024-08-01,B03,Beef,Grocery Retail,Vancouver Island,90,196.00,0.03,15074.58,145.87,13128.30,305.69
2024-08-01,B03,Beef,Grocery Retail,BC Interior,91,196.00,0.01,15616.82,146.31,13314.21,350.64
2024-08-01,B03,Beef,Hotels & Institutions,Lower Mainland,141,196.00,0.01,25939.99,145.87,20567.67,232.14
2024-08-01,B03,Beef,Hotels & Institutions,Vancouver Island,53,196.00,0.00,9868.56,146.31,7754.43,177.50
2024-08-01,B03,Beef,Hotels & Institutions,BC Interior,52,196.00,0.01,9633.93,146.46,7615.92,203.41
2024-08-01,B03,Beef,Online Direct,Lower Mainland,64,196.00,0.00,13993.14,145.73,9326.72,660.62
2024-08-01,B03,Beef,Online Direct,Vancouver Island,22,196.00,0.01,4795.49,145.73,3206.06,262.59
2024-08-01,B03,Beef,Online Direct,BC Interior,23,196.00,0.00,5028.78,145.58,3348.34,280.64
2024-08-01,B04,Beef,Restaurants,Lower Mainland,168,342.00,0.01,56482.24,257.27,43221.36,268.53
2024-08-01,B04,Beef,Restaurants,Vancouver Island,64,342.00,0.01,21604.11,256.76,16432.64,222.39
2024-08-01,B04,Beef,Restaurants,BC Interior,63,342.00,0.01,21480.76,257.27,16208.01,239.56
2024-08-01,B04,Beef,Grocery Retail,Lower Mainland,111,342.00,0.02,32870.85,255.99,28414.89,176.18
2024-08-01,B04,Beef,Grocery Retail,Vancouver Island,40,342.00,0.03,11677.25,256.50,10260.00,136.95
2024-08-01,B04,Beef,Grocery Retail,BC Interior,41,342.00,0.03,11945.24,256.24,10505.84,157.50
2024-08-01,B04,Beef,Hotels & Institutions,Lower Mainland,72,342.00,0.00,23439.59,256.50,18468.00,114.85
2024-08-01,B04,Beef,Hotels & Institutions,Vancouver Island,25,342.00,0.01,8000.95,255.99,6399.75,86.96
2024-08-01,B04,Beef,Hotels & Institutions,BC Interior,26,342.00,0.00,8438.95,256.24,6662.24,103.93
2024-08-01,B04,Beef,Online Direct,Lower Mainland,31,342.00,0.01,11838.40,256.24,7943.44,304.96
2024-08-01,B04,Beef,Online Direct,Vancouver Island,11,342.00,0.01,4171.39,257.27,2829.97,133.13
2024-08-01,B04,Beef,Online Direct,BC Interior,12,342.00,0.00,4601.08,257.01,3084.12,150.14
2024-08-01,P01,Pork,Restaurants,Lower Mainland,403,132.00,0.01,52665.16,92.22,37164.66,657.70
2024-08-01,P01,Pork,Restaurants,Vancouver Island,146,132.00,0.01,19137.21,92.49,13503.54,483.49
2024-08-01,P01,Pork,Restaurants,BC Interior,142,132.00,0.01,18538.27,92.22,13095.24,549.37
2024-08-01,P01,Pork,Grocery Retail,Lower Mainland,274,132.00,0.01,31478.62,92.68,25394.32,425.25
2024-08-01,P01,Pork,Grocery Retail,Vancouver Island,104,132.00,0.02,11790.98,92.49,9618.96,363.85
2024-08-01,P01,Pork,Grocery Retail,BC Interior,99,132.00,0.03,11166.97,92.12,9119.88,397.68
2024-08-01,P01,Pork,Hotels & Institutions,Lower Mainland,164,132.00,0.01,20462.65,92.31,15138.84,267.65
2024-08-01,P01,Pork,Hotels & Institutions,Vancouver Island,59,132.00,0.01,7294.91,92.49,5456.91,203.81
2024-08-01,P01,Pork,Hotels & Institutions,BC Interior,62,132.00,0.01,7650.71,92.22,5717.64,241.56
2024-08-01,P01,Pork,Online Direct,Lower Mainland,73,132.00,0.01,10619.95,92.40,6745.20,743.94
2024-08-01,P01,Pork,Online Direct,Vancouver Island,26,132.00,0.01,3805.19,92.58,2407.08,316.83
2024-08-01,P01,Pork,Online Direct,BC Interior,26,132.00,0.01,3801.67,92.40,2402.40,325.95
2024-08-01,P02,Pork,Restaurants,Lower Mainland,279,104.00,0.00,28813.24,71.69,20001.51,443.28
2024-08-01,P02,Pork,Restaurants,Vancouver Island,107,104.00,0.01,11005.70,71.83,7685.81,359.80
2024-08-01,P02,Pork,Restaurants,BC Interior,100,104.00,0.01,10306.40,71.69,7169.00,388.44
2024-08-01,P02,Pork,Grocery Retail,Lower Mainland,199,104.00,0.01,17957.74,71.83,14294.17,321.90
2024-08-01,P02,Pork,Grocery Retail,Vancouver Island,70,104.00,0.04,6138.08,71.98,5038.60,241.57
2024-08-01,P02,Pork,Grocery Retail,BC Interior,70,104.00,0.03,6182.97,71.83,5028.10,269.18
2024-08-01,P02,Pork,Hotels & Institutions,Lower Mainland,122,104.00,0.01,11921.23,71.76,8754.72,190.91
2024-08-01,P02,Pork,Hotels & Institutions,Vancouver Island,41,104.00,0.01,4022.47,71.54,2933.14,136.19
2024-08-01,P02,Pork,Hotels & Institutions,BC Interior,43,104.00,0.00,4218.71,71.83,3088.69,162.67
2024-08-01,P02,Pork,Online Direct,Lower Mainland,54,104.00,0.01,6245.95,71.98,3886.92,553.58
2024-08-01,P02,Pork,Online Direct,Vancouver Island,19,104.00,0.01,2199.83,71.98,1367.62,221.80
2024-08-01,P02,Pork,Online Direct,BC Interior,19,104.00,0.00,2208.69,71.83,1364.77,238.90
2024-08-01,P03,Pork,Restaurants,Lower Mainland,246,146.00,0.00,35736.56,103.14,25372.44,394.39
2024-08-01,P03,Pork,Restaurants,Vancouver Island,90,146.00,0.00,13126.70,103.24,9291.60,308.75
2024-08-01,P03,Pork,Restaurants,BC Interior,95,146.00,0.01,13772.66,102.72,9758.40,378.65
2024-08-01,P03,Pork,Grocery Retail,Lower Mainland,177,146.00,0.02,22376.29,102.62,18163.74,282.63
2024-08-01,P03,Pork,Grocery Retail,Vancouver Island,60,146.00,0.03,7455.10,102.72,6163.20,201.76
2024-08-01,P03,Pork,Grocery Retail,BC Interior,65,146.00,0.02,8242.07,103.24,6710.60,260.34
2024-08-01,P03,Pork,Hotels & Institutions,Lower Mainland,108,146.00,0.01,14844.45,102.62,11082.96,174.01
2024-08-01,P03,Pork,Hotels & Institutions,Vancouver Island,37,146.00,0.01,5085.60,102.93,3808.41,122.28
2024-08-01,P03,Pork,Hotels & Institutions,BC Interior,39,146.00,0.01,5349.90,103.03,4018.17,154.84
2024-08-01,P03,Pork,Online Direct,Lower Mainland,47,146.00,0.01,7570.16,102.93,4837.71,475.17
2024-08-01,P03,Pork,Online Direct,Vancouver Island,17,146.00,0.01,2752.10,103.24,1755.08,198.05
2024-08-01,P03,Pork,Online Direct,BC Interior,16,146.00,0.01,2590.18,102.93,1646.88,194.43
2024-08-01,P04,Pork,Restaurants,Lower Mainland,360,92.00,0.01,32656.32,63.81,22971.60,583.49
2024-08-01,P04,Pork,Restaurants,Vancouver Island,135,92.00,0.00,12432.35,63.94,8631.90,466.34
2024-08-01,P04,Pork,Restaurants,BC Interior,132,92.00,0.01,11998.27,64.13,8465.16,517.89
2024-08-01,P04,Pork,Grocery Retail,Lower Mainland,245,92.00,0.01,19597.71,63.88,15650.60,384.16
2024-08-01,P04,Pork,Grocery Retail,Vancouver Island,92,92.00,0.03,7233.06,63.94,5882.48,306.54
2024-08-01,P04,Pork,Grocery Retail,BC Interior,88,92.00,0.00,7088.90,64.13,5643.44,333.25
2024-08-01,P04,Pork,Hotels & Institutions,Lower Mainland,154,92.00,0.00,13405.82,63.75,9817.50,246.89
2024-08-01,P04,Pork,Hotels & Institutions,Vancouver Island,56,92.00,0.01,4865.03,63.94,3580.64,190.02
2024-08-01,P04,Pork,Hotels & Institutions,BC Interior,55,92.00,0.01,4744.65,63.88,3513.40,217.93
2024-08-01,P04,Pork,Online Direct,Lower Mainland,68,92.00,0.01,6922.86,63.81,4339.08,678.56
2024-08-01,P04,Pork,Online Direct,Vancouver Island,24,92.00,0.01,2448.20,63.81,1531.44,285.03
2024-08-01,P04,Pork,Online Direct,BC Interior,23,92.00,0.01,2365.12,63.75,1466.25,292.33
2024-08-01,C01,Poultry,Restaurants,Lower Mainland,630,78.00,0.01,48502.26,56.61,35664.30,982.80
2024-08-01,C01,Poultry,Restaurants,Vancouver Island,227,78.00,0.01,17476.21,56.66,12861.82,750.96
2024-08-01,C01,Poultry,Restaurants,BC Interior,232,78.00,0.01,17825.21,56.49,13105.68,909.32
2024-08-01,C01,Poultry,Grocery Retail,Lower Mainland,435,78.00,0.03,29020.57,56.38,24525.30,709.22
2024-08-01,C01,Poultry,Grocery Retail,Vancouver Island,159,78.00,0.03,10544.00,56.55,8991.45,542.22
2024-08-01,C01,Poultry,Grocery Retail,BC Interior,159,78.00,0.04,10467.91,56.66,9008.94,635.60
2024-08-01,C01,Poultry,Hotels & Institutions,Lower Mainland,274,78.00,0.01,20039.90,56.55,15494.70,450.68
2024-08-01,C01,Poultry,Hotels & Institutions,Vancouver Island,97,78.00,0.00,7180.43,56.38,5468.86,326.17
2024-08-01,C01,Poultry,Hotels & Institutions,BC Interior,95,78.00,0.01,6962.19,56.38,5356.10,368.65
2024-08-01,C01,Poultry,Online Direct,Lower Mainland,115,78.00,0.01,10036.15,56.61,6510.15,1171.95
2024-08-01,C01,Poultry,Online Direct,Vancouver Island,44,78.00,0.00,3851.50,56.61,2490.84,537.74
2024-08-01,C01,Poultry,Online Direct,BC Interior,43,78.00,0.01,3741.33,56.61,2434.23,525.74
2024-08-01,C02,Poultry,Restaurants,Lower Mainland,582,124.00,0.00,72312.12,89.19,51908.58,914.44
2024-08-01,C02,Poultry,Restaurants,Vancouver Island,200,124.00,0.01,24502.08,89.19,17838.00,691.56
2024-08-01,C02,Poultry,Restaurants,BC Interior,208,124.00,0.01,25508.29,89.01,18514.08,817.69
2024-08-01,C02,Poultry,Grocery Retail,Lower Mainland,372,124.00,0.03,39613.87,89.46,33279.12,595.20
2024-08-01,C02,Poultry,Grocery Retail,Vancouver Island,133,124.00,0.03,14121.49,89.19,11862.27,465.77
2024-08-01,C02,Poultry,Grocery Retail,BC Interior,135,124.00,0.01,14598.91,89.01,12016.35,515.44
2024-08-01,C02,Poultry,Hotels & Institutions,Lower Mainland,222,124.00,0.01,25864.56,89.01,19760.22,347.39
2024-08-01,C02,Poultry,Hotels & Institutions,Vancouver Island,82,124.00,0.01,9601.49,89.28,7320.96,272.67
2024-08-01,C02,Poultry,Hotels & Institutions,BC Interior,83,124.00,0.01,9718.47,89.19,7402.77,331.47
2024-08-01,C02,Poultry,Online Direct,Lower Mainland,103,124.00,0.00,14275.92,89.37,9205.11,1043.42
2024-08-01,C02,Poultry,Online Direct,Vancouver Island,39,124.00,0.00,5389.26,89.19,3478.41,462.71
2024-08-01,C02,Poultry,Online Direct,BC Interior,37,124.00,0.00,5133.41,89.01,3293.37,465.68
2024-08-01,C03,Poultry,Restaurants,Lower Mainland,470,96.00,0.01,44309.87,68.78,32326.60,732.45
2024-08-01,C03,Poultry,Restaurants,Vancouver Island,171,96.00,0.01,16366.46,68.64,11737.44,569.77
2024-08-01,C03,Poultry,Restaurants,BC Interior,167,96.00,0.00,15999.94,68.71,11474.57,638.93
2024-08-01,C03,Poultry,Grocery Retail,Lower Mainland,310,96.00,0.01,25849.13,68.43,21213.30,509.89
2024-08-01,C03,Poultry,Grocery Retail,Vancouver Island,115,96.00,0.03,9375.81,68.71,7901.65,393.35
2024-08-01,C03,Poultry,Grocery Retail,BC Interior,117,96.00,0.00,9894.04,68.43,8006.31,445.81
2024-08-01,C03,Poultry,Hotels & Institutions,Lower Mainland,195,96.00,0.00,17712.86,68.57,13371.15,307.94
2024-08-01,C03,Poultry,Hotels & Institutions,Vancouver Island,66,96.00,0.01,5905.20,68.85,4544.10,230.23
2024-08-01,C03,Poultry,Hotels & Institutions,BC Interior,67,96.00,0.01,6061.56,68.71,4603.57,269.14
2024-08-01,C03,Poultry,Online Direct,Lower Mainland,84,96.00,0.01,8986.40,68.57,5759.88,842.46
2024-08-01,C03,Poultry,Online Direct,Vancouver Island,29,96.00,0.01,3059.02,68.57,1988.53,354.76
2024-08-01,C03,Poultry,Online Direct,BC Interior,30,96.00,0.01,3190.03,68.57,2057.10,369.77
2024-08-01,C04,Poultry,Restaurants,Lower Mainland,110,188.00,0.01,20555.36,131.21,14433.10,178.64
2024-08-01,C04,Poultry,Restaurants,Vancouver Island,40,188.00,0.00,7520.00,131.47,5258.80,133.28
2024-08-01,C04,Poultry,Restaurants,BC Interior,41,188.00,0.01,7592.58,131.34,5384.94,162.14
2024-08-01,C04,Poultry,Grocery Retail,Lower Mainland,72,188.00,0.03,11495.56,131.34,9456.48,116.93
2024-08-01,C04,Poultry,Grocery Retail,Vancouver Island,28,188.00,0.02,4525.97,131.99,3695.72,94.15
2024-08-01,C04,Poultry,Grocery Retail,BC Interior,26,188.00,0.01,4224.25,131.60,3421.60,100.28
2024-08-01,C04,Poultry,Hotels & Institutions,Lower Mainland,43,188.00,0.00,7626.13,131.99,5675.57,70.24
2024-08-01,C04,Poultry,Hotels & Institutions,Vancouver Island,16,188.00,0.01,2834.78,131.99,2111.84,54.84
2024-08-01,C04,Poultry,Hotels & Institutions,BC Interior,16,188.00,0.01,2846.11,131.60,2105.60,60.72
2024-08-01,C04,Poultry,Online Direct,Lower Mainland,20,188.00,0.01,4156.33,131.73,2634.60,199.98
2024-08-01,C04,Poultry,Online Direct,Vancouver Island,7,188.00,0.00,1473.91,131.99,923.93,81.72
2024-08-01,C04,Poultry,Online Direct,BC Interior,7,188.00,0.01,1465.04,131.60,921.20,85.15
2024-08-01,S01,Seafood,Restaurants,Lower Mainland,315,176.00,0.00,55218.24,133.28,41983.20,511.06
2024-08-01,S01,Seafood,Restaurants,Vancouver Island,116,176.00,0.01,20191.42,132.48,15367.68,383.36
2024-08-01,S01,Seafood,Restaurants,BC Interior,112,176.00,0.01,19593.59,132.61,14852.32,446.85
2024-08-01,S01,Seafood,Grocery Retail,Lower Mainland,205,176.00,0.00,31686.90,132.75,27213.75,335.54
2024-08-01,S01,Seafood,Grocery Retail,Vancouver Island,76,176.00,0.02,11593.68,132.48,10068.48,256.85
2024-08-01,S01,Seafood,Grocery Retail,BC Interior,80,176.00,0.02,12191.71,132.48,10598.40,311.06
2024-08-01,S01,Seafood,Hotels & Institutions,Lower Mainland,126,176.00,0.01,20919.35,133.15,16776.90,207.04
2024-08-01,S01,Seafood,Hotels & Institutions,Vancouver Island,48,176.00,0.00,8001.49,132.48,6359.04,163.69
2024-08-01,S01,Seafood,Hotels & Institutions,BC Interior,46,176.00,0.00,7660.44,133.01,6118.46,174.02
2024-08-01,S01,Seafood,Online Direct,Lower Mainland,57,176.00,0.01,11179.59,132.75,7566.75,592.97
2024-08-01,S01,Seafood,Online Direct,Vancouver Island,21,176.00,0.01,4118.82,133.28,2798.88,250.65
2024-08-01,S01,Seafood,Online Direct,BC Interior,21,176.00,0.00,4147.79,133.15,2796.15,266.13
2024-08-01,S02,Seafood,Restaurants,Lower Mainland,131,214.00,0.01,27977.51,160.02,20962.62,208.13
2024-08-01,S02,Seafood,Restaurants,Vancouver Island,48,214.00,0.01,10159.01,160.66,7711.68,164.18
2024-08-01,S02,Seafood,Restaurants,BC Interior,49,214.00,0.00,10464.94,160.98,7888.02,188.42
2024-08-01,S02,Seafood,Grocery Retail,Lower Mainland,95,214.00,0.00,17944.00,160.34,15232.30,156.26
2024-08-01,S02,Seafood,Grocery Retail,Vancouver Island,33,214.00,0.02,6102.31,160.18,5285.94,114.22
2024-08-01,S02,Seafood,Grocery Retail,BC Interior,34,214.00,0.03,6210.60,160.02,5440.68,135.38
2024-08-01,S02,Seafood,Hotels & Institutions,Lower Mainland,56,214.00,0.01,11248.31,160.66,8996.96,87.00
2024-08-01,S02,Seafood,Hotels & Institutions,Vancouver Island,19,214.00,0.01,3827.90,160.82,3055.58,66.09
2024-08-01,S02,Seafood,Hotels & Institutions,BC Interior,20,214.00,0.00,4057.84,160.82,3216.40,80.11
2024-08-01,S02,Seafood,Online Direct,Lower Mainland,24,214.00,0.00,5763.81,160.18,3844.32,247.25
2024-08-01,S02,Seafood,Online Direct,Vancouver Island,9,214.00,0.01,2139.88,160.82,1447.38,104.96
2024-08-01,S02,Seafood,Online Direct,BC Interior,9,214.00,0.01,2142.02,160.34,1443.06,113.16
2024-08-01,S03,Seafood,Restaurants,Lower Mainland,85,305.00,0.01,25743.06,227.00,19295.00,136.27
2024-08-01,S03,Seafood,Restaurants,Vancouver Island,31,305.00,0.00,9388.93,226.77,7029.87,107.30
2024-08-01,S03,Seafood,Restaurants,BC Interior,30,305.00,0.01,9021.90,227.22,6816.60,117.94
2024-08-01,S03,Seafood,Grocery Retail,Lower Mainland,58,305.00,0.02,15148.01,227.91,13218.78,91.50
2024-08-01,S03,Seafood,Grocery Retail,Vancouver Island,21,305.00,0.04,5455.22,227.91,4786.11,69.47
2024-08-01,S03,Seafood,Grocery Retail,BC Interior,20,305.00,0.02,5260.27,227.68,4553.60,76.28
2024-08-01,S03,Seafood,Hotels & Institutions,Lower Mainland,33,305.00,0.01,9418.57,227.00,7491.00,54.17
2024-08-01,S03,Seafood,Hotels & Institutions,Vancouver Island,13,305.00,0.01,3736.54,227.22,2953.86,44.95
2024-08-01,S03,Seafood,Hotels & Institutions,BC Interior,12,305.00,0.01,3418.07,227.00,2724.00,47.74
2024-08-01,S03,Seafood,Online Direct,Lower Mainland,15,305.00,0.01,5072.47,227.45,3411.75,153.77
2024-08-01,S03,Seafood,Online Direct,Vancouver Island,6,305.00,0.01,2035.16,227.91,1367.46,71.69
2024-08-01,S03,Seafood,Online Direct,BC Interior,5,305.00,0.01,1687.52,226.77,1133.85,61.63
2024-08-01,S04,Seafood,Restaurants,Lower Mainland,159,138.00,0.01,21656.45,103.60,16472.40,255.16
2024-08-01,S04,Seafood,Restaurants,Vancouver Island,59,138.00,0.01,8044.52,103.60,6112.40,196.59
2024-08-01,S04,Seafood,Restaurants,BC Interior,57,138.00,0.00,7842.40,103.50,5899.50,221.41
2024-08-01,S04,Seafood,Grocery Retail,Lower Mainland,108,138.00,0.02,12905.20,103.81,11211.48,177.47
2024-08-01,S04,Seafood,Grocery Retail,Vancouver Island,39,138.00,0.01,4683.94,103.50,4036.50,134.85
2024-08-01,S04,Seafood,Grocery Retail,BC Interior,37,138.00,0.02,4439.07,103.60,3833.20,145.74
2024-08-01,S04,Seafood,Hotels & Institutions,Lower Mainland,66,138.00,0.00,8609.37,103.71,6844.86,106.76
2024-08-01,S04,Seafood,Hotels & Institutions,Vancouver Island,24,138.00,0.01,3089.91,103.71,2489.04,79.32
2024-08-01,S04,Seafood,Hotels & Institutions,BC Interior,23,138.00,0.00,2997.24,103.81,2387.63,90.78
2024-08-01,S04,Seafood,Online Direct,Lower Mainland,28,138.00,0.00,4301.75,103.71,2903.88,290.72
2024-08-01,S04,Seafood,Online Direct,Vancouver Island,10,138.00,0.01,1531.72,103.19,1031.90,118.88
2024-08-01,S04,Seafood,Online Direct,BC Interior,10,138.00,0.01,1528.58,103.29,1032.90,125.49
2024-08-01,H01,Charcuterie,Restaurants,Lower Mainland,163,188.00,0.00,30643.51,109.37,17827.31,261.32
2024-08-01,H01,Charcuterie,Restaurants,Vancouver Island,56,188.00,0.01,10360.06,108.93,6100.08,194.40
2024-08-01,H01,Charcuterie,Restaurants,BC Interior,55,188.00,0.01,10174.72,109.26,6009.30,219.43
2024-08-01,H01,Charcuterie,Grocery Retail,Lower Mainland,112,188.00,0.04,17915.07,108.93,12200.16,177.41
2024-08-01,H01,Charcuterie,Grocery Retail,Vancouver Island,38,188.00,0.01,6267.80,109.04,4143.52,131.78
2024-08-01,H01,Charcuterie,Grocery Retail,BC Interior,39,188.00,0.01,6432.74,109.04,4252.56,153.01
2024-08-01,H01,Charcuterie,Hotels & Institutions,Lower Mainland,67,188.00,0.01,11786.87,109.15,7313.05,107.09
2024-08-01,H01,Charcuterie,Hotels & Institutions,Vancouver Island,24,188.00,0.01,4239.07,109.26,2622.24,79.23
2024-08-01,H01,Charcuterie,Hotels & Institutions,BC Interior,23,188.00,0.01,4070.90,109.37,2515.51,90.87
2024-08-01,H01,Charcuterie,Online Direct,Lower Mainland,30,188.00,0.00,6285.25,109.04,3271.20,310.27
2024-08-01,H01,Charcuterie,Online Direct,Vancouver Island,11,188.00,0.01,2309.19,108.71,1195.81,131.82
2024-08-01,H01,Charcuterie,Online Direct,BC Interior,10,188.00,0.01,2082.48,109.37,1093.70,120.53
2024-08-01,H02,Charcuterie,Restaurants,Lower Mainland,142,156.00,0.00,22129.58,89.70,12737.40,226.75
2024-08-01,H02,Charcuterie,Restaurants,Vancouver Island,51,156.00,0.00,7940.06,89.70,4574.70,172.01
2024-08-01,H02,Charcuterie,Restaurants,BC Interior,52,156.00,0.00,8047.23,89.52,4655.04,198.54
2024-08-01,H02,Charcuterie,Grocery Retail,Lower Mainland,94,156.00,0.01,12710.76,89.61,8423.34,150.70
2024-08-01,H02,Charcuterie,Grocery Retail,Vancouver Island,35,156.00,0.04,4627.36,89.52,3133.20,118.40
2024-08-01,H02,Charcuterie,Grocery Retail,BC Interior,33,156.00,0.02,4421.80,89.88,2966.04,127.03
2024-08-01,H02,Charcuterie,Hotels & Institutions,Lower Mainland,58,156.00,0.00,8535.53,89.79,5207.82,94.01
2024-08-01,H02,Charcuterie,Hotels & Institutions,Vancouver Island,20,156.00,0.00,2943.29,89.61,1792.20,69.09
2024-08-01,H02,Charcuterie,Hotels & Institutions,BC Interior,20,156.00,0.00,2952.14,89.43,1788.60,78.86
2024-08-01,H02,Charcuterie,Online Direct,Lower Mainland,26,156.00,0.01,4483.76,89.70,2332.20,263.65
2024-08-01,H02,Charcuterie,Online Direct,Vancouver Island,9,156.00,0.01,1550.47,89.88,808.92,105.71
2024-08-01,H02,Charcuterie,Online Direct,BC Interior,9,156.00,0.01,1570.88,89.79,808.11,112.83
2024-08-01,H03,Charcuterie,Restaurants,Lower Mainland,72,204.00,0.01,14453.70,120.72,8691.84,118.31
2024-08-01,H03,Charcuterie,Restaurants,Vancouver Island,27,204.00,0.01,5436.59,120.00,3240.00,90.42
2024-08-01,H03,Charcuterie,Restaurants,BC Interior,27,204.00,0.01,5463.75,120.12,3243.24,106.04
2024-08-01,H03,Charcuterie,Grocery Retail,Lower Mainland,48,204.00,0.00,8642.81,120.24,5771.52,77.80
2024-08-01,H03,Charcuterie,Grocery Retail,Vancouver Island,18,204.00,0.03,3150.20,120.12,2162.16,60.34
2024-08-01,H03,Charcuterie,Grocery Retail,BC Interior,18,204.00,0.03,3131.46,120.12,2162.16,69.99
2024-08-01,H03,Charcuterie,Hotels & Institutions,Lower Mainland,29,204.00,0.00,5592.13,120.72,3500.88,47.75
2024-08-01,H03,Charcuterie,Hotels & Institutions,Vancouver Island,11,204.00,0.01,2112.57,120.36,1323.96,37.59
2024-08-01,H03,Charcuterie,Hotels & Institutions,BC Interior,11,204.00,0.00,2129.64,120.36,1323.96,42.39
2024-08-01,H03,Charcuterie,Online Direct,Lower Mainland,13,204.00,0.00,2967.26,120.60,1567.80,130.91
2024-08-01,H03,Charcuterie,Online Direct,Vancouver Island,5,204.00,0.01,1125.31,120.48,602.40,57.95
2024-08-01,H03,Charcuterie,Online Direct,BC Interior,5,204.00,0.01,1134.41,120.36,601.80,60.20
2024-08-01,H04,Charcuterie,Restaurants,Lower Mainland,129,96.00,0.00,12346.80,54.61,7044.69,205.57
2024-08-01,H04,Charcuterie,Restaurants,Vancouver Island,47,96.00,0.01,4507.40,54.67,2569.49,159.96
2024-08-01,H04,Charcuterie,Restaurants,BC Interior,44,96.00,0.00,4219.75,54.72,2407.68,171.77
2024-08-01,H04,Charcuterie,Grocery Retail,Lower Mainland,82,96.00,0.01,6837.55,54.83,4496.06,129.76
2024-08-01,H04,Charcuterie,Grocery Retail,Vancouver Island,32,96.00,0.03,2622.48,54.83,1754.56,109.34
2024-08-01,H04,Charcuterie,Grocery Retail,BC Interior,31,96.00,0.01,2597.84,54.61,1692.91,124.41
2024-08-01,H04,Charcuterie,Hotels & Institutions,Lower Mainland,49,96.00,0.00,4450.92,54.77,2683.73,77.77
2024-08-01,H04,Charcuterie,Hotels & Institutions,Vancouver Island,19,96.00,0.00,1722.42,54.83,1041.77,62.66
2024-08-01,H04,Charcuterie,Hotels & Institutions,BC Interior,18,96.00,0.00,1631.76,54.77,985.86,70.62
2024-08-01,H04,Charcuterie,Online Direct,Lower Mainland,22,96.00,0.01,2346.52,54.88,1207.36,228.87
2024-08-01,H04,Charcuterie,Online Direct,Vancouver Island,8,96.00,0.01,852.44,54.83,438.64,93.58
2024-08-01,H04,Charcuterie,Online Direct,BC Interior,8,96.00,0.01,853.29,54.61,436.88,100.49
2024-08-01,D01,Cheese & Dairy,Restaurants,Lower Mainland,211,142.00,0.01,29543.25,88.13,18595.43,341.65
2024-08-01,D01,Cheese & Dairy,Restaurants,Vancouver Island,75,142.00,0.01,10469.40,88.22,6616.50,247.60
2024-08-01,D01,Cheese & Dairy,Restaurants,BC Interior,77,142.00,0.00,10944.91,87.95,6772.15,292.19
2024-08-01,D01,Cheese & Dairy,Grocery Retail,Lower Mainland,140,142.00,0.03,16988.81,87.86,12300.40,223.55
2024-08-01,D01,Cheese & Dairy,Grocery Retail,Vancouver Island,51,142.00,0.01,6277.65,88.22,4499.22,168.54
2024-08-01,D01,Cheese & Dairy,Grocery Retail,BC Interior,51,142.00,0.00,6392.05,88.22,4499.22,204.47
2024-08-01,D01,Cheese & Dairy,Hotels & Institutions,Lower Mainland,86,142.00,0.01,11520.26,88.04,7571.44,137.05
2024-08-01,D01,Cheese & Dairy,Hotels & Institutions,Vancouver Island,30,142.00,0.01,3998.44,88.13,2643.90,103.22
2024-08-01,D01,Cheese & Dairy,Hotels & Institutions,BC Interior,29,142.00,0.01,3892.48,87.95,2550.55,114.46
2024-08-01,D01,Cheese & Dairy,Online Direct,Lower Mainland,38,142.00,0.00,6049.53,88.30,3355.40,394.93
2024-08-01,D01,Cheese & Dairy,Online Direct,Vancouver Island,13,142.00,0.00,2067.49,87.78,1141.14,157.02
2024-08-01,D01,Cheese & Dairy,Online Direct,BC Interior,13,142.00,0.01,2063.34,88.13,1145.69,158.14
2024-08-01,D02,Cheese & Dairy,Restaurants,Lower Mainland,178,118.00,0.01,20751.95,72.35,12878.30,288.79
2024-08-01,D02,Cheese & Dairy,Restaurants,Vancouver Island,64,118.00,0.01,7506.69,72.57,4644.48,222.39
2024-08-01,D02,Cheese & Dairy,Restaurants,BC Interior,62,118.00,0.00,7286.74,72.50,4495.00,236.72
2024-08-01,D02,Cheese & Dairy,Grocery Retail,Lower Mainland,121,118.00,0.01,12489.25,72.57,8780.97,188.76
2024-08-01,D02,Cheese & Dairy,Grocery Retail,Vancouver Island,43,118.00,0.04,4304.38,72.50,3117.50,148.39
2024-08-01,D02,Cheese & Dairy,Grocery Retail,BC Interior,44,118.00,0.02,4473.26,72.79,3202.76,175.20
2024-08-01,D02,Cheese & Dairy,Hotels & Institutions,Lower Mainland,71,118.00,0.01,7832.14,72.79,5168.09,115.42
2024-08-01,D02,Cheese & Dairy,Hotels & Institutions,Vancouver Island,25,118.00,0.01,2794.06,72.79,1819.75,86.19
2024-08-01,D02,Cheese & Dairy,Hotels & Institutions,BC Interior,27,118.00,0.00,3020.64,72.57,1959.39,103.62
2024-08-01,D02,Cheese & Dairy,Online Direct,Lower Mainland,31,118.00,0.00,4080.58,72.72,2254.32,309.34
2024-08-01,D02,Cheese & Dairy,Online Direct,Vancouver Island,11,118.00,0.01,1446.49,72.42,796.62,133.26
2024-08-01,D02,Cheese & Dairy,Online Direct,BC Interior,12,118.00,0.01,1570.04,72.35,868.20,151.92
2024-08-01,D03,Cheese & Dairy,Restaurants,Lower Mainland,89,236.00,0.00,20878.17,148.53,13219.17,141.26
2024-08-01,D03,Cheese & Dairy,Restaurants,Vancouver Island,34,236.00,0.01,7935.88,148.23,5039.82,113.87
2024-08-01,D03,Cheese & Dairy,Restaurants,BC Interior,33,236.00,0.01,7764.56,149.13,4921.29,128.31
2024-08-01,D03,Cheese & Dairy,Grocery Retail,Lower Mainland,65,236.00,0.01,13377.90,148.83,9673.95,101.09
2024-08-01,D03,Cheese & Dairy,Grocery Retail,Vancouver Island,22,236.00,0.03,4432.37,149.13,3280.86,74.43
2024-08-01,D03,Cheese & Dairy,Grocery Retail,BC Interior,22,236.00,0.03,4436.32,148.38,3264.36,84.77
2024-08-01,D03,Cheese & Dairy,Hotels & Institutions,Lower Mainland,38,236.00,0.01,8451.27,148.38,5638.44,61.53
2024-08-01,D03,Cheese & Dairy,Hotels & Institutions,Vancouver Island,14,236.00,0.01,3097.95,148.98,2085.72,48.12
2024-08-01,D03,Cheese & Dairy,Hotels & Institutions,BC Interior,14,236.00,0.01,3091.83,149.13,2087.82,55.64
2024-08-01,D03,Cheese & Dairy,Online Direct,Lower Mainland,17,236.00,0.00,4475.47,148.23,2519.91,168.95
2024-08-01,D03,Cheese & Dairy,Online Direct,Vancouver Island,6,236.00,0.00,1584.33,148.38,890.28,69.40
2024-08-01,D03,Cheese & Dairy,Online Direct,BC Interior,6,236.00,0.01,1570.09,148.83,892.98,76.26
2024-08-01,D04,Cheese & Dairy,Restaurants,Lower Mainland,247,86.00,0.01,21072.21,52.51,12969.97,390.46
2024-08-01,D04,Cheese & Dairy,Restaurants,Vancouver Island,90,86.00,0.01,7677.82,52.36,4712.40,301.72
2024-08-01,D04,Cheese & Dairy,Restaurants,BC Interior,95,86.00,0.01,8055.95,52.62,4998.90,362.35
2024-08-01,D04,Cheese & Dairy,Grocery Retail,Lower Mainland,173,86.00,0.03,12751.88,52.51,9084.23,282.89
2024-08-01,D04,Cheese & Dairy,Grocery Retail,Vancouver Island,63,86.00,0.01,4687.03,52.36,3298.68,211.20
2024-08-01,D04,Cheese & Dairy,Grocery Retail,BC Interior,61,86.00,0.01,4565.64,52.62,3209.82,233.86
2024-08-01,D04,Cheese & Dairy,Hotels & Institutions,Lower Mainland,103,86.00,0.00,8389.85,52.30,5386.90,168.92
2024-08-01,D04,Cheese & Dairy,Hotels & Institutions,Vancouver Island,39,86.00,0.00,3170.38,52.56,2049.84,132.33
2024-08-01,D04,Cheese & Dairy,Hotels & Institutions,BC Interior,38,86.00,0.01,3061.18,52.51,1995.38,148.79
2024-08-01,D04,Cheese & Dairy,Online Direct,Lower Mainland,47,86.00,0.01,4481.84,52.51,2467.97,463.78
2024-08-01,D04,Cheese & Dairy,Online Direct,Vancouver Island,16,86.00,0.01,1521.13,52.30,836.80,194.97
2024-08-01,D04,Cheese & Dairy,Online Direct,BC Interior,16,86.00,0.01,1519.61,52.62,841.92,193.24
2024-09-01,B01,Beef,Restaurants,Lower Mainland,263,268.00,0.01,69710.37,198.91,52313.33,429.64
2024-09-01,B01,Beef,Restaurants,Vancouver Island,99,268.00,0.01,26398.97,197.92,19594.08,343.00
2024-09-01,B01,Beef,Restaurants,BC Interior,94,268.00,0.01,24814.47,198.52,18660.88,358.90
2024-09-01,B01,Beef,Grocery Retail,Lower Mainland,177,268.00,0.02,40908.81,198.52,35138.04,279.24
2024-09-01,B01,Beef,Grocery Retail,Vancouver Island,66,268.00,0.04,15050.69,198.32,13089.12,227.32
2024-09-01,B01,Beef,Grocery Retail,BC Interior,65,268.00,0.00,15222.48,197.73,12852.45,247.16
2024-09-01,B01,Beef,Hotels & Institutions,Lower Mainland,108,268.00,0.01,27139.95,198.12,21396.96,172.28
2024-09-01,B01,Beef,Hotels & Institutions,Vancouver Island,38,268.00,0.01,9549.32,198.32,7536.16,129.46
2024-09-01,B01,Beef,Hotels & Institutions,BC Interior,40,268.00,0.00,10183.99,198.32,7932.80,152.26
2024-09-01,B01,Beef,Online Direct,Lower Mainland,49,268.00,0.01,14531.35,197.73,9688.77,482.53
2024-09-01,B01,Beef,Online Direct,Vancouver Island,18,268.00,0.01,5359.66,198.72,3576.96,215.91
2024-09-01,B01,Beef,Online Direct,BC Interior,17,268.00,0.00,5067.06,198.12,3368.04,211.64
2024-09-01,B02,Beef,Restaurants,Lower Mainland,707,118.00,0.01,82425.81,86.90,61438.30,1160.61
2024-09-01,B02,Beef,Restaurants,Vancouver Island,262,118.00,0.00,30884.71,86.82,22746.84,870.31
2024-09-01,B02,Beef,Restaurants,BC Interior,269,118.00,0.00,31678.42,86.90,23376.10,1036.51
2024-09-01,B02,Beef,Grocery Retail,Lower Mainland,472,118.00,0.03,47447.02,86.47,40813.84,772.57
2024-09-01,B02,Beef,Grocery Retail,Vancouver Island,173,118.00,0.04,17314.73,86.99,15049.27,574.67
2024-09-01,B02,Beef,Grocery Retail,BC Interior,178,118.00,0.01,18225.49,86.90,15468.20,710.17
2024-09-01,B02,Beef,Hotels & Institutions,Lower Mainland,290,118.00,0.01,32314.11,86.64,25125.60,459.82
2024-09-01,B02,Beef,Hotels & Institutions,Vancouver Island,109,118.00,0.00,12182.27,86.73,9453.57,366.89
2024-09-01,B02,Beef,Hotels & Institutions,BC Interior,110,118.00,0.01,12244.14,86.64,9530.40,427.71
2024-09-01,B02,Beef,Online Direct,Lower Mainland,125,118.00,0.01,16437.40,86.56,10820.00,1285.22
2024-09-01,B02,Beef,Online Direct,Vancouver Island,47,118.00,0.01,6137.05,86.64,4072.08,553.71
2024-09-01,B02,Beef,Online Direct,BC Interior,49,118.00,0.01,6423.82,86.90,4258.10,608.82
2024-09-01,B03,Beef,Restaurants,Lower Mainland,304,196.00,0.01,59224.89,146.31,44478.24,474.73
2024-09-01,B03,Beef,Restaurants,Vancouver Island,116,196.00,0.01,22395.55,145.73,16904.68,398.74
2024-09-01,B03,Beef,Restaurants,BC Interior,112,196.00,0.01,21601.82,145.58,16304.96,430.25
2024-09-01,B03,Beef,Grocery Retail,Lower Mainland,206,196.00,0.04,34177.86,145.87,30049.22,322.68
2024-09-01,B03,Beef,Grocery Retail,Vancouver Island,78,196.00,0.03,13075.94,146.46,11423.88,266.79
2024-09-01,B03,Beef,Grocery Retail,BC Interior,75,196.00,0.00,12897.19,145.58,10918.50,290.45
2024-09-01,B03,Beef,Hotels & Institutions,Lower Mainland,127,196.00,0.00,23576.51,146.31,18581.37,199.14
2024-09-01,B03,Beef,Hotels & Institutions,Vancouver Island,44,196.00,0.00,8160.05,146.46,6444.24,149.00
2024-09-01,B03,Beef,Hotels & Institutions,BC Interior,45,196.00,0.00,8378.87,145.58,6551.10,175.15
2024-09-01,B03,Beef,Online Direct,Lower Mainland,56,196.00,0.01,12157.38,146.02,8177.12,558.81
2024-09-01,B03,Beef,Online Direct,Vancouver Island,21,196.00,0.00,4596.10,145.87,3063.27,252.15
2024-09-01,B03,Beef,Online Direct,BC Interior,21,196.00,0.01,4582.23,146.31,3072.51,261.70
2024-09-01,B04,Beef,Restaurants,Lower Mainland,141,342.00,0.01,47689.53,257.01,36238.41,225.37
2024-09-01,B04,Beef,Restaurants,Vancouver Island,52,342.00,0.01,17606.16,257.27,13378.04,176.62
2024-09-01,B04,Beef,Restaurants,BC Interior,54,342.00,0.00,18486.47,255.99,13823.46,210.60
2024-09-01,B04,Beef,Grocery Retail,Lower Mainland,104,342.00,0.01,30862.68,256.76,26703.04,170.56
2024-09-01,B04,Beef,Grocery Retail,Vancouver Island,37,342.00,0.01,11024.34,255.99,9471.63,126.18
2024-09-01,B04,Beef,Grocery Retail,BC Interior,35,342.00,0.03,10155.11,257.27,9004.45,137.59
2024-09-01,B04,Beef,Hotels & Institutions,Lower Mainland,61,342.00,0.00,19799.08,255.73,15599.53,99.36
2024-09-01,B04,Beef,Hotels & Institutions,Vancouver Island,22,342.00,0.01,7104.91,256.24,5637.28,72.56
2024-09-01,B04,Beef,Hotels & Institutions,BC Interior,23,342.00,0.01,7405.06,256.50,5899.50,88.53
2024-09-01,B04,Beef,Online Direct,Lower Mainland,26,342.00,0.00,9998.88,256.76,6675.76,256.30
2024-09-01,B04,Beef,Online Direct,Vancouver Island,10,342.00,0.00,3830.38,255.99,2559.90,119.71
2024-09-01,B04,Beef,Online Direct,BC Interior,10,342.00,0.01,3791.88,257.27,2572.70,124.37
2024-09-01,P01,Pork,Restaurants,Lower Mainland,380,132.00,0.00,50009.32,92.22,35043.60,590.37
2024-09-01,P01,Pork,Restaurants,Vancouver Island,145,132.00,0.00,19044.38,92.12,13357.40,480.18
2024-09-01,P01,Pork,Restaurants,BC Interior,140,132.00,0.01,18332.29,92.49,12948.60,532.35
2024-09-01,P01,Pork,Grocery Retail,Lower Mainland,268,132.00,0.01,30633.25,92.58,24811.44,420.22
2024-09-01,P01,Pork,Grocery Retail,Vancouver Island,96,132.00,0.00,11106.80,92.22,8853.12,318.57
2024-09-01,P01,Pork,Grocery Retail,BC Interior,94,132.00,0.00,10897.21,92.22,8668.68,370.27
2024-09-01,P01,Pork,Hotels & Institutions,Lower Mainland,151,132.00,0.01,18859.05,92.49,13965.99,235.32
2024-09-01,P01,Pork,Hotels & Institutions,Vancouver Island,55,132.00,0.01,6834.93,92.49,5086.95,188.12
2024-09-01,P01,Pork,Hotels & Institutions,BC Interior,59,132.00,0.00,7339.53,92.22,5440.98,233.32
2024-09-01,P01,Pork,Online Direct,Lower Mainland,69,132.00,0.01,10108.78,92.49,6381.81,682.27
2024-09-01,P01,Pork,Online Direct,Vancouver Island,24,132.00,0.01,3505.62,92.22,2213.28,292.17
2024-09-01,P01,Pork,Online Direct,BC Interior,26,132.00,0.01,3801.46,92.22,2397.72,326.91
2024-09-01,P02,Pork,Restaurants,Lower Mainland,267,104.00,0.01,27351.48,71.76,19159.92,415.67
2024-09-01,P02,Pork,Restaurants,Vancouver Island,97,104.00,0.01,10067.67,71.83,6967.51,327.82
2024-09-01,P02,Pork,Restaurants,BC Interior,101,104.00,0.01,10430.54,71.98,7269.98,388.78
2024-09-01,P02,Pork,Grocery Retail,Lower Mainland,190,104.00,0.03,16799.20,71.54,13592.60,311.90
2024-09-01,P02,Pork,Grocery Retail,Vancouver Island,65,104.00,0.02,5830.04,71.62,4655.30,215.92
2024-09-01,P02,Pork,Grocery Retail,BC Interior,65,104.00,0.04,5705.58,71.90,4673.50,260.09
2024-09-01,P02,Pork,Hotels & Institutions,Lower Mainland,110,104.00,0.01,10726.96,71.76,7893.60,171.60
2024-09-01,P02,Pork,Hotels & Institutions,Vancouver Island,40,104.00,0.00,3948.02,71.69,2867.60,139.67
2024-09-01,P02,Pork,Hotels & Institutions,BC Interior,40,104.00,0.01,3936.11,71.83,2873.20,157.09
2024-09-01,P02,Pork,Online Direct,Lower Mainland,49,104.00,0.01,5610.79,71.98,3527.02,501.83
2024-09-01,P02,Pork,Online Direct,Vancouver Island,18,104.00,0.01,2086.16,71.62,1289.16,218.27
2024-09-01,P02,Pork,Online Direct,BC Interior,18,104.00,0.01,2077.66,71.98,1295.64,216.73
2024-09-01,P03,Pork,Restaurants,Lower Mainland,241,146.00,0.01,34869.82,102.72,24755.52,382.13
2024-09-01,P03,Pork,Restaurants,Vancouver Island,90,146.00,0.00,13153.11,102.62,9235.80,305.08
2024-09-01,P03,Pork,Restaurants,BC Interior,86,146.00,0.00,12518.36,102.93,8851.98,334.39
2024-09-01,P03,Pork,Grocery Retail,Lower Mainland,168,146.00,0.02,21109.78,103.14,17327.52,265.04
2024-09-01,P03,Pork,Grocery Retail,Vancouver Island,61,146.00,0.01,7696.65,102.83,6272.63,209.27
2024-09-01,P03,Pork,Grocery Retail,BC Interior,59,146.00,0.04,7277.95,102.72,6060.48,235.16
2024-09-01,P03,Pork,Hotels & Institutions,Lower Mainland,103,146.00,0.00,14285.87,102.93,10601.79,165.62
2024-09-01,P03,Pork,Hotels & Institutions,Vancouver Island,36,146.00,0.00,4963.28,103.14,3713.04,123.75
2024-09-01,P03,Pork,Hotels & Institutions,BC Interior,36,146.00,0.01,4973.17,103.14,3713.04,142.08
2024-09-01,P03,Pork,Online Direct,Lower Mainland,43,146.00,0.00,6982.22,102.62,4412.66,422.14
2024-09-01,P03,Pork,Online Direct,Vancouver Island,17,146.00,0.01,2735.40,103.14,1753.38,196.64
2024-09-01,P03,Pork,Online Direct,BC Interior,16,146.00,0.01,2605.82,102.62,1641.92,201.38
2024-09-01,P04,Pork,Restaurants,Lower Mainland,364,92.00,0.00,33487.70,64.00,23296.00,581.82
2024-09-01,P04,Pork,Restaurants,Vancouver Island,124,92.00,0.00,11373.73,63.81,7912.44,408.95
2024-09-01,P04,Pork,Restaurants,BC Interior,128,92.00,0.01,11635.06,64.00,8192.00,491.21
2024-09-01,P04,Pork,Grocery Retail,Lower Mainland,242,92.00,0.01,19298.71,63.81,15442.02,381.39
2024-09-01,P04,Pork,Grocery Retail,Vancouver Island,90,92.00,0.00,7250.00,64.00,5760.00,303.25
2024-09-01,P04,Pork,Grocery Retail,BC Interior,90,92.00,0.03,7089.24,64.07,5766.30,345.38
2024-09-01,P04,Pork,Hotels & Institutions,Lower Mainland,141,92.00,0.01,12212.66,63.88,9007.08,224.92
2024-09-01,P04,Pork,Hotels & Institutions,Vancouver Island,51,92.00,0.01,4412.72,63.94,3260.94,177.56
2024-09-01,P04,Pork,Hotels & Institutions,BC Interior,52,92.00,0.00,4549.29,63.94,3324.88,202.60
2024-09-01,P04,Pork,Online Direct,Lower Mainland,63,92.00,0.01,6420.18,63.81,4020.03,620.39
2024-09-01,P04,Pork,Online Direct,Vancouver Island,24,92.00,0.01,2448.25,64.13,1539.12,291.60
2024-09-01,P04,Pork,Online Direct,BC Interior,24,92.00,0.01,2438.30,63.94,1534.56,305.04
2024-09-01,C01,Poultry,Restaurants,Lower Mainland,611,78.00,0.00,47420.00,56.38,34448.18,1000.08
2024-09-01,C01,Poultry,Restaurants,Vancouver Island,230,78.00,0.00,17850.37,56.55,13006.50,787.47
2024-09-01,C01,Poultry,Restaurants,BC Interior,233,78.00,0.01,18010.43,56.66,13201.78,897.80
2024-09-01,C01,Poultry,Grocery Retail,Lower Mainland,420,78.00,0.02,28196.21,56.55,23751.00,683.42
2024-09-01,C01,Poultry,Grocery Retail,Vancouver Island,159,78.00,0.00,10848.36,56.72,9018.48,540.60
2024-09-01,C01,Poultry,Grocery Retail,BC Interior,159,78.00,0.04,10488.12,56.61,9000.99,606.46
2024-09-01,C01,Poultry,Hotels & Institutions,Lower Mainland,251,78.00,0.01,18561.62,56.61,14209.11,395.58
2024-09-01,C01,Poultry,Hotels & Institutions,Vancouver Island,94,78.00,0.00,6972.37,56.61,5321.34,317.36
2024-09-01,C01,Poultry,Hotels & Institutions,BC Interior,91,78.00,0.00,6716.15,56.38,5130.58,358.09
2024-09-01,C01,Poultry,Online Direct,Lower Mainland,111,78.00,0.01,9628.65,56.61,6283.71,1121.10
2024-09-01,C01,Poultry,Online Direct,Vancouver Island,41,78.00,0.01,3535.33,56.61,2321.01,496.19
2024-09-01,C01,Poultry,Online Direct,BC Interior,43,78.00,0.00,3763.96,56.44,2426.92,546.00
2024-09-01,C02,Poultry,Restaurants,Lower Mainland,577,124.00,0.00,71690.52,89.28,51514.56,941.66
2024-09-01,C02,Poultry,Restaurants,Vancouver Island,192,124.00,0.01,23380.79,89.10,17107.20,656.72
2024-09-01,C02,Poultry,Restaurants,BC Interior,194,124.00,0.01,23742.55,89.10,17285.40,735.42
2024-09-01,C02,Poultry,Grocery Retail,Lower Mainland,389,124.00,0.04,40837.72,89.19,34694.91,615.55
2024-09-01,C02,Poultry,Grocery Retail,Vancouver Island,133,124.00,0.01,14454.73,89.55,11910.15,450.39
2024-09-01,C02,Poultry,Grocery Retail,BC Interior,142,124.00,0.02,15308.11,89.37,12690.54,555.46
2024-09-01,C02,Poultry,Hotels & Institutions,Lower Mainland,216,124.00,0.00,25292.33,89.01,19226.16,344.56
2024-09-01,C02,Poultry,Hotels & Institutions,Vancouver Island,78,124.00,0.00,9160.85,89.10,6949.80,260.16
2024-09-01,C02,Poultry,Hotels & Institutions,BC Interior,81,124.00,0.01,9389.40,89.19,7224.39,307.69
2024-09-01,C02,Poultry,Online Direct,Lower Mainland,100,124.00,0.01,13845.95,89.55,8955.00,987.78
2024-09-01,C02,Poultry,Online Direct,Vancouver Island,36,124.00,0.00,4969.73,89.19,3210.84,417.26
2024-09-01,C02,Poultry,Online Direct,BC Interior,38,124.00,0.00,5272.13,89.10,3385.80,467.90
2024-09-01,C03,Poultry,Restaurants,Lower Mainland,452,96.00,0.01,43087.91,68.78,31088.56,738.39
2024-09-01,C03,Poultry,Restaurants,Vancouver Island,157,96.00,0.01,15056.63,68.71,10787.47,538.07
2024-09-01,C03,Poultry,Restaurants,BC Interior,167,96.00,0.01,15807.55,68.85,11497.95,667.58
2024-09-01,C03,Poultry,Grocery Retail,Lower Mainland,307,96.00,0.03,25081.83,68.64,21072.48,497.09
2024-09-01,C03,Poultry,Grocery Retail,Vancouver Island,112,96.00,0.02,9300.34,68.71,7695.52,392.22
2024-09-01,C03,Poultry,Grocery Retail,BC Interior,116,96.00,0.02,9526.23,68.64,7962.24,465.07
2024-09-01,C03,Poultry,Hotels & Institutions,Lower Mainland,178,96.00,0.00,16136.33,68.78,12242.84,285.37
2024-09-01,C03,Poultry,Hotels & Institutions,Vancouver Island,65,96.00,0.01,5839.34,68.43,4447.95,219.90
2024-09-01,C03,Poultry,Hotels & Institutions,BC Interior,69,96.00,0.01,6217.46,68.78,4745.82,273.41
2024-09-01,C03,Poultry,Online Direct,Lower Mainland,86,96.00,0.01,9154.03,68.64,5903.04,880.76
2024-09-01,C03,Poultry,Online Direct,Vancouver Island,29,96.00,0.00,3118.03,68.78,1994.62,354.07
2024-09-01,C03,Poultry,Online Direct,BC Interior,29,96.00,0.01,3114.90,68.78,1994.62,351.33
2024-09-01,C04,Poultry,Restaurants,Lower Mainland,107,188.00,0.00,20035.60,131.60,14081.20,172.91
2024-09-01,C04,Poultry,Restaurants,Vancouver Island,39,188.00,0.01,7207.74,131.99,5147.61,130.08
2024-09-01,C04,Poultry,Restaurants,BC Interior,39,188.00,0.00,7331.99,131.47,5127.33,148.60
2024-09-01,C04,Poultry,Grocery Retail,Lower Mainland,73,188.00,0.03,11810.52,131.73,9616.29,114.23
2024-09-01,C04,Poultry,Grocery Retail,Vancouver Island,25,188.00,0.03,4032.25,131.60,3290.00,82.45
2024-09-01,C04,Poultry,Grocery Retail,BC Interior,27,188.00,0.04,4275.34,131.99,3563.73,103.51
2024-09-01,C04,Poultry,Hotels & Institutions,Lower Mainland,44,188.00,0.01,7779.73,131.73,5796.12,71.24
2024-09-01,C04,Poultry,Hotels & Institutions,Vancouver Island,16,188.00,0.01,2831.93,131.73,2107.68,55.65
2024-09-01,C04,Poultry,Hotels & Institutions,BC Interior,16,188.00,0.00,2854.73,131.99,2111.84,63.77
2024-09-01,C04,Poultry,Online Direct,Lower Mainland,19,188.00,0.00,3976.67,131.21,2492.99,197.47
2024-09-01,C04,Poultry,Online Direct,Vancouver Island,7,188.00,0.00,1475.38,131.21,918.47,81.55
2024-09-01,C04,Poultry,Online Direct,BC Interior,7,188.00,0.01,1459.12,131.34,919.38,87.06
2024-09-01,S01,Seafood,Restaurants,Lower Mainland,288,176.00,0.01,50081.37,132.48,38154.24,460.34
2024-09-01,S01,Seafood,Restaurants,Vancouver Island,103,176.00,0.00,18109.65,133.15,13714.45,348.45
2024-09-01,S01,Seafood,Restaurants,BC Interior,102,176.00,0.01,17897.96,132.48,13512.96,387.86
2024-09-01,S01,Seafood,Grocery Retail,Lower Mainland,199,176.00,0.00,30728.53,132.48,26363.52,327.95
2024-09-01,S01,Seafood,Grocery Retail,Vancouver Island,70,176.00,0.02,10667.74,132.88,9301.60,242.28
2024-09-01,S01,Seafood,Grocery Retail,BC Interior,67,176.00,0.00,10356.12,132.48,8876.16,267.57
2024-09-01,S01,Seafood,Hotels & Institutions,Lower Mainland,116,176.00,0.00,19414.48,133.01,15429.16,182.44
2024-09-01,S01,Seafood,Hotels & Institutions,Vancouver Island,43,176.00,0.01,7124.82,132.48,5696.64,150.00
2024-09-01,S01,Seafood,Hotels & Institutions,BC Interior,43,176.00,0.00,7168.03,132.48,5696.64,164.68
2024-09-01,S01,Seafood,Online Direct,Lower Mainland,53,176.00,0.01,10415.73,132.88,7042.64,540.65
2024-09-01,S01,Seafood,Online Direct,Vancouver Island,19,176.00,0.00,3745.28,132.88,2524.72,223.61
2024-09-01,S01,Seafood,Online Direct,BC Interior,18,176.00,0.00,3526.90,133.01,2394.18,229.00
2024-09-01,S02,Seafood,Restaurants,Lower Mainland,125,214.00,0.00,26722.93,160.34,20042.50,195.40
2024-09-01,S02,Seafood,Restaurants,Vancouver Island,45,214.00,0.01,9572.15,160.66,7229.70,152.23
2024-09-01,S02,Seafood,Restaurants,BC Interior,46,214.00,0.01,9804.42,160.18,7368.28,184.42
2024-09-01,S02,Seafood,Grocery Retail,Lower Mainland,87,214.00,0.01,16106.00,160.02,13921.74,143.10
2024-09-01,S02,Seafood,Grocery Retail,Vancouver Island,31,214.00,0.02,5709.35,160.82,4985.42,104.03
2024-09-01,S02,Seafood,Grocery Retail,BC Interior,31,214.00,0.00,5855.41,160.18,4965.58,118.24
2024-09-01,S02,Seafood,Hotels & Institutions,Lower Mainland,50,214.00,0.01,10032.55,160.98,8049.00,78.56
2024-09-01,S02,Seafood,Hotels & Institutions,Vancouver Island,18,214.00,0.00,3630.18,160.02,2880.36,62.06
2024-09-01,S02,Seafood,Hotels & Institutions,BC Interior,18,214.00,0.00,3652.05,160.50,2889.00,69.64
2024-09-01,S02,Seafood,Online Direct,Lower Mainland,22,214.00,0.01,5204.41,160.66,3534.52,224.87
2024-09-01,S02,Seafood,Online Direct,Vancouver Island,8,214.00,0.01,1888.76,160.18,1281.44,97.39
2024-09-01,S02,Seafood,Online Direct,BC Interior,8,214.00,0.00,1904.04,160.02,1280.16,100.79
2024-09-01,S03,Seafood,Restaurants,Lower Mainland,75,305.00,0.01,22806.15,227.68,17076.00,120.12
2024-09-01,S03,Seafood,Restaurants,Vancouver Island,28,305.00,0.01,8497.30,226.77,6349.56,96.15
2024-09-01,S03,Seafood,Restaurants,BC Interior,28,305.00,0.01,8463.31,227.91,6381.48,106.80
2024-09-01,S03,Seafood,Grocery Retail,Lower Mainland,52,305.00,0.02,13636.63,227.00,11804.00,84.45
2024-09-01,S03,Seafood,Grocery Retail,Vancouver Island,19,305.00,0.02,5012.48,226.77,4308.63,65.25
2024-09-01,S03,Seafood,Grocery Retail,BC Interior,20,305.00,0.01,5341.08,227.22,4544.40,77.53
2024-09-01,S03,Seafood,Hotels & Institutions,Lower Mainland,32,305.00,0.01,9216.00,227.22,7271.04,52.68
2024-09-01,S03,Seafood,Hotels & Institutions,Vancouver Island,11,305.00,0.01,3174.46,227.22,2499.42,36.69
2024-09-01,S03,Seafood,Hotels & Institutions,BC Interior,11,305.00,0.01,3149.09,227.22,2499.42,43.37
2024-09-01,S03,Seafood,Online Direct,Lower Mainland,13,305.00,0.01,4361.07,227.68,2959.84,135.11
2024-09-01,S03,Seafood,Online Direct,Vancouver Island,5,305.00,0.00,1697.77,227.91,1139.55,60.51
2024-09-01,S03,Seafood,Online Direct,BC Interior,5,305.00,0.01,1685.80,227.45,1137.25,61.88
2024-09-01,S04,Seafood,Restaurants,Lower Mainland,139,138.00,0.01,19085.97,103.29,14357.31,216.40
2024-09-01,S04,Seafood,Restaurants,Vancouver Island,51,138.00,0.00,7037.99,103.29,5267.79,168.54
2024-09-01,S04,Seafood,Restaurants,BC Interior,54,138.00,0.00,7422.22,103.29,5577.66,209.76
2024-09-01,S04,Seafood,Grocery Retail,Lower Mainland,95,138.00,0.03,11236.53,103.50,9832.50,150.48
2024-09-01,S04,Seafood,Grocery Retail,Vancouver Island,35,138.00,0.04,4092.63,103.60,3626.00,118.05
2024-09-01,S04,Seafood,Grocery Retail,BC Interior,35,138.00,0.03,4152.43,103.40,3619.00,132.81
2024-09-01,S04,Seafood,Hotels & Institutions,Lower Mainland,57,138.00,0.01,7442.57,103.60,5905.20,93.94
2024-09-01,S04,Seafood,Hotels & Institutions,Vancouver Island,20,138.00,0.01,2611.50,103.60,2072.00,69.16
2024-09-01,S04,Seafood,Hotels & Institutions,BC Interior,22,138.00,0.01,2855.43,103.60,2279.20,86.83
2024-09-01,S04,Seafood,Online Direct,Lower Mainland,26,138.00,0.01,3958.34,103.50,2691.00,268.11
2024-09-01,S04,Seafood,Online Direct,Vancouver Island,9,138.00,0.01,1364.69,103.60,932.40,106.99
2024-09-01,S04,Seafood,Online Direct,BC Interior,9,138.00,0.01,1378.47,103.50,931.50,112.27
2024-09-01,H01,Charcuterie,Restaurants,Lower Mainland,166,188.00,0.01,30988.98,109.15,18118.90,260.55
2024-09-01,H01,Charcuterie,Restaurants,Vancouver Island,58,188.00,0.01,10806.02,108.93,6317.94,195.82
2024-09-01,H01,Charcuterie,Restaurants,BC Interior,61,188.00,0.00,11456.51,109.15,6658.15,239.80
2024-09-01,H01,Charcuterie,Grocery Retail,Lower Mainland,109,188.00,0.03,17490.19,108.93,11873.37,174.75
2024-09-01,H01,Charcuterie,Grocery Retail,Vancouver Island,42,188.00,0.03,6746.06,109.15,4584.30,139.66
2024-09-01,H01,Charcuterie,Grocery Retail,BC Interior,43,188.00,0.04,6829.90,109.37,4702.91,168.20
2024-09-01,H01,Charcuterie,Hotels & Institutions,Lower Mainland,67,188.00,0.01,11870.08,109.26,7320.42,109.13
2024-09-01,H01,Charcuterie,Hotels & Institutions,Vancouver Island,25,188.00,0.01,4429.33,109.04,2726.00,84.40
2024-09-01,H01,Charcuterie,Hotels & Institutions,BC Interior,25,188.00,0.01,4411.42,108.93,2723.25,99.06
2024-09-01,H01,Charcuterie,Online Direct,Lower Mainland,31,188.00,0.01,6436.06,108.93,3376.83,321.55
2024-09-01,H01,Charcuterie,Online Direct,Vancouver Island,11,188.00,0.01,2290.65,109.15,1200.65,127.23
2024-09-01,H01,Charcuterie,Online Direct,BC Interior,11,188.00,0.01,2279.17,109.37,1203.07,137.63
2024-09-01,H02,Charcuterie,Restaurants,Lower Mainland,144,156.00,0.01,22306.35,89.52,12890.88,228.10
2024-09-01,H02,Charcuterie,Restaurants,Vancouver Island,53,156.00,0.01,8218.33,89.61,4749.33,179.66
2024-09-01,H02,Charcuterie,Restaurants,BC Interior,54,156.00,0.00,8407.13,89.52,4834.08,215.86
2024-09-01,H02,Charcuterie,Grocery Retail,Lower Mainland,99,156.00,0.01,13400.90,89.70,8880.30,159.51
2024-09-01,H02,Charcuterie,Grocery Retail,Vancouver Island,36,156.00,0.01,4907.40,89.52,3222.72,123.87
2024-09-01,H02,Charcuterie,Grocery Retail,BC Interior,37,156.00,0.03,4917.13,89.61,3315.57,143.43
2024-09-01,H02,Charcuterie,Hotels & Institutions,Lower Mainland,62,156.00,0.01,9087.33,89.52,5550.24,98.11
2024-09-01,H02,Charcuterie,Hotels & Institutions,Vancouver Island,21,156.00,0.01,3078.02,89.88,1887.48,71.76
2024-09-01,H02,Charcuterie,Hotels & Institutions,BC Interior,22,156.00,0.01,3224.59,89.43,1967.46,85.80
2024-09-01,H02,Charcuterie,Online Direct,Lower Mainland,27,156.00,0.01,4679.54,89.97,2429.19,268.06
2024-09-01,H02,Charcuterie,Online Direct,Vancouver Island,10,156.00,0.01,1715.83,89.70,897.00,119.00
2024-09-01,H02,Charcuterie,Online Direct,BC Interior,10,156.00,0.00,1747.19,89.97,899.70,123.13
2024-09-01,H03,Charcuterie,Restaurants,Lower Mainland,79,204.00,0.01,15986.30,120.36,9508.44,125.89
2024-09-01,H03,Charcuterie,Restaurants,Vancouver Island,28,204.00,0.01,5643.64,120.00,3360.00,97.10
2024-09-01,H03,Charcuterie,Restaurants,BC Interior,27,204.00,0.01,5420.03,120.36,3249.72,107.93
2024-09-01,H03,Charcuterie,Grocery Retail,Lower Mainland,54,204.00,0.02,9452.54,120.12,6486.48,86.66
2024-09-01,H03,Charcuterie,Grocery Retail,Vancouver Island,18,204.00,0.03,3130.97,120.36,2166.48,60.71
2024-09-01,H03,Charcuterie,Grocery Retail,BC Interior,19,204.00,0.02,3322.43,120.60,2291.40,74.69
2024-09-01,H03,Charcuterie,Hotels & Institutions,Lower Mainland,32,204.00,0.01,6145.56,120.12,3843.84,49.87
2024-09-01,H03,Charcuterie,Hotels & Institutions,Vancouver Island,12,204.00,0.00,2327.90,120.48,1445.76,40.72
2024-09-01,H03,Charcuterie,Hotels & Institutions,BC Interior,11,204.00,0.01,2106.12,120.12,1321.32,42.69
2024-09-01,H03,Charcuterie,Online Direct,Lower Mainland,14,204.00,0.00,3192.30,120.12,1681.68,142.96
2024-09-01,H03,Charcuterie,Online Direct,Vancouver Island,5,204.00,0.00,1142.38,120.72,603.60,58.19
2024-09-01,H03,Charcuterie,Online Direct,BC Interior,5,204.00,0.01,1127.55,120.48,602.40,61.50
2024-09-01,H04,Charcuterie,Restaurants,Lower Mainland,129,96.00,0.01,12247.03,54.83,7073.07,209.29
2024-09-01,H04,Charcuterie,Restaurants,Vancouver Island,46,96.00,0.01,4354.28,54.67,2514.82,159.68
2024-09-01,H04,Charcuterie,Restaurants,BC Interior,47,96.00,0.01,4453.48,54.56,2564.32,186.05
2024-09-01,H04,Charcuterie,Grocery Retail,Lower Mainland,86,96.00,0.03,7069.12,54.83,4715.38,138.43
2024-09-01,H04,Charcuterie,Grocery Retail,Vancouver Island,31,96.00,0.02,2579.55,54.88,1701.28,105.82
2024-09-01,H04,Charcuterie,Grocery Retail,BC Interior,31,96.00,0.02,2561.20,54.83,1699.73,121.63
2024-09-01,H04,Charcuterie,Hotels & Institutions,Lower Mainland,54,96.00,0.01,4850.93,54.56,2946.24,85.88
2024-09-01,H04,Charcuterie,Hotels & Institutions,Vancouver Island,19,96.00,0.00,1737.99,54.61,1037.59,63.44
2024-09-01,H04,Charcuterie,Hotels & Institutions,BC Interior,19,96.00,0.01,1725.83,54.77,1040.63,75.80
2024-09-01,H04,Charcuterie,Online Direct,Lower Mainland,23,96.00,0.01,2438.34,54.67,1257.41,236.02
2024-09-01,H04,Charcuterie,Online Direct,Vancouver Island,9,96.00,0.00,969.62,54.72,492.48,107.53
2024-09-01,H04,Charcuterie,Online Direct,BC Interior,9,96.00,0.00,967.68,54.56,491.04,113.27
2024-09-01,D01,Cheese & Dairy,Restaurants,Lower Mainland,216,142.00,0.01,30548.67,88.22,19055.52,335.92
2024-09-01,D01,Cheese & Dairy,Restaurants,Vancouver Island,75,142.00,0.01,10501.04,87.78,6583.50,250.16
2024-09-01,D01,Cheese & Dairy,Restaurants,BC Interior,74,142.00,0.01,10455.21,88.22,6528.28,292.35
2024-09-01,D01,Cheese & Dairy,Grocery Retail,Lower Mainland,144,142.00,0.03,17399.82,88.30,12715.20,233.63
2024-09-01,D01,Cheese & Dairy,Grocery Retail,Vancouver Island,52,142.00,0.01,6458.96,88.30,4591.60,176.27
2024-09-01,D01,Cheese & Dairy,Grocery Retail,BC Interior,51,142.00,0.04,6156.06,87.78,4476.78,200.89
2024-09-01,D01,Cheese & Dairy,Hotels & Institutions,Lower Mainland,87,142.00,0.00,11677.67,87.86,7643.82,138.78
2024-09-01,D01,Cheese & Dairy,Hotels & Institutions,Vancouver Island,30,142.00,0.01,4010.61,87.78,2633.40,99.35
2024-09-01,D01,Cheese & Dairy,Hotels & Institutions,BC Interior,31,142.00,0.00,4177.71,87.78,2721.18,120.90
2024-09-01,D01,Cheese & Dairy,Online Direct,Lower Mainland,39,142.00,0.01,6122.11,87.78,3423.42,395.87
2024-09-01,D01,Cheese & Dairy,Online Direct,Vancouver Island,14,142.00,0.00,2222.10,88.30,1236.20,167.10
2024-09-01,D01,Cheese & Dairy,Online Direct,BC Interior,14,142.00,0.01,2215.43,87.86,1230.04,174.99
2024-09-01,D02,Cheese & Dairy,Restaurants,Lower Mainland,175,118.00,0.00,20608.70,72.35,12661.25,283.08
2024-09-01,D02,Cheese & Dairy,Restaurants,Vancouver Island,69,118.00,0.01,8035.91,72.57,5007.33,239.29
2024-09-01,D02,Cheese & Dairy,Restaurants,BC Interior,68,118.00,0.01,7919.58,72.57,4934.76,270.50
2024-09-01,D02,Cheese & Dairy,Grocery Retail,Lower Mainland,122,118.00,0.01,12541.09,72.57,8853.54,190.91
2024-09-01,D02,Cheese & Dairy,Grocery Retail,Vancouver Island,43,118.00,0.00,4451.72,72.42,3114.06,142.98
2024-09-01,D02,Cheese & Dairy,Grocery Retail,BC Interior,47,118.00,0.04,4690.14,72.57,3410.79,187.15
2024-09-01,D02,Cheese & Dairy,Hotels & Institutions,Lower Mainland,73,118.00,0.01,8068.84,72.72,5308.56,113.65
2024-09-01,D02,Cheese & Dairy,Hotels & Institutions,Vancouver Island,28,118.00,0.01,3110.55,72.50,2030.00,97.77
2024-09-01,D02,Cheese & Dairy,Hotels & Institutions,BC Interior,28,118.00,0.01,3110.52,72.50,2030.00,108.33
2024-09-01,D02,Cheese & Dairy,Online Direct,Lower Mainland,35,118.00,0.00,4620.95,72.79,2547.65,364.10
2024-09-01,D02,Cheese & Dairy,Online Direct,Vancouver Island,12,118.00,0.00,1584.32,72.42,869.04,143.94
2024-09-01,D02,Cheese & Dairy,Online Direct,BC Interior,12,118.00,0.01,1584.30,72.57,870.84,145.23
2024-09-01,D03,Cheese & Dairy,Restaurants,Lower Mainland,97,236.00,0.01,22640.60,148.98,14451.06,156.91
2024-09-01,D03,Cheese & Dairy,Restaurants,Vancouver Island,34,236.00,0.01,7919.98,148.98,5065.32,115.37
2024-09-01,D03,Cheese & Dairy,Restaurants,BC Interior,36,236.00,0.01,8419.71,148.53,5347.08,137.59
2024-09-01,D03,Cheese & Dairy,Grocery Retail,Lower Mainland,68,236.00,0.00,14150.37,148.53,10100.04,108.91
2024-09-01,D03,Cheese & Dairy,Grocery Retail,Vancouver Island,24,236.00,0.01,4914.74,148.83,3571.92,83.15
2024-09-01,D03,Cheese & Dairy,Grocery Retail,BC Interior,24,236.00,0.03,4849.60,148.98,3575.52,95.10
2024-09-01,D03,Cheese & Dairy,Hotels & Institutions,Lower Mainland,40,236.00,0.00,8967.96,149.13,5965.20,62.66
2024-09-01,D03,Cheese & Dairy,Hotels & Institutions,Vancouver Island,14,236.00,0.01,3123.03,149.13,2087.82,46.60
2024-09-01,D03,Cheese & Dairy,Hotels & Institutions,BC Interior,14,236.00,0.01,3098.09,148.23,2075.22,56.13
2024-09-01,D03,Cheese & Dairy,Online Direct,Lower Mainland,18,236.00,0.00,4757.76,148.68,2676.24,181.44
2024-09-01,D03,Cheese & Dairy,Online Direct,Vancouver Island,6,236.00,0.00,1582.74,148.23,889.38,70.69
2024-09-01,D03,Cheese & Dairy,Online Direct,BC Interior,6,236.00,0.01,1574.81,148.83,892.98,74.03
2024-09-01,D04,Cheese & Dairy,Restaurants,Lower Mainland,262,86.00,0.01,22217.09,52.62,13786.44,419.62
2024-09-01,D04,Cheese & Dairy,Restaurants,Vancouver Island,98,86.00,0.00,8419.57,52.41,5136.18,334.20
2024-09-01,D04,Cheese & Dairy,Restaurants,BC Interior,95,86.00,0.01,8047.56,52.51,4988.45,380.13
2024-09-01,D04,Cheese & Dairy,Grocery Retail,Lower Mainland,180,86.00,0.01,13364.39,52.30,9414.00,287.14
2024-09-01,D04,Cheese & Dairy,Grocery Retail,Vancouver Island,67,86.00,0.04,4877.47,52.36,3508.12,230.76
2024-09-01,D04,Cheese & Dairy,Grocery Retail,BC Interior,67,86.00,0.02,4954.05,52.41,3511.47,258.95
2024-09-01,D04,Cheese & Dairy,Hotels & Institutions,Lower Mainland,104,86.00,0.00,8479.81,52.56,5466.24,170.23
2024-09-01,D04,Cheese & Dairy,Hotels & Institutions,Vancouver Island,39,86.00,0.01,3157.67,52.62,2052.18,130.08
2024-09-01,D04,Cheese & Dairy,Hotels & Institutions,BC Interior,38,86.00,0.01,3076.72,52.30,1987.40,147.16
2024-09-01,D04,Cheese & Dairy,Online Direct,Lower Mainland,47,86.00,0.01,4463.77,52.41,2463.27,461.88
2024-09-01,D04,Cheese & Dairy,Online Direct,Vancouver Island,17,86.00,0.01,1611.30,52.56,893.52,205.13
2024-09-01,D04,Cheese & Dairy,Online Direct,BC Interior,18,86.00,0.00,1733.75,52.62,947.16,228.78
2024-10-01,B01,Beef,Restaurants,Lower Mainland,250,268.00,0.01,65996.74,198.32,49580.00,394.40
2024-10-01,B01,Beef,Restaurants,Vancouver Island,91,268.00,0.01,24241.79,198.12,18028.92,310.64
2024-10-01,B01,Beef,Restaurants,BC Interior,92,268.00,0.00,24655.98,198.52,18263.84,355.93
2024-10-01,B01,Beef,Grocery Retail,Lower Mainland,169,268.00,0.01,39379.95,198.72,33583.68,278.51
2024-10-01,B01,Beef,Grocery Retail,Vancouver Island,63,268.00,0.02,14605.07,198.91,12531.33,219.77
2024-10-01,B01,Beef,Grocery Retail,BC Interior,61,268.00,0.01,14184.62,198.52,12109.72,231.24
2024-10-01,B01,Beef,Hotels & Institutions,Lower Mainland,105,268.00,0.01,26438.24,198.52,20844.60,163.80
2024-10-01,B01,Beef,Hotels & Institutions,Vancouver Island,38,268.00,0.01,9567.97,198.72,7551.36,131.40
2024-10-01,B01,Beef,Hotels & Institutions,BC Interior,36,268.00,0.01,9064.67,197.73,7118.28,137.87
2024-10-01,B01,Beef,Online Direct,Lower Mainland,44,268.00,0.01,13074.45,198.91,8752.04,446.62
2024-10-01,B01,Beef,Online Direct,Vancouver Island,16,268.00,0.01,4735.39,198.12,3169.92,194.40
2024-10-01,B01,Beef,Online Direct,BC Interior,16,268.00,0.00,4778.57,197.92,3166.72,201.97
2024-10-01,B02,Beef,Restaurants,Lower Mainland,700,118.00,0.01,82186.50,86.90,60830.00,1093.12
2024-10-01,B02,Beef,Restaurants,Vancouver Island,255,118.00,0.01,29969.01,86.82,22139.10,865.27
2024-10-01,B02,Beef,Restaurants,BC Interior,241,118.00,0.01,28012.68,86.82,20923.62,922.98
2024-10-01,B02,Beef,Grocery Retail,Lower Mainland,444,118.00,0.02,44818.45,86.82,38548.08,706.14
2024-10-01,B02,Beef,Grocery Retail,Vancouver Island,164,118.00,0.01,16859.82,86.82,14238.48,548.12
2024-10-01,B02,Beef,Grocery Retail,BC Interior,169,118.00,0.00,17566.30,86.90,14686.10,676.24
2024-10-01,B02,Beef,Hotels & Institutions,Lower Mainland,275,118.00,0.01,30487.60,86.56,23804.00,431.64
2024-10-01,B02,Beef,Hotels & Institutions,Vancouver Island,100,118.00,0.01,11075.70,86.73,8673.00,333.54
2024-10-01,B02,Beef,Hotels & Institutions,BC Interior,97,118.00,0.01,10797.69,86.82,8421.54,372.63
2024-10-01,B02,Beef,Online Direct,Lower Mainland,121,118.00,0.00,15975.18,86.47,10462.87,1248.99
2024-10-01,B02,Beef,Online Direct,Vancouver Island,43,118.00,0.01,5625.91,86.73,3729.39,514.26
2024-10-01,B02,Beef,Online Direct,BC Interior,44,118.00,0.01,5739.44,86.56,3808.64,558.15
2024-10-01,B03,Beef,Restaurants,Lower Mainland,293,196.00,0.00,57600.28,146.31,42868.83,475.83
2024-10-01,B03,Beef,Restaurants,Vancouver Island,111,196.00,0.01,21560.59,146.17,16224.87,378.15
2024-10-01,B03,Beef,Restaurants,BC Interior,109,196.00,0.01,21023.01,145.87,15899.83,429.78
2024-10-01,B03,Beef,Grocery Retail,Lower Mainland,207,196.00,0.00,35596.25,145.58,30135.06,332.86
2024-10-01,B03,Beef,Grocery Retail,Vancouver Island,75,196.00,0.00,12935.88,145.87,10940.25,251.68
2024-10-01,B03,Beef,Grocery Retail,BC Interior,73,196.00,0.03,12237.32,146.02,10659.46,284.98
2024-10-01,B03,Beef,Hotels & Institutions,Lower Mainland,123,196.00,0.01,22719.54,145.87,17942.01,194.83
2024-10-01,B03,Beef,Hotels & Institutions,Vancouver Island,43,196.00,0.00,8014.59,146.46,6297.78,141.96
2024-10-01,B03,Beef,Hotels & Institutions,BC Interior,44,196.00,0.01,8127.38,145.87,6418.28,173.32
2024-10-01,B03,Beef,Online Direct,Lower Mainland,51,196.00,0.01,11005.53,145.87,7439.37,507.89
2024-10-01,B03,Beef,Online Direct,Vancouver Island,19,196.00,0.00,4170.84,146.02,2774.38,229.27
2024-10-01,B03,Beef,Online Direct,BC Interior,19,196.00,0.01,4137.58,145.58,2766.02,238.66
2024-10-01,B04,Beef,Restaurants,Lower Mainland,142,342.00,0.01,47933.25,257.01,36495.42,231.97
2024-10-01,B04,Beef,Restaurants,Vancouver Island,53,342.00,0.01,17854.76,256.24,13580.72,179.30
2024-10-01,B04,Beef,Restaurants,BC Interior,53,342.00,0.01,18071.30,257.27,13635.31,202.36
2024-10-01,B04,Beef,Grocery Retail,Lower Mainland,96,342.00,0.02,28429.39,257.27,24697.92,156.98
2024-10-01,B04,Beef,Grocery Retail,Vancouver Island,36,342.00,0.01,10672.52,257.27,9261.72,119.10
2024-10-01,B04,Beef,Grocery Retail,BC Interior,33,342.00,0.00,9872.17,255.73,8439.09,127.54
2024-10-01,B04,Beef,Hotels & Institutions,Lower Mainland,60,342.00,0.01,19202.10,256.24,15374.40,98.30
2024-10-01,B04,Beef,Hotels & Institutions,Vancouver Island,21,342.00,0.00,6816.08,257.01,5397.21,69.54
2024-10-01,B04,Beef,Hotels & Institutions,BC Interior,20,342.00,0.01,6465.51,256.76,5135.20,78.94
2024-10-01,B04,Beef,Online Direct,Lower Mainland,25,342.00,0.01,9489.61,255.73,6393.25,258.31
2024-10-01,B04,Beef,Online Direct,Vancouver Island,9,342.00,0.01,3419.75,256.50,2308.50,110.10
2024-10-01,B04,Beef,Online Direct,BC Interior,9,342.00,0.01,3416.36,255.99,2303.91,110.04
2024-10-01,P01,Pork,Restaurants,Lower Mainland,387,132.00,0.01,50623.73,92.40,35758.80,631.58
2024-10-01,P01,Pork,Restaurants,Vancouver Island,136,132.00,0.00,17916.11,92.49,12578.64,450.84
2024-10-01,P01,Pork,Restaurants,BC Interior,133,132.00,0.00,17556.00,92.12,12251.96,510.40
2024-10-01,P01,Pork,Grocery Retail,Lower Mainland,254,132.00,0.01,29444.92,92.12,23398.48,411.68
2024-10-01,P01,Pork,Grocery Retail,Vancouver Island,92,132.00,0.02,10409.81,92.12,8475.04,303.73
2024-10-01,P01,Pork,Grocery Retail,BC Interior,97,132.00,0.03,10973.21,92.22,8945.34,379.43
2024-10-01,P01,Pork,Hotels & Institutions,Lower Mainland,149,132.00,0.01,18553.81,92.31,13754.19,231.72
2024-10-01,P01,Pork,Hotels & Institutions,Vancouver Island,55,132.00,0.01,6814.04,92.31,5077.05,190.74
2024-10-01,P01,Pork,Hotels & Institutions,BC Interior,57,132.00,0.01,7069.25,92.12,5250.84,225.19
2024-10-01,P01,Pork,Online Direct,Lower Mainland,70,132.00,0.01,10204.26,92.31,6461.70,685.79
2024-10-01,P01,Pork,Online Direct,Vancouver Island,24,132.00,0.01,3495.07,92.68,2224.32,293.88
2024-10-01,P01,Pork,Online Direct,BC Interior,24,132.00,0.01,3516.29,92.49,2219.76,305.34
2024-10-01,P02,Pork,Restaurants,Lower Mainland,266,104.00,0.00,27581.06,71.76,19088.16,420.07
2024-10-01,P02,Pork,Restaurants,Vancouver Island,102,104.00,0.01,10491.18,71.76,7319.52,349.57
2024-10-01,P02,Pork,Restaurants,BC Interior,100,104.00,0.01,10264.65,71.62,7162.00,379.08
2024-10-01,P02,Pork,Grocery Retail,Lower Mainland,187,104.00,0.01,16908.87,71.54,13377.98,295.31
2024-10-01,P02,Pork,Grocery Retail,Vancouver Island,65,104.00,0.02,5847.44,71.54,4650.10,221.44
2024-10-01,P02,Pork,Grocery Retail,BC Interior,65,104.00,0.02,5811.83,71.90,4673.50,257.30
2024-10-01,P02,Pork,Hotels & Institutions,Lower Mainland,106,104.00,0.01,10367.96,71.69,7599.14,166.72
2024-10-01,P02,Pork,Hotels & Institutions,Vancouver Island,40,104.00,0.01,3932.24,71.54,2861.60,139.67
2024-10-01,P02,Pork,Hotels & Institutions,BC Interior,39,104.00,0.01,3799.20,71.54,2790.06,155.45
2024-10-01,P02,Pork,Online Direct,Lower Mainland,51,104.00,0.00,5916.74,71.62,3652.62,501.71
2024-10-01,P02,Pork,Online Direct,Vancouver Island,17,104.00,0.01,1948.55,71.76,1219.92,196.23
2024-10-01,P02,Pork,Online Direct,BC Interior,17,104.00,0.01,1954.48,71.62,1217.54,215.65
2024-10-01,P03,Pork,Restaurants,Lower Mainland,247,146.00,0.01,35593.63,103.24,25500.28,394.80
2024-10-01,P03,Pork,Restaurants,Vancouver Island,84,146.00,0.01,12129.10,102.62,8620.08,285.31
2024-10-01,P03,Pork,Restaurants,BC Interior,90,146.00,0.00,13113.61,102.93,9263.70,348.89
2024-10-01,P03,Pork,Grocery Retail,Lower Mainland,162,146.00,0.00,20709.82,102.62,16624.44,262.05
2024-10-01,P03,Pork,Grocery Retail,Vancouver Island,57,146.00,0.00,7345.30,103.24,5884.68,188.37
2024-10-01,P03,Pork,Grocery Retail,BC Interior,58,146.00,0.00,7444.39,102.83,5964.14,226.88
2024-10-01,P03,Pork,Hotels & Institutions,Lower Mainland,98,146.00,0.00,13565.31,102.62,10056.76,154.29
2024-10-01,P03,Pork,Hotels & Institutions,Vancouver Island,35,146.00,0.01,4834.93,102.62,3591.70,120.07
2024-10-01,P03,Pork,Hotels & Institutions,BC Interior,34,146.00,0.00,4706.37,103.03,3503.02,134.46
2024-10-01,P03,Pork,Online Direct,Lower Mainland,42,146.00,0.01,6826.58,103.03,4327.26,435.65
2024-10-01,P03,Pork,Online Direct,Vancouver Island,15,146.00,0.01,2447.86,103.24,1548.60,173.86
2024-10-01,P03,Pork,Online Direct,BC Interior,16,146.00,0.01,2595.37,103.24,1651.84,203.36
2024-10-01,P04,Pork,Restaurants,Lower Mainland,336,92.00,0.01,30757.44,63.88,21463.68,522.55
2024-10-01,P04,Pork,Restaurants,Vancouver Island,123,92.00,0.01,11180.57,63.88,7857.24,409.00
2024-10-01,P04,Pork,Restaurants,BC Interior,129,92.00,0.00,11820.53,64.13,8272.77,498.07
2024-10-01,P04,Pork,Grocery Retail,Lower Mainland,241,92.00,0.03,19002.97,63.81,15378.21,376.35
2024-10-01,P04,Pork,Grocery Retail,Vancouver Island,83,92.00,0.01,6685.99,63.81,5296.23,275.43
2024-10-01,P04,Pork,Grocery Retail,BC Interior,88,92.00,0.01,7045.93,63.75,5610.00,341.83
2024-10-01,P04,Pork,Hotels & Institutions,Lower Mainland,139,92.00,0.01,12039.26,64.07,8905.73,229.07
2024-10-01,P04,Pork,Hotels & Institutions,Vancouver Island,50,92.00,0.01,4308.99,64.07,3203.50,167.79
2024-10-01,P04,Pork,Hotels & Institutions,BC Interior,53,92.00,0.00,4599.83,63.88,3385.64,208.77
2024-10-01,P04,Pork,Online Direct,Lower Mainland,62,92.00,0.01,6311.74,64.13,3976.06,644.99
2024-10-01,P04,Pork,Online Direct,Vancouver Island,22,92.00,0.00,2253.30,64.00,1408.00,266.51
2024-10-01,P04,Pork,Online Direct,BC Interior,22,92.00,0.00,2269.14,64.13,1410.86,269.80
2024-10-01,C01,Poultry,Restaurants,Lower Mainland,626,78.00,0.00,48632.69,56.38,35293.88,1022.63
2024-10-01,C01,Poultry,Restaurants,Vancouver Island,227,78.00,0.01,17564.35,56.49,12823.23,778.75
2024-10-01,C01,Poultry,Restaurants,BC Interior,226,78.00,0.01,17398.84,56.44,12755.44,878.76
2024-10-01,C01,Poultry,Grocery Retail,Lower Mainland,423,78.00,0.01,28801.48,56.72,23992.56,686.95
2024-10-01,C01,Poultry,Grocery Retail,Vancouver Island,148,78.00,0.04,9772.69,56.72,8394.56,513.77
2024-10-01,C01,Poultry,Grocery Retail,BC Interior,149,78.00,0.02,10053.49,56.66,8442.34,580.52
2024-10-01,C01,Poultry,Hotels & Institutions,Lower Mainland,262,78.00,0.01,19142.40,56.55,14816.10,430.94
2024-10-01,C01,Poultry,Hotels & Institutions,Vancouver Island,89,78.00,0.01,6529.09,56.38,5017.82,298.97
2024-10-01,C01,Poultry,Hotels & Institutions,BC Interior,94,78.00,0.01,6847.20,56.44,5305.36,371.37
2024-10-01,C01,Poultry,Online Direct,Lower Mainland,109,78.00,0.00,9474.69,56.38,6145.42,1110.81
2024-10-01,C01,Poultry,Online Direct,Vancouver Island,42,78.00,0.00,3665.44,56.49,2372.58,496.30
2024-10-01,C01,Poultry,Online Direct,BC Interior,42,78.00,0.00,3647.13,56.55,2375.10,517.15
2024-10-01,C02,Poultry,Restaurants,Lower Mainland,541,124.00,0.01,65947.06,89.01,48154.41,875.99
2024-10-01,C02,Poultry,Restaurants,Vancouver Island,199,124.00,0.01,24379.20,89.28,17766.72,675.25
2024-10-01,C02,Poultry,Restaurants,BC Interior,199,124.00,0.00,24676.00,89.55,17820.45,754.37
2024-10-01,C02,Poultry,Grocery Retail,Lower Mainland,371,124.00,0.02,39673.00,89.55,33223.05,590.04
2024-10-01,C02,Poultry,Grocery Retail,Vancouver Island,128,124.00,0.03,13618.18,89.46,11450.88,435.20
2024-10-01,C02,Poultry,Grocery Retail,BC Interior,134,124.00,0.03,14097.13,89.19,11951.46,508.49
2024-10-01,C02,Poultry,Hotels & Institutions,Lower Mainland,220,124.00,0.00,25864.17,89.55,19701.00,346.02
2024-10-01,C02,Poultry,Hotels & Institutions,Vancouver Island,82,124.00,0.01,9610.95,89.19,7313.58,277.96
2024-10-01,C02,Poultry,Hotels & Institutions,BC Interior,82,124.00,0.00,9649.88,89.28,7320.96,327.16
2024-10-01,C02,Poultry,Online Direct,Lower Mainland,103,124.00,0.01,14176.18,89.01,9168.03,1009.09
2024-10-01,C02,Poultry,Online Direct,Vancouver Island,35,124.00,0.01,4816.88,89.19,3121.65,420.25
2024-10-01,C02,Poultry,Online Direct,BC Interior,36,124.00,0.01,4974.50,89.28,3214.08,458.90
2024-10-01,C03,Poultry,Restaurants,Lower Mainland,456,96.00,0.01,43382.02,68.71,31331.76,745.65
2024-10-01,C03,Poultry,Restaurants,Vancouver Island,154,96.00,0.01,14724.39,68.71,10581.34,511.03
2024-10-01,C03,Poultry,Restaurants,BC Interior,159,96.00,0.00,15264.00,68.43,10880.37,617.00
2024-10-01,C03,Poultry,Grocery Retail,Lower Mainland,304,96.00,0.03,24985.32,68.71,20887.84,477.16
2024-10-01,C03,Poultry,Grocery Retail,Vancouver Island,113,96.00,0.03,9268.14,68.43,7732.59,393.80
2024-10-01,C03,Poultry,Grocery Retail,BC Interior,111,96.00,0.04,9066.82,68.85,7642.35,438.96
2024-10-01,C03,Poultry,Hotels & Institutions,Lower Mainland,183,96.00,0.00,16572.97,68.71,12573.93,294.26
2024-10-01,C03,Poultry,Hotels & Institutions,Vancouver Island,65,96.00,0.01,5880.65,68.43,4447.95,224.31
2024-10-01,C03,Poultry,Hotels & Institutions,BC Interior,66,96.00,0.00,6007.16,68.78,4539.48,261.00
2024-10-01,C03,Poultry,Online Direct,Lower Mainland,82,96.00,0.00,8790.15,68.78,5639.96,846.42
2024-10-01,C03,Poultry,Online Direct,Vancouver Island,29,96.00,0.01,3108.64,68.71,1992.59,340.27
2024-10-01,C03,Poultry,Online Direct,BC Interior,30,96.00,0.01,3183.62,68.78,2063.40,364.93
2024-10-01,C04,Poultry,Restaurants,Lower Mainland,99,188.00,0.00,18519.05,131.73,13041.27,157.29
2024-10-01,C04,Poultry,Restaurants,Vancouver Island,36,188.00,0.01,6740.71,131.99,4751.64,122.89
2024-10-01,C04,Poultry,Restaurants,BC Interior,36,188.00,0.01,6700.38,131.21,4723.56,136.61
2024-10-01,C04,Poultry,Grocery Retail,Lower Mainland,70,188.00,0.03,11290.65,131.34,9193.80,109.42
2024-10-01,C04,Poultry,Grocery Retail,Vancouver Island,25,188.00,0.00,4119.47,131.21,3280.25,83.04
2024-10-01,C04,Poultry,Grocery Retail,BC Interior,26,188.00,0.00,4288.54,131.21,3411.46,98.86
2024-10-01,C04,Poultry,Hotels & Institutions,Lower Mainland,44,188.00,0.01,7834.75,131.34,5778.96,71.32
2024-10-01,C04,Poultry,Hotels & Institutions,Vancouver Island,16,188.00,0.00,2851.86,131.60,2105.60,53.15
2024-10-01,C04,Poultry,Hotels & Institutions,BC Interior,16,188.00,0.01,2825.99,131.34,2101.44,62.34
2024-10-01,C04,Poultry,Online Direct,Lower Mainland,19,188.00,0.01,3972.64,131.47,2497.93,187.49
2024-10-01,C04,Poultry,Online Direct,Vancouver Island,7,188.00,0.01,1465.08,131.73,922.11,84.88
2024-10-01,C04,Poultry,Online Direct,BC Interior,7,188.00,0.01,1450.41,131.73,922.11,85.24
2024-10-01,S01,Seafood,Restaurants,Lower Mainland,265,176.00,0.01,45986.34,133.01,35247.65,421.46
2024-10-01,S01,Seafood,Restaurants,Vancouver Island,96,176.00,0.00,16794.78,132.75,12744.00,329.34
2024-10-01,S01,Seafood,Restaurants,BC Interior,93,176.00,0.00,16302.53,132.75,12345.75,371.77
2024-10-01,S01,Seafood,Grocery Retail,Lower Mainland,169,176.00,0.00,26017.88,133.15,22502.35,275.54
2024-10-01,S01,Seafood,Grocery Retail,Vancouver Island,64,176.00,0.02,9734.07,133.15,8521.60,216.08
2024-10-01,S01,Seafood,Grocery Retail,BC Interior,66,176.00,0.03,9946.35,133.01,8778.66,255.60
2024-10-01,S01,Seafood,Hotels & Institutions,Lower Mainland,104,176.00,0.01,17267.25,132.48,13777.92,162.07
2024-10-01,S01,Seafood,Hotels & Institutions,Vancouver Island,37,176.00,0.01,6136.61,132.75,4911.75,122.91
2024-10-01,S01,Seafood,Hotels & Institutions,BC Interior,38,176.00,0.01,6302.64,133.28,5064.64,152.05
2024-10-01,S01,Seafood,Online Direct,Lower Mainland,45,176.00,0.01,8764.24,132.61,5967.45,447.68
2024-10-01,S01,Seafood,Online Direct,Vancouver Island,18,176.00,0.00,3544.59,132.88,2391.84,218.91
2024-10-01,S01,Seafood,Online Direct,BC Interior,17,176.00,0.01,3324.26,132.61,2254.37,213.54
2024-10-01,S02,Seafood,Restaurants,Lower Mainland,113,214.00,0.01,23892.47,160.34,18118.42,178.27
2024-10-01,S02,Seafood,Restaurants,Vancouver Island,40,214.00,0.01,8465.62,160.34,6413.60,138.04
2024-10-01,S02,Seafood,Restaurants,BC Interior,39,214.00,0.01,8270.89,160.34,6253.26,148.15
2024-10-01,S02,Seafood,Grocery Retail,Lower Mainland,74,214.00,0.02,13560.70,160.02,11841.48,119.82
2024-10-01,S02,Seafood,Grocery Retail,Vancouver Island,28,214.00,0.02,5209.35,160.82,4502.96,95.30
2024-10-01,S02,Seafood,Grocery Retail,BC Interior,27,214.00,0.02,4952.89,160.66,4337.82,105.93
2024-10-01,S02,Seafood,Hotels & Institutions,Lower Mainland,45,214.00,0.01,9057.23,160.50,7222.50,74.02
2024-10-01,S02,Seafood,Hotels & Institutions,Vancouver Island,16,214.00,0.00,3236.55,160.02,2560.32,54.89
2024-10-01,S02,Seafood,Hotels & Institutions,BC Interior,17,214.00,0.01,3404.38,160.82,2733.94,68.16
2024-10-01,S02,Seafood,Online Direct,Lower Mainland,20,214.00,0.01,4740.58,160.02,3200.40,203.82
2024-10-01,S02,Seafood,Online Direct,Vancouver Island,7,214.00,0.01,1672.71,160.82,1125.74,83.30
2024-10-01,S02,Seafood,Online Direct,BC Interior,7,214.00,0.00,1681.12,160.02,1120.14,85.41
2024-10-01,S03,Seafood,Restaurants,Lower Mainland,67,305.00,0.01,20231.14,227.68,15254.56,108.38
2024-10-01,S03,Seafood,Restaurants,Vancouver Island,24,305.00,0.01,7231.83,226.77,5442.48,82.74
2024-10-01,S03,Seafood,Restaurants,BC Interior,25,305.00,0.00,7655.50,227.45,5686.25,97.11
2024-10-01,S03,Seafood,Grocery Retail,Lower Mainland,45,305.00,0.01,12017.32,227.45,10235.25,72.29
2024-10-01,S03,Seafood,Grocery Retail,Vancouver Island,17,305.00,0.01,4498.85,227.68,3870.56,58.61
2024-10-01,S03,Seafood,Grocery Retail,BC Interior,17,305.00,0.04,4411.55,226.54,3851.18,64.84
2024-10-01,S03,Seafood,Hotels & Institutions,Lower Mainland,29,305.00,0.01,8293.26,227.00,6583.00,47.05
2024-10-01,S03,Seafood,Hotels & Institutions,Vancouver Island,10,305.00,0.01,2865.71,226.77,2267.70,33.05
2024-10-01,S03,Seafood,Hotels & Institutions,BC Interior,10,305.00,0.00,2909.09,226.54,2265.40,39.78
2024-10-01,S03,Seafood,Online Direct,Lower Mainland,13,305.00,0.00,4431.92,226.54,2945.02,132.74
2024-10-01,S03,Seafood,Online Direct,Vancouver Island,4,305.00,0.01,1352.74,227.00,908.00,46.17
2024-10-01,S03,Seafood,Online Direct,BC Interior,4,305.00,0.01,1356.85,226.77,907.08,49.50
2024-10-01,S04,Seafood,Restaurants,Lower Mainland,129,138.00,0.01,17659.58,103.71,13378.59,204.34
2024-10-01,S04,Seafood,Restaurants,Vancouver Island,47,138.00,0.00,6460.08,103.19,4849.93,156.60
2024-10-01,S04,Seafood,Restaurants,BC Interior,45,138.00,0.00,6178.97,103.19,4643.55,178.83
2024-10-01,S04,Seafood,Grocery Retail,Lower Mainland,83,138.00,0.00,10039.24,103.19,8564.77,129.35
2024-10-01,S04,Seafood,Grocery Retail,Vancouver Island,31,138.00,0.01,3697.09,103.81,3218.11,102.45
2024-10-01,S04,Seafood,Grocery Retail,BC Interior,31,138.00,0.01,3745.73,103.40,3205.40,118.60
2024-10-01,S04,Seafood,Hotels & Institutions,Lower Mainland,53,138.00,0.00,6927.47,103.50,5485.50,84.21
2024-10-01,S04,Seafood,Hotels & Institutions,Vancouver Island,18,138.00,0.01,2340.90,103.71,1866.78,62.18
2024-10-01,S04,Seafood,Hotels & Institutions,BC Interior,18,138.00,0.01,2338.51,103.19,1857.42,68.59
2024-10-01,S04,Seafood,Online Direct,Lower Mainland,22,138.00,0.01,3359.36,103.40,2274.80,224.42
2024-10-01,S04,Seafood,Online Direct,Vancouver Island,9,138.00,0.00,1392.42,103.71,933.39,104.10
2024-10-01,S04,Seafood,Online Direct,BC Interior,8,138.00,0.00,1229.07,103.19,825.52,97.22
2024-10-01,H01,Charcuterie,Restaurants,Lower Mainland,186,188.00,0.01,34653.57,109.04,20281.44,299.98
2024-10-01,H01,Charcuterie,Restaurants,Vancouver Island,67,188.00,0.01,12583.15,109.04,7305.68,234.63
2024-10-01,H01,Charcuterie,Restaurants,BC Interior,66,188.00,0.01,12308.74,109.26,7211.16,262.03
2024-10-01,H01,Charcuterie,Grocery Retail,Lower Mainland,124,188.00,0.00,20514.48,109.37,13561.88,193.64
2024-10-01,H01,Charcuterie,Grocery Retail,Vancouver Island,45,188.00,0.03,7206.57,108.93,4901.85,148.72
2024-10-01,H01,Charcuterie,Grocery Retail,BC Interior,44,188.00,0.04,7002.74,109.15,4802.60,168.17
2024-10-01,H01,Charcuterie,Hotels & Institutions,Lower Mainland,76,188.00,0.01,13519.24,109.04,8287.04,123.42
2024-10-01,H01,Charcuterie,Hotels & Institutions,Vancouver Island,27,188.00,0.00,4807.73,108.71,2935.17,93.27
2024-10-01,H01,Charcuterie,Hotels & Institutions,BC Interior,28,188.00,0.01,4950.51,109.15,3056.20,106.47
2024-10-01,H01,Charcuterie,Online Direct,Lower Mainland,33,188.00,0.00,6906.84,108.82,3591.06,327.97
2024-10-01,H01,Charcuterie,Online Direct,Vancouver Island,13,188.00,0.01,2701.70,109.37,1421.81,158.10
2024-10-01,H01,Charcuterie,Online Direct,BC Interior,12,188.00,0.00,2524.16,108.93,1307.16,144.63
2024-10-01,H02,Charcuterie,Restaurants,Lower Mainland,168,156.00,0.01,26050.75,89.70,15069.60,274.98
2024-10-01,H02,Charcuterie,Restaurants,Vancouver Island,56,156.00,0.00,8753.40,89.52,5013.12,190.97
2024-10-01,H02,Charcuterie,Restaurants,BC Interior,58,156.00,0.01,8975.18,89.97,5218.26,230.50
2024-10-01,H02,Charcuterie,Grocery Retail,Lower Mainland,114,156.00,0.01,15509.20,89.52,10205.28,183.49
2024-10-01,H02,Charcuterie,Grocery Retail,Vancouver Island,41,156.00,0.03,5442.92,89.88,3685.08,141.21
2024-10-01,H02,Charcuterie,Grocery Retail,BC Interior,38,156.00,0.00,5216.59,89.70,3408.60,150.13
2024-10-01,H02,Charcuterie,Hotels & Institutions,Lower Mainland,66,156.00,0.01,9702.63,89.43,5902.38,108.35
2024-10-01,H02,Charcuterie,Hotels & Institutions,Vancouver Island,24,156.00,0.01,3524.82,89.79,2154.96,83.97
2024-10-01,H02,Charcuterie,Hotels & Institutions,BC Interior,23,156.00,0.01,3360.88,89.70,2063.10,88.62
2024-10-01,H02,Charcuterie,Online Direct,Lower Mainland,29,156.00,0.01,4986.05,89.70,2601.30,294.07
2024-10-01,H02,Charcuterie,Online Direct,Vancouver Island,11,156.00,0.01,1896.99,89.88,988.68,134.57
2024-10-01,H02,Charcuterie,Online Direct,BC Interior,11,156.00,0.01,1894.98,89.88,988.68,133.67
2024-10-01,H03,Charcuterie,Restaurants,Lower Mainland,84,204.00,0.01,16964.23,120.72,10140.48,132.65
2024-10-01,H03,Charcuterie,Restaurants,Vancouver Island,30,204.00,0.00,6095.54,120.48,3614.40,100.27
2024-10-01,H03,Charcuterie,Restaurants,BC Interior,29,204.00,0.01,5892.31,120.48,3493.92,113.44
2024-10-01,H03,Charcuterie,Grocery Retail,Lower Mainland,59,204.00,0.01,10538.66,120.12,7087.08,96.85
2024-10-01,H03,Charcuterie,Grocery Retail,Vancouver Island,21,204.00,0.02,3713.31,120.72,2535.12,72.83
2024-10-01,H03,Charcuterie,Grocery Retail,BC Interior,21,204.00,0.00,3766.15,120.00,2520.00,82.39
2024-10-01,H03,Charcuterie,Hotels & Institutions,Lower Mainland,33,204.00,0.00,6363.46,120.48,3975.84,52.22
2024-10-01,H03,Charcuterie,Hotels & Institutions,Vancouver Island,12,204.00,0.00,2327.92,120.00,1440.00,41.58
2024-10-01,H03,Charcuterie,Hotels & Institutions,BC Interior,13,204.00,0.01,2489.05,120.72,1569.36,49.89
2024-10-01,H03,Charcuterie,Online Direct,Lower Mainland,16,204.00,0.00,3652.02,120.36,1925.76,162.25
2024-10-01,H03,Charcuterie,Online Direct,Vancouver Island,5,204.00,0.00,1138.98,120.24,601.20,59.92
2024-10-01,H03,Charcuterie,Online Direct,BC Interior,5,204.00,0.01,1129.80,120.00,600.00,61.50
2024-10-01,H04,Charcuterie,Restaurants,Lower Mainland,140,96.00,0.01,13292.00,54.61,7645.40,224.90
2024-10-01,H04,Charcuterie,Restaurants,Vancouver Island,54,96.00,0.01,5142.36,54.67,2952.18,184.52
2024-10-01,H04,Charcuterie,Restaurants,BC Interior,51,96.00,0.01,4817.85,54.83,2796.33,202.48
2024-10-01,H04,Charcuterie,Grocery Retail,Lower Mainland,97,96.00,0.03,7956.41,54.56,5292.32,154.42
2024-10-01,H04,Charcuterie,Grocery Retail,Vancouver Island,35,96.00,0.03,2874.09,54.88,1920.80,118.40
2024-10-01,H04,Charcuterie,Grocery Retail,BC Interior,34,96.00,0.03,2800.27,54.83,1864.22,128.75
2024-10-01,H04,Charcuterie,Hotels & Institutions,Lower Mainland,61,96.00,0.01,5535.38,54.83,3344.63,95.45
2024-10-01,H04,Charcuterie,Hotels & Institutions,Vancouver Island,22,96.00,0.00,2000.38,54.56,1200.32,75.55
2024-10-01,H04,Charcuterie,Hotels & Institutions,BC Interior,21,96.00,0.00,1909.45,54.83,1151.43,82.56
2024-10-01,H04,Charcuterie,Online Direct,Lower Mainland,26,96.00,0.01,2778.76,54.67,1421.42,255.77
2024-10-01,H04,Charcuterie,Online Direct,Vancouver Island,10,96.00,0.01,1068.71,54.56,545.60,120.55
2024-10-01,H04,Charcuterie,Online Direct,BC Interior,9,96.00,0.01,954.13,54.56,491.04,113.39
2024-10-01,D01,Cheese & Dairy,Restaurants,Lower Mainland,231,142.00,0.00,32670.79,87.95,20316.45,363.69
2024-10-01,D01,Cheese & Dairy,Restaurants,Vancouver Island,78,142.00,0.01,11053.68,88.13,6874.14,260.43
2024-10-01,D01,Cheese & Dairy,Restaurants,BC Interior,85,142.00,0.01,11936.92,87.95,7475.75,328.18
2024-10-01,D01,Cheese & Dairy,Grocery Retail,Lower Mainland,147,142.00,0.03,17709.65,87.86,12915.42,237.55
2024-10-01,D01,Cheese & Dairy,Grocery Retail,Vancouver Island,57,142.00,0.01,7065.82,88.04,5018.28,196.51
2024-10-01,D01,Cheese & Dairy,Grocery Retail,BC Interior,54,142.00,0.03,6531.91,88.13,4759.02,215.65
2024-10-01,D01,Cheese & Dairy,Hotels & Institutions,Lower Mainland,94,142.00,0.01,12503.38,87.86,8258.84,146.64
2024-10-01,D01,Cheese & Dairy,Hotels & Institutions,Vancouver Island,32,142.00,0.01,4247.85,87.78,2808.96,107.17
2024-10-01,D01,Cheese & Dairy,Hotels & Institutions,BC Interior,33,142.00,0.00,4460.60,88.22,2911.26,126.38
2024-10-01,D01,Cheese & Dairy,Online Direct,Lower Mainland,39,142.00,0.01,6140.19,87.78,3423.42,402.57
2024-10-01,D01,Cheese & Dairy,Online Direct,Vancouver Island,15,142.00,0.00,2383.21,87.86,1317.90,176.54
2024-10-01,D01,Cheese & Dairy,Online Direct,BC Interior,15,142.00,0.01,2345.14,88.30,1324.50,182.65
2024-10-01,D02,Cheese & Dairy,Restaurants,Lower Mainland,196,118.00,0.01,22942.51,72.79,14266.84,309.52
2024-10-01,D02,Cheese & Dairy,Restaurants,Vancouver Island,71,118.00,0.01,8260.98,72.42,5141.82,241.16
2024-10-01,D02,Cheese & Dairy,Restaurants,BC Interior,67,118.00,0.01,7882.14,72.57,4862.19,257.90
2024-10-01,D02,Cheese & Dairy,Grocery Retail,Lower Mainland,132,118.00,0.02,13500.54,72.57,9579.24,209.51
2024-10-01,D02,Cheese & Dairy,Grocery Retail,Vancouver Island,48,118.00,0.02,4889.71,72.42,3476.16,163.04
2024-10-01,D02,Cheese & Dairy,Grocery Retail,BC Interior,49,118.00,0.00,5077.98,72.35,3545.15,188.81
2024-10-01,D02,Cheese & Dairy,Hotels & Institutions,Lower Mainland,77,118.00,0.00,8640.31,72.79,5604.83,124.31
2024-10-01,D02,Cheese & Dairy,Hotels & Institutions,Vancouver Island,29,118.00,0.01,3231.37,72.79,2110.91,100.47
2024-10-01,D02,Cheese & Dairy,Hotels & Institutions,BC Interior,28,118.00,0.01,3082.48,72.79,2038.12,109.31
2024-10-01,D02,Cheese & Dairy,Online Direct,Lower Mainland,36,118.00,0.01,4705.54,72.64,2615.04,369.05
2024-10-01,D02,Cheese & Dairy,Online Direct,Vancouver Island,13,118.00,0.00,1719.78,72.57,943.41,150.06
2024-10-01,D02,Cheese & Dairy,Online Direct,BC Interior,12,118.00,0.01,1579.54,72.35,868.20,146.12
2024-10-01,D03,Cheese & Dairy,Restaurants,Lower Mainland,97,236.00,0.01,22594.68,148.38,14392.86,154.89
2024-10-01,D03,Cheese & Dairy,Restaurants,Vancouver Island,36,236.00,0.01,8410.84,148.83,5357.88,123.26
2024-10-01,D03,Cheese & Dairy,Restaurants,BC Interior,38,236.00,0.00,8941.10,148.23,5632.74,147.46
2024-10-01,D03,Cheese & Dairy,Grocery Retail,Lower Mainland,67,236.00,0.03,13620.96,148.53,9951.51,108.59
2024-10-01,D03,Cheese & Dairy,Grocery Retail,Vancouver Island,24,236.00,0.02,4889.52,148.38,3561.12,83.23
2024-10-01,D03,Cheese & Dairy,Grocery Retail,BC Interior,25,236.00,0.02,5057.37,148.23,3705.75,100.04
2024-10-01,D03,Cheese & Dairy,Hotels & Institutions,Lower Mainland,42,236.00,0.01,9378.54,148.23,6225.66,66.80
2024-10-01,D03,Cheese & Dairy,Hotels & Institutions,Vancouver Island,15,236.00,0.01,3336.07,148.68,2230.20,51.92
2024-10-01,D03,Cheese & Dairy,Hotels & Institutions,BC Interior,15,236.00,0.01,3332.70,148.53,2227.95,58.27
2024-10-01,D03,Cheese & Dairy,Online Direct,Lower Mainland,19,236.00,0.01,4961.95,148.68,2824.92,194.39
2024-10-01,D03,Cheese & Dairy,Online Direct,Vancouver Island,7,236.00,0.01,1842.82,148.98,1042.86,83.63
2024-10-01,D03,Cheese & Dairy,Online Direct,BC Interior,6,236.00,0.01,1568.52,148.23,889.38,76.41
2024-10-01,D04,Cheese & Dairy,Restaurants,Lower Mainland,283,86.00,0.01,24119.44,52.30,14800.90,464.57
2024-10-01,D04,Cheese & Dairy,Restaurants,Vancouver Island,102,86.00,0.00,8780.72,52.56,5361.12,338.48
2024-10-01,D04,Cheese & Dairy,Restaurants,BC Interior,102,86.00,0.01,8710.33,52.41,5345.82,405.76
2024-10-01,D04,Cheese & Dairy,Grocery Retail,Lower Mainland,187,86.00,0.04,13641.61,52.41,9800.67,300.10
2024-10-01,D04,Cheese & Dairy,Grocery Retail,Vancouver Island,71,86.00,0.02,5260.32,52.41,3721.11,235.12
2024-10-01,D04,Cheese & Dairy,Grocery Retail,BC Interior,68,86.00,0.01,5059.02,52.36,3560.48,264.40
2024-10-01,D04,Cheese & Dairy,Hotels & Institutions,Lower Mainland,112,86.00,0.00,9122.95,52.30,5857.60,174.54
2024-10-01,D04,Cheese & Dairy,Hotels & Institutions,Vancouver Island,42,86.00,0.00,3431.37,52.46,2203.32,144.37
2024-10-01,D04,Cheese & Dairy,Hotels & Institutions,BC Interior,41,86.00,0.01,3319.60,52.51,2152.91,164.38
2024-10-01,D04,Cheese & Dairy,Online Direct,Lower Mainland,51,86.00,0.01,4863.28,52.46,2675.46,505.31
2024-10-01,D04,Cheese & Dairy,Online Direct,Vancouver Island,19,86.00,0.01,1826.38,52.30,993.70,221.13
2024-10-01,D04,Cheese & Dairy,Online Direct,BC Interior,18,86.00,0.01,1706.10,52.46,944.28,227.44
2024-11-01,B01,Beef,Restaurants,Lower Mainland,235,268.00,0.01,62221.41,197.73,46466.55,377.88
2024-11-01,B01,Beef,Restaurants,Vancouver Island,88,268.00,0.01,23489.55,198.52,17469.76,295.91
2024-11-01,B01,Beef,Restaurants,BC Interior,84,268.00,0.01,22263.02,197.73,16609.32,333.82
2024-11-01,B01,Beef,Grocery Retail,Lower Mainland,161,268.00,0.03,36946.94,198.91,32024.51,264.04
2024-11-01,B01,Beef,Grocery Retail,Vancouver Island,56,268.00,0.01,13140.69,198.91,11138.96,189.45
2024-11-01,B01,Beef,Grocery Retail,BC Interior,59,268.00,0.01,13651.02,198.12,11689.08,234.70
2024-11-01,B01,Beef,Hotels & Institutions,Lower Mainland,95,268.00,0.01,23776.84,198.91,18896.45,147.44
2024-11-01,B01,Beef,Hotels & Institutions,Vancouver Island,35,268.00,0.01,8813.23,198.32,6941.20,117.81
2024-11-01,B01,Beef,Hotels & Institutions,BC Interior,34,268.00,0.01,8595.86,198.72,6756.48,128.89
2024-11-01,B01,Beef,Online Direct,Lower Mainland,42,268.00,0.00,12619.18,197.92,8312.64,411.47
2024-11-01,B01,Beef,Online Direct,Vancouver Island,16,268.00,0.01,4725.85,197.92,3166.72,193.45
2024-11-01,B01,Beef,Online Direct,BC Interior,15,268.00,0.01,4479.73,198.12,2971.80,181.35
2024-11-01,B02,Beef,Restaurants,Lower Mainland,668,118.00,0.00,78351.77,86.64,57875.52,1049.56
2024-11-01,B02,Beef,Restaurants,Vancouver Island,229,118.00,0.01,26536.82,86.64,19840.56,790.28
2024-11-01,B02,Beef,Restaurants,BC Interior,228,118.00,0.00,26850.19,86.73,19774.44,888.31
2024-11-01,B02,Beef,Grocery Retail,Lower Mainland,440,118.00,0.01,45324.63,86.90,38236.00,689.92
2024-11-01,B02,Beef,Grocery Retail,Vancouver Island,160,118.00,0.01,16431.81,86.90,13904.00,528.77
2024-11-01,B02,Beef,Grocery Retail,BC Interior,155,118.00,0.00,16095.18,86.82,13457.10,611.15
2024-11-01,B02,Beef,Hotels & Institutions,Lower Mainland,267,118.00,0.01,29570.18,86.90,23202.30,437.88
2024-11-01,B02,Beef,Hotels & Institutions,Vancouver Island,91,118.00,0.00,10139.98,86.47,7868.77,317.44
2024-11-01,B02,Beef,Hotels & Institutions,BC Interior,93,118.00,0.01,10248.61,86.90,8081.70,357.98
2024-11-01,B02,Beef,Online Direct,Lower Mainland,120,118.00,0.01,15811.46,86.90,10428.00,1182.91
2024-11-01,B02,Beef,Online Direct,Vancouver Island,43,118.00,0.01,5614.61,86.47,3718.21,508.12
2024-11-01,B02,Beef,Online Direct,BC Interior,42,118.00,0.01,5517.19,86.73,3642.66,521.32
2024-11-01,B03,Beef,Restaurants,Lower Mainland,282,196.00,0.00,54940.81,146.02,41177.64,459.32
2024-11-01,B03,Beef,Restaurants,Vancouver Island,101,196.00,0.00,19716.88,146.02,14748.02,346.15
2024-11-01,B03,Beef,Restaurants,BC Interior,101,196.00,0.01,19716.58,146.17,14763.17,386.02
2024-11-01,B03,Beef,Grocery Retail,Lower Mainland,195,196.00,0.00,33599.90,146.46,28559.70,304.51
2024-11-01,B03,Beef,Grocery Retail,Vancouver Island,69,196.00,0.01,11770.33,145.87,10065.03,232.49
2024-11-01,B03,Beef,Grocery Retail,BC Interior,71,196.00,0.01,12075.12,146.31,10388.01,279.39
2024-11-01,B03,Beef,Hotels & Institutions,Lower Mainland,111,196.00,0.00,20730.12,146.31,16240.41,182.93
2024-11-01,B03,Beef,Hotels & Institutions,Vancouver Island,43,196.00,0.01,7870.73,146.31,6291.33,147.37
2024-11-01,B03,Beef,Hotels & Institutions,BC Interior,43,196.00,0.01,7958.24,146.31,6291.33,170.89
2024-11-01,B03,Beef,Online Direct,Lower Mainland,49,196.00,0.00,10745.72,145.87,7147.63,489.95
2024-11-01,B03,Beef,Online Direct,Vancouver Island,18,196.00,0.01,3907.85,145.87,2625.66,217.41
2024-11-01,B03,Beef,Online Direct,BC Interior,19,196.00,0.01,4129.24,145.58,2766.02,232.77
2024-11-01,B04,Beef,Restaurants,Lower Mainland,138,342.00,0.01,46912.49,255.99,35326.62,221.68
2024-11-01,B04,Beef,Restaurants,Vancouver Island,48,342.00,0.01,16218.79,255.73,12275.04,167.28
2024-11-01,B04,Beef,Restaurants,BC Interior,46,342.00,0.01,15652.77,257.01,11822.46,184.60
2024-11-01,B04,Beef,Grocery Retail,Lower Mainland,91,342.00,0.02,26868.31,256.24,23317.84,146.62
2024-11-01,B04,Beef,Grocery Retail,Vancouver Island,33,342.00,0.01,9862.08,257.27,8489.91,111.30
2024-11-01,B04,Beef,Grocery Retail,BC Interior,34,342.00,0.01,10212.02,256.24,8712.16,135.12
2024-11-01,B04,Beef,Hotels & Institutions,Lower Mainland,53,342.00,0.00,17116.54,256.24,13580.72,84.80
2024-11-01,B04,Beef,Hotels & Institutions,Vancouver Island,20,342.00,0.01,6446.06,257.01,5140.20,66.57
2024-11-01,B04,Beef,Hotels & Institutions,BC Interior,19,342.00,0.01,6068.42,256.24,4868.56,75.36
2024-11-01,B04,Beef,Online Direct,Lower Mainland,25,342.00,0.01,9441.79,255.73,6393.25,254.52
2024-11-01,B04,Beef,Online Direct,Vancouver Island,9,342.00,0.01,3412.89,255.99,2303.91,108.49
2024-11-01,B04,Beef,Online Direct,BC Interior,8,342.00,0.00,3049.01,256.24,2049.92,100.59
2024-11-01,P01,Pork,Restaurants,Lower Mainland,394,132.00,0.01,51436.85,92.40,36405.60,644.27
2024-11-01,P01,Pork,Restaurants,Vancouver Island,140,132.00,0.01,18424.23,92.12,12896.80,470.76
2024-11-01,P01,Pork,Restaurants,BC Interior,138,132.00,0.00,18124.99,92.40,12751.20,538.74
2024-11-01,P01,Pork,Grocery Retail,Lower Mainland,259,132.00,0.01,29964.14,92.22,23884.98,405.70
2024-11-01,P01,Pork,Grocery Retail,Vancouver Island,98,132.00,0.04,10951.52,92.22,9037.56,328.54
2024-11-01,P01,Pork,Grocery Retail,BC Interior,96,132.00,0.01,11051.00,92.22,8853.12,375.52
2024-11-01,P01,Pork,Hotels & Institutions,Lower Mainland,154,132.00,0.01,19138.07,92.22,14201.88,251.33
2024-11-01,P01,Pork,Hotels & Institutions,Vancouver Island,58,132.00,0.01,7200.39,92.49,5364.42,199.76
2024-11-01,P01,Pork,Hotels & Institutions,BC Interior,56,132.00,0.00,7036.42,92.22,5164.32,215.56
2024-11-01,P01,Pork,Online Direct,Lower Mainland,69,132.00,0.00,10221.33,92.40,6375.60,717.81
2024-11-01,P01,Pork,Online Direct,Vancouver Island,25,132.00,0.01,3640.61,92.49,2312.25,302.26
2024-11-01,P01,Pork,Online Direct,BC Interior,26,132.00,0.00,3832.31,92.49,2404.74,324.33
2024-11-01,P02,Pork,Restaurants,Lower Mainland,284,104.00,0.01,29358.58,71.54,20317.36,447.58
2024-11-01,P02,Pork,Restaurants,Vancouver Island,102,104.00,0.01,10511.98,71.98,7341.96,353.74
2024-11-01,P02,Pork,Restaurants,BC Interior,101,104.00,0.01,10398.71,71.76,7247.76,397.45
2024-11-01,P02,Pork,Grocery Retail,Lower Mainland,189,104.00,0.02,16949.67,71.98,13604.22,299.07
2024-11-01,P02,Pork,Grocery Retail,Vancouver Island,70,104.00,0.03,6219.77,71.69,5018.30,234.19
2024-11-01,P02,Pork,Grocery Retail,BC Interior,67,104.00,0.03,5960.31,71.83,4812.61,266.53
2024-11-01,P02,Pork,Hotels & Institutions,Lower Mainland,108,104.00,0.00,10670.36,71.83,7757.64,168.48
2024-11-01,P02,Pork,Hotels & Institutions,Vancouver Island,39,104.00,0.00,3849.35,71.76,2798.64,132.60
2024-11-01,P02,Pork,Hotels & Institutions,BC Interior,42,104.00,0.00,4120.60,71.90,3019.80,163.47
2024-11-01,P02,Pork,Online Direct,Lower Mainland,51,104.00,0.01,5875.24,71.83,3663.33,511.49
2024-11-01,P02,Pork,Online Direct,Vancouver Island,18,104.00,0.01,2073.58,71.62,1289.16,219.56
2024-11-01,P02,Pork,Online Direct,BC Interior,18,104.00,0.01,2065.27,71.69,1290.42,227.44
2024-11-01,P03,Pork,Restaurants,Lower Mainland,246,146.00,0.01,35664.59,102.83,25296.18,381.79
2024-11-01,P03,Pork,Restaurants,Vancouver Island,84,146.00,0.01,12153.50,103.03,8654.52,284.46
2024-11-01,P03,Pork,Restaurants,BC Interior,84,146.00,0.00,12239.37,102.93,8646.12,332.84
2024-11-01,P03,Pork,Grocery Retail,Lower Mainland,165,146.00,0.00,21135.64,103.03,16999.95,259.25
2024-11-01,P03,Pork,Grocery Retail,Vancouver Island,62,146.00,0.03,7711.33,102.62,6362.44,212.28
2024-11-01,P03,Pork,Grocery Retail,BC Interior,58,146.00,0.03,7205.68,103.03,5975.74,221.68
2024-11-01,P03,Pork,Hotels & Institutions,Lower Mainland,97,146.00,0.00,13453.85,103.14,10004.58,153.96
2024-11-01,P03,Pork,Hotels & Institutions,Vancouver Island,35,146.00,0.01,4830.16,102.93,3602.55,121.86
2024-11-01,P03,Pork,Hotels & Institutions,BC Interior,36,146.00,0.01,4898.63,103.24,3716.64,139.56
2024-11-01,P03,Pork,Online Direct,Lower Mainland,43,146.00,0.01,6989.12,102.62,4412.66,423.44
2024-11-01,P03,Pork,Online Direct,Vancouver Island,16,146.00,0.01,2597.89,103.14,1650.24,194.97
2024-11-01,P03,Pork,Online Direct,BC Interior,16,146.00,0.01,2569.34,103.24,1651.84,193.04
2024-11-01,P04,Pork,Restaurants,Lower Mainland,359,92.00,0.01,32731.34,64.00,22976.00,589.91
2024-11-01,P04,Pork,Restaurants,Vancouver Island,129,92.00,0.00,11832.40,64.00,8256.00,440.79
2024-11-01,P04,Pork,Restaurants,BC Interior,126,92.00,0.00,11626.73,63.88,8048.88,478.62
2024-11-01,P04,Pork,Grocery Retail,Lower Mainland,243,92.00,0.02,19222.29,63.81,15505.83,397.35
2024-11-01,P04,Pork,Grocery Retail,Vancouver Island,90,92.00,0.01,7170.10,63.94,5754.60,303.55
2024-11-01,P04,Pork,Grocery Retail,BC Interior,83,92.00,0.01,6692.72,63.75,5291.25,317.23
2024-11-01,P04,Pork,Hotels & Institutions,Lower Mainland,143,92.00,0.01,12423.21,64.00,9152.00,234.52
2024-11-01,P04,Pork,Hotels & Institutions,Vancouver Island,53,92.00,0.01,4585.62,64.07,3395.71,178.94
2024-11-01,P04,Pork,Hotels & Institutions,BC Interior,51,92.00,0.01,4390.74,63.94,3260.94,198.90
2024-11-01,P04,Pork,Online Direct,Lower Mainland,61,92.00,0.01,6216.14,64.13,3911.93,621.03
2024-11-01,P04,Pork,Online Direct,Vancouver Island,23,92.00,0.00,2379.40,64.00,1472.00,266.04
2024-11-01,P04,Pork,Online Direct,BC Interior,23,92.00,0.01,2341.53,64.13,1474.99,282.63
2024-11-01,C01,Poultry,Restaurants,Lower Mainland,621,78.00,0.01,47905.18,56.38,35011.98,976.71
2024-11-01,C01,Poultry,Restaurants,Vancouver Island,224,78.00,0.00,17524.42,56.55,12667.20,743.32
2024-11-01,C01,Poultry,Restaurants,BC Interior,232,78.00,0.00,18077.87,56.38,13080.16,916.56
2024-11-01,C01,Poultry,Grocery Retail,Lower Mainland,449,78.00,0.01,30418.71,56.38,25314.62,731.33
2024-11-01,C01,Poultry,Grocery Retail,Vancouver Island,153,78.00,0.02,10240.25,56.66,8668.98,525.92
2024-11-01,C01,Poultry,Grocery Retail,BC Interior,163,78.00,0.00,11221.88,56.66,9235.58,643.96
2024-11-01,C01,Poultry,Hotels & Institutions,Lower Mainland,255,78.00,0.01,18782.22,56.49,14404.95,396.58
2024-11-01,C01,Poultry,Hotels & Institutions,Vancouver Island,96,78.00,0.00,7127.81,56.61,5434.56,328.68
2024-11-01,C01,Poultry,Hotels & Institutions,BC Interior,99,78.00,0.01,7225.86,56.72,5615.28,383.40
2024-11-01,C01,Poultry,Online Direct,Lower Mainland,118,78.00,0.01,10256.79,56.66,6685.88,1156.05
2024-11-01,C01,Poultry,Online Direct,Vancouver Island,43,78.00,0.00,3763.96,56.55,2431.65,504.54
2024-11-01,C01,Poultry,Online Direct,BC Interior,43,78.00,0.00,3760.23,56.72,2438.96,532.13
2024-11-01,C02,Poultry,Restaurants,Lower Mainland,561,124.00,0.01,69008.32,89.19,50035.59,891.32
2024-11-01,C02,Poultry,Restaurants,Vancouver Island,210,124.00,0.01,25675.05,89.10,18711.00,711.14
2024-11-01,C02,Poultry,Restaurants,BC Interior,204,124.00,0.00,25270.40,89.28,18213.12,782.07
2024-11-01,C02,Poultry,Grocery Retail,Lower Mainland,391,124.00,0.01,42194.80,89.10,34838.10,618.09
2024-11-01,C02,Poultry,Grocery Retail,Vancouver Island,145,124.00,0.04,15283.88,89.55,12984.75,498.42
2024-11-01,C02,Poultry,Grocery Retail,BC Interior,145,124.00,0.02,15490.73,89.55,12984.75,566.63
2024-11-01,C02,Poultry,Hotels & Institutions,Lower Mainland,227,124.00,0.00,26767.18,89.19,20246.13,354.12
2024-11-01,C02,Poultry,Hotels & Institutions,Vancouver Island,87,124.00,0.00,10269.07,89.55,7790.85,291.36
2024-11-01,C02,Poultry,Hotels & Institutions,BC Interior,82,124.00,0.01,9505.42,89.19,7313.58,321.72
2024-11-01,C02,Poultry,Online Direct,Lower Mainland,102,124.00,0.00,14151.59,89.37,9115.74,1035.35
2024-11-01,C02,Poultry,Online Direct,Vancouver Island,37,124.00,0.01,5061.62,89.19,3300.03,444.70
2024-11-01,C02,Poultry,Online Direct,BC Interior,39,124.00,0.01,5324.52,89.55,3492.45,495.69
2024-11-01,C03,Poultry,Restaurants,Lower Mainland,468,96.00,0.01,44121.81,68.64,32123.52,760.78
2024-11-01,C03,Poultry,Restaurants,Vancouver Island,174,96.00,0.00,16703.93,68.43,11906.82,573.85
2024-11-01,C03,Poultry,Restaurants,BC Interior,173,96.00,0.01,16425.48,68.64,11874.72,684.82
2024-11-01,C03,Poultry,Grocery Retail,Lower Mainland,328,96.00,0.01,27542.07,68.71,22536.88,514.30
2024-11-01,C03,Poultry,Grocery Retail,Vancouver Island,110,96.00,0.02,9143.96,68.78,7565.80,367.27
2024-11-01,C03,Poultry,Grocery Retail,BC Interior,109,96.00,0.00,9199.00,68.43,7458.87,419.15
2024-11-01,C03,Poultry,Hotels & Institutions,Lower Mainland,193,96.00,0.01,17320.24,68.64,13247.52,315.28
2024-11-01,C03,Poultry,Hotels & Institutions,Vancouver Island,71,96.00,0.01,6352.56,68.64,4873.44,242.37
2024-11-01,C03,Poultry,Hotels & Institutions,BC Interior,67,96.00,0.00,6110.35,68.57,4594.19,259.73
2024-11-01,C03,Poultry,Online Direct,Lower Mainland,83,96.00,0.01,8826.24,68.50,5685.50,841.65
2024-11-01,C03,Poultry,Online Direct,Vancouver Island,31,96.00,0.01,3303.15,68.57,2125.67,378.49
2024-11-01,C03,Poultry,Online Direct,BC Interior,32,96.00,0.00,3433.73,68.85,2203.20,389.66
2024-11-01,C04,Poultry,Restaurants,Lower Mainland,106,188.00,0.00,19808.59,131.73,13963.38,165.36
2024-11-01,C04,Poultry,Restaurants,Vancouver Island,37,188.00,0.01,6893.45,131.34,4859.58,122.53
2024-11-01,C04,Poultry,Restaurants,BC Interior,41,188.00,0.01,7646.34,131.60,5395.60,157.34
2024-11-01,C04,Poultry,Grocery Retail,Lower Mainland,74,188.00,0.03,11803.39,131.47,9728.78,119.94
2024-11-01,C04,Poultry,Grocery Retail,Vancouver Island,26,188.00,0.03,4163.65,131.86,3428.36,87.78
2024-11-01,C04,Poultry,Grocery Retail,BC Interior,26,188.00,0.01,4241.32,131.60,3421.60,103.43
2024-11-01,C04,Poultry,Hotels & Institutions,Lower Mainland,44,188.00,0.01,7748.70,131.73,5796.12,69.48
2024-11-01,C04,Poultry,Hotels & Institutions,Vancouver Island,16,188.00,0.01,2828.91,131.21,2099.36,55.16
2024-11-01,C04,Poultry,Hotels & Institutions,BC Interior,16,188.00,0.01,2843.24,131.34,2101.44,63.21
2024-11-01,C04,Poultry,Online Direct,Lower Mainland,20,188.00,0.01,4164.92,131.99,2639.80,201.80
2024-11-01,C04,Poultry,Online Direct,Vancouver Island,7,188.00,0.00,1472.43,131.73,922.11,81.72
2024-11-01,C04,Poultry,Online Direct,BC Interior,7,188.00,0.01,1451.88,131.86,923.02,87.75
2024-11-01,S01,Seafood,Restaurants,Lower Mainland,234,176.00,0.01,40936.90,133.15,31157.10,366.16
2024-11-01,S01,Seafood,Restaurants,Vancouver Island,85,176.00,0.01,14795.80,133.01,11305.85,287.27
2024-11-01,S01,Seafood,Restaurants,BC Interior,88,176.00,0.01,15363.96,132.48,11658.24,346.29
2024-11-01,S01,Seafood,Grocery Retail,Lower Mainland,158,176.00,0.03,23737.62,132.75,20974.50,251.03
2024-11-01,S01,Seafood,Grocery Retail,Vancouver Island,59,176.00,0.03,8891.43,132.48,7816.32,198.79
2024-11-01,S01,Seafood,Grocery Retail,BC Interior,61,176.00,0.01,9324.86,132.75,8097.75,232.19
2024-11-01,S01,Seafood,Hotels & Institutions,Lower Mainland,103,176.00,0.01,16998.34,133.28,13727.84,160.02
2024-11-01,S01,Seafood,Hotels & Institutions,Vancouver Island,37,176.00,0.00,6192.51,133.28,4931.36,125.17
2024-11-01,S01,Seafood,Hotels & Institutions,BC Interior,34,176.00,0.01,5656.24,132.75,4513.50,133.66
2024-11-01,S01,Seafood,Online Direct,Lower Mainland,46,176.00,0.01,9013.16,132.88,6112.48,452.98
2024-11-01,S01,Seafood,Online Direct,Vancouver Island,15,176.00,0.01,2938.98,132.61,1989.15,174.57
2024-11-01,S01,Seafood,Online Direct,BC Interior,16,176.00,0.01,3116.03,133.01,2128.16,198.60
2024-11-01,S02,Seafood,Restaurants,Lower Mainland,108,214.00,0.01,22789.36,160.50,17334.00,172.63
2024-11-01,S02,Seafood,Restaurants,Vancouver Island,38,214.00,0.00,8123.82,160.50,6099.00,132.17
2024-11-01,S02,Seafood,Restaurants,BC Interior,37,214.00,0.01,7886.07,160.66,5944.42,144.88
2024-11-01,S02,Seafood,Grocery Retail,Lower Mainland,68,214.00,0.03,12458.85,160.34,10903.12,105.86
2024-11-01,S02,Seafood,Grocery Retail,Vancouver Island,25,214.00,0.04,4528.72,160.98,4024.50,83.90
2024-11-01,S02,Seafood,Grocery Retail,BC Interior,25,214.00,0.04,4529.43,160.02,4000.50,97.89
2024-11-01,S02,Seafood,Hotels & Institutions,Lower Mainland,41,214.00,0.01,8243.70,160.82,6593.62,64.16
2024-11-01,S02,Seafood,Hotels & Institutions,Vancouver Island,15,214.00,0.00,3028.19,160.98,2414.70,51.00
2024-11-01,S02,Seafood,Hotels & Institutions,BC Interior,15,214.00,0.01,3012.82,160.34,2405.10,57.10
2024-11-01,S02,Seafood,Online Direct,Lower Mainland,19,214.00,0.01,4499.32,160.66,3052.54,192.28
2024-11-01,S02,Seafood,Online Direct,Vancouver Island,7,214.00,0.00,1667.71,160.98,1126.86,81.80
2024-11-01,S02,Seafood,Online Direct,BC Interior,7,214.00,0.00,1666.04,160.18,1121.26,86.28
2024-11-01,S03,Seafood,Restaurants,Lower Mainland,67,305.00,0.00,20475.87,226.77,15193.59,109.02
2024-11-01,S03,Seafood,Restaurants,Vancouver Island,23,305.00,0.00,7014.89,227.45,5231.35,78.75
2024-11-01,S03,Seafood,Restaurants,BC Interior,24,305.00,0.01,7232.39,227.22,5453.28,94.26
2024-11-01,S03,Seafood,Grocery Retail,Lower Mainland,44,305.00,0.01,11750.27,226.54,9967.76,72.16
2024-11-01,S03,Seafood,Grocery Retail,Vancouver Island,16,305.00,0.00,4272.95,227.00,3632.00,54.07
2024-11-01,S03,Seafood,Grocery Retail,BC Interior,16,305.00,0.00,4268.67,227.00,3632.00,62.21
2024-11-01,S03,Seafood,Hotels & Institutions,Lower Mainland,25,305.00,0.01,7135.20,227.22,5680.50,41.08
2024-11-01,S03,Seafood,Hotels & Institutions,Vancouver Island,10,305.00,0.01,2851.25,227.68,2276.80,34.85
2024-11-01,S03,Seafood,Hotels & Institutions,BC Interior,10,305.00,0.00,2897.49,227.22,2272.20,39.94
2024-11-01,S03,Seafood,Online Direct,Lower Mainland,12,305.00,0.01,4074.60,227.91,2734.92,124.23
2024-11-01,S03,Seafood,Online Direct,Vancouver Island,4,305.00,0.01,1345.92,226.54,906.16,47.50
2024-11-01,S03,Seafood,Online Direct,BC Interior,4,305.00,0.00,1370.49,226.77,907.08,48.61
2024-11-01,S04,Seafood,Restaurants,Lower Mainland,124,138.00,0.01,16873.12,103.19,12795.56,200.98
2024-11-01,S04,Seafood,Restaurants,Vancouver Island,45,138.00,0.00,6209.90,103.50,4657.50,154.99
2024-11-01,S04,Seafood,Restaurants,BC Interior,45,138.00,0.00,6185.18,103.19,4643.55,173.92
2024-11-01,S04,Seafood,Grocery Retail,Lower Mainland,81,138.00,0.01,9728.44,103.29,8366.49,126.36
2024-11-01,S04,Seafood,Grocery Retail,Vancouver Island,31,138.00,0.03,3662.66,103.40,3205.40,105.19
2024-11-01,S04,Seafood,Grocery Retail,BC Interior,30,138.00,0.00,3625.01,103.50,3105.00,116.53
2024-11-01,S04,Seafood,Hotels & Institutions,Lower Mainland,50,138.00,0.00,6522.26,103.40,5170.00,78.80
2024-11-01,S04,Seafood,Hotels & Institutions,Vancouver Island,17,138.00,0.01,2201.98,103.40,1757.80,56.64
2024-11-01,S04,Seafood,Hotels & Institutions,BC Interior,18,138.00,0.01,2326.86,103.19,1857.42,68.52
2024-11-01,S04,Seafood,Online Direct,Lower Mainland,22,138.00,0.01,3352.72,103.29,2272.38,223.09
2024-11-01,S04,Seafood,Online Direct,Vancouver Island,8,138.00,0.01,1219.19,103.29,826.32,92.82
2024-11-01,S04,Seafood,Online Direct,BC Interior,8,138.00,0.01,1229.01,103.71,829.68,98.21
2024-11-01,H01,Charcuterie,Restaurants,Lower Mainland,200,188.00,0.00,37600.00,109.37,21874.00,321.92
2024-11-01,H01,Charcuterie,Restaurants,Vancouver Island,72,188.00,0.01,13373.19,109.15,7858.80,242.84
2024-11-01,H01,Charcuterie,Restaurants,BC Interior,74,188.00,0.01,13786.90,109.26,8085.24,289.47
2024-11-01,H01,Charcuterie,Grocery Retail,Lower Mainland,146,188.00,0.03,23479.73,109.26,15951.96,237.80
2024-11-01,H01,Charcuterie,Grocery Retail,Vancouver Island,50,188.00,0.03,8040.61,108.82,5441.00,172.21
2024-11-01,H01,Charcuterie,Grocery Retail,BC Interior,50,188.00,0.02,8057.66,108.71,5435.50,191.10
2024-11-01,H01,Charcuterie,Hotels & Institutions,Lower Mainland,83,188.00,0.01,14719.91,108.93,9041.19,131.87
2024-11-01,H01,Charcuterie,Hotels & Institutions,Vancouver Island,31,188.00,0.00,5508.95,108.71,3370.01,106.45
2024-11-01,H01,Charcuterie,Hotels & Institutions,BC Interior,30,188.00,0.01,5277.87,108.71,3261.30,116.42
2024-11-01,H01,Charcuterie,Online Direct,Lower Mainland,36,188.00,0.01,7519.63,109.37,3937.32,359.60
2024-11-01,H01,Charcuterie,Online Direct,Vancouver Island,14,188.00,0.01,2909.58,109.15,1528.10,166.27
2024-11-01,H01,Charcuterie,Online Direct,BC Interior,13,188.00,0.01,2699.02,108.71,1413.23,161.04
2024-11-01,H02,Charcuterie,Restaurants,Lower Mainland,188,156.00,0.01,28976.65,89.88,16897.44,301.70
2024-11-01,H02,Charcuterie,Restaurants,Vancouver Island,68,156.00,0.01,10459.74,89.52,6087.36,233.97
2024-11-01,H02,Charcuterie,Restaurants,BC Interior,64,156.00,0.01,9874.42,89.97,5758.08,247.10
2024-11-01,H02,Charcuterie,Grocery Retail,Lower Mainland,128,156.00,0.02,17324.57,89.70,11481.60,207.05
2024-11-01,H02,Charcuterie,Grocery Retail,Vancouver Island,46,156.00,0.01,6214.02,89.52,4117.92,160.94
2024-11-01,H02,Charcuterie,Grocery Retail,BC Interior,46,156.00,0.02,6163.60,89.52,4117.92,177.25
2024-11-01,H02,Charcuterie,Hotels & Institutions,Lower Mainland,76,156.00,0.01,11195.54,89.43,6796.68,119.53
2024-11-01,H02,Charcuterie,Hotels & Institutions,Vancouver Island,28,156.00,0.00,4133.02,89.79,2514.12,97.77
2024-11-01,H02,Charcuterie,Hotels & Institutions,BC Interior,27,156.00,0.01,3993.34,89.43,2414.61,108.25
2024-11-01,H02,Charcuterie,Online Direct,Lower Mainland,32,156.00,0.01,5546.40,89.97,2879.04,324.82
2024-11-01,H02,Charcuterie,Online Direct,Vancouver Island,12,156.00,0.00,2094.52,89.52,1074.24,139.09
2024-11-01,H02,Charcuterie,Online Direct,BC Interior,12,156.00,0.01,2092.42,89.79,1077.48,152.37
2024-11-01,H03,Charcuterie,Restaurants,Lower Mainland,95,204.00,0.00,19341.18,120.60,11457.00,149.72
2024-11-01,H03,Charcuterie,Restaurants,Vancouver Island,33,204.00,0.00,6752.20,120.36,3971.88,114.33
2024-11-01,H03,Charcuterie,Restaurants,BC Interior,33,204.00,0.01,6650.91,120.12,3963.96,131.15
2024-11-01,H03,Charcuterie,Grocery Retail,Lower Mainland,64,204.00,0.04,11008.07,120.36,7703.04,101.58
2024-11-01,H03,Charcuterie,Grocery Retail,Vancouver Island,24,204.00,0.04,4153.53,120.12,2882.88,79.97
2024-11-01,H03,Charcuterie,Grocery Retail,BC Interior,22,204.00,0.03,3819.11,120.36,2647.92,83.91
2024-11-01,H03,Charcuterie,Hotels & Institutions,Lower Mainland,39,204.00,0.00,7558.20,120.36,4694.04,62.77
2024-11-01,H03,Charcuterie,Hotels & Institutions,Vancouver Island,13,204.00,0.01,2494.21,120.36,1564.68,45.17
2024-11-01,H03,Charcuterie,Hotels & Institutions,BC Interior,14,204.00,0.00,2705.06,120.72,1690.08,54.76
2024-11-01,H03,Charcuterie,Online Direct,Lower Mainland,18,204.00,0.00,4104.40,120.72,2172.96,177.25
2024-11-01,H03,Charcuterie,Online Direct,Vancouver Island,6,204.00,0.01,1354.47,120.12,720.72,69.76
2024-11-01,H03,Charcuterie,Online Direct,BC Interior,6,204.00,0.00,1359.93,120.24,721.44,75.00
2024-11-01,H04,Charcuterie,Restaurants,Lower Mainland,165,96.00,0.01,15571.54,54.77,9037.05,267.43
2024-11-01,H04,Charcuterie,Restaurants,Vancouver Island,57,96.00,0.01,5433.53,54.61,3112.77,192.44
2024-11-01,H04,Charcuterie,Restaurants,BC Interior,61,96.00,0.01,5797.21,54.56,3328.16,237.66
2024-11-01,H04,Charcuterie,Grocery Retail,Lower Mainland,115,96.00,0.00,9705.47,54.77,6298.55,188.23
2024-11-01,H04,Charcuterie,Grocery Retail,Vancouver Island,42,96.00,0.02,3484.29,54.61,2293.62,143.51
2024-11-01,H04,Charcuterie,Grocery Retail,BC Interior,39,96.00,0.02,3248.49,54.83,2138.37,152.86
2024-11-01,H04,Charcuterie,Hotels & Institutions,Lower Mainland,66,96.00,0.01,5905.20,54.61,3604.26,107.29
2024-11-01,H04,Charcuterie,Hotels & Institutions,Vancouver Island,24,96.00,0.00,2193.16,54.72,1313.28,79.15
2024-11-01,H04,Charcuterie,Hotels & Institutions,BC Interior,24,96.00,0.01,2177.80,54.67,1312.08,92.10
2024-11-01,H04,Charcuterie,Online Direct,Lower Mainland,29,96.00,0.00,3121.20,54.88,1591.52,300.52
2024-11-01,H04,Charcuterie,Online Direct,Vancouver Island,11,96.00,0.01,1165.03,54.88,603.68,127.37
2024-11-01,H04,Charcuterie,Online Direct,BC Interior,11,96.00,0.01,1170.83,54.77,602.47,138.17
2024-11-01,D01,Cheese & Dairy,Restaurants,Lower Mainland,252,142.00,0.01,35604.58,88.22,22231.44,400.38
2024-11-01,D01,Cheese & Dairy,Restaurants,Vancouver Island,91,142.00,0.00,12870.36,88.30,8035.30,314.97
2024-11-01,D01,Cheese & Dairy,Restaurants,BC Interior,90,142.00,0.01,12651.89,87.78,7900.20,354.86
2024-11-01,D01,Cheese & Dairy,Grocery Retail,Lower Mainland,173,142.00,0.04,20798.86,88.30,15275.90,274.59
2024-11-01,D01,Cheese & Dairy,Grocery Retail,Vancouver Island,63,142.00,0.02,7738.65,87.86,5535.18,211.42
2024-11-01,D01,Cheese & Dairy,Grocery Retail,BC Interior,60,142.00,0.01,7467.52,87.86,5271.60,229.79
2024-11-01,D01,Cheese & Dairy,Hotels & Institutions,Lower Mainland,104,142.00,0.01,13889.15,88.04,9156.16,161.74
2024-11-01,D01,Cheese & Dairy,Hotels & Institutions,Vancouver Island,35,142.00,0.00,4707.34,87.95,3078.25,119.71
2024-11-01,D01,Cheese & Dairy,Hotels & Institutions,BC Interior,38,142.00,0.01,5054.36,87.95,3342.10,143.90
2024-11-01,D01,Cheese & Dairy,Online Direct,Lower Mainland,45,142.00,0.01,7106.70,87.95,3957.75,448.14
2024-11-01,D01,Cheese & Dairy,Online Direct,Vancouver Island,16,142.00,0.01,2534.43,88.30,1412.80,188.69
2024-11-01,D01,Cheese & Dairy,Online Direct,BC Interior,16,142.00,0.00,2549.72,88.22,1411.52,203.36
2024-11-01,D02,Cheese & Dairy,Restaurants,Lower Mainland,209,118.00,0.01,24317.55,72.57,15167.13,338.75
2024-11-01,D02,Cheese & Dairy,Restaurants,Vancouver Island,73,118.00,0.01,8510.86,72.42,5286.66,241.50
2024-11-01,D02,Cheese & Dairy,Restaurants,BC Interior,79,118.00,0.00,9266.14,72.42,5721.18,302.55
2024-11-01,D02,Cheese & Dairy,Grocery Retail,Lower Mainland,144,118.00,0.02,14594.75,72.42,10428.48,233.86
2024-11-01,D02,Cheese & Dairy,Grocery Retail,Vancouver Island,53,118.00,0.03,5327.58,72.35,3834.55,180.74
2024-11-01,D02,Cheese & Dairy,Grocery Retail,BC Interior,53,118.00,0.03,5376.66,72.79,3857.87,212.90
2024-11-01,D02,Cheese & Dairy,Hotels & Institutions,Lower Mainland,87,118.00,0.00,9704.00,72.57,6313.59,135.44
2024-11-01,D02,Cheese & Dairy,Hotels & Institutions,Vancouver Island,30,118.00,0.00,3346.21,72.72,2181.60,104.96
2024-11-01,D02,Cheese & Dairy,Hotels & Institutions,BC Interior,30,118.00,0.01,3346.14,72.64,2179.20,114.31
2024-11-01,D02,Cheese & Dairy,Online Direct,Lower Mainland,40,118.00,0.00,5254.73,72.42,2896.80,403.60
2024-11-01,D02,Cheese & Dairy,Online Direct,Vancouver Island,14,118.00,0.01,1828.06,72.42,1013.88,164.10
2024-11-01,D02,Cheese & Dairy,Online Direct,BC Interior,13,118.00,0.00,1718.05,72.50,942.50,160.72
2024-11-01,D03,Cheese & Dairy,Restaurants,Lower Mainland,114,236.00,0.01,26688.96,148.38,16915.32,185.87
2024-11-01,D03,Cheese & Dairy,Restaurants,Vancouver Island,40,236.00,0.00,9421.12,148.98,5959.20,139.81
2024-11-01,D03,Cheese & Dairy,Restaurants,BC Interior,41,236.00,0.01,9540.92,148.83,6102.03,158.78
2024-11-01,D03,Cheese & Dairy,Grocery Retail,Lower Mainland,77,236.00,0.03,15495.63,148.23,11413.71,124.68
2024-11-01,D03,Cheese & Dairy,Grocery Retail,Vancouver Island,27,236.00,0.00,5618.56,148.83,4018.41,90.70
2024-11-01,D03,Cheese & Dairy,Grocery Retail,BC Interior,27,236.00,0.00,5601.74,148.53,4010.31,104.35
2024-11-01,D03,Cheese & Dairy,Hotels & Institutions,Lower Mainland,44,236.00,0.00,9835.23,148.38,6528.72,71.46
2024-11-01,D03,Cheese & Dairy,Hotels & Institutions,Vancouver Island,17,236.00,0.01,3773.29,148.53,2525.01,58.32
2024-11-01,D03,Cheese & Dairy,Hotels & Institutions,BC Interior,16,236.00,0.01,3576.37,148.83,2381.28,62.09
2024-11-01,D03,Cheese & Dairy,Online Direct,Lower Mainland,21,236.00,0.01,5500.64,149.13,3131.73,208.49
2024-11-01,D03,Cheese & Dairy,Online Direct,Vancouver Island,7,236.00,0.01,1837.27,148.53,1039.71,83.88
2024-11-01,D03,Cheese & Dairy,Online Direct,BC Interior,8,236.00,0.01,2084.96,148.83,1190.64,98.21
2024-11-01,D04,Cheese & Dairy,Restaurants,Lower Mainland,302,86.00,0.01,25685.63,52.62,15891.24,479.33
2024-11-01,D04,Cheese & Dairy,Restaurants,Vancouver Island,110,86.00,0.00,9431.64,52.51,5776.10,365.77
2024-11-01,D04,Cheese & Dairy,Restaurants,BC Interior,111,86.00,0.01,9507.70,52.56,5834.16,443.72
2024-11-01,D04,Cheese & Dairy,Grocery Retail,Lower Mainland,203,86.00,0.03,14948.24,52.41,10639.23,333.57
2024-11-01,D04,Cheese & Dairy,Grocery Retail,Vancouver Island,74,86.00,0.03,5454.04,52.56,3889.44,254.62
2024-11-01,D04,Cheese & Dairy,Grocery Retail,BC Interior,77,86.00,0.03,5651.96,52.56,4047.12,292.79
2024-11-01,D04,Cheese & Dairy,Hotels & Institutions,Lower Mainland,127,86.00,0.00,10344.73,52.36,6649.72,206.04
2024-11-01,D04,Cheese & Dairy,Hotels & Institutions,Vancouver Island,46,86.00,0.01,3750.63,52.51,2415.46,152.18
2024-11-01,D04,Cheese & Dairy,Hotels & Institutions,BC Interior,43,86.00,0.01,3474.36,52.41,2253.63,165.18
2024-11-01,D04,Cheese & Dairy,Online Direct,Lower Mainland,54,86.00,0.01,5128.53,52.62,2841.48,541.04
2024-11-01,D04,Cheese & Dairy,Online Direct,Vancouver Island,20,86.00,0.00,1934.11,52.62,1052.40,237.52
2024-11-01,D04,Cheese & Dairy,Online Direct,BC Interior,20,86.00,0.01,1914.83,52.62,1052.40,254.70
2024-12-01,B01,Beef,Restaurants,Lower Mainland,246,268.00,0.00,65795.95,197.92,48688.32,392.03
2024-12-01,B01,Beef,Restaurants,Vancouver Island,91,268.00,0.01,24095.83,198.72,18083.52,311.26
2024-12-01,B01,Beef,Restaurants,BC Interior,95,268.00,0.01,25434.03,198.72,18878.40,379.76
2024-12-01,B01,Beef,Grocery Retail,Lower Mainland,166,268.00,0.02,38368.45,197.73,32823.18,257.90
2024-12-01,B01,Beef,Grocery Retail,Vancouver Island,60,268.00,0.01,14065.40,198.52,11911.20,201.76
2024-12-01,B01,Beef,Grocery Retail,BC Interior,59,268.00,0.02,13663.83,197.73,11666.07,223.43
2024-12-01,B01,Beef,Hotels & Institutions,Lower Mainland,100,268.00,0.01,25332.70,197.92,19792.00,159.36
2024-12-01,B01,Beef,Hotels & Institutions,Vancouver Island,38,268.00,0.01,9655.22,198.12,7528.56,128.04
2024-12-01,B01,Beef,Hotels & Institutions,BC Interior,39,268.00,0.01,9829.72,198.12,7726.68,149.82
2024-12-01,B01,Beef,Online Direct,Lower Mainland,45,268.00,0.01,13385.91,198.72,8942.40,443.14
2024-12-01,B01,Beef,Online Direct,Vancouver Island,17,268.00,0.01,5006.07,198.52,3374.84,202.10
2024-12-01,B01,Beef,Online Direct,BC Interior,16,268.00,0.01,4764.14,198.12,3169.92,193.64
2024-12-01,B02,Beef,Restaurants,Lower Mainland,656,118.00,0.01,76554.50,86.64,56835.84,1076.89
2024-12-01,B02,Beef,Restaurants,Vancouver Island,243,118.00,0.01,28416.45,86.90,21116.70,808.02
2024-12-01,B02,Beef,Restaurants,BC Interior,253,118.00,0.01,29524.83,86.56,21899.68,991.63
2024-12-01,B02,Beef,Grocery Retail,Lower Mainland,442,118.00,0.02,45162.14,86.90,38409.80,689.52
2024-12-01,B02,Beef,Grocery Retail,Vancouver Island,169,118.00,0.02,17231.53,86.90,14686.10,582.64
2024-12-01,B02,Beef,Grocery Retail,BC Interior,162,118.00,0.01,16737.57,86.90,14077.80,624.85
2024-12-01,B02,Beef,Hotels & Institutions,Lower Mainland,270,118.00,0.01,30114.58,86.73,23417.10,440.64
2024-12-01,B02,Beef,Hotels & Institutions,Vancouver Island,98,118.00,0.01,10854.19,86.99,8525.02,324.87
2024-12-01,B02,Beef,Hotels & Institutions,BC Interior,99,118.00,0.00,11075.62,86.56,8569.44,394.21
2024-12-01,B02,Beef,Online Direct,Lower Mainland,123,118.00,0.00,16223.12,86.47,10635.81,1264.66
2024-12-01,B02,Beef,Online Direct,Vancouver Island,44,118.00,0.01,5751.00,86.90,3823.60,519.41
2024-12-01,B02,Beef,Online Direct,BC Interior,43,118.00,0.01,5620.47,86.90,3736.70,540.13
2024-12-01,B03,Beef,Restaurants,Lower Mainland,298,196.00,0.01,58055.22,145.73,43427.54,478.71
2024-12-01,B03,Beef,Restaurants,Vancouver Island,102,196.00,0.01,19752.50,146.31,14923.62,352.70
2024-12-01,B03,Beef,Restaurants,BC Interior,107,196.00,0.01,20637.27,146.02,15624.14,410.62
2024-12-01,B03,Beef,Grocery Retail,Lower Mainland,201,196.00,0.02,34111.81,145.87,29319.87,328.03
2024-12-01,B03,Beef,Grocery Retail,Vancouver Island,76,196.00,0.00,13056.09,145.73,11075.48,259.69
2024-12-01,B03,Beef,Grocery Retail,BC Interior,70,196.00,0.01,11988.99,146.02,10221.40,269.72
2024-12-01,B03,Beef,Hotels & Institutions,Lower Mainland,117,196.00,0.01,21697.80,145.87,17066.79,184.02
2024-12-01,B03,Beef,Hotels & Institutions,Vancouver Island,45,196.00,0.01,8295.39,146.46,6590.70,156.98
2024-12-01,B03,Beef,Hotels & Institutions,BC Interior,44,196.00,0.01,8094.49,146.46,6444.24,172.80
2024-12-01,B03,Beef,Online Direct,Lower Mainland,55,196.00,0.01,12037.26,145.73,8015.15,563.83
2024-12-01,B03,Beef,Online Direct,Vancouver Island,20,196.00,0.01,4350.97,145.73,2914.60,238.71
2024-12-01,B03,Beef,Online Direct,BC Interior,19,196.00,0.00,4162.54,145.58,2766.02,239.61
2024-12-01,B04,Beef,Restaurants,Lower Mainland,137,342.00,0.01,46386.58,255.99,35070.63,220.30
2024-12-01,B04,Beef,Restaurants,Vancouver Island,51,342.00,0.00,17354.86,256.24,13068.24,174.79
2024-12-01,B04,Beef,Restaurants,BC Interior,52,342.00,0.01,17517.24,256.76,13351.52,204.83
2024-12-01,B04,Beef,Grocery Retail,Lower Mainland,94,342.00,0.01,27838.95,255.99,24063.06,151.45
2024-12-01,B04,Beef,Grocery Retail,Vancouver Island,36,342.00,0.03,10521.44,255.99,9215.64,122.89
2024-12-01,B04,Beef,Grocery Retail,BC Interior,36,342.00,0.04,10454.12,255.73,9206.28,139.28
2024-12-01,B04,Beef,Hotels & Institutions,Lower Mainland,55,342.00,0.00,17798.09,256.50,14107.50,87.47
2024-12-01,B04,Beef,Hotels & Institutions,Vancouver Island,20,342.00,0.00,6465.55,255.73,5114.60,69.09
2024-12-01,B04,Beef,Hotels & Institutions,BC Interior,20,342.00,0.01,6452.23,257.01,5140.20,78.39
2024-12-01,B04,Beef,Online Direct,Lower Mainland,26,342.00,0.01,9899.34,256.24,6662.24,265.23
2024-12-01,B04,Beef,Online Direct,Vancouver Island,9,342.00,0.00,3450.79,256.50,2308.50,105.49
2024-12-01,B04,Beef,Online Direct,BC Interior,9,342.00,0.01,3409.44,257.01,2313.09,109.70
2024-12-01,P01,Pork,Restaurants,Lower Mainland,433,132.00,0.01,56812.66,92.40,40009.20,692.80
2024-12-01,P01,Pork,Restaurants,Vancouver Island,150,132.00,0.01,19542.84,92.40,13860.00,508.98
2024-12-01,P01,Pork,Restaurants,BC Interior,154,132.00,0.01,20063.45,92.68,14272.72,615.62
2024-12-01,P01,Pork,Grocery Retail,Lower Mainland,295,132.00,0.00,34335.63,92.12,27175.40,465.39
2024-12-01,P01,Pork,Grocery Retail,Vancouver Island,104,132.00,0.02,11779.42,92.22,9590.88,349.71
2024-12-01,P01,Pork,Grocery Retail,BC Interior,109,132.00,0.01,12471.85,92.68,10102.12,427.65
2024-12-01,P01,Pork,Hotels & Institutions,Lower Mainland,174,132.00,0.01,21622.44,92.12,16028.88,277.01
2024-12-01,P01,Pork,Hotels & Institutions,Vancouver Island,62,132.00,0.01,7688.81,92.12,5711.44,212.28
2024-12-01,P01,Pork,Hotels & Institutions,BC Interior,64,132.00,0.00,7993.50,92.58,5925.12,254.84
2024-12-01,P01,Pork,Online Direct,Lower Mainland,77,132.00,0.01,11269.84,92.31,7107.87,755.15
2024-12-01,P01,Pork,Online Direct,Vancouver Island,28,132.00,0.01,4089.96,92.40,2587.20,331.87
2024-12-01,P01,Pork,Online Direct,BC Interior,28,132.00,0.00,4122.96,92.12,2579.36,337.13
2024-12-01,P02,Pork,Restaurants,Lower Mainland,304,104.00,0.01,31331.14,71.54,21748.16,493.21
2024-12-01,P02,Pork,Restaurants,Vancouver Island,113,104.00,0.01,11599.37,71.90,8124.70,391.50
2024-12-01,P02,Pork,Restaurants,BC Interior,108,104.00,0.01,11130.51,71.62,7734.96,417.41
2024-12-01,P02,Pork,Grocery Retail,Lower Mainland,206,104.00,0.01,18608.26,71.90,14811.40,320.70
2024-12-01,P02,Pork,Grocery Retail,Vancouver Island,75,104.00,0.01,6754.44,71.54,5365.50,261.63
2024-12-01,P02,Pork,Grocery Retail,BC Interior,77,104.00,0.03,6821.75,71.83,5530.91,298.80
2024-12-01,P02,Pork,Hotels & Institutions,Lower Mainland,120,104.00,0.00,11844.00,71.69,8602.80,186.62
2024-12-01,P02,Pork,Hotels & Institutions,Vancouver Island,43,104.00,0.01,4210.24,71.54,3076.22,146.93
2024-12-01,P02,Pork,Hotels & Institutions,BC Interior,45,104.00,0.00,4445.98,71.54,3219.30,173.57
2024-12-01,P02,Pork,Online Direct,Lower Mainland,54,104.00,0.01,6270.99,71.62,3867.48,557.94
2024-12-01,P02,Pork,Online Direct,Vancouver Island,20,104.00,0.01,2324.88,71.90,1438.00,231.81
2024-12-01,P02,Pork,Online Direct,BC Interior,21,104.00,0.00,2448.53,71.69,1505.49,266.39
2024-12-01,P03,Pork,Restaurants,Lower Mainland,265,146.00,0.01,38303.45,102.62,27194.30,411.70
2024-12-01,P03,Pork,Restaurants,Vancouver Island,95,146.00,0.00,13870.00,102.83,9768.85,323.32
2024-12-01,P03,Pork,Restaurants,BC Interior,98,146.00,0.01,14236.12,102.62,10056.76,375.70
2024-12-01,P03,Pork,Grocery Retail,Lower Mainland,183,146.00,0.01,23347.49,103.24,18892.92,294.85
2024-12-01,P03,Pork,Grocery Retail,Vancouver Island,68,146.00,0.03,8456.78,102.62,6978.16,231.20
2024-12-01,P03,Pork,Grocery Retail,BC Interior,68,146.00,0.03,8526.25,102.62,6978.16,265.20
2024-12-01,P03,Pork,Hotels & Institutions,Lower Mainland,107,146.00,0.00,14766.78,103.14,11035.98,167.60
2024-12-01,P03,Pork,Hotels & Institutions,Vancouver Island,40,146.00,0.01,5470.55,103.24,4129.60,137.50
2024-12-01,P03,Pork,Hotels & Institutions,BC Interior,38,146.00,0.00,5270.55,103.14,3919.32,143.75
2024-12-01,P03,Pork,Online Direct,Lower Mainland,49,146.00,0.01,7916.55,102.62,5028.38,491.93
2024-12-01,P03,Pork,Online Direct,Vancouver Island,18,146.00,0.01,2890.54,103.24,1858.32,216.77
2024-12-01,P03,Pork,Online Direct,BC Interior,17,146.00,0.01,2741.03,102.72,1746.24,205.53
2024-12-01,P04,Pork,Restaurants,Lower Mainland,397,92.00,0.01,36122.24,64.00,25408.00,635.84
2024-12-01,P04,Pork,Restaurants,Vancouver Island,138,92.00,0.01,12531.23,64.00,8832.00,480.93
2024-12-01,P04,Pork,Restaurants,BC Interior,144,92.00,0.01,13115.73,63.75,9180.00,572.27
2024-12-01,P04,Pork,Grocery Retail,Lower Mainland,272,92.00,0.02,21600.69,63.88,17375.36,426.06
2024-12-01,P04,Pork,Grocery Retail,Vancouver Island,94,92.00,0.01,7602.48,63.88,6004.72,328.23
2024-12-01,P04,Pork,Grocery Retail,BC Interior,97,92.00,0.01,7712.20,64.13,6220.61,380.95
2024-12-01,P04,Pork,Hotels & Institutions,Lower Mainland,155,92.00,0.00,13519.91,63.88,9901.40,249.74
2024-12-01,P04,Pork,Hotels & Institutions,Vancouver Island,58,92.00,0.01,5048.90,63.88,3705.04,199.17
2024-12-01,P04,Pork,Hotels & Institutions,BC Interior,58,92.00,0.01,5028.55,63.94,3708.52,232.08
2024-12-01,P04,Pork,Online Direct,Lower Mainland,68,92.00,0.00,6964.74,64.00,4352.00,695.73
2024-12-01,P04,Pork,Online Direct,Vancouver Island,25,92.00,0.01,2542.57,64.07,1601.75,293.93
2024-12-01,P04,Pork,Online Direct,BC Interior,26,92.00,0.01,2670.98,63.88,1660.88,314.98
2024-12-01,C01,Poultry,Restaurants,Lower Mainland,691,78.00,0.01,53628.51,56.49,39034.59,1125.50
2024-12-01,C01,Poultry,Restaurants,Vancouver Island,244,78.00,0.01,18728.23,56.72,13839.68,812.18
2024-12-01,C01,Poultry,Restaurants,BC Interior,244,78.00,0.01,18917.90,56.66,13825.04,934.47
2024-12-01,C01,Poultry,Grocery Retail,Lower Mainland,460,78.00,0.02,30849.51,56.44,25962.40,715.39
2024-12-01,C01,Poultry,Grocery Retail,Vancouver Island,178,78.00,0.03,11828.01,56.66,10085.48,600.96
2024-12-01,C01,Poultry,Grocery Retail,BC Interior,175,78.00,0.00,11975.96,56.38,9866.50,685.23
2024-12-01,C01,Poultry,Hotels & Institutions,Lower Mainland,275,78.00,0.01,20153.71,56.66,15581.50,439.56
2024-12-01,C01,Poultry,Hotels & Institutions,Vancouver Island,104,78.00,0.01,7583.47,56.38,5863.52,346.53
2024-12-01,C01,Poultry,Hotels & Institutions,BC Interior,99,78.00,0.01,7255.28,56.72,5615.28,380.69
2024-12-01,C01,Poultry,Online Direct,Lower Mainland,131,78.00,0.00,11375.59,56.61,7415.91,1317.81
2024-12-01,C01,Poultry,Online Direct,Vancouver Island,45,78.00,0.00,3946.92,56.61,2547.45,522.11
2024-12-01,C01,Poultry,Online Direct,BC Interior,46,78.00,0.01,3970.47,56.49,2598.54,553.29
2024-12-01,C02,Poultry,Restaurants,Lower Mainland,611,124.00,0.00,75763.92,89.55,54715.05,991.29
2024-12-01,C02,Poultry,Restaurants,Vancouver Island,215,124.00,0.01,26472.58,89.10,19156.50,726.61
2024-12-01,C02,Poultry,Restaurants,BC Interior,227,124.00,0.00,27979.34,89.46,20307.42,902.12
2024-12-01,C02,Poultry,Grocery Retail,Lower Mainland,433,124.00,0.02,46254.56,89.28,38658.24,692.80
2024-12-01,C02,Poultry,Grocery Retail,Vancouver Island,149,124.00,0.02,15998.74,89.55,13342.95,520.28
2024-12-01,C02,Poultry,Grocery Retail,BC Interior,150,124.00,0.01,16285.77,89.10,13365.00,601.96
2024-12-01,C02,Poultry,Hotels & Institutions,Lower Mainland,256,124.00,0.00,30156.68,89.28,22855.68,397.31
2024-12-01,C02,Poultry,Hotels & Institutions,Vancouver Island,91,124.00,0.00,10644.89,89.01,8099.91,312.49
2024-12-01,C02,Poultry,Hotels & Institutions,BC Interior,91,124.00,0.01,10633.95,89.01,8099.91,351.35
2024-12-01,C02,Poultry,Online Direct,Lower Mainland,115,124.00,0.01,15763.77,89.46,10287.90,1131.30
2024-12-01,C02,Poultry,Online Direct,Vancouver Island,41,124.00,0.01,5659.82,89.01,3649.41,490.34
2024-12-01,C02,Poultry,Online Direct,BC Interior,41,124.00,0.01,5654.12,89.37,3664.17,500.27
2024-12-01,C03,Poultry,Restaurants,Lower Mainland,486,96.00,0.01,45818.80,68.57,33325.02,797.04
2024-12-01,C03,Poultry,Restaurants,Vancouver Island,186,96.00,0.01,17713.15,68.43,12727.98,629.87
2024-12-01,C03,Poultry,Restaurants,BC Interior,174,96.00,0.00,16637.25,68.85,11979.90,665.71
2024-12-01,C03,Poultry,Grocery Retail,Lower Mainland,338,96.00,0.04,27581.34,68.71,23223.98,551.62
2024-12-01,C03,Poultry,Grocery Retail,Vancouver Island,125,96.00,0.01,10496.47,68.50,8562.50,412.68
2024-12-01,C03,Poultry,Grocery Retail,BC Interior,126,96.00,0.04,10260.88,68.43,8622.18,501.23
2024-12-01,C03,Poultry,Hotels & Institutions,Lower Mainland,195,96.00,0.01,17641.73,68.64,13384.80,314.18
2024-12-01,C03,Poultry,Hotels & Institutions,Vancouver Island,72,96.00,0.01,6526.74,68.57,4937.04,237.46
2024-12-01,C03,Poultry,Hotels & Institutions,BC Interior,74,96.00,0.00,6721.83,68.57,5074.18,285.14
2024-12-01,C03,Poultry,Online Direct,Lower Mainland,88,96.00,0.01,9291.87,68.71,6046.48,871.91
2024-12-01,C03,Poultry,Online Direct,Vancouver Island,33,96.00,0.00,3541.05,68.43,2258.19,395.06
2024-12-01,C03,Poultry,Online Direct,BC Interior,31,96.00,0.01,3309.64,68.85,2134.35,385.55
2024-12-01,C04,Poultry,Restaurants,Lower Mainland,119,188.00,0.01,22037.23,131.60,15660.40,195.54
2024-12-01,C04,Poultry,Restaurants,Vancouver Island,42,188.00,0.00,7880.21,131.34,5516.28,145.08
2024-12-01,C04,Poultry,Restaurants,BC Interior,40,188.00,0.00,7535.02,131.99,5279.60,160.21
2024-12-01,C04,Poultry,Grocery Retail,Lower Mainland,78,188.00,0.01,12813.89,131.99,10295.22,127.92
2024-12-01,C04,Poultry,Grocery Retail,Vancouver Island,28,188.00,0.01,4595.29,131.99,3695.72,96.25
2024-12-01,C04,Poultry,Grocery Retail,BC Interior,28,188.00,0.03,4521.03,131.47,3681.16,109.09
2024-12-01,C04,Poultry,Hotels & Institutions,Lower Mainland,48,188.00,0.01,8521.02,131.47,6310.56,75.11
2024-12-01,C04,Poultry,Hotels & Institutions,Vancouver Island,17,188.00,0.01,3011.93,131.99,2243.83,58.49
2024-12-01,C04,Poultry,Hotels & Institutions,BC Interior,17,188.00,0.01,3014.86,131.34,2232.78,68.09
2024-12-01,C04,Poultry,Online Direct,Lower Mainland,22,188.00,0.01,4590.46,131.60,2895.20,223.09
2024-12-01,C04,Poultry,Online Direct,Vancouver Island,8,188.00,0.01,1662.58,131.86,1054.88,94.72
2024-12-01,C04,Poultry,Online Direct,BC Interior,8,188.00,0.00,1681.10,131.99,1055.92,100.99
2024-12-01,S01,Seafood,Restaurants,Lower Mainland,271,176.00,0.00,47457.81,133.15,36083.65,444.87
2024-12-01,S01,Seafood,Restaurants,Vancouver Island,100,176.00,0.01,17301.33,133.28,13328.00,346.80
2024-12-01,S01,Seafood,Restaurants,BC Interior,94,176.00,0.01,16394.24,133.01,12502.94,358.53
2024-12-01,S01,Seafood,Grocery Retail,Lower Mainland,193,176.00,0.02,29264.71,132.75,25620.75,312.20
2024-12-01,S01,Seafood,Grocery Retail,Vancouver Island,67,176.00,0.00,10325.12,132.61,8884.87,229.17
2024-12-01,S01,Seafood,Grocery Retail,BC Interior,65,176.00,0.01,9916.55,132.61,8619.65,258.32
2024-12-01,S01,Seafood,Hotels & Institutions,Lower Mainland,110,176.00,0.01,18116.60,132.88,14616.80,177.41
2024-12-01,S01,Seafood,Hotels & Institutions,Vancouver Island,39,176.00,0.01,6449.07,133.28,5197.92,134.06
2024-12-01,S01,Seafood,Hotels & Institutions,BC Interior,39,176.00,0.01,6442.62,133.15,5192.85,153.01
2024-12-01,S01,Seafood,Online Direct,Lower Mainland,50,176.00,0.00,9777.31,132.61,6630.50,515.60
2024-12-01,S01,Seafood,Online Direct,Vancouver Island,17,176.00,0.01,3294.21,132.61,2254.37,207.96
2024-12-01,S01,Seafood,Online Direct,BC Interior,18,176.00,0.01,3530.29,132.61,2386.98,228.33
2024-12-01,S02,Seafood,Restaurants,Lower Mainland,116,214.00,0.01,24674.06,160.02,18562.32,180.59
2024-12-01,S02,Seafood,Restaurants,Vancouver Island,44,214.00,0.01,9406.40,160.82,7076.08,152.89
2024-12-01,S02,Seafood,Restaurants,BC Interior,43,214.00,0.01,9119.26,160.50,6901.50,165.18
2024-12-01,S02,Seafood,Grocery Retail,Lower Mainland,81,214.00,0.03,14782.70,160.34,12987.54,130.64
2024-12-01,S02,Seafood,Grocery Retail,Vancouver Island,28,214.00,0.01,5188.80,160.82,4502.96,95.77
2024-12-01,S02,Seafood,Grocery Retail,BC Interior,28,214.00,0.02,5162.59,160.82,4502.96,110.18
2024-12-01,S02,Seafood,Hotels & Institutions,Lower Mainland,46,214.00,0.01,9193.21,160.66,7390.36,72.64
2024-12-01,S02,Seafood,Hotels & Institutions,Vancouver Island,17,214.00,0.01,3428.42,160.82,2733.94,56.64
2024-12-01,S02,Seafood,Hotels & Institutions,BC Interior,18,214.00,0.01,3622.89,160.66,2891.88,72.24
2024-12-01,S02,Seafood,Online Direct,Lower Mainland,21,214.00,0.01,4952.82,160.18,3363.78,211.89
2024-12-01,S02,Seafood,Online Direct,Vancouver Island,8,214.00,0.00,1913.61,160.98,1287.84,94.63
2024-12-01,S02,Seafood,Online Direct,BC Interior,8,214.00,0.01,1898.28,160.34,1282.72,101.68
2024-12-01,S03,Seafood,Restaurants,Lower Mainland,73,305.00,0.01,21998.42,227.68,16620.64,114.58
2024-12-01,S03,Seafood,Restaurants,Vancouver Island,27,305.00,0.01,8193.63,227.22,6134.94,89.69
2024-12-01,S03,Seafood,Restaurants,BC Interior,27,305.00,0.00,8202.06,227.91,6153.57,108.14
2024-12-01,S03,Seafood,Grocery Retail,Lower Mainland,50,305.00,0.01,13392.96,226.54,11327.00,81.04
2024-12-01,S03,Seafood,Grocery Retail,Vancouver Island,18,305.00,0.04,4643.30,227.00,4086.00,60.40
2024-12-01,S03,Seafood,Grocery Retail,BC Interior,19,305.00,0.03,4992.00,227.68,4325.92,72.40
2024-12-01,S03,Seafood,Hotels & Institutions,Lower Mainland,29,305.00,0.01,8301.54,227.22,6589.38,47.33
2024-12-01,S03,Seafood,Hotels & Institutions,Vancouver Island,11,305.00,0.00,3177.68,227.22,2499.42,38.22
2024-12-01,S03,Seafood,Hotels & Institutions,BC Interior,11,305.00,0.01,3164.97,226.77,2494.47,43.41
2024-12-01,S03,Seafood,Online Direct,Lower Mainland,13,305.00,0.01,4405.34,226.54,2945.02,128.81
2024-12-01,S03,Seafood,Online Direct,Vancouver Island,5,305.00,0.00,1699.47,227.22,1136.10,58.61
2024-12-01,S03,Seafood,Online Direct,BC Interior,5,305.00,0.01,1699.42,227.68,1138.40,60.76
2024-12-01,S04,Seafood,Restaurants,Lower Mainland,137,138.00,0.01,18547.92,103.50,14179.50,220.73
2024-12-01,S04,Seafood,Restaurants,Vancouver Island,49,138.00,0.01,6654.00,103.19,5056.31,165.60
2024-12-01,S04,Seafood,Restaurants,BC Interior,49,138.00,0.00,6741.71,103.19,5056.31,186.32
2024-12-01,S04,Seafood,Grocery Retail,Lower Mainland,95,138.00,0.02,11237.64,103.60,9842.00,154.43
2024-12-01,S04,Seafood,Grocery Retail,Vancouver Island,35,138.00,0.04,4109.84,103.29,3615.15,121.74
2024-12-01,S04,Seafood,Grocery Retail,BC Interior,33,138.00,0.04,3851.07,103.29,3408.57,131.40
2024-12-01,S04,Seafood,Hotels & Institutions,Lower Mainland,55,138.00,0.01,7124.20,103.29,5680.95,88.09
2024-12-01,S04,Seafood,Hotels & Institutions,Vancouver Island,20,138.00,0.00,2616.75,103.40,2068.00,68.14
2024-12-01,S04,Seafood,Hotels & Institutions,BC Interior,20,138.00,0.01,2595.82,103.81,2076.20,78.86
2024-12-01,S04,Seafood,Online Direct,Lower Mainland,24,138.00,0.01,3653.96,103.81,2491.44,249.43
2024-12-01,S04,Seafood,Online Direct,Vancouver Island,9,138.00,0.01,1373.00,103.50,931.50,103.89
2024-12-01,S04,Seafood,Online Direct,BC Interior,9,138.00,0.00,1391.03,103.29,929.61,111.49
2024-12-01,H01,Charcuterie,Restaurants,Lower Mainland,227,188.00,0.00,42377.78,109.26,24802.02,361.38
2024-12-01,H01,Charcuterie,Restaurants,Vancouver Island,88,188.00,0.01,16411.65,109.37,9624.56,292.62
2024-12-01,H01,Charcuterie,Restaurants,BC Interior,83,188.00,0.01,15463.78,108.82,9032.06,330.50
2024-12-01,H01,Charcuterie,Grocery Retail,Lower Mainland,162,188.00,0.01,26399.26,108.82,17628.84,265.16
2024-12-01,H01,Charcuterie,Grocery Retail,Vancouver Island,57,188.00,0.01,9382.80,109.26,6227.82,190.31
2024-12-01,H01,Charcuterie,Grocery Retail,BC Interior,59,188.00,0.01,9741.29,109.37,6452.83,234.70
2024-12-01,H01,Charcuterie,Hotels & Institutions,Lower Mainland,92,188.00,0.01,16316.28,109.26,10051.92,146.46
2024-12-01,H01,Charcuterie,Hotels & Institutions,Vancouver Island,34,188.00,0.00,6036.01,108.82,3699.88,116.18
2024-12-01,H01,Charcuterie,Hotels & Institutions,BC Interior,35,188.00,0.01,6169.92,108.93,3812.55,134.73
2024-12-01,H01,Charcuterie,Online Direct,Lower Mainland,42,188.00,0.01,8746.40,109.26,4588.92,436.50
2024-12-01,H01,Charcuterie,Online Direct,Vancouver Island,15,188.00,0.01,3104.87,108.82,1632.30,173.68
2024-12-01,H01,Charcuterie,Online Direct,BC Interior,15,188.00,0.01,3136.20,109.26,1638.90,181.72
2024-12-01,H02,Charcuterie,Restaurants,Lower Mainland,212,156.00,0.00,33071.70,89.79,19035.48,332.08
2024-12-01,H02,Charcuterie,Restaurants,Vancouver Island,77,156.00,0.00,11975.92,89.97,6927.69,257.87
2024-12-01,H02,Charcuterie,Restaurants,BC Interior,73,156.00,0.01,11296.79,89.70,6548.10,281.28
2024-12-01,H02,Charcuterie,Grocery Retail,Lower Mainland,138,156.00,0.02,18529.22,89.97,12415.86,226.32
2024-12-01,H02,Charcuterie,Grocery Retail,Vancouver Island,52,156.00,0.04,6846.44,89.79,4669.08,180.34
2024-12-01,H02,Charcuterie,Grocery Retail,BC Interior,52,156.00,0.01,7067.17,89.61,4659.72,200.57
2024-12-01,H02,Charcuterie,Hotels & Institutions,Lower Mainland,85,156.00,0.01,12458.79,89.43,7601.55,138.86
2024-12-01,H02,Charcuterie,Hotels & Institutions,Vancouver Island,31,156.00,0.01,4525.45,89.97,2789.07,104.98
2024-12-01,H02,Charcuterie,Hotels & Institutions,BC Interior,31,156.00,0.01,4534.53,89.97,2789.07,119.45
2024-12-01,H02,Charcuterie,Online Direct,Lower Mainland,39,156.00,0.01,6712.05,89.88,3505.32,391.93
2024-12-01,H02,Charcuterie,Online Direct,Vancouver Island,14,156.00,0.01,2433.83,89.97,1259.58,162.10
2024-12-01,H02,Charcuterie,Online Direct,BC Interior,14,156.00,0.01,2402.16,89.52,1253.28,169.26
2024-12-01,H03,Charcuterie,Restaurants,Lower Mainland,107,204.00,0.01,21653.53,120.48,12891.36,166.41
2024-12-01,H03,Charcuterie,Restaurants,Vancouver Island,39,204.00,0.01,7876.57,120.00,4680.00,134.59
2024-12-01,H03,Charcuterie,Restaurants,BC Interior,40,204.00,0.00,8143.69,120.00,4800.00,156.31
2024-12-01,H03,Charcuterie,Grocery Retail,Lower Mainland,71,204.00,0.02,12528.17,120.24,8537.04,112.69
2024-12-01,H03,Charcuterie,Grocery Retail,Vancouver Island,26,204.00,0.03,4531.87,120.12,3123.12,89.20
2024-12-01,H03,Charcuterie,Grocery Retail,BC Interior,26,204.00,0.01,4620.73,120.12,3123.12,99.78
2024-12-01,H03,Charcuterie,Hotels & Institutions,Lower Mainland,44,204.00,0.01,8492.99,120.48,5301.12,68.29
2024-12-01,H03,Charcuterie,Hotels & Institutions,Vancouver Island,16,204.00,0.01,3063.69,120.24,1923.84,53.96
2024-12-01,H03,Charcuterie,Hotels & Institutions,BC Interior,16,204.00,0.01,3076.03,120.36,1925.76,60.53
2024-12-01,H03,Charcuterie,Online Direct,Lower Mainland,20,204.00,0.00,4569.60,120.72,2414.40,203.62
2024-12-01,H03,Charcuterie,Online Direct,Vancouver Island,7,204.00,0.01,1588.18,120.12,840.84,84.63
2024-12-01,H03,Charcuterie,Online Direct,BC Interior,7,204.00,0.01,1570.66,120.00,840.00,87.06
2024-12-01,H04,Charcuterie,Restaurants,Lower Mainland,186,96.00,0.01,17588.80,54.61,10157.46,295.22
2024-12-01,H04,Charcuterie,Restaurants,Vancouver Island,68,96.00,0.00,6514.89,54.72,3720.96,225.88
2024-12-01,H04,Charcuterie,Restaurants,BC Interior,66,96.00,0.00,6342.30,54.77,3614.82,258.43
2024-12-01,H04,Charcuterie,Grocery Retail,Lower Mainland,130,96.00,0.01,10817.82,54.83,7127.90,207.79
2024-12-01,H04,Charcuterie,Grocery Retail,Vancouver Island,45,96.00,0.03,3691.56,54.61,2457.45,151.93
2024-12-01,H04,Charcuterie,Grocery Retail,BC Interior,47,96.00,0.01,3915.13,54.88,2579.36,180.37
2024-12-01,H04,Charcuterie,Hotels & Institutions,Lower Mainland,74,96.00,0.01,6708.31,54.67,4045.58,114.85
2024-12-01,H04,Charcuterie,Hotels & Institutions,Vancouver Island,26,96.00,0.01,2340.37,54.56,1418.56,88.31
2024-12-01,H04,Charcuterie,Hotels & Institutions,BC Interior,27,96.00,0.01,2435.34,54.61,1474.47,107.51
2024-12-01,H04,Charcuterie,Online Direct,Lower Mainland,34,96.00,0.01,3644.68,54.83,1864.22,338.59
2024-12-01,H04,Charcuterie,Online Direct,Vancouver Island,12,96.00,0.00,1290.23,54.56,654.72,146.23
2024-12-01,H04,Charcuterie,Online Direct,BC Interior,12,96.00,0.00,1288.93,54.72,656.64,144.48
2024-12-01,D01,Cheese & Dairy,Restaurants,Lower Mainland,267,142.00,0.01,37345.82,88.30,23576.10,428.91
2024-12-01,D01,Cheese & Dairy,Restaurants,Vancouver Island,103,142.00,0.01,14406.99,88.22,9086.66,343.55
2024-12-01,D01,Cheese & Dairy,Restaurants,BC Interior,102,142.00,0.01,14396.52,88.04,8980.08,394.22
2024-12-01,D01,Cheese & Dairy,Grocery Retail,Lower Mainland,187,142.00,0.03,22664.18,88.30,16512.10,296.51
2024-12-01,D01,Cheese & Dairy,Grocery Retail,Vancouver Island,71,142.00,0.03,8570.51,88.22,6263.62,243.57
2024-12-01,D01,Cheese & Dairy,Grocery Retail,BC Interior,69,142.00,0.02,8432.14,88.30,6092.70,265.87
2024-12-01,D01,Cheese & Dairy,Hotels & Institutions,Lower Mainland,111,142.00,0.00,14973.66,88.22,9792.42,174.05
2024-12-01,D01,Cheese & Dairy,Hotels & Institutions,Vancouver Island,40,142.00,0.00,5379.82,87.95,3518.00,134.64
2024-12-01,D01,Cheese & Dairy,Hotels & Institutions,BC Interior,41,142.00,0.01,5486.60,88.04,3609.64,155.90
2024-12-01,D01,Cheese & Dairy,Online Direct,Lower Mainland,49,142.00,0.01,7777.26,88.22,4322.78,500.84
2024-12-01,D01,Cheese & Dairy,Online Direct,Vancouver Island,18,142.00,0.01,2834.12,87.95,1583.10,212.49
2024-12-01,D01,Cheese & Dairy,Online Direct,BC Interior,18,142.00,0.01,2828.42,88.30,1589.40,218.29
2024-12-01,D02,Cheese & Dairy,Restaurants,Lower Mainland,233,118.00,0.00,27411.52,72.72,16943.76,383.98
2024-12-01,D02,Cheese & Dairy,Restaurants,Vancouver Island,85,118.00,0.01,9869.80,72.50,6162.50,282.35
2024-12-01,D02,Cheese & Dairy,Restaurants,BC Interior,90,118.00,0.00,10630.62,72.64,6537.60,355.91
2024-12-01,D02,Cheese & Dairy,Grocery Retail,Lower Mainland,169,118.00,0.03,16969.25,72.57,12264.33,272.83
2024-12-01,D02,Cheese & Dairy,Grocery Retail,Vancouver Island,61,118.00,0.03,6143.35,72.42,4417.62,206.16
2024-12-01,D02,Cheese & Dairy,Grocery Retail,BC Interior,60,118.00,0.01,6168.20,72.57,4354.20,238.91
2024-12-01,D02,Cheese & Dairy,Hotels & Institutions,Lower Mainland,93,118.00,0.01,10331.62,72.79,6769.47,146.72
2024-12-01,D02,Cheese & Dairy,Hotels & Institutions,Vancouver Island,35,118.00,0.00,3939.19,72.72,2545.20,117.69
2024-12-01,D02,Cheese & Dairy,Hotels & Institutions,BC Interior,37,118.00,0.01,4105.99,72.72,2690.64,140.84
2024-12-01,D02,Cheese & Dairy,Online Direct,Lower Mainland,43,118.00,0.00,5660.15,72.35,3111.05,423.01
2024-12-01,D02,Cheese & Dairy,Online Direct,Vancouver Island,16,118.00,0.01,2095.51,72.72,1163.52,187.54
2024-12-01,D02,Cheese & Dairy,Online Direct,BC Interior,16,118.00,0.00,2110.33,72.35,1157.60,197.21
2024-12-01,D03,Cheese & Dairy,Restaurants,Lower Mainland,126,236.00,0.01,29616.70,148.83,18752.58,202.41
2024-12-01,D03,Cheese & Dairy,Restaurants,Vancouver Island,45,236.00,0.00,10566.96,148.38,6677.10,150.25
2024-12-01,D03,Cheese & Dairy,Restaurants,BC Interior,45,236.00,0.00,10630.62,148.98,6704.10,180.59
2024-12-01,D03,Cheese & Dairy,Grocery Retail,Lower Mainland,82,236.00,0.04,16382.63,148.83,12204.06,129.76
2024-12-01,D03,Cheese & Dairy,Grocery Retail,Vancouver Island,31,236.00,0.03,6226.02,148.83,4613.73,107.40
2024-12-01,D03,Cheese & Dairy,Grocery Retail,BC Interior,30,236.00,0.02,6099.28,149.13,4473.90,117.47
2024-12-01,D03,Cheese & Dairy,Hotels & Institutions,Lower Mainland,50,236.00,0.00,11221.19,148.68,7434.00,78.00
2024-12-01,D03,Cheese & Dairy,Hotels & Institutions,Vancouver Island,19,236.00,0.01,4238.48,148.23,2816.37,64.79
2024-12-01,D03,Cheese & Dairy,Hotels & Institutions,BC Interior,19,236.00,0.00,4276.84,148.83,2827.77,75.58
2024-12-01,D03,Cheese & Dairy,Online Direct,Lower Mainland,24,236.00,0.01,6242.43,148.53,3564.72,247.49
2024-12-01,D03,Cheese & Dairy,Online Direct,Vancouver Island,8,236.00,0.01,2095.48,148.68,1189.44,95.01
2024-12-01,D03,Cheese & Dairy,Online Direct,BC Interior,8,236.00,0.01,2095.42,148.83,1190.64,96.42
2024-12-01,D04,Cheese & Dairy,Restaurants,Lower Mainland,333,86.00,0.01,28522.85,52.56,17502.48,538.66
2024-12-01,D04,Cheese & Dairy,Restaurants,Vancouver Island,125,86.00,0.01,10653.25,52.46,6557.50,421.18
2024-12-01,D04,Cheese & Dairy,Restaurants,BC Interior,122,86.00,0.01,10324.29,52.36,6387.92,477.70
2024-12-01,D04,Cheese & Dairy,Grocery Retail,Lower Mainland,234,86.00,0.03,17230.48,52.56,12299.04,365.41
2024-12-01,D04,Cheese & Dairy,Grocery Retail,Vancouver Island,82,86.00,0.03,6068.59,52.41,4297.62,280.75
2024-12-01,D04,Cheese & Dairy,Grocery Retail,BC Interior,83,86.00,0.04,6042.75,52.46,4354.18,323.38
2024-12-01,D04,Cheese & Dairy,Hotels & Institutions,Lower Mainland,137,86.00,0.01,11025.16,52.30,7165.10,223.36
2024-12-01,D04,Cheese & Dairy,Hotels & Institutions,Vancouver Island,49,86.00,0.01,3987.27,52.62,2578.38,168.27
2024-12-01,D04,Cheese & Dairy,Hotels & Institutions,BC Interior,49,86.00,0.01,3939.40,52.51,2572.99,187.28
2024-12-01,D04,Cheese & Dairy,Online Direct,Lower Mainland,65,86.00,0.01,6204.13,52.56,3416.40,676.20
2024-12-01,D04,Cheese & Dairy,Online Direct,Vancouver Island,23,86.00,0.01,2188.78,52.46,1206.58,281.09
2024-12-01,D04,Cheese & Dairy,Online Direct,BC Interior,24,86.00,0.01,2288.47,52.46,1259.04,289.86
2025-01-01,B01,Beef,Restaurants,Lower Mainland,241,276.04,0.01,65859.65,204.27,49229.07,398.43
2025-01-01,B01,Beef,Restaurants,Vancouver Island,81,276.04,0.00,22359.04,203.66,16496.46,289.34
2025-01-01,B01,Beef,Restaurants,BC Interior,84,276.04,0.01,23117.57,203.66,17107.44,337.83
2025-01-01,B01,Beef,Grocery Retail,Lower Mainland,163,276.04,0.03,38526.11,204.27,33296.01,264.15
2025-01-01,B01,Beef,Grocery Retail,Vancouver Island,55,276.04,0.03,12946.94,204.47,11245.85,196.46
2025-01-01,B01,Beef,Grocery Retail,BC Interior,55,276.04,0.02,13119.01,204.68,11257.40,222.95
2025-01-01,B01,Beef,Hotels & Institutions,Lower Mainland,93,276.04,0.01,24143.30,204.68,19035.24,149.20
2025-01-01,B01,Beef,Hotels & Institutions,Vancouver Island,35,276.04,0.01,9104.82,204.07,7142.45,122.59
2025-01-01,B01,Beef,Hotels & Institutions,BC Interior,34,276.04,0.01,8827.07,204.88,6965.92,131.33
2025-01-01,B01,Beef,Online Direct,Lower Mainland,43,276.04,0.01,13200.92,203.66,8757.38,432.19
2025-01-01,B01,Beef,Online Direct,Vancouver Island,15,276.04,0.01,4586.54,204.07,3061.05,183.29
2025-01-01,B01,Beef,Online Direct,BC Interior,16,276.04,0.01,4882.48,204.88,3278.08,204.44
2025-01-01,B02,Beef,Restaurants,Lower Mainland,636,121.54,0.01,76910.16,89.60,56985.60,1059.75
2025-01-01,B02,Beef,Restaurants,Vancouver Island,222,121.54,0.01,26470.84,89.06,19771.32,769.13
2025-01-01,B02,Beef,Restaurants,BC Interior,228,121.54,0.00,27766.54,89.42,20387.76,885.22
2025-01-01,B02,Beef,Grocery Retail,Lower Mainland,414,121.54,0.02,43176.19,89.15,36908.10,695.92
2025-01-01,B02,Beef,Grocery Retail,Vancouver Island,160,121.54,0.03,16566.71,89.06,14249.60,546.00
2025-01-01,B02,Beef,Grocery Retail,BC Interior,149,121.54,0.02,15633.22,89.42,13323.58,579.68
2025-01-01,B02,Beef,Hotels & Institutions,Lower Mainland,264,121.54,0.01,30208.32,89.33,23583.12,428.69
2025-01-01,B02,Beef,Hotels & Institutions,Vancouver Island,94,121.54,0.01,10712.43,89.42,8405.48,322.73
2025-01-01,B02,Beef,Hotels & Institutions,BC Interior,95,121.54,0.01,10826.78,89.24,8477.80,373.00
2025-01-01,B02,Beef,Online Direct,Lower Mainland,114,121.54,0.00,15409.79,89.42,10193.88,1143.50
2025-01-01,B02,Beef,Online Direct,Vancouver Island,41,121.54,0.00,5569.91,89.51,3669.91,493.63
2025-01-01,B02,Beef,Online Direct,BC Interior,39,121.54,0.01,5276.93,89.33,3483.87,477.40
2025-01-01,B03,Beef,Restaurants,Lower Mainland,273,201.88,0.00,55058.13,149.95,40936.35,455.78
2025-01-01,B03,Beef,Restaurants,Vancouver Island,102,201.88,0.01,20364.02,150.25,15325.50,355.15
2025-01-01,B03,Beef,Restaurants,BC Interior,102,201.88,0.01,20386.03,150.10,15310.20,399.67
2025-01-01,B03,Beef,Grocery Retail,Lower Mainland,185,201.88,0.03,31813.27,150.70,27879.50,301.92
2025-01-01,B03,Beef,Grocery Retail,Vancouver Island,70,201.88,0.03,12099.69,150.25,10517.50,239.36
2025-01-01,B03,Beef,Grocery Retail,BC Interior,64,201.88,0.01,11233.81,150.85,9654.40,253.57
2025-01-01,B03,Beef,Hotels & Institutions,Lower Mainland,106,201.88,0.01,20024.90,150.55,15958.30,176.80
2025-01-01,B03,Beef,Hotels & Institutions,Vancouver Island,41,201.88,0.00,7847.50,150.10,6154.10,142.33
2025-01-01,B03,Beef,Hotels & Institutions,BC Interior,41,201.88,0.01,7768.65,150.85,6184.85,166.69
2025-01-01,B03,Beef,Online Direct,Lower Mainland,49,201.88,0.01,10979.22,150.85,7391.65,486.54
2025-01-01,B03,Beef,Online Direct,Vancouver Island,17,201.88,0.01,3828.37,150.10,2551.70,208.14
2025-01-01,B03,Beef,Online Direct,BC Interior,17,201.88,0.01,3797.62,150.40,2556.80,209.79
2025-01-01,B04,Beef,Restaurants,Lower Mainland,126,352.26,0.00,44295.99,264.72,33354.72,202.34
2025-01-01,B04,Beef,Restaurants,Vancouver Island,49,352.26,0.00,17260.46,264.46,12958.54,170.61
2025-01-01,B04,Beef,Restaurants,BC Interior,48,352.26,0.01,16621.75,263.93,12668.64,192.85
2025-01-01,B04,Beef,Grocery Retail,Lower Mainland,87,352.26,0.02,26508.93,263.40,22915.80,145.96
2025-01-01,B04,Beef,Grocery Retail,Vancouver Island,32,352.26,0.00,9889.90,263.67,8437.44,113.42
2025-01-01,B04,Beef,Grocery Retail,BC Interior,32,352.26,0.00,9899.80,264.72,8471.04,129.59
2025-01-01,B04,Beef,Hotels & Institutions,Lower Mainland,55,352.26,0.00,18460.80,264.72,14559.60,90.57
2025-01-01,B04,Beef,Hotels & Institutions,Vancouver Island,20,352.26,0.00,6646.17,263.40,5268.00,70.40
2025-01-01,B04,Beef,Hotels & Institutions,BC Interior,18,352.26,0.01,5915.49,264.72,4764.96,71.32
2025-01-01,B04,Beef,Online Direct,Lower Mainland,24,352.26,0.01,9449.58,263.67,6328.08,239.76
2025-01-01,B04,Beef,Online Direct,Vancouver Island,9,352.26,0.01,3533.03,264.72,2382.48,107.39
2025-01-01,B04,Beef,Online Direct,BC Interior,8,352.26,0.01,3112.01,264.99,2119.92,99.03
2025-01-01,P01,Pork,Restaurants,Lower Mainland,383,135.96,0.01,51501.13,94.98,36377.34,607.55
2025-01-01,P01,Pork,Restaurants,Vancouver Island,136,135.96,0.01,18213.68,95.17,12943.12,478.72
2025-01-01,P01,Pork,Restaurants,BC Interior,138,135.96,0.00,18668.78,94.89,13094.82,549.51
2025-01-01,P01,Pork,Grocery Retail,Lower Mainland,268,135.96,0.04,30878.41,95.36,25556.48,447.87
2025-01-01,P01,Pork,Grocery Retail,Vancouver Island,92,135.96,0.01,10896.82,95.08,8747.36,311.72
2025-01-01,P01,Pork,Grocery Retail,BC Interior,91,135.96,0.03,10582.51,95.27,8669.57,364.17
2025-01-01,P01,Pork,Hotels & Institutions,Lower Mainland,147,135.96,0.01,18835.20,94.98,13962.06,241.10
2025-01-01,P01,Pork,Hotels & Institutions,Vancouver Island,58,135.96,0.01,7349.51,95.46,5536.68,199.33
2025-01-01,P01,Pork,Hotels & Institutions,BC Interior,57,135.96,0.00,7347.51,95.17,5424.69,226.29
2025-01-01,P01,Pork,Online Direct,Lower Mainland,69,135.96,0.01,10370.71,95.46,6586.74,680.93
2025-01-01,P01,Pork,Online Direct,Vancouver Island,25,135.96,0.01,3746.12,95.17,2379.25,298.30
2025-01-01,P01,Pork,Online Direct,BC Interior,25,135.96,0.00,3822.11,95.27,2381.75,306.02
2025-01-01,P02,Pork,Restaurants,Lower Mainland,268,107.12,0.01,28362.86,73.84,19789.12,435.19
2025-01-01,P02,Pork,Restaurants,Vancouver Island,100,107.12,0.00,10679.86,73.69,7369.00,355.82
2025-01-01,P02,Pork,Restaurants,BC Interior,96,107.12,0.01,10180.28,73.99,7103.04,378.45
2025-01-01,P02,Pork,Grocery Retail,Lower Mainland,174,107.12,0.02,15992.55,74.13,12898.62,290.22
2025-01-01,P02,Pork,Grocery Retail,Vancouver Island,66,107.12,0.00,6184.26,73.69,4863.54,223.17
2025-01-01,P02,Pork,Grocery Retail,BC Interior,68,107.12,0.00,6416.39,74.06,5036.08,273.21
2025-01-01,P02,Pork,Hotels & Institutions,Lower Mainland,113,107.12,0.01,11441.84,73.99,8360.87,179.25
2025-01-01,P02,Pork,Hotels & Institutions,Vancouver Island,40,107.12,0.01,4025.73,73.84,2953.60,141.49
2025-01-01,P02,Pork,Hotels & Institutions,BC Interior,40,107.12,0.01,4021.71,73.76,2950.40,154.82
2025-01-01,P02,Pork,Online Direct,Lower Mainland,50,107.12,0.01,5938.88,73.91,3695.50,511.16
2025-01-01,P02,Pork,Online Direct,Vancouver Island,18,107.12,0.01,2140.08,74.13,1334.34,219.09
2025-01-01,P02,Pork,Online Direct,BC Interior,18,107.12,0.01,2150.88,74.06,1333.08,222.36
2025-01-01,P03,Pork,Restaurants,Lower Mainland,244,150.38,0.01,36434.77,106.02,25868.88,399.80
2025-01-01,P03,Pork,Restaurants,Vancouver Island,87,150.38,0.01,12991.37,106.02,9223.74,297.49
2025-01-01,P03,Pork,Restaurants,BC Interior,86,150.38,0.01,12816.16,105.91,9108.26,335.27
2025-01-01,P03,Pork,Grocery Retail,Lower Mainland,167,150.38,0.01,21790.98,106.23,17740.41,269.27
2025-01-01,P03,Pork,Grocery Retail,Vancouver Island,57,150.38,0.04,7286.05,106.02,6043.14,192.14
2025-01-01,P03,Pork,Grocery Retail,BC Interior,61,150.38,0.01,7983.80,105.91,6460.51,241.20
2025-01-01,P03,Pork,Hotels & Institutions,Lower Mainland,97,150.38,0.00,13815.94,105.91,10273.27,155.45
2025-01-01,P03,Pork,Hotels & Institutions,Vancouver Island,35,150.38,0.00,4975.16,106.34,3721.90,120.41
2025-01-01,P03,Pork,Hotels & Institutions,BC Interior,36,150.38,0.01,5111.93,106.23,3824.28,145.21
2025-01-01,P03,Pork,Online Direct,Lower Mainland,43,150.38,0.00,7220.57,106.02,4558.86,424.35
2025-01-01,P03,Pork,Online Direct,Vancouver Island,16,150.38,0.00,2673.29,106.02,1696.32,194.93
2025-01-01,P03,Pork,Online Direct,BC Interior,16,150.38,0.01,2670.46,106.23,1699.68,198.05
2025-01-01,P04,Pork,Restaurants,Lower Mainland,354,94.76,0.00,33477.95,66.06,23385.24,566.17
2025-01-01,P04,Pork,Restaurants,Vancouver Island,123,94.76,0.00,11620.47,65.99,8116.77,436.80
2025-01-01,P04,Pork,Restaurants,BC Interior,124,94.76,0.01,11620.28,66.06,8191.44,504.12
2025-01-01,P04,Pork,Grocery Retail,Lower Mainland,241,94.76,0.03,19572.44,65.79,15855.39,405.11
2025-01-01,P04,Pork,Grocery Retail,Vancouver Island,88,94.76,0.03,7133.13,65.86,5795.68,305.79
2025-01-01,P04,Pork,Grocery Retail,BC Interior,87,94.76,0.02,7117.33,65.73,5718.51,348.51
2025-01-01,P04,Pork,Hotels & Institutions,Lower Mainland,143,94.76,0.01,12770.35,65.92,9426.56,240.38
2025-01-01,P04,Pork,Hotels & Institutions,Vancouver Island,52,94.76,0.00,4676.46,65.73,3417.96,181.60
2025-01-01,P04,Pork,Hotels & Institutions,BC Interior,49,94.76,0.01,4388.86,65.79,3223.71,197.07
2025-01-01,P04,Pork,Online Direct,Lower Mainland,65,94.76,0.00,6864.06,65.92,4284.80,661.87
2025-01-01,P04,Pork,Online Direct,Vancouver Island,22,94.76,0.00,2339.54,65.73,1446.06,265.14
2025-01-01,P04,Pork,Online Direct,BC Interior,23,94.76,0.01,2397.22,65.66,1510.18,291.87
2025-01-01,C01,Poultry,Restaurants,Lower Mainland,622,80.34,0.00,49771.74,58.42,36337.24,1040.48
2025-01-01,C01,Poultry,Restaurants,Vancouver Island,241,80.34,0.00,19245.94,58.42,14079.22,824.92
2025-01-01,C01,Poultry,Restaurants,BC Interior,237,80.34,0.00,19002.50,58.36,13831.32,955.04
2025-01-01,C01,Poultry,Grocery Retail,Lower Mainland,424,80.34,0.02,29140.00,58.13,24647.12,689.89
2025-01-01,C01,Poultry,Grocery Retail,Vancouver Island,156,80.34,0.03,10719.24,58.19,9077.64,525.32
2025-01-01,C01,Poultry,Grocery Retail,BC Interior,159,80.34,0.03,10848.81,58.42,9288.78,638.83
2025-01-01,C01,Poultry,Hotels & Institutions,Lower Mainland,274,80.34,0.01,20619.41,58.19,15944.06,440.01
2025-01-01,C01,Poultry,Hotels & Institutions,Vancouver Island,100,80.34,0.01,7518.01,58.30,5830.00,355.82
2025-01-01,C01,Poultry,Hotels & Institutions,BC Interior,99,80.34,0.00,7525.78,58.25,5766.75,395.40
2025-01-01,C01,Poultry,Online Direct,Lower Mainland,120,80.34,0.01,10668.47,58.07,6968.40,1223.14
2025-01-01,C01,Poultry,Online Direct,Vancouver Island,41,80.34,0.01,3652.38,58.36,2392.76,481.36
2025-01-01,C01,Poultry,Online Direct,BC Interior,42,80.34,0.00,3775.39,58.36,2451.12,516.74
2025-01-01,C02,Poultry,Restaurants,Lower Mainland,593,127.72,0.00,75662.22,91.96,54532.28,979.39
2025-01-01,C02,Poultry,Restaurants,Vancouver Island,208,127.72,0.00,26645.35,91.68,19069.44,726.39
2025-01-01,C02,Poultry,Restaurants,BC Interior,201,127.72,0.01,25619.76,92.05,18502.05,801.98
2025-01-01,C02,Poultry,Grocery Retail,Lower Mainland,383,127.72,0.01,42570.65,92.14,35289.62,625.68
2025-01-01,C02,Poultry,Grocery Retail,Vancouver Island,138,127.72,0.00,15448.34,91.96,12690.48,491.03
2025-01-01,C02,Poultry,Grocery Retail,BC Interior,145,127.72,0.01,16134.44,91.87,13321.15,564.12
2025-01-01,C02,Poultry,Hotels & Institutions,Lower Mainland,242,127.72,0.00,29362.56,91.77,22208.34,390.99
2025-01-01,C02,Poultry,Hotels & Institutions,Vancouver Island,83,127.72,0.01,10010.14,92.05,7640.15,295.90
2025-01-01,C02,Poultry,Hotels & Institutions,BC Interior,82,127.72,0.01,9829.72,91.87,7533.34,331.42
2025-01-01,C02,Poultry,Online Direct,Lower Mainland,100,127.72,0.00,14304.51,92.05,9205.00,1024.35
2025-01-01,C02,Poultry,Online Direct,Vancouver Island,36,127.72,0.00,5118.82,91.77,3303.72,440.76
2025-01-01,C02,Poultry,Online Direct,BC Interior,37,127.72,0.00,5266.27,91.87,3399.19,471.38
2025-01-01,C03,Poultry,Restaurants,Lower Mainland,460,98.88,0.00,45439.32,70.63,32489.80,735.71
2025-01-01,C03,Poultry,Restaurants,Vancouver Island,165,98.88,0.00,16347.70,70.84,11688.60,587.67
2025-01-01,C03,Poultry,Restaurants,BC Interior,166,98.88,0.01,16103.20,70.49,11701.34,662.99
2025-01-01,C03,Poultry,Grocery Retail,Lower Mainland,315,98.88,0.02,26726.11,70.91,22336.65,508.94
2025-01-01,C03,Poultry,Grocery Retail,Vancouver Island,119,98.88,0.01,10302.94,70.84,8429.96,411.04
2025-01-01,C03,Poultry,Grocery Retail,BC Interior,111,98.88,0.00,9629.64,70.56,7832.16,449.51
2025-01-01,C03,Poultry,Hotels & Institutions,Lower Mainland,185,98.88,0.01,17255.99,70.91,13118.35,305.54
2025-01-01,C03,Poultry,Hotels & Institutions,Vancouver Island,69,98.88,0.00,6487.99,70.56,4868.64,238.33
2025-01-01,C03,Poultry,Hotels & Institutions,BC Interior,66,98.88,0.00,6181.19,70.84,4675.44,258.61
2025-01-01,C03,Poultry,Online Direct,Lower Mainland,83,98.88,0.01,9109.16,70.70,5868.10,858.62
2025-01-01,C03,Poultry,Online Direct,Vancouver Island,32,98.88,0.01,3536.69,70.91,2269.12,371.87
2025-01-01,C03,Poultry,Online Direct,BC Interior,32,98.88,0.01,3522.54,70.77,2264.64,387.32
2025-01-01,C04,Poultry,Restaurants,Lower Mainland,110,193.64,0.01,21108.23,135.68,14924.80,181.67
2025-01-01,C04,Poultry,Restaurants,Vancouver Island,40,193.64,0.01,7660.07,135.28,5411.20,137.89
2025-01-01,C04,Poultry,Restaurants,BC Interior,40,193.64,0.00,7714.62,135.55,5422.00,157.21
2025-01-01,C04,Poultry,Grocery Retail,Lower Mainland,77,193.64,0.02,12844.90,135.68,10447.36,129.43
2025-01-01,C04,Poultry,Grocery Retail,Vancouver Island,26,193.64,0.01,4381.79,135.95,3534.70,87.73
2025-01-01,C04,Poultry,Grocery Retail,BC Interior,27,193.64,0.02,4545.38,135.55,3659.85,105.04
2025-01-01,C04,Poultry,Hotels & Institutions,Lower Mainland,43,193.64,0.00,7878.55,135.14,5811.02,71.72
2025-01-01,C04,Poultry,Hotels & Institutions,Vancouver Island,16,193.64,0.00,2937.44,135.28,2164.48,54.88
2025-01-01,C04,Poultry,Hotels & Institutions,BC Interior,16,193.64,0.01,2931.54,135.55,2168.80,62.44
2025-01-01,C04,Poultry,Online Direct,Lower Mainland,21,193.64,0.01,4508.61,135.14,2837.94,208.30
2025-01-01,C04,Poultry,Online Direct,Vancouver Island,7,193.64,0.01,1498.38,135.82,950.74,82.27
2025-01-01,C04,Poultry,Online Direct,BC Interior,7,193.64,0.00,1513.58,135.68,949.76,89.35
2025-01-01,S01,Seafood,Restaurants,Lower Mainland,232,181.28,0.01,41551.10,137.00,31784.00,369.92
2025-01-01,S01,Seafood,Restaurants,Vancouver Island,89,181.28,0.01,16005.04,136.73,12168.97,302.48
2025-01-01,S01,Seafood,Restaurants,BC Interior,89,181.28,0.01,15940.83,136.73,12168.97,357.94
2025-01-01,S01,Seafood,Grocery Retail,Lower Mainland,165,181.28,0.04,25298.15,137.00,22605.00,274.93
2025-01-01,S01,Seafood,Grocery Retail,Vancouver Island,60,181.28,0.01,9428.43,136.59,8195.40,213.49
2025-01-01,S01,Seafood,Grocery Retail,BC Interior,60,181.28,0.04,9236.58,136.46,8187.60,235.34
2025-01-01,S01,Seafood,Hotels & Institutions,Lower Mainland,98,181.28,0.01,16574.32,137.00,13426.00,161.22
2025-01-01,S01,Seafood,Hotels & Institutions,Vancouver Island,34,181.28,0.00,5872.89,136.87,4653.58,118.74
2025-01-01,S01,Seafood,Hotels & Institutions,BC Interior,36,181.28,0.00,6212.18,136.46,4912.56,144.07
2025-01-01,S01,Seafood,Online Direct,Lower Mainland,43,181.28,0.00,8695.55,137.28,5903.04,440.90
2025-01-01,S01,Seafood,Online Direct,Vancouver Island,15,181.28,0.01,3002.82,136.59,2048.85,175.39
2025-01-01,S01,Seafood,Online Direct,BC Interior,16,181.28,0.01,3196.69,136.87,2189.92,193.86
2025-01-01,S02,Seafood,Restaurants,Lower Mainland,103,220.42,0.01,22499.11,165.48,17044.44,167.59
2025-01-01,S02,Seafood,Restaurants,Vancouver Island,37,220.42,0.00,8147.37,164.98,6104.26,128.44
2025-01-01,S02,Seafood,Restaurants,BC Interior,37,220.42,0.01,8090.42,165.32,6116.84,144.68
2025-01-01,S02,Seafood,Grocery Retail,Lower Mainland,66,220.42,0.03,12432.02,164.98,10888.68,106.96
2025-01-01,S02,Seafood,Grocery Retail,Vancouver Island,25,220.42,0.02,4771.26,165.65,4141.25,88.87
2025-01-01,S02,Seafood,Grocery Retail,BC Interior,25,220.42,0.03,4718.03,165.15,4128.75,100.44
2025-01-01,S02,Seafood,Hotels & Institutions,Lower Mainland,41,220.42,0.01,8499.02,164.98,6764.18,67.18
2025-01-01,S02,Seafood,Hotels & Institutions,Vancouver Island,15,220.42,0.01,3109.58,164.82,2472.30,50.82
2025-01-01,S02,Seafood,Hotels & Institutions,BC Interior,15,220.42,0.01,3109.45,164.98,2474.70,59.85
2025-01-01,S02,Seafood,Online Direct,Lower Mainland,19,220.42,0.01,4667.02,165.65,3147.35,195.01
2025-01-01,S02,Seafood,Online Direct,Vancouver Island,6,220.42,0.01,1469.39,164.98,989.88,69.73
2025-01-01,S02,Seafood,Online Direct,BC Interior,6,220.42,0.01,1459.00,165.15,990.90,74.57
2025-01-01,S03,Seafood,Restaurants,Lower Mainland,60,314.15,0.01,18659.45,234.51,14070.60,98.70
2025-01-01,S03,Seafood,Restaurants,Vancouver Island,22,314.15,0.01,6787.21,234.51,5159.22,78.36
2025-01-01,S03,Seafood,Restaurants,BC Interior,23,314.15,0.01,7189.28,234.74,5399.02,92.68
2025-01-01,S03,Seafood,Grocery Retail,Lower Mainland,44,314.15,0.00,12127.42,233.81,10287.64,72.24
2025-01-01,S03,Seafood,Grocery Retail,Vancouver Island,15,314.15,0.01,4101.26,234.51,3517.65,52.07
2025-01-01,S03,Seafood,Grocery Retail,BC Interior,15,314.15,0.04,3989.20,233.34,3500.10,59.61
2025-01-01,S03,Seafood,Hotels & Institutions,Lower Mainland,25,314.15,0.00,7408.92,234.28,5857.00,40.02
2025-01-01,S03,Seafood,Hotels & Institutions,Vancouver Island,9,314.15,0.01,2667.18,234.51,2110.59,30.34
2025-01-01,S03,Seafood,Hotels & Institutions,BC Interior,9,314.15,0.01,2667.20,234.28,2108.52,36.20
2025-01-01,S03,Seafood,Online Direct,Lower Mainland,12,314.15,0.00,4209.52,233.57,2802.84,119.64
2025-01-01,S03,Seafood,Online Direct,Vancouver Island,4,314.15,0.01,1387.72,233.34,933.36,47.01
2025-01-01,S03,Seafood,Online Direct,BC Interior,4,314.15,0.00,1407.39,234.51,938.04,48.71
2025-01-01,S04,Seafood,Restaurants,Lower Mainland,119,142.14,0.01,16796.36,106.29,12648.51,195.37
2025-01-01,S04,Seafood,Restaurants,Vancouver Island,41,142.14,0.01,5751.98,106.50,4366.50,144.75
2025-01-01,S04,Seafood,Restaurants,BC Interior,44,142.14,0.01,6154.27,106.82,4700.08,171.53
2025-01-01,S04,Seafood,Grocery Retail,Lower Mainland,81,142.14,0.03,9887.44,106.60,8634.60,130.61
2025-01-01,S04,Seafood,Grocery Retail,Vancouver Island,30,142.14,0.03,3658.37,106.39,3191.70,104.56
2025-01-01,S04,Seafood,Grocery Retail,BC Interior,29,142.14,0.03,3536.53,106.71,3094.59,113.86
2025-01-01,S04,Seafood,Hotels & Institutions,Lower Mainland,47,142.14,0.01,6301.85,106.71,5015.37,75.63
2025-01-01,S04,Seafood,Hotels & Institutions,Vancouver Island,17,142.14,0.00,2297.83,106.39,1808.63,58.01
2025-01-01,S04,Seafood,Hotels & Institutions,BC Interior,17,142.14,0.01,2270.17,106.82,1815.94,67.56
2025-01-01,S04,Seafood,Online Direct,Lower Mainland,22,142.14,0.00,3488.33,106.60,2345.20,220.23
2025-01-01,S04,Seafood,Online Direct,Vancouver Island,8,142.14,0.00,1267.21,106.50,852.00,92.97
2025-01-01,S04,Seafood,Online Direct,BC Interior,7,142.14,0.01,1097.70,106.71,746.97,86.65
2025-01-01,H01,Charcuterie,Restaurants,Lower Mainland,159,193.64,0.01,30510.06,112.42,17874.78,262.34
2025-01-01,H01,Charcuterie,Restaurants,Vancouver Island,58,193.64,0.01,11163.55,112.42,6520.36,202.55
2025-01-01,H01,Charcuterie,Restaurants,BC Interior,53,193.64,0.01,10160.46,112.65,5970.45,208.51
2025-01-01,H01,Charcuterie,Grocery Retail,Lower Mainland,106,193.64,0.00,17990.49,112.54,11929.24,175.59
2025-01-01,H01,Charcuterie,Grocery Retail,Vancouver Island,39,193.64,0.04,6399.58,112.20,4375.80,138.36
2025-01-01,H01,Charcuterie,Grocery Retail,BC Interior,37,193.64,0.01,6235.30,112.54,4163.98,151.31
2025-01-01,H01,Charcuterie,Hotels & Institutions,Lower Mainland,62,193.64,0.01,11234.47,111.97,6942.14,103.41
2025-01-01,H01,Charcuterie,Hotels & Institutions,Vancouver Island,23,193.64,0.00,4222.54,112.20,2580.60,78.89
2025-01-01,H01,Charcuterie,Hotels & Institutions,BC Interior,22,193.64,0.01,4018.79,112.31,2470.82,85.50
2025-01-01,H01,Charcuterie,Online Direct,Lower Mainland,28,193.64,0.01,5993.61,112.65,3154.20,289.09
2025-01-01,H01,Charcuterie,Online Direct,Vancouver Island,10,193.64,0.01,2151.43,112.31,1123.10,121.48
2025-01-01,H01,Charcuterie,Online Direct,BC Interior,10,193.64,0.01,2144.95,112.54,1125.40,124.66
2025-01-01,H02,Charcuterie,Restaurants,Lower Mainland,133,160.68,0.00,21285.04,92.21,12263.93,214.23
2025-01-01,H02,Charcuterie,Restaurants,Vancouver Island,50,160.68,0.01,7985.47,92.11,4605.50,174.96
2025-01-01,H02,Charcuterie,Restaurants,BC Interior,48,160.68,0.00,7697.22,92.21,4426.08,190.75
2025-01-01,H02,Charcuterie,Grocery Retail,Lower Mainland,94,160.68,0.03,12905.17,92.30,8676.20,157.40
2025-01-01,H02,Charcuterie,Grocery Retail,Vancouver Island,34,160.68,0.03,4668.50,92.39,3141.26,114.85
2025-01-01,H02,Charcuterie,Grocery Retail,BC Interior,32,160.68,0.04,4356.79,92.67,2965.44,130.22
2025-01-01,H02,Charcuterie,Hotels & Institutions,Lower Mainland,58,160.68,0.01,8746.98,92.21,5348.18,93.24
2025-01-01,H02,Charcuterie,Hotels & Institutions,Vancouver Island,21,160.68,0.00,3195.95,92.21,1936.41,72.54
2025-01-01,H02,Charcuterie,Hotels & Institutions,BC Interior,19,160.68,0.01,2882.83,92.39,1755.41,73.69
2025-01-01,H02,Charcuterie,Online Direct,Lower Mainland,26,160.68,0.00,4674.32,92.11,2394.86,265.28
2025-01-01,H02,Charcuterie,Online Direct,Vancouver Island,9,160.68,0.00,1609.95,92.30,830.70,107.50
2025-01-01,H02,Charcuterie,Online Direct,BC Interior,9,160.68,0.01,1603.46,92.58,833.22,110.84
2025-01-01,H03,Charcuterie,Restaurants,Lower Mainland,72,210.12,0.01,14976.76,124.09,8934.48,116.68
2025-01-01,H03,Charcuterie,Restaurants,Vancouver Island,25,210.12,0.01,5189.73,124.22,3105.50,84.88
2025-01-01,H03,Charcuterie,Restaurants,BC Interior,25,210.12,0.01,5231.88,124.34,3108.50,101.04
2025-01-01,H03,Charcuterie,Grocery Retail,Lower Mainland,50,210.12,0.02,9041.88,123.60,6180.00,82.74
2025-01-01,H03,Charcuterie,Grocery Retail,Vancouver Island,17,210.12,0.03,3061.75,123.85,2105.45,59.49
2025-01-01,H03,Charcuterie,Grocery Retail,BC Interior,17,210.12,0.03,3030.64,123.60,2101.20,67.08
2025-01-01,H03,Charcuterie,Hotels & Institutions,Lower Mainland,30,210.12,0.01,5970.39,123.72,3711.60,49.50
2025-01-01,H03,Charcuterie,Hotels & Institutions,Vancouver Island,11,210.12,0.01,2167.28,123.72,1360.92,38.03
2025-01-01,H03,Charcuterie,Hotels & Institutions,BC Interior,11,210.12,0.01,2171.57,123.72,1360.92,42.75
2025-01-01,H03,Charcuterie,Online Direct,Lower Mainland,13,210.12,0.01,3034.73,124.22,1614.86,127.90
2025-01-01,H03,Charcuterie,Online Direct,Vancouver Island,5,210.12,0.01,1161.38,123.85,619.25,60.74
2025-01-01,H03,Charcuterie,Online Direct,BC Interior,5,210.12,0.01,1171.95,124.34,621.70,63.45
2025-01-01,H04,Charcuterie,Restaurants,Lower Mainland,122,98.88,0.01,11942.26,56.25,6862.50,194.52
2025-01-01,H04,Charcuterie,Restaurants,Vancouver Island,46,98.88,0.01,4462.33,56.19,2584.74,155.38
2025-01-01,H04,Charcuterie,Restaurants,BC Interior,46,98.88,0.00,4525.76,56.42,2595.32,179.88
2025-01-01,H04,Charcuterie,Grocery Retail,Lower Mainland,83,98.88,0.02,7120.85,56.31,4673.73,136.54
2025-01-01,H04,Charcuterie,Grocery Retail,Vancouver Island,30,98.88,0.02,2563.34,56.47,1694.10,105.18
2025-01-01,H04,Charcuterie,Grocery Retail,BC Interior,30,98.88,0.01,2566.13,56.25,1687.50,115.76
2025-01-01,H04,Charcuterie,Hotels & Institutions,Lower Mainland,48,98.88,0.01,4459.21,56.42,2708.16,75.99
2025-01-01,H04,Charcuterie,Hotels & Institutions,Vancouver Island,18,98.88,0.01,1682.33,56.36,1014.48,61.67
2025-01-01,H04,Charcuterie,Hotels & Institutions,BC Interior,17,98.88,0.01,1576.21,56.19,955.23,67.76
2025-01-01,H04,Charcuterie,Online Direct,Lower Mainland,22,98.88,0.00,2424.24,56.19,1236.18,222.01
2025-01-01,H04,Charcuterie,Online Direct,Vancouver Island,8,98.88,0.00,885.96,56.25,450.00,94.12
2025-01-01,H04,Charcuterie,Online Direct,BC Interior,8,98.88,0.01,882.42,56.42,451.36,96.83
2025-01-01,D01,Cheese & Dairy,Restaurants,Lower Mainland,202,146.26,0.00,29367.52,90.95,18371.90,332.30
2025-01-01,D01,Cheese & Dairy,Restaurants,Vancouver Island,78,146.26,0.01,11226.07,90.86,7087.08,269.96
2025-01-01,D01,Cheese & Dairy,Restaurants,BC Interior,77,146.26,0.00,11295.76,90.41,6961.57,298.34
2025-01-01,D01,Cheese & Dairy,Grocery Retail,Lower Mainland,139,146.26,0.01,17712.05,90.41,12566.99,220.50
2025-01-01,D01,Cheese & Dairy,Grocery Retail,Vancouver Island,51,146.26,0.02,6484.96,90.59,4620.09,176.51
2025-01-01,D01,Cheese & Dairy,Grocery Retail,BC Interior,49,146.26,0.01,6262.31,90.86,4452.14,198.63
2025-01-01,D01,Cheese & Dairy,Hotels & Institutions,Lower Mainland,82,146.26,0.01,11279.82,90.77,7443.14,136.37
2025-01-01,D01,Cheese & Dairy,Hotels & Institutions,Vancouver Island,32,146.26,0.01,4428.47,90.95,2910.40,111.53
2025-01-01,D01,Cheese & Dairy,Hotels & Institutions,BC Interior,32,146.26,0.01,4428.38,90.50,2896.00,127.68
2025-01-01,D01,Cheese & Dairy,Online Direct,Lower Mainland,38,146.26,0.01,6175.07,90.77,3449.26,381.55
2025-01-01,D01,Cheese & Dairy,Online Direct,Vancouver Island,13,146.26,0.00,2114.66,90.77,1180.01,156.36
2025-01-01,D01,Cheese & Dairy,Online Direct,BC Interior,14,146.26,0.01,2267.99,90.50,1267.00,177.66
2025-01-01,D02,Cheese & Dairy,Restaurants,Lower Mainland,175,121.54,0.01,21205.31,74.90,13107.50,293.88
2025-01-01,D02,Cheese & Dairy,Restaurants,Vancouver Island,66,121.54,0.01,7949.51,74.52,4918.32,231.18
2025-01-01,D02,Cheese & Dairy,Restaurants,BC Interior,66,121.54,0.00,7997.59,74.82,4938.12,266.22
2025-01-01,D02,Cheese & Dairy,Grocery Retail,Lower Mainland,124,121.54,0.01,13130.14,74.60,9250.40,198.32
2025-01-01,D02,Cheese & Dairy,Grocery Retail,Vancouver Island,46,121.54,0.01,4870.78,74.75,3438.50,158.41
2025-01-01,D02,Cheese & Dairy,Grocery Retail,BC Interior,42,121.54,0.01,4438.36,74.75,3139.50,168.41
2025-01-01,D02,Cheese & Dairy,Hotels & Institutions,Lower Mainland,75,121.54,0.00,8651.01,74.52,5589.00,120.07
2025-01-01,D02,Cheese & Dairy,Hotels & Institutions,Vancouver Island,27,121.54,0.00,3105.04,74.97,2024.19,92.23
2025-01-01,D02,Cheese & Dairy,Hotels & Institutions,BC Interior,26,121.54,0.01,2981.00,74.97,1949.22,103.22
2025-01-01,D02,Cheese & Dairy,Online Direct,Lower Mainland,32,121.54,0.01,4303.84,74.82,2394.24,314.50
2025-01-01,D02,Cheese & Dairy,Online Direct,Vancouver Island,12,121.54,0.00,1633.50,74.52,894.24,139.45
2025-01-01,D02,Cheese & Dairy,Online Direct,BC Interior,11,121.54,0.01,1488.33,74.82,823.02,135.06
2025-01-01,D03,Cheese & Dairy,Restaurants,Lower Mainland,91,243.08,0.01,21899.54,153.60,13977.60,150.15
2025-01-01,D03,Cheese & Dairy,Restaurants,Vancouver Island,35,243.08,0.00,8482.24,152.99,5354.65,122.72
2025-01-01,D03,Cheese & Dairy,Restaurants,BC Interior,34,243.08,0.01,8248.07,153.60,5222.40,133.49
2025-01-01,D03,Cheese & Dairy,Grocery Retail,Lower Mainland,65,243.08,0.04,13349.07,152.83,9933.95,108.84
2025-01-01,D03,Cheese & Dairy,Grocery Retail,Vancouver Island,22,243.08,0.01,4645.02,153.45,3375.90,76.07
2025-01-01,D03,Cheese & Dairy,Grocery Retail,BC Interior,22,243.08,0.00,4720.15,152.68,3358.96,88.92
2025-01-01,D03,Cheese & Dairy,Hotels & Institutions,Lower Mainland,40,243.08,0.01,9062.09,152.83,6113.20,65.15
2025-01-01,D03,Cheese & Dairy,Hotels & Institutions,Vancouver Island,15,243.08,0.00,3453.51,153.29,2299.35,51.50
2025-01-01,D03,Cheese & Dairy,Hotels & Institutions,BC Interior,14,243.08,0.01,3213.58,153.29,2146.06,56.30
2025-01-01,D03,Cheese & Dairy,Online Direct,Lower Mainland,17,243.08,0.01,4586.67,153.29,2605.93,175.69
2025-01-01,D03,Cheese & Dairy,Online Direct,Vancouver Island,6,243.08,0.00,1622.08,153.14,918.84,70.01
2025-01-01,D03,Cheese & Dairy,Online Direct,BC Interior,6,243.08,0.00,1625.34,153.45,920.70,73.82
2025-01-01,D04,Cheese & Dairy,Restaurants,Lower Mainland,250,88.58,0.01,21834.64,53.98,13495.00,412.08
2025-01-01,D04,Cheese & Dairy,Restaurants,Vancouver Island,92,88.58,0.01,8076.08,53.98,4966.16,311.72
2025-01-01,D04,Cheese & Dairy,Restaurants,BC Interior,94,88.58,0.01,8259.63,54.09,5084.46,373.93
2025-01-01,D04,Cheese & Dairy,Grocery Retail,Lower Mainland,174,88.58,0.03,13171.39,54.20,9430.80,289.08
2025-01-01,D04,Cheese & Dairy,Grocery Retail,Vancouver Island,64,88.58,0.01,4909.24,54.03,3457.92,215.29
2025-01-01,D04,Cheese & Dairy,Grocery Retail,BC Interior,65,88.58,0.02,4965.54,53.93,3505.45,252.36
2025-01-01,D04,Cheese & Dairy,Hotels & Institutions,Lower Mainland,105,88.58,0.01,8712.37,53.93,5662.65,173.42
2025-01-01,D04,Cheese & Dairy,Hotels & Institutions,Vancouver Island,38,88.58,0.00,3210.53,53.87,2047.06,129.41
2025-01-01,D04,Cheese & Dairy,Hotels & Institutions,BC Interior,39,88.58,0.00,3272.04,54.03,2107.17,152.97
2025-01-01,D04,Cheese & Dairy,Online Direct,Lower Mainland,46,88.58,0.01,4518.08,54.03,2485.38,459.55
2025-01-01,D04,Cheese & Dairy,Online Direct,Vancouver Island,17,88.58,0.00,1679.82,53.98,917.66,204.68
2025-01-01,D04,Cheese & Dairy,Online Direct,BC Interior,16,88.58,0.01,1574.67,53.98,863.68,199.05
2025-02-01,B01,Beef,Restaurants,Lower Mainland,236,276.04,0.01,64560.43,203.86,48110.96,388.62
2025-02-01,B01,Beef,Restaurants,Vancouver Island,86,276.04,0.01,23476.88,204.88,17619.68,301.83
2025-02-01,B01,Beef,Restaurants,BC Interior,83,276.04,0.01,22705.12,204.68,16988.44,320.93
2025-02-01,B01,Beef,Grocery Retail,Lower Mainland,162,276.04,0.00,39194.85,204.47,33124.14,257.25
2025-02-01,B01,Beef,Grocery Retail,Vancouver Island,59,276.04,0.01,14088.78,203.66,12015.94,202.16
2025-02-01,B01,Beef,Grocery Retail,BC Interior,56,276.04,0.04,13059.12,203.86,11416.16,225.22
2025-02-01,B01,Beef,Hotels & Institutions,Lower Mainland,91,276.04,0.01,23482.51,204.88,18644.08,145.84
2025-02-01,B01,Beef,Hotels & Institutions,Vancouver Island,35,276.04,0.01,9113.92,204.47,7156.45,119.80
2025-02-01,B01,Beef,Hotels & Institutions,BC Interior,33,276.04,0.01,8566.98,204.68,6754.44,129.57
2025-02-01,B01,Beef,Online Direct,Lower Mainland,41,276.04,0.01,12460.80,203.66,8350.06,412.50
2025-02-01,B01,Beef,Online Direct,Vancouver Island,15,276.04,0.00,4632.81,203.86,3057.90,179.70
2025-02-01,B01,Beef,Online Direct,BC Interior,15,276.04,0.01,4563.34,204.07,3061.05,182.87
2025-02-01,B02,Beef,Restaurants,Lower Mainland,638,121.54,0.01,76684.90,89.42,57049.96,1013.10
2025-02-01,B02,Beef,Restaurants,Vancouver Island,228,121.54,0.01,27351.71,89.33,20367.24,793.08
2025-02-01,B02,Beef,Restaurants,BC Interior,223,121.54,0.01,26940.37,89.24,19900.52,865.80
2025-02-01,B02,Beef,Grocery Retail,Lower Mainland,420,121.54,0.03,43612.54,89.60,37632.00,664.88
2025-02-01,B02,Beef,Grocery Retail,Vancouver Island,157,121.54,0.01,16724.60,89.06,13982.42,528.14
2025-02-01,B02,Beef,Grocery Retail,BC Interior,156,121.54,0.02,16401.63,89.42,13949.52,626.77
2025-02-01,B02,Beef,Hotels & Institutions,Lower Mainland,260,121.54,0.01,29840.26,89.24,23202.40,418.80
2025-02-01,B02,Beef,Hotels & Institutions,Vancouver Island,92,121.54,0.01,10558.79,89.15,8201.80,328.63
2025-02-01,B02,Beef,Hotels & Institutions,BC Interior,90,121.54,0.00,10391.50,89.33,8039.70,365.54
2025-02-01,B02,Beef,Online Direct,Lower Mainland,115,121.54,0.01,15622.67,89.33,10272.95,1165.18
2025-02-01,B02,Beef,Online Direct,Vancouver Island,42,121.54,0.01,5637.43,89.15,3744.30,511.70
2025-02-01,B02,Beef,Online Direct,BC Interior,42,121.54,0.01,5642.84,89.24,3748.08,533.51
2025-02-01,B03,Beef,Restaurants,Lower Mainland,281,201.88,0.01,55990.81,150.25,42220.25,447.59
2025-02-01,B03,Beef,Restaurants,Vancouver Island,103,201.88,0.01,20543.85,150.40,15491.20,367.56
2025-02-01,B03,Beef,Restaurants,BC Interior,99,201.88,0.01,19846.22,150.55,14904.45,397.37
2025-02-01,B03,Beef,Grocery Retail,Lower Mainland,188,201.88,0.04,32065.60,150.40,28275.20,300.99
2025-02-01,B03,Beef,Grocery Retail,Vancouver Island,70,201.88,0.04,11940.17,150.70,10549.00,247.13
2025-02-01,B03,Beef,Grocery Retail,BC Interior,66,201.88,0.03,11349.98,149.95,9896.70,261.50
2025-02-01,B03,Beef,Hotels & Institutions,Lower Mainland,108,201.88,0.01,20629.60,150.25,16227.00,180.49
2025-02-01,B03,Beef,Hotels & Institutions,Vancouver Island,39,201.88,0.01,7404.57,150.25,5859.75,137.69
2025-02-01,B03,Beef,Hotels & Institutions,BC Interior,40,201.88,0.01,7617.74,150.40,6016.00,159.28
2025-02-01,B03,Beef,Online Direct,Lower Mainland,51,201.88,0.01,11439.22,150.25,7662.75,530.68
2025-02-01,B03,Beef,Online Direct,Vancouver Island,18,201.88,0.01,4033.27,150.10,2701.80,214.99
2025-02-01,B03,Beef,Online Direct,BC Interior,18,201.88,0.01,4012.86,149.95,2699.10,226.85
2025-02-01,B04,Beef,Restaurants,Lower Mainland,131,352.26,0.00,46191.65,264.20,34610.20,212.30
2025-02-01,B04,Beef,Restaurants,Vancouver Island,45,352.26,0.00,15788.29,264.20,11889.00,160.27
2025-02-01,B04,Beef,Restaurants,BC Interior,45,352.26,0.01,15614.50,263.67,11865.15,178.29
2025-02-01,B04,Beef,Grocery Retail,Lower Mainland,89,352.26,0.04,26488.51,263.93,23489.77,146.26
2025-02-01,B04,Beef,Grocery Retail,Vancouver Island,33,352.26,0.04,9830.27,263.93,8709.69,112.50
2025-02-01,B04,Beef,Grocery Retail,BC Interior,33,352.26,0.02,10024.82,263.67,8701.11,133.24
2025-02-01,B04,Beef,Hotels & Institutions,Lower Mainland,53,352.26,0.01,17470.25,263.93,13988.29,86.67
2025-02-01,B04,Beef,Hotels & Institutions,Vancouver Island,19,352.26,0.01,6269.28,263.67,5009.73,67.01
2025-02-01,B04,Beef,Hotels & Institutions,BC Interior,19,352.26,0.01,6294.81,264.20,5019.80,73.77
2025-02-01,B04,Beef,Online Direct,Lower Mainland,24,352.26,0.01,9449.58,263.67,6328.08,249.00
2025-02-01,B04,Beef,Online Direct,Vancouver Island,9,352.26,0.01,3525.95,264.20,2377.80,104.59
2025-02-01,B04,Beef,Online Direct,BC Interior,8,352.26,0.01,3130.90,264.20,2113.60,100.72
2025-02-01,P01,Pork,Restaurants,Lower Mainland,367,135.96,0.01,49200.75,95.27,34964.09,614.52
2025-02-01,P01,Pork,Restaurants,Vancouver Island,125,135.96,0.01,16859.29,95.36,11920.00,444.34
2025-02-01,P01,Pork,Restaurants,BC Interior,132,135.96,0.01,17910.40,95.27,12575.64,524.57
2025-02-01,P01,Pork,Grocery Retail,Lower Mainland,247,135.96,0.01,29522.12,94.89,23437.83,392.22
2025-02-01,P01,Pork,Grocery Retail,Vancouver Island,89,135.96,0.00,10637.61,95.46,8495.94,302.17
2025-02-01,P01,Pork,Grocery Retail,BC Interior,91,135.96,0.00,10887.67,94.89,8634.99,363.08
2025-02-01,P01,Pork,Hotels & Institutions,Lower Mainland,153,135.96,0.01,19564.17,95.08,14547.24,243.20
2025-02-01,P01,Pork,Hotels & Institutions,Vancouver Island,53,135.96,0.01,6763.25,95.08,5039.24,188.03
2025-02-01,P01,Pork,Hotels & Institutions,BC Interior,55,135.96,0.00,7110.93,95.08,5229.40,222.51
2025-02-01,P01,Pork,Online Direct,Lower Mainland,65,135.96,0.00,9868.15,94.89,6167.85,642.12
2025-02-01,P01,Pork,Online Direct,Vancouver Island,23,135.96,0.01,3467.27,95.36,2193.28,274.71
2025-02-01,P01,Pork,Online Direct,BC Interior,23,135.96,0.01,3449.79,95.17,2188.91,281.54
2025-02-01,P02,Pork,Restaurants,Lower Mainland,250,107.12,0.01,26672.56,73.99,18497.50,416.16
2025-02-01,P02,Pork,Restaurants,Vancouver Island,91,107.12,0.00,9718.64,73.69,6705.79,307.07
2025-02-01,P02,Pork,Restaurants,BC Interior,89,107.12,0.01,9466.77,74.13,6597.57,350.86
2025-02-01,P02,Pork,Grocery Retail,Lower Mainland,166,107.12,0.01,15476.40,73.76,12244.16,269.29
2025-02-01,P02,Pork,Grocery Retail,Vancouver Island,65,107.12,0.03,5937.98,73.99,4809.35,227.45
2025-02-01,P02,Pork,Grocery Retail,BC Interior,63,107.12,0.02,5831.60,74.13,4670.19,249.86
2025-02-01,P02,Pork,Hotels & Institutions,Lower Mainland,101,107.12,0.01,10144.55,74.06,7480.06,169.45
2025-02-01,P02,Pork,Hotels & Institutions,Vancouver Island,36,107.12,0.01,3601.33,74.13,2668.68,126.35
2025-02-01,P02,Pork,Hotels & Institutions,BC Interior,38,107.12,0.01,3824.59,73.69,2800.22,152.83
2025-02-01,P02,Pork,Online Direct,Lower Mainland,45,107.12,0.00,5398.83,74.06,3332.70,444.09
2025-02-01,P02,Pork,Online Direct,Vancouver Island,17,107.12,0.00,2035.48,73.99,1257.83,203.46
2025-02-01,P02,Pork,Online Direct,BC Interior,17,107.12,0.01,2006.96,73.91,1256.47,209.58
2025-02-01,P03,Pork,Restaurants,Lower Mainland,231,150.38,0.01,34353.58,105.81,24442.11,366.44
2025-02-01,P03,Pork,Restaurants,Vancouver Island,85,150.38,0.01,12743.83,106.02,9011.70,303.33
2025-02-01,P03,Pork,Restaurants,BC Interior,85,150.38,0.01,12679.62,106.12,9020.20,328.32
2025-02-01,P03,Pork,Grocery Retail,Lower Mainland,153,150.38,0.01,20045.02,106.02,16221.06,255.19
2025-02-01,P03,Pork,Grocery Retail,Vancouver Island,57,150.38,0.03,7295.01,106.23,6055.11,195.30
2025-02-01,P03,Pork,Grocery Retail,BC Interior,55,150.38,0.00,7242.03,105.70,5813.50,223.38
2025-02-01,P03,Pork,Hotels & Institutions,Lower Mainland,91,150.38,0.01,12844.49,106.12,9656.92,146.58
2025-02-01,P03,Pork,Hotels & Institutions,Vancouver Island,35,150.38,0.00,5005.13,105.91,3706.85,119.44
2025-02-01,P03,Pork,Hotels & Institutions,BC Interior,33,150.38,0.01,4643.90,105.91,3495.03,129.96
2025-02-01,P03,Pork,Online Direct,Lower Mainland,42,150.38,0.01,7045.54,105.91,4448.22,420.86
2025-02-01,P03,Pork,Online Direct,Vancouver Island,14,150.38,0.00,2346.18,105.91,1482.74,166.04
2025-02-01,P03,Pork,Online Direct,BC Interior,15,150.38,0.00,2531.43,106.02,1590.30,189.98
2025-02-01,P04,Pork,Restaurants,Lower Mainland,331,94.76,0.00,31302.83,65.86,21799.66,554.24
2025-02-01,P04,Pork,Restaurants,Vancouver Island,122,94.76,0.00,11514.48,65.86,8034.92,427.33
2025-02-01,P04,Pork,Restaurants,BC Interior,121,94.76,0.00,11431.59,65.66,7944.86,482.78
2025-02-01,P04,Pork,Grocery Retail,Lower Mainland,230,94.76,0.04,18451.32,65.92,15161.60,370.48
2025-02-01,P04,Pork,Grocery Retail,Vancouver Island,83,94.76,0.03,6714.02,66.06,5482.98,282.95
2025-02-01,P04,Pork,Grocery Retail,BC Interior,78,94.76,0.03,6302.03,65.86,5137.08,315.25
2025-02-01,P04,Pork,Hotels & Institutions,Lower Mainland,128,94.76,0.01,11396.18,65.79,8421.12,210.78
2025-02-01,P04,Pork,Hotels & Institutions,Vancouver Island,49,94.76,0.00,4393.45,65.92,3230.08,168.06
2025-02-01,P04,Pork,Hotels & Institutions,BC Interior,46,94.76,0.01,4091.27,65.99,3035.54,183.54
2025-02-01,P04,Pork,Online Direct,Lower Mainland,61,94.76,0.01,6409.37,65.86,4017.46,627.32
2025-02-01,P04,Pork,Online Direct,Vancouver Island,21,94.76,0.01,2199.81,65.79,1381.59,250.07
2025-02-01,P04,Pork,Online Direct,BC Interior,22,94.76,0.01,2311.41,65.99,1451.78,273.42
2025-02-01,C01,Poultry,Restaurants,Lower Mainland,640,80.34,0.01,50954.84,58.25,37280.00,1041.35
2025-02-01,C01,Poultry,Restaurants,Vancouver Island,235,80.34,0.01,18690.89,58.25,13688.75,832.91
2025-02-01,C01,Poultry,Restaurants,BC Interior,220,80.34,0.01,17427.94,58.42,12852.40,887.41
2025-02-01,C01,Poultry,Grocery Retail,Lower Mainland,420,80.34,0.04,28567.44,58.42,24536.40,684.07
2025-02-01,C01,Poultry,Grocery Retail,Vancouver Island,163,80.34,0.01,11374.57,58.25,9494.75,566.98
2025-02-01,C01,Poultry,Grocery Retail,BC Interior,163,80.34,0.03,11110.25,58.25,9494.75,642.58
2025-02-01,C01,Poultry,Hotels & Institutions,Lower Mainland,256,80.34,0.00,19557.99,58.13,14881.28,418.63
2025-02-01,C01,Poultry,Hotels & Institutions,Vancouver Island,90,80.34,0.01,6807.00,58.36,5252.40,312.12
2025-02-01,C01,Poultry,Hotels & Institutions,BC Interior,90,80.34,0.00,6834.77,58.42,5257.80,365.18
2025-02-01,C01,Poultry,Online Direct,Lower Mainland,111,80.34,0.01,9887.99,58.07,6445.77,1104.41
2025-02-01,C01,Poultry,Online Direct,Vancouver Island,44,80.34,0.01,3951.18,58.07,2555.08,527.12
2025-02-01,C01,Poultry,Online Direct,BC Interior,41,80.34,0.01,3652.18,58.30,2390.30,517.23
2025-02-01,C02,Poultry,Restaurants,Lower Mainland,548,127.72,0.01,69427.28,92.14,50492.72,911.33
2025-02-01,C02,Poultry,Restaurants,Vancouver Island,206,127.72,0.01,25916.82,92.23,18999.38,705.12
2025-02-01,C02,Poultry,Restaurants,BC Interior,207,127.72,0.01,26119.59,92.05,19054.35,848.15
2025-02-01,C02,Poultry,Grocery Retail,Lower Mainland,384,127.72,0.02,42426.13,92.23,35416.32,642.98
2025-02-01,C02,Poultry,Grocery Retail,Vancouver Island,132,127.72,0.01,14657.92,91.77,12113.64,454.11
2025-02-01,C02,Poultry,Grocery Retail,BC Interior,143,127.72,0.01,16023.62,91.96,13150.28,579.66
2025-02-01,C02,Poultry,Hotels & Institutions,Lower Mainland,237,127.72,0.01,28268.17,91.96,21794.52,379.82
2025-02-01,C02,Poultry,Hotels & Institutions,Vancouver Island,81,127.72,0.01,9700.51,92.23,7470.63,285.68
2025-02-01,C02,Poultry,Hotels & Institutions,BC Interior,85,127.72,0.00,10282.47,91.87,7808.95,347.60
2025-02-01,C02,Poultry,Online Direct,Lower Mainland,104,127.72,0.00,14861.95,92.05,9573.20,1068.48
2025-02-01,C02,Poultry,Online Direct,Vancouver Island,38,127.72,0.01,5365.22,91.87,3491.06,457.06
2025-02-01,C02,Poultry,Online Direct,BC Interior,38,127.72,0.01,5381.41,92.14,3501.32,485.54
2025-02-01,C03,Poultry,Restaurants,Lower Mainland,440,98.88,0.01,43028.62,70.91,31200.40,720.23
2025-02-01,C03,Poultry,Restaurants,Vancouver Island,167,98.88,0.01,16396.87,70.63,11795.21,562.94
2025-02-01,C03,Poultry,Restaurants,BC Interior,170,98.88,0.00,16809.58,70.77,12030.90,666.79
2025-02-01,C03,Poultry,Grocery Retail,Lower Mainland,322,98.88,0.01,27543.50,70.77,22787.94,520.25
2025-02-01,C03,Poultry,Grocery Retail,Vancouver Island,109,98.88,0.01,9342.43,70.84,7721.56,375.74
2025-02-01,C03,Poultry,Grocery Retail,BC Interior,115,98.88,0.02,9767.13,70.91,8154.65,464.33
2025-02-01,C03,Poultry,Hotels & Institutions,Lower Mainland,188,98.88,0.01,17360.28,70.63,13278.44,308.04
2025-02-01,C03,Poultry,Hotels & Institutions,Vancouver Island,65,98.88,0.01,6081.22,70.77,4600.05,220.46
2025-02-01,C03,Poultry,Hotels & Institutions,BC Interior,66,98.88,0.01,6144.10,70.84,4675.44,268.06
2025-02-01,C03,Poultry,Online Direct,Lower Mainland,86,98.88,0.00,9495.57,70.84,6092.24,846.95
2025-02-01,C03,Poultry,Online Direct,Vancouver Island,31,98.88,0.00,3443.41,70.56,2187.36,363.59
2025-02-01,C03,Poultry,Online Direct,BC Interior,31,98.88,0.00,3429.64,70.70,2191.70,389.91
2025-02-01,C04,Poultry,Restaurants,Lower Mainland,105,193.64,0.01,20068.61,135.14,14189.70,174.27
2025-02-01,C04,Poultry,Restaurants,Vancouver Island,37,193.64,0.00,7171.76,135.14,5000.18,126.65
2025-02-01,C04,Poultry,Restaurants,BC Interior,37,193.64,0.01,7086.07,135.68,5020.16,145.71
2025-02-01,C04,Poultry,Grocery Retail,Lower Mainland,72,193.64,0.03,11948.56,135.14,9730.08,119.38
2025-02-01,C04,Poultry,Grocery Retail,Vancouver Island,25,193.64,0.03,4149.08,135.82,3395.50,88.61
2025-02-01,C04,Poultry,Grocery Retail,BC Interior,25,193.64,0.04,4106.39,135.95,3398.75,96.67
2025-02-01,C04,Poultry,Hotels & Institutions,Lower Mainland,44,193.64,0.01,8045.63,135.55,5964.20,71.23
2025-02-01,C04,Poultry,Hotels & Institutions,Vancouver Island,16,193.64,0.01,2925.55,135.14,2162.24,55.32
2025-02-01,C04,Poultry,Hotels & Institutions,BC Interior,15,193.64,0.01,2745.47,135.55,2033.25,58.54
2025-02-01,C04,Poultry,Online Direct,Lower Mainland,19,193.64,0.01,4095.96,135.41,2572.79,194.24
2025-02-01,C04,Poultry,Online Direct,Vancouver Island,7,193.64,0.01,1499.88,135.82,950.74,82.77
2025-02-01,C04,Poultry,Online Direct,BC Interior,7,193.64,0.01,1496.90,135.95,951.65,87.70
2025-02-01,S01,Seafood,Restaurants,Lower Mainland,224,181.28,0.00,40403.85,136.73,30627.52,371.42
2025-02-01,S01,Seafood,Restaurants,Vancouver Island,83,181.28,0.01,14850.43,137.14,11382.62,281.22
2025-02-01,S01,Seafood,Restaurants,BC Interior,87,181.28,0.01,15613.79,136.87,11907.69,352.32
2025-02-01,S01,Seafood,Grocery Retail,Lower Mainland,153,181.28,0.04,23360.94,137.14,20982.42,256.19
2025-02-01,S01,Seafood,Grocery Retail,Vancouver Island,57,181.28,0.03,8846.37,136.87,7801.59,198.86
2025-02-01,S01,Seafood,Grocery Retail,BC Interior,58,181.28,0.01,9150.92,137.28,7962.24,234.42
2025-02-01,S01,Seafood,Hotels & Institutions,Lower Mainland,92,181.28,0.01,15732.68,136.46,12554.32,153.00
2025-02-01,S01,Seafood,Hotels & Institutions,Vancouver Island,35,181.28,0.01,5979.43,137.00,4795.00,119.32
2025-02-01,S01,Seafood,Hotels & Institutions,BC Interior,35,181.28,0.01,5973.25,136.46,4776.10,142.43
2025-02-01,S01,Seafood,Online Direct,Lower Mainland,43,181.28,0.01,8712.77,137.28,5903.04,423.48
2025-02-01,S01,Seafood,Online Direct,Vancouver Island,16,181.28,0.01,3216.05,136.73,2187.68,193.98
2025-02-01,S01,Seafood,Online Direct,BC Interior,15,181.28,0.01,3008.99,137.00,2055.00,186.80
2025-02-01,S02,Seafood,Restaurants,Lower Mainland,102,220.42,0.01,22302.24,164.98,16827.96,169.13
2025-02-01,S02,Seafood,Restaurants,Vancouver Island,36,220.42,0.01,7879.43,165.48,5957.28,128.47
2025-02-01,S02,Seafood,Restaurants,BC Interior,38,220.42,0.01,8300.74,165.32,6282.16,149.95
2025-02-01,S02,Seafood,Grocery Retail,Lower Mainland,67,220.42,0.02,12736.88,164.82,11042.94,107.59
2025-02-01,S02,Seafood,Grocery Retail,Vancouver Island,25,220.42,0.03,4689.78,165.81,4145.25,86.79
2025-02-01,S02,Seafood,Grocery Retail,BC Interior,24,220.42,0.01,4585.61,164.98,3959.52,98.34
2025-02-01,S02,Seafood,Hotels & Institutions,Lower Mainland,39,220.42,0.01,8109.04,164.98,6434.22,62.06
2025-02-01,S02,Seafood,Hotels & Institutions,Vancouver Island,14,220.42,0.01,2893.39,164.82,2307.48,47.14
2025-02-01,S02,Seafood,Hotels & Institutions,BC Interior,15,220.42,0.01,3106.43,165.48,2482.20,60.62
2025-02-01,S02,Seafood,Online Direct,Lower Mainland,18,220.42,0.01,4408.08,164.98,2969.64,183.47
2025-02-01,S02,Seafood,Online Direct,Vancouver Island,6,220.42,0.01,1463.45,164.98,989.88,73.46
2025-02-01,S02,Seafood,Online Direct,BC Interior,7,220.42,0.01,1715.98,164.82,1153.74,88.31
2025-02-01,S03,Seafood,Restaurants,Lower Mainland,61,314.15,0.01,18875.97,233.81,14262.41,101.34
2025-02-01,S03,Seafood,Restaurants,Vancouver Island,22,314.15,0.01,6842.11,233.81,5143.82,77.82
2025-02-01,S03,Seafood,Restaurants,BC Interior,24,314.15,0.00,7501.95,233.81,5611.44,97.48
2025-02-01,S03,Seafood,Grocery Retail,Lower Mainland,42,314.15,0.04,11169.31,234.74,9859.08,69.85
2025-02-01,S03,Seafood,Grocery Retail,Vancouver Island,16,314.15,0.01,4370.03,233.34,3733.44,55.21
2025-02-01,S03,Seafood,Grocery Retail,BC Interior,15,314.15,0.01,4092.87,233.81,3507.15,58.12
2025-02-01,S03,Seafood,Hotels & Institutions,Lower Mainland,25,314.15,0.01,7356.50,233.34,5833.50,41.53
2025-02-01,S03,Seafood,Hotels & Institutions,Vancouver Island,9,314.15,0.01,2669.88,233.34,2100.06,30.71
2025-02-01,S03,Seafood,Hotels & Institutions,BC Interior,10,314.15,0.01,2966.50,234.51,2345.10,40.69
2025-02-01,S03,Seafood,Online Direct,Lower Mainland,11,314.15,0.01,3831.41,233.57,2569.27,111.23
2025-02-01,S03,Seafood,Online Direct,Vancouver Island,4,314.15,0.01,1391.91,234.28,937.12,48.25
2025-02-01,S03,Seafood,Online Direct,BC Interior,4,314.15,0.01,1389.08,233.34,933.36,48.81
2025-02-01,S04,Seafood,Restaurants,Lower Mainland,117,142.14,0.00,16646.91,106.71,12485.07,190.75
2025-02-01,S04,Seafood,Restaurants,Vancouver Island,42,142.14,0.01,5898.40,106.60,4477.20,141.43
2025-02-01,S04,Seafood,Restaurants,BC Interior,43,142.14,0.01,6057.10,106.82,4593.26,171.91
2025-02-01,S04,Seafood,Grocery Retail,Lower Mainland,78,142.14,0.00,9717.49,106.39,8298.42,127.55
2025-02-01,S04,Seafood,Grocery Retail,Vancouver Island,30,142.14,0.04,3621.16,106.39,3191.70,106.95
2025-02-01,S04,Seafood,Grocery Retail,BC Interior,30,142.14,0.03,3625.36,106.29,3188.70,117.31
2025-02-01,S04,Seafood,Hotels & Institutions,Lower Mainland,47,142.14,0.00,6340.13,106.82,5020.54,76.55
2025-02-01,S04,Seafood,Hotels & Institutions,Vancouver Island,18,142.14,0.01,2408.67,106.92,1924.56,62.80
2025-02-01,S04,Seafood,Hotels & Institutions,BC Interior,17,142.14,0.00,2286.39,106.92,1817.64,68.37
2025-02-01,S04,Seafood,Online Direct,Lower Mainland,21,142.14,0.01,3316.43,106.50,2236.50,215.75
2025-02-01,S04,Seafood,Online Direct,Vancouver Island,8,142.14,0.01,1257.05,106.82,854.56,92.87
2025-02-01,S04,Seafood,Online Direct,BC Interior,8,142.14,0.01,1260.82,106.71,853.68,97.43
2025-02-01,H01,Charcuterie,Restaurants,Lower Mainland,148,193.64,0.01,28371.44,112.54,16655.92,248.54
2025-02-01,H01,Charcuterie,Restaurants,Vancouver Island,52,193.64,0.01,9918.24,112.09,5828.68,183.58
2025-02-01,H01,Charcuterie,Restaurants,BC Interior,51,193.64,0.01,9737.51,112.20,5722.20,203.08
2025-02-01,H01,Charcuterie,Grocery Retail,Lower Mainland,98,193.64,0.03,16265.74,112.31,11006.38,155.94
2025-02-01,H01,Charcuterie,Grocery Retail,Vancouver Island,36,193.64,0.02,6048.19,112.42,4047.12,125.47
2025-02-01,H01,Charcuterie,Grocery Retail,BC Interior,36,193.64,0.02,5993.27,112.31,4043.16,143.92
2025-02-01,H01,Charcuterie,Hotels & Institutions,Lower Mainland,62,193.64,0.01,11268.21,111.97,6942.14,103.41
2025-02-01,H01,Charcuterie,Hotels & Institutions,Vancouver Island,22,193.64,0.00,4047.07,112.31,2470.82,74.16
2025-02-01,H01,Charcuterie,Hotels & Institutions,BC Interior,21,193.64,0.01,3816.76,112.20,2356.20,85.96
2025-02-01,H01,Charcuterie,Online Direct,Lower Mainland,27,193.64,0.01,5791.26,112.09,3026.43,281.77
2025-02-01,H01,Charcuterie,Online Direct,Vancouver Island,9,193.64,0.01,1942.13,112.54,1012.86,105.13
2025-02-01,H01,Charcuterie,Online Direct,BC Interior,10,193.64,0.01,2164.40,112.42,1124.20,124.41
2025-02-01,H02,Charcuterie,Restaurants,Lower Mainland,126,160.68,0.01,19862.23,92.48,11652.48,206.45
2025-02-01,H02,Charcuterie,Restaurants,Vancouver Island,47,160.68,0.01,7453.68,92.11,4329.17,161.53
2025-02-01,H02,Charcuterie,Restaurants,BC Interior,48,160.68,0.01,7635.51,92.48,4439.04,188.46
2025-02-01,H02,Charcuterie,Grocery Retail,Lower Mainland,88,160.68,0.04,12006.13,92.48,8138.24,140.60
2025-02-01,H02,Charcuterie,Grocery Retail,Vancouver Island,33,160.68,0.02,4600.58,92.39,3048.87,112.61
2025-02-01,H02,Charcuterie,Grocery Retail,BC Interior,33,160.68,0.02,4572.62,92.58,3055.14,131.93
2025-02-01,H02,Charcuterie,Hotels & Institutions,Lower Mainland,53,160.68,0.01,8017.59,92.58,4906.74,88.74
2025-02-01,H02,Charcuterie,Hotels & Institutions,Vancouver Island,19,160.68,0.01,2859.67,92.67,1760.73,66.42
2025-02-01,H02,Charcuterie,Hotels & Institutions,BC Interior,20,160.68,0.01,2995.10,92.11,1842.20,77.25
2025-02-01,H02,Charcuterie,Online Direct,Lower Mainland,24,160.68,0.00,4297.51,92.11,2210.64,238.30
2025-02-01,H02,Charcuterie,Online Direct,Vancouver Island,9,160.68,0.01,1601.77,92.67,834.03,108.57
2025-02-01,H02,Charcuterie,Online Direct,BC Interior,8,160.68,0.00,1444.01,92.11,736.88,101.02
2025-02-01,H03,Charcuterie,Restaurants,Lower Mainland,67,210.12,0.01,13951.03,123.85,8297.95,108.69
2025-02-01,H03,Charcuterie,Restaurants,Vancouver Island,25,210.12,0.01,5169.16,123.97,3099.25,87.83
2025-02-01,H03,Charcuterie,Restaurants,BC Interior,24,210.12,0.00,5052.97,123.97,2975.28,97.10
2025-02-01,H03,Charcuterie,Grocery Retail,Lower Mainland,44,210.12,0.03,7851.87,123.85,5449.40,69.94
2025-02-01,H03,Charcuterie,Grocery Retail,Vancouver Island,17,210.12,0.01,3105.78,124.22,2111.74,58.90
2025-02-01,H03,Charcuterie,Grocery Retail,BC Interior,17,210.12,0.03,3049.35,124.34,2113.78,68.51
2025-02-01,H03,Charcuterie,Hotels & Institutions,Lower Mainland,26,210.12,0.00,5158.87,123.85,3220.10,41.84
2025-02-01,H03,Charcuterie,Hotels & Institutions,Vancouver Island,9,210.12,0.01,1774.99,124.34,1119.06,30.46
2025-02-01,H03,Charcuterie,Hotels & Institutions,BC Interior,10,210.12,0.00,1986.17,124.34,1243.40,40.69
2025-02-01,H03,Charcuterie,Online Direct,Lower Mainland,13,210.12,0.01,3019.48,124.34,1616.42,135.01
2025-02-01,H03,Charcuterie,Online Direct,Vancouver Island,4,210.12,0.01,930.93,124.34,497.36,47.35
2025-02-01,H03,Charcuterie,Online Direct,BC Interior,4,210.12,0.00,940.40,124.22,496.88,50.26
2025-02-01,H04,Charcuterie,Restaurants,Lower Mainland,118,98.88,0.00,11656.15,56.36,6650.48,188.72
2025-02-01,H04,Charcuterie,Restaurants,Vancouver Island,43,98.88,0.01,4200.90,56.53,2430.79,146.44
2025-02-01,H04,Charcuterie,Restaurants,BC Interior,40,98.88,0.01,3927.48,56.53,2261.20,161.35
2025-02-01,H04,Charcuterie,Grocery Retail,Lower Mainland,79,98.88,0.04,6633.54,56.19,4439.01,132.41
2025-02-01,H04,Charcuterie,Grocery Retail,Vancouver Island,28,98.88,0.01,2416.95,56.47,1581.16,97.30
2025-02-01,H04,Charcuterie,Grocery Retail,BC Interior,29,98.88,0.03,2447.79,56.19,1629.51,114.67
2025-02-01,H04,Charcuterie,Hotels & Institutions,Lower Mainland,46,98.88,0.01,4269.20,56.19,2584.74,77.32
2025-02-01,H04,Charcuterie,Hotels & Institutions,Vancouver Island,18,98.88,0.01,1672.27,56.31,1013.58,61.30
2025-02-01,H04,Charcuterie,Hotels & Institutions,BC Interior,18,98.88,0.01,1682.37,56.53,1017.54,73.39
2025-02-01,H04,Charcuterie,Online Direct,Lower Mainland,21,98.88,0.00,2334.96,56.36,1183.56,208.52
2025-02-01,H04,Charcuterie,Online Direct,Vancouver Island,7,98.88,0.00,774.43,56.25,393.75,82.35
2025-02-01,H04,Charcuterie,Online Direct,BC Interior,8,98.88,0.01,873.57,56.42,451.36,97.33
2025-02-01,D01,Cheese & Dairy,Restaurants,Lower Mainland,189,146.26,0.01,27366.40,90.41,17087.49,315.54
2025-02-01,D01,Cheese & Dairy,Restaurants,Vancouver Island,71,146.26,0.00,10363.69,90.50,6425.50,252.38
2025-02-01,D01,Cheese & Dairy,Restaurants,BC Interior,69,146.26,0.00,10061.68,90.77,6263.13,278.05
2025-02-01,D01,Cheese & Dairy,Grocery Retail,Lower Mainland,135,146.26,0.00,17427.75,90.59,12229.65,221.64
2025-02-01,D01,Cheese & Dairy,Grocery Retail,Vancouver Island,49,146.26,0.02,6187.12,90.77,4447.73,169.76
2025-02-01,D01,Cheese & Dairy,Grocery Retail,BC Interior,49,146.26,0.02,6168.34,90.86,4452.14,199.02
2025-02-01,D01,Cheese & Dairy,Hotels & Institutions,Lower Mainland,83,146.26,0.01,11451.99,90.77,7533.91,136.00
2025-02-01,D01,Cheese & Dairy,Hotels & Institutions,Vancouver Island,30,146.26,0.01,4114.37,90.86,2725.80,104.14
2025-02-01,D01,Cheese & Dairy,Hotels & Institutions,BC Interior,29,146.26,0.01,4005.18,90.50,2624.50,116.52
2025-02-01,D01,Cheese & Dairy,Online Direct,Lower Mainland,37,146.26,0.01,6036.74,90.68,3355.16,373.76
2025-02-01,D01,Cheese & Dairy,Online Direct,Vancouver Island,13,146.26,0.00,2127.42,90.77,1180.01,153.25
2025-02-01,D01,Cheese & Dairy,Online Direct,BC Interior,12,146.26,0.00,1959.84,90.68,1088.16,145.54
2025-02-01,D02,Cheese & Dairy,Restaurants,Lower Mainland,165,121.54,0.01,19832.66,74.75,12333.75,262.82
2025-02-01,D02,Cheese & Dairy,Restaurants,Vancouver Island,62,121.54,0.01,7452.73,74.82,4638.84,212.01
2025-02-01,D02,Cheese & Dairy,Restaurants,BC Interior,61,121.54,0.01,7369.16,74.90,4568.90,237.80
2025-02-01,D02,Cheese & Dairy,Grocery Retail,Lower Mainland,114,121.54,0.00,12131.98,74.60,8504.40,187.35
2025-02-01,D02,Cheese & Dairy,Grocery Retail,Vancouver Island,43,121.54,0.01,4539.39,74.97,3223.71,152.85
2025-02-01,D02,Cheese & Dairy,Grocery Retail,BC Interior,43,121.54,0.03,4483.71,74.82,3217.26,176.01
2025-02-01,D02,Cheese & Dairy,Hotels & Institutions,Lower Mainland,71,121.54,0.01,8067.10,74.52,5290.92,117.73
2025-02-01,D02,Cheese & Dairy,Hotels & Institutions,Vancouver Island,25,121.54,0.00,2880.80,74.82,1870.50,88.09
2025-02-01,D02,Cheese & Dairy,Hotels & Institutions,BC Interior,25,121.54,0.00,2886.56,74.90,1872.50,96.76
2025-02-01,D02,Cheese & Dairy,Online Direct,Lower Mainland,29,121.54,0.01,3900.20,74.82,2169.78,292.95
2025-02-01,D02,Cheese & Dairy,Online Direct,Vancouver Island,11,121.54,0.01,1495.85,74.97,824.67,128.88
2025-02-01,D02,Cheese & Dairy,Online Direct,BC Interior,11,121.54,0.01,1482.40,74.60,820.60,135.89
2025-02-01,D03,Cheese & Dairy,Restaurants,Lower Mainland,88,243.08,0.01,21133.38,152.99,13463.12,142.18
2025-02-01,D03,Cheese & Dairy,Restaurants,Vancouver Island,34,243.08,0.01,8190.50,153.29,5211.86,116.26
2025-02-01,D03,Cheese & Dairy,Restaurants,BC Interior,32,243.08,0.01,7646.65,152.99,4895.68,128.82
2025-02-01,D03,Cheese & Dairy,Grocery Retail,Lower Mainland,63,243.08,0.01,13301.46,153.14,9647.82,101.69
2025-02-01,D03,Cheese & Dairy,Grocery Retail,Vancouver Island,23,243.08,0.03,4777.26,153.45,3529.35,79.92
2025-02-01,D03,Cheese & Dairy,Grocery Retail,BC Interior,22,243.08,0.04,4504.23,153.29,3372.38,88.13
2025-02-01,D03,Cheese & Dairy,Hotels & Institutions,Lower Mainland,37,243.08,0.01,8518.39,153.60,5683.20,61.77
2025-02-01,D03,Cheese & Dairy,Hotels & Institutions,Vancouver Island,13,243.08,0.00,2981.06,152.83,1986.79,45.72
2025-02-01,D03,Cheese & Dairy,Hotels & Institutions,BC Interior,13,243.08,0.01,2980.93,153.60,1996.80,50.68
2025-02-01,D03,Cheese & Dairy,Online Direct,Lower Mainland,16,243.08,0.01,4321.18,153.14,2450.24,165.68
2025-02-01,D03,Cheese & Dairy,Online Direct,Vancouver Island,6,243.08,0.01,1610.63,152.68,916.08,73.75
2025-02-01,D03,Cheese & Dairy,Online Direct,BC Interior,6,243.08,0.00,1623.71,152.83,916.98,73.67
2025-02-01,D04,Cheese & Dairy,Restaurants,Lower Mainland,237,88.58,0.00,20993.44,53.93,12781.41,391.04
2025-02-01,D04,Cheese & Dairy,Restaurants,Vancouver Island,88,88.58,0.01,7686.22,53.98,4750.24,296.33
2025-02-01,D04,Cheese & Dairy,Restaurants,BC Interior,90,88.58,0.00,7932.37,54.20,4878.00,367.33
2025-02-01,D04,Cheese & Dairy,Grocery Retail,Lower Mainland,174,88.58,0.01,13468.56,53.93,9383.82,287.38
2025-02-01,D04,Cheese & Dairy,Grocery Retail,Vancouver Island,63,88.58,0.02,4836.95,53.93,3397.59,223.07
2025-02-01,D04,Cheese & Dairy,Grocery Retail,BC Interior,60,88.58,0.03,4527.04,53.87,3232.20,241.07
2025-02-01,D04,Cheese & Dairy,Hotels & Institutions,Lower Mainland,100,88.58,0.00,8389.87,54.20,5420.00,166.79
2025-02-01,D04,Cheese & Dairy,Hotels & Institutions,Vancouver Island,38,88.58,0.00,3200.90,54.14,2057.32,133.89
2025-02-01,D04,Cheese & Dairy,Hotels & Institutions,BC Interior,36,88.58,0.00,3032.46,54.09,1947.24,143.06
2025-02-01,D04,Cheese & Dairy,Online Direct,Lower Mainland,45,88.58,0.01,4428.72,53.87,2424.15,457.31
2025-02-01,D04,Cheese & Dairy,Online Direct,Vancouver Island,16,88.58,0.01,1571.44,54.09,865.44,189.76
2025-02-01,D04,Cheese & Dairy,Online Direct,BC Interior,16,88.58,0.00,1576.26,54.03,864.48,199.05
2025-03-01,B01,Beef,Restaurants,Lower Mainland,240,276.04,0.00,66183.35,204.07,48976.80,394.03
2025-03-01,B01,Beef,Restaurants,Vancouver Island,92,276.04,0.01,25015.66,204.47,18811.24,326.39
2025-03-01,B01,Beef,Restaurants,BC Interior,92,276.04,0.01,25091.21,203.66,18736.72,376.22
2025-03-01,B01,Beef,Grocery Retail,Lower Mainland,165,276.04,0.01,39798.68,204.88,33805.20,277.09
2025-03-01,B01,Beef,Grocery Retail,Vancouver Island,64,276.04,0.04,14985.08,203.66,13034.24,227.94
2025-03-01,B01,Beef,Grocery Retail,BC Interior,62,276.04,0.04,14445.48,203.66,12626.92,249.35
2025-03-01,B01,Beef,Hotels & Institutions,Lower Mainland,102,276.04,0.01,26613.57,204.27,20835.54,165.13
2025-03-01,B01,Beef,Hotels & Institutions,Vancouver Island,38,276.04,0.01,9895.35,204.68,7777.84,134.02
2025-03-01,B01,Beef,Hotels & Institutions,BC Interior,39,276.04,0.00,10217.05,203.86,7950.54,156.69
2025-03-01,B01,Beef,Online Direct,Lower Mainland,47,276.04,0.01,14370.91,204.07,9591.29,477.16
2025-03-01,B01,Beef,Online Direct,Vancouver Island,17,276.04,0.01,5208.38,204.88,3482.96,201.01
2025-03-01,B01,Beef,Online Direct,BC Interior,17,276.04,0.01,5239.94,204.07,3469.19,218.49
2025-03-01,B02,Beef,Restaurants,Lower Mainland,670,121.54,0.00,81349.39,89.51,59971.70,1060.64
2025-03-01,B02,Beef,Restaurants,Vancouver Island,236,121.54,0.01,28482.14,89.51,21124.36,816.81
2025-03-01,B02,Beef,Restaurants,BC Interior,242,121.54,0.01,29206.97,89.60,21683.20,947.27
2025-03-01,B02,Beef,Grocery Retail,Lower Mainland,457,121.54,0.02,47514.62,89.24,40782.68,735.38
2025-03-01,B02,Beef,Grocery Retail,Vancouver Island,170,121.54,0.01,18037.20,89.51,15216.70,598.99
2025-03-01,B02,Beef,Grocery Retail,BC Interior,159,121.54,0.03,16596.85,89.15,14174.85,636.93
2025-03-01,B02,Beef,Hotels & Institutions,Lower Mainland,283,121.54,0.01,32479.97,89.15,25229.45,454.47
2025-03-01,B02,Beef,Hotels & Institutions,Vancouver Island,100,121.54,0.01,11488.57,89.60,8960.00,339.17
2025-03-01,B02,Beef,Hotels & Institutions,BC Interior,98,121.54,0.01,11235.67,89.33,8754.34,378.93
2025-03-01,B02,Beef,Online Direct,Lower Mainland,126,121.54,0.01,17014.51,89.15,11232.90,1256.21
2025-03-01,B02,Beef,Online Direct,Vancouver Island,44,121.54,0.00,5941.67,89.42,3934.48,513.95
2025-03-01,B02,Beef,Online Direct,BC Interior,44,121.54,0.01,5929.69,89.24,3926.56,544.64
2025-03-01,B03,Beef,Restaurants,Lower Mainland,299,201.88,0.01,59517.05,150.85,45104.15,488.46
2025-03-01,B03,Beef,Restaurants,Vancouver Island,106,201.88,0.00,21292.41,150.55,15958.30,367.24
2025-03-01,B03,Beef,Restaurants,BC Interior,107,201.88,0.01,21277.14,150.10,16060.70,424.79
2025-03-01,B03,Beef,Grocery Retail,Lower Mainland,206,201.88,0.01,36268.17,150.25,30951.50,338.21
2025-03-01,B03,Beef,Grocery Retail,Vancouver Island,71,201.88,0.03,12248.93,150.55,10689.05,245.49
2025-03-01,B03,Beef,Grocery Retail,BC Interior,69,201.88,0.02,12061.32,150.70,10398.30,282.72
2025-03-01,B03,Beef,Hotels & Institutions,Lower Mainland,125,201.88,0.00,23829.63,150.10,18762.50,201.96
2025-03-01,B03,Beef,Hotels & Institutions,Vancouver Island,44,201.88,0.00,8379.62,150.40,6617.60,150.00
2025-03-01,B03,Beef,Hotels & Institutions,BC Interior,42,201.88,0.01,7974.46,150.10,6304.20,170.75
2025-03-01,B03,Beef,Online Direct,Lower Mainland,54,201.88,0.00,12173.02,150.40,8121.60,544.94
2025-03-01,B03,Beef,Online Direct,Vancouver Island,19,201.88,0.01,4278.77,150.55,2860.45,231.49
2025-03-01,B03,Beef,Online Direct,BC Interior,19,201.88,0.01,4248.87,150.70,2863.30,243.72
2025-03-01,B04,Beef,Restaurants,Lower Mainland,136,352.26,0.00,47859.45,263.67,35859.12,224.62
2025-03-01,B04,Beef,Restaurants,Vancouver Island,49,352.26,0.00,17312.52,263.93,12932.57,173.50
2025-03-01,B04,Beef,Restaurants,BC Interior,51,352.26,0.00,17983.23,263.40,13433.40,205.11
2025-03-01,B04,Beef,Grocery Retail,Lower Mainland,93,352.26,0.01,28483.79,263.67,24521.31,151.02
2025-03-01,B04,Beef,Grocery Retail,Vancouver Island,34,352.26,0.00,10518.54,264.72,9000.48,119.33
2025-03-01,B04,Beef,Grocery Retail,BC Interior,33,352.26,0.01,10066.45,264.46,8727.18,132.59
2025-03-01,B04,Beef,Hotels & Institutions,Lower Mainland,56,352.26,0.01,18571.94,264.99,14839.44,92.21
2025-03-01,B04,Beef,Hotels & Institutions,Vancouver Island,21,352.26,0.01,6943.40,263.40,5531.40,73.41
2025-03-01,B04,Beef,Hotels & Institutions,BC Interior,21,352.26,0.01,7020.42,264.99,5564.79,84.71
2025-03-01,B04,Beef,Online Direct,Lower Mainland,26,352.26,0.01,10103.94,264.46,6875.96,265.54
2025-03-01,B04,Beef,Online Direct,Vancouver Island,9,352.26,0.00,3557.85,263.93,2375.37,109.97
2025-03-01,B04,Beef,Online Direct,BC Interior,9,352.26,0.00,3550.78,264.72,2382.48,112.53
2025-03-01,P01,Pork,Restaurants,Lower Mainland,368,135.96,0.01,49234.15,95.36,35092.48,608.38
2025-03-01,P01,Pork,Restaurants,Vancouver Island,142,135.96,0.01,19190.35,95.08,13501.36,505.75
2025-03-01,P01,Pork,Restaurants,BC Interior,136,135.96,0.00,18361.35,95.36,12968.96,545.88
2025-03-01,P01,Pork,Grocery Retail,Lower Mainland,266,135.96,0.01,31508.03,94.98,25264.68,428.03
2025-03-01,P01,Pork,Grocery Retail,Vancouver Island,95,135.96,0.01,11263.85,95.36,9059.20,329.79
2025-03-01,P01,Pork,Grocery Retail,BC Interior,96,135.96,0.01,11371.04,95.17,9136.32,382.65
2025-03-01,P01,Pork,Hotels & Institutions,Lower Mainland,154,135.96,0.01,19612.47,95.36,14685.44,257.11
2025-03-01,P01,Pork,Hotels & Institutions,Vancouver Island,55,135.96,0.00,7061.34,95.46,5250.30,187.69
2025-03-01,P01,Pork,Hotels & Institutions,BC Interior,57,135.96,0.00,7325.45,94.98,5413.86,223.57
2025-03-01,P01,Pork,Online Direct,Lower Mainland,67,135.96,0.00,10171.83,95.27,6383.09,667.30
2025-03-01,P01,Pork,Online Direct,Vancouver Island,26,135.96,0.01,3927.40,95.08,2472.08,316.77
2025-03-01,P01,Pork,Online Direct,BC Interior,24,135.96,0.01,3621.74,95.17,2284.08,307.56
2025-03-01,P02,Pork,Restaurants,Lower Mainland,274,107.12,0.00,29409.49,73.76,20210.24,445.83
2025-03-01,P02,Pork,Restaurants,Vancouver Island,101,107.12,0.01,10656.98,73.99,7472.99,354.82
2025-03-01,P02,Pork,Restaurants,BC Interior,98,107.12,0.00,10445.33,73.91,7243.18,382.44
2025-03-01,P02,Pork,Grocery Retail,Lower Mainland,187,107.12,0.04,17026.37,73.84,13808.08,313.12
2025-03-01,P02,Pork,Grocery Retail,Vancouver Island,69,107.12,0.03,6328.88,73.84,5094.96,236.42
2025-03-01,P02,Pork,Grocery Retail,BC Interior,64,107.12,0.02,5948.23,73.84,4725.76,259.17
2025-03-01,P02,Pork,Hotels & Institutions,Lower Mainland,108,107.12,0.00,11001.44,73.76,7966.08,174.85
2025-03-01,P02,Pork,Hotels & Institutions,Vancouver Island,40,107.12,0.01,4017.64,74.13,2965.20,134.56
2025-03-01,P02,Pork,Hotels & Institutions,BC Interior,41,107.12,0.01,4138.75,73.99,3033.59,164.57
2025-03-01,P02,Pork,Online Direct,Lower Mainland,49,107.12,0.00,5872.83,74.06,3628.94,502.43
2025-03-01,P02,Pork,Online Direct,Vancouver Island,18,107.12,0.01,2139.99,73.84,1329.12,215.85
2025-03-01,P02,Pork,Online Direct,BC Interior,18,107.12,0.01,2133.68,74.06,1333.08,228.42
2025-03-01,P03,Pork,Restaurants,Lower Mainland,241,150.38,0.01,35662.73,106.23,25601.43,386.23
2025-03-01,P03,Pork,Restaurants,Vancouver Island,84,150.38,0.01,12555.62,106.12,8914.08,293.64
2025-03-01,P03,Pork,Restaurants,BC Interior,85,150.38,0.01,12680.19,106.23,9029.55,343.88
2025-03-01,P03,Pork,Grocery Retail,Lower Mainland,163,150.38,0.02,21267.42,106.23,17315.49,258.04
2025-03-01,P03,Pork,Grocery Retail,Vancouver Island,59,150.38,0.02,7697.86,105.70,6236.30,198.88
2025-03-01,P03,Pork,Grocery Retail,BC Interior,60,150.38,0.00,7924.16,105.70,6342.00,235.10
2025-03-01,P03,Pork,Hotels & Institutions,Lower Mainland,97,150.38,0.00,13857.39,105.70,10252.90,160.20
2025-03-01,P03,Pork,Hotels & Institutions,Vancouver Island,34,150.38,0.01,4828.05,106.12,3608.08,119.92
2025-03-01,P03,Pork,Hotels & Institutions,BC Interior,34,150.38,0.01,4837.69,106.23,3611.82,135.25
2025-03-01,P03,Pork,Online Direct,Lower Mainland,43,150.38,0.01,7141.15,106.12,4563.16,448.75
2025-03-01,P03,Pork,Online Direct,Vancouver Island,16,150.38,0.01,2670.42,106.23,1699.68,190.34
2025-03-01,P03,Pork,Online Direct,BC Interior,16,150.38,0.00,2689.41,105.70,1691.20,198.05
2025-03-01,P04,Pork,Restaurants,Lower Mainland,337,94.76,0.01,31805.36,65.99,22238.63,565.93
2025-03-01,P04,Pork,Restaurants,Vancouver Island,127,94.76,0.01,11806.59,66.06,8389.62,431.19
2025-03-01,P04,Pork,Restaurants,BC Interior,123,94.76,0.00,11585.64,65.99,8116.77,500.06
2025-03-01,P04,Pork,Grocery Retail,Lower Mainland,233,94.76,0.01,19331.98,65.99,15375.67,380.64
2025-03-01,P04,Pork,Grocery Retail,Vancouver Island,88,94.76,0.03,7154.57,66.06,5813.28,307.02
2025-03-01,P04,Pork,Grocery Retail,BC Interior,82,94.76,0.01,6762.66,65.86,5400.52,317.06
2025-03-01,P04,Pork,Hotels & Institutions,Lower Mainland,136,94.76,0.01,12047.58,65.66,8929.76,227.72
2025-03-01,P04,Pork,Hotels & Institutions,Vancouver Island,49,94.76,0.01,4366.92,66.06,3236.94,170.78
2025-03-01,P04,Pork,Hotels & Institutions,BC Interior,49,94.76,0.00,4384.65,66.06,3236.94,195.51
2025-03-01,P04,Pork,Online Direct,Lower Mainland,62,94.76,0.01,6553.73,66.06,4095.72,609.34
2025-03-01,P04,Pork,Online Direct,Vancouver Island,22,94.76,0.01,2316.22,65.66,1444.52,255.66
2025-03-01,P04,Pork,Online Direct,BC Interior,22,94.76,0.00,2327.87,65.99,1451.78,268.48
2025-03-01,C01,Poultry,Restaurants,Lower Mainland,647,80.34,0.00,51824.14,58.19,37648.93,1040.07
2025-03-01,C01,Poultry,Restaurants,Vancouver Island,227,80.34,0.01,18145.88,58.36,13247.72,795.11
2025-03-01,C01,Poultry,Restaurants,BC Interior,236,80.34,0.01,18619.81,58.30,13758.80,948.20
2025-03-01,C01,Poultry,Grocery Retail,Lower Mainland,460,80.34,0.01,32099.24,58.19,26767.40,764.23
2025-03-01,C01,Poultry,Grocery Retail,Vancouver Island,157,80.34,0.02,10933.10,58.19,9135.83,541.75
2025-03-01,C01,Poultry,Grocery Retail,BC Interior,164,80.34,0.04,11210.79,58.25,9553.00,652.39
2025-03-01,C01,Poultry,Hotels & Institutions,Lower Mainland,275,80.34,0.01,20674.75,58.36,16049.00,449.70
2025-03-01,C01,Poultry,Hotels & Institutions,Vancouver Island,98,80.34,0.01,7352.89,58.42,5725.16,335.11
2025-03-01,C01,Poultry,Hotels & Institutions,BC Interior,93,80.34,0.01,7062.29,58.36,5427.48,378.46
2025-03-01,C01,Poultry,Online Direct,Lower Mainland,123,80.34,0.01,10968.03,58.42,7185.66,1279.88
2025-03-01,C01,Poultry,Online Direct,Vancouver Island,43,80.34,0.01,3838.14,58.25,2504.75,505.36
2025-03-01,C01,Poultry,Online Direct,BC Interior,43,80.34,0.00,3857.57,58.25,2504.75,525.29
2025-03-01,C02,Poultry,Restaurants,Lower Mainland,594,127.72,0.01,74504.35,92.05,54677.70,990.73
2025-03-01,C02,Poultry,Restaurants,Vancouver Island,208,127.72,0.01,26327.15,92.14,19165.12,703.31
2025-03-01,C02,Poultry,Restaurants,BC Interior,210,127.72,0.00,26847.86,91.68,19252.80,852.09
2025-03-01,C02,Poultry,Grocery Retail,Lower Mainland,371,127.72,0.04,40153.61,92.14,34183.94,607.89
2025-03-01,C02,Poultry,Grocery Retail,Vancouver Island,142,127.72,0.01,15784.33,92.14,13083.88,489.01
2025-03-01,C02,Poultry,Grocery Retail,BC Interior,144,127.72,0.03,15763.44,91.87,13229.28,575.70
2025-03-01,C02,Poultry,Hotels & Institutions,Lower Mainland,238,127.72,0.01,28588.40,91.77,21841.26,393.08
2025-03-01,C02,Poultry,Hotels & Institutions,Vancouver Island,83,127.72,0.01,9929.97,91.96,7632.68,284.10
2025-03-01,C02,Poultry,Hotels & Institutions,BC Interior,87,127.72,0.01,10450.38,92.23,8024.01,346.09
2025-03-01,C02,Poultry,Online Direct,Lower Mainland,102,127.72,0.01,14401.37,92.05,9389.10,1002.46
2025-03-01,C02,Poultry,Online Direct,Vancouver Island,38,127.72,0.01,5365.02,91.87,3491.06,461.15
2025-03-01,C02,Poultry,Online Direct,BC Interior,36,127.72,0.01,5067.35,91.68,3300.48,460.44
2025-03-01,C03,Poultry,Restaurants,Lower Mainland,452,98.88,0.01,44202.93,70.56,31893.12,743.57
2025-03-01,C03,Poultry,Restaurants,Vancouver Island,167,98.88,0.01,16249.55,70.84,11830.28,572.79
2025-03-01,C03,Poultry,Restaurants,BC Interior,170,98.88,0.00,16742.36,70.63,12007.10,690.46
2025-03-01,C03,Poultry,Grocery Retail,Lower Mainland,330,98.88,0.02,28198.37,70.56,23284.80,534.79
2025-03-01,C03,Poultry,Grocery Retail,Vancouver Island,119,98.88,0.01,10179.22,70.84,8429.96,417.64
2025-03-01,C03,Poultry,Grocery Retail,BC Interior,114,98.88,0.01,9869.81,70.77,8067.78,443.06
2025-03-01,C03,Poultry,Hotels & Institutions,Lower Mainland,198,98.88,0.01,18283.70,70.70,13998.60,331.21
2025-03-01,C03,Poultry,Hotels & Institutions,Vancouver Island,69,98.88,0.00,6462.14,70.91,4892.79,243.12
2025-03-01,C03,Poultry,Hotels & Institutions,BC Interior,69,98.88,0.01,6391.06,70.91,4892.79,273.93
2025-03-01,C03,Poultry,Online Direct,Lower Mainland,86,98.88,0.00,9533.65,70.77,6086.22,874.84
2025-03-01,C03,Poultry,Online Direct,Vancouver Island,30,98.88,0.01,3295.68,70.63,2118.90,360.12
2025-03-01,C03,Poultry,Online Direct,BC Interior,29,98.88,0.01,3195.49,70.70,2050.30,356.43
2025-03-01,C04,Poultry,Restaurants,Lower Mainland,108,193.64,0.00,20787.81,135.14,14595.12,176.96
2025-03-01,C04,Poultry,Restaurants,Vancouver Island,38,193.64,0.00,7350.96,135.68,5155.84,128.23
2025-03-01,C04,Poultry,Restaurants,BC Interior,40,193.64,0.01,7706.76,135.95,5438.00,154.51
2025-03-01,C04,Poultry,Grocery Retail,Lower Mainland,72,193.64,0.01,12195.08,135.55,9759.60,119.74
2025-03-01,C04,Poultry,Grocery Retail,Vancouver Island,28,193.64,0.03,4651.88,135.41,3791.48,98.95
2025-03-01,C04,Poultry,Grocery Retail,BC Interior,27,193.64,0.03,4458.65,135.41,3656.07,104.83
2025-03-01,C04,Poultry,Hotels & Institutions,Lower Mainland,46,193.64,0.01,8402.83,135.55,6235.30,76.65
2025-03-01,C04,Poultry,Hotels & Institutions,Vancouver Island,16,193.64,0.01,2913.78,135.14,2162.24,55.49
2025-03-01,C04,Poultry,Hotels & Institutions,BC Interior,16,193.64,0.01,2890.51,135.41,2166.56,65.56
2025-03-01,C04,Poultry,Online Direct,Lower Mainland,21,193.64,0.00,4563.52,135.14,2837.94,217.88
2025-03-01,C04,Poultry,Online Direct,Vancouver Island,7,193.64,0.00,1516.62,135.41,947.87,84.11
2025-03-01,C04,Poultry,Online Direct,BC Interior,7,193.64,0.00,1522.69,135.82,950.74,85.86
2025-03-01,S01,Seafood,Restaurants,Lower Mainland,258,181.28,0.01,46535.73,136.46,35206.68,412.21
2025-03-01,S01,Seafood,Restaurants,Vancouver Island,100,181.28,0.01,17928.59,137.00,13700.00,355.82
2025-03-01,S01,Seafood,Restaurants,BC Interior,95,181.28,0.00,17187.02,136.59,12976.05,383.20
2025-03-01,S01,Seafood,Grocery Retail,Lower Mainland,183,181.28,0.01,28872.91,137.00,25071.00,306.12
2025-03-01,S01,Seafood,Grocery Retail,Vancouver Island,68,181.28,0.03,10587.18,136.59,9288.12,237.00
2025-03-01,S01,Seafood,Grocery Retail,BC Interior,68,181.28,0.03,10512.14,136.87,9307.16,269.42
2025-03-01,S01,Seafood,Hotels & Institutions,Lower Mainland,108,181.28,0.00,18655.05,137.00,14796.00,178.90
2025-03-01,S01,Seafood,Hotels & Institutions,Vancouver Island,39,181.28,0.01,6642.46,137.00,5343.00,135.79
2025-03-01,S01,Seafood,Hotels & Institutions,BC Interior,41,181.28,0.00,7082.04,136.87,5611.67,165.06
2025-03-01,S01,Seafood,Online Direct,Lower Mainland,48,181.28,0.00,9755.24,137.28,6589.44,486.34
2025-03-01,S01,Seafood,Online Direct,Vancouver Island,17,181.28,0.00,3448.12,136.73,2324.41,207.93
2025-03-01,S01,Seafood,Online Direct,BC Interior,17,181.28,0.00,3458.47,137.00,2329.00,216.79
2025-03-01,S02,Seafood,Restaurants,Lower Mainland,115,220.42,0.00,25297.60,165.48,19030.20,188.62
2025-03-01,S02,Seafood,Restaurants,Vancouver Island,43,220.42,0.01,9430.61,165.81,7129.83,149.12
2025-03-01,S02,Seafood,Restaurants,BC Interior,42,220.42,0.01,9164.84,165.15,6936.30,163.90
2025-03-01,S02,Seafood,Grocery Retail,Lower Mainland,80,220.42,0.04,14911.76,165.81,13264.80,127.17
2025-03-01,S02,Seafood,Grocery Retail,Vancouver Island,27,220.42,0.04,5023.23,164.98,4454.46,95.32
2025-03-01,S02,Seafood,Grocery Retail,BC Interior,28,220.42,0.04,5214.32,165.32,4628.96,109.94
2025-03-01,S02,Seafood,Hotels & Institutions,Lower Mainland,47,220.42,0.01,9763.14,165.48,7777.56,77.78
2025-03-01,S02,Seafood,Hotels & Institutions,Vancouver Island,17,220.42,0.01,3520.69,165.48,2813.16,59.13
2025-03-01,S02,Seafood,Hotels & Institutions,BC Interior,16,220.42,0.01,3296.91,165.81,2652.96,62.63
2025-03-01,S02,Seafood,Online Direct,Lower Mainland,20,220.42,0.00,4912.74,164.98,3299.60,201.83
2025-03-01,S02,Seafood,Online Direct,Vancouver Island,7,220.42,0.01,1710.84,165.81,1160.67,83.44
2025-03-01,S02,Seafood,Online Direct,BC Interior,7,220.42,0.01,1705.67,165.81,1160.67,85.69
2025-03-01,S03,Seafood,Restaurants,Lower Mainland,70,314.15,0.01,21836.79,234.51,16415.70,111.38
2025-03-01,S03,Seafood,Restaurants,Vancouver Island,26,314.15,0.01,8045.68,233.34,6066.84,90.08
2025-03-01,S03,Seafood,Restaurants,BC Interior,25,314.15,0.01,7814.43,234.28,5857.00,101.04
2025-03-01,S03,Seafood,Grocery Retail,Lower Mainland,49,314.15,0.04,13069.92,234.51,11490.99,82.05
2025-03-01,S03,Seafood,Grocery Retail,Vancouver Island,17,314.15,0.02,4624.41,233.34,3966.78,57.42
2025-03-01,S03,Seafood,Grocery Retail,BC Interior,17,314.15,0.00,4694.96,233.81,3974.77,68.30
2025-03-01,S03,Seafood,Hotels & Institutions,Lower Mainland,28,314.15,0.01,8280.75,233.34,6533.52,44.55
2025-03-01,S03,Seafood,Hotels & Institutions,Vancouver Island,11,314.15,0.00,3273.01,234.51,2579.61,38.61
2025-03-01,S03,Seafood,Hotels & Institutions,BC Interior,11,314.15,0.00,3292.70,234.51,2579.61,44.11
2025-03-01,S03,Seafood,Online Direct,Lower Mainland,13,314.15,0.01,4532.94,234.74,3051.62,133.56
2025-03-01,S03,Seafood,Online Direct,Vancouver Island,5,314.15,0.01,1750.38,234.51,1172.55,59.36
2025-03-01,S03,Seafood,Online Direct,BC Interior,5,314.15,0.01,1739.78,233.57,1167.85,61.77
2025-03-01,S04,Seafood,Restaurants,Lower Mainland,135,142.14,0.00,19207.86,106.82,14420.70,217.46
2025-03-01,S04,Seafood,Restaurants,Vancouver Island,49,142.14,0.00,6971.82,106.60,5223.40,167.72
2025-03-01,S04,Seafood,Restaurants,BC Interior,49,142.14,0.01,6901.81,106.60,5223.40,198.24
2025-03-01,S04,Seafood,Grocery Retail,Lower Mainland,90,142.14,0.03,10974.74,106.39,9575.10,145.12
2025-03-01,S04,Seafood,Grocery Retail,Vancouver Island,34,142.14,0.02,4159.27,106.60,3624.40,120.39
2025-03-01,S04,Seafood,Grocery Retail,BC Interior,32,142.14,0.04,3874.00,106.60,3411.20,129.59
2025-03-01,S04,Seafood,Hotels & Institutions,Lower Mainland,55,142.14,0.00,7397.13,106.29,5845.95,89.22
2025-03-01,S04,Seafood,Hotels & Institutions,Vancouver Island,20,142.14,0.01,2695.22,106.50,2130.00,69.43
2025-03-01,S04,Seafood,Hotels & Institutions,BC Interior,19,142.14,0.01,2542.56,106.39,2021.41,73.99
2025-03-01,S04,Seafood,Online Direct,Lower Mainland,24,142.14,0.00,3824.50,106.50,2556.00,241.95
2025-03-01,S04,Seafood,Online Direct,Vancouver Island,9,142.14,0.01,1427.01,106.82,961.38,105.56
2025-03-01,S04,Seafood,Online Direct,BC Interior,9,142.14,0.01,1425.61,106.71,960.39,114.44
2025-03-01,H01,Charcuterie,Restaurants,Lower Mainland,158,193.64,0.01,30259.43,112.20,17727.60,255.02
2025-03-01,H01,Charcuterie,Restaurants,Vancouver Island,53,193.64,0.00,10262.91,112.09,5940.77,183.99
2025-03-01,H01,Charcuterie,Restaurants,BC Interior,54,193.64,0.00,10435.65,112.20,6058.80,215.46
2025-03-01,H01,Charcuterie,Grocery Retail,Lower Mainland,103,193.64,0.00,17604.18,112.09,11545.27,163.89
2025-03-01,H01,Charcuterie,Grocery Retail,Vancouver Island,37,193.64,0.02,6153.88,112.31,4155.47,125.36
2025-03-01,H01,Charcuterie,Grocery Retail,BC Interior,39,193.64,0.02,6519.58,112.54,4389.06,155.92
2025-03-01,H01,Charcuterie,Hotels & Institutions,Lower Mainland,64,193.64,0.01,11643.66,112.42,7194.88,105.18
2025-03-01,H01,Charcuterie,Hotels & Institutions,Vancouver Island,22,193.64,0.00,4034.93,111.97,2463.34,75.99
2025-03-01,H01,Charcuterie,Hotels & Institutions,BC Interior,23,193.64,0.01,4159.33,111.97,2575.31,90.58
2025-03-01,H01,Charcuterie,Online Direct,Lower Mainland,28,193.64,0.00,6072.55,112.42,3147.76,281.14
2025-03-01,H01,Charcuterie,Online Direct,Vancouver Island,11,193.64,0.00,2388.03,112.42,1236.62,131.78
2025-03-01,H01,Charcuterie,Online Direct,BC Interior,10,193.64,0.00,2168.76,112.54,1125.40,127.65
2025-03-01,H02,Charcuterie,Restaurants,Lower Mainland,130,160.68,0.01,20637.47,92.58,12035.40,208.77
2025-03-01,H02,Charcuterie,Restaurants,Vancouver Island,48,160.68,0.01,7566.56,92.48,4439.04,163.63
2025-03-01,H02,Charcuterie,Restaurants,BC Interior,48,160.68,0.00,7712.52,92.11,4421.28,195.34
2025-03-01,H02,Charcuterie,Grocery Retail,Lower Mainland,90,160.68,0.01,12674.89,92.11,8289.90,148.06
2025-03-01,H02,Charcuterie,Grocery Retail,Vancouver Island,32,160.68,0.01,4501.96,92.67,2965.44,108.76
2025-03-01,H02,Charcuterie,Grocery Retail,BC Interior,35,160.68,0.02,4835.00,92.30,3230.50,142.71
2025-03-01,H02,Charcuterie,Hotels & Institutions,Lower Mainland,56,160.68,0.01,8419.95,92.48,5178.88,89.93
2025-03-01,H02,Charcuterie,Hotels & Institutions,Vancouver Island,20,160.68,0.00,3052.92,92.11,1842.20,67.56
2025-03-01,H02,Charcuterie,Hotels & Institutions,BC Interior,20,160.68,0.01,3013.14,92.30,1846.00,77.57
2025-03-01,H02,Charcuterie,Online Direct,Lower Mainland,24,160.68,0.01,4288.72,92.21,2213.04,247.30
2025-03-01,H02,Charcuterie,Online Direct,Vancouver Island,9,160.68,0.01,1605.02,92.30,830.70,105.99
2025-03-01,H02,Charcuterie,Online Direct,BC Interior,9,160.68,0.00,1619.64,92.67,834.03,112.75
2025-03-01,H03,Charcuterie,Restaurants,Lower Mainland,71,210.12,0.01,14710.02,123.72,8784.12,113.55
2025-03-01,H03,Charcuterie,Restaurants,Vancouver Island,25,210.12,0.01,5221.51,123.97,3099.25,87.48
2025-03-01,H03,Charcuterie,Restaurants,BC Interior,24,210.12,0.00,5017.70,123.97,2975.28,97.67
2025-03-01,H03,Charcuterie,Grocery Retail,Lower Mainland,50,210.12,0.01,9152.73,123.72,6186.00,81.68
2025-03-01,H03,Charcuterie,Grocery Retail,Vancouver Island,17,210.12,0.02,3074.09,123.85,2105.45,60.14
2025-03-01,H03,Charcuterie,Grocery Retail,BC Interior,17,210.12,0.01,3114.99,124.09,2109.53,68.98
2025-03-01,H03,Charcuterie,Hotels & Institutions,Lower Mainland,29,210.12,0.01,5707.76,124.09,3598.61,47.09
2025-03-01,H03,Charcuterie,Hotels & Institutions,Vancouver Island,11,210.12,0.00,2197.95,123.85,1362.35,37.50
2025-03-01,H03,Charcuterie,Hotels & Institutions,BC Interior,11,210.12,0.01,2160.68,123.85,1362.35,43.93
2025-03-01,H03,Charcuterie,Online Direct,Lower Mainland,12,210.12,0.00,2832.48,124.22,1490.64,121.22
2025-03-01,H03,Charcuterie,Online Direct,Vancouver Island,4,210.12,0.01,937.56,123.85,495.40,49.12
2025-03-01,H03,Charcuterie,Online Direct,BC Interior,4,210.12,0.00,936.64,124.09,496.36,51.36
2025-03-01,H04,Charcuterie,Restaurants,Lower Mainland,126,98.88,0.00,12508.72,56.36,7101.36,201.93
2025-03-01,H04,Charcuterie,Restaurants,Vancouver Island,45,98.88,0.00,4462.93,56.19,2528.55,153.09
2025-03-01,H04,Charcuterie,Restaurants,BC Interior,45,98.88,0.00,4436.25,56.42,2538.90,179.01
2025-03-01,H04,Charcuterie,Grocery Retail,Lower Mainland,83,98.88,0.03,7062.77,56.19,4663.77,133.42
2025-03-01,H04,Charcuterie,Grocery Retail,Vancouver Island,30,98.88,0.00,2600.00,56.31,1689.30,106.95
2025-03-01,H04,Charcuterie,Grocery Retail,BC Interior,30,98.88,0.03,2552.73,56.36,1690.80,117.55
2025-03-01,H04,Charcuterie,Hotels & Institutions,Lower Mainland,48,98.88,0.01,4499.84,56.25,2700.00,78.81
2025-03-01,H04,Charcuterie,Hotels & Institutions,Vancouver Island,18,98.88,0.01,1675.61,56.25,1012.50,63.24
2025-03-01,H04,Charcuterie,Hotels & Institutions,BC Interior,19,98.88,0.01,1775.80,56.42,1071.98,74.60
2025-03-01,H04,Charcuterie,Online Direct,Lower Mainland,21,98.88,0.01,2300.05,56.25,1181.25,216.60
2025-03-01,H04,Charcuterie,Online Direct,Vancouver Island,8,98.88,0.01,871.83,56.19,449.52,95.74
2025-03-01,H04,Charcuterie,Online Direct,BC Interior,8,98.88,0.00,882.42,56.42,451.36,101.22
2025-03-01,D01,Cheese & Dairy,Restaurants,Lower Mainland,208,146.26,0.01,29966.17,90.95,18917.60,337.76
2025-03-01,D01,Cheese & Dairy,Restaurants,Vancouver Island,75,146.26,0.01,10958.31,90.41,6780.75,254.90
2025-03-01,D01,Cheese & Dairy,Restaurants,BC Interior,74,146.26,0.01,10704.38,90.50,6697.00,303.20
2025-03-01,D01,Cheese & Dairy,Grocery Retail,Lower Mainland,146,146.26,0.01,18602.84,90.68,13239.28,233.03
2025-03-01,D01,Cheese & Dairy,Grocery Retail,Vancouver Island,51,146.26,0.04,6307.88,90.95,4638.45,179.52
2025-03-01,D01,Cheese & Dairy,Grocery Retail,BC Interior,53,146.26,0.03,6597.07,90.68,4806.04,204.51
2025-03-01,D01,Cheese & Dairy,Hotels & Institutions,Lower Mainland,85,146.26,0.01,11679.87,90.41,7684.85,136.08
2025-03-01,D01,Cheese & Dairy,Hotels & Institutions,Vancouver Island,31,146.26,0.00,4307.32,90.86,2816.66,106.33
2025-03-01,D01,Cheese & Dairy,Hotels & Institutions,BC Interior,32,146.26,0.00,4437.38,90.86,2907.52,130.61
2025-03-01,D01,Cheese & Dairy,Online Direct,Lower Mainland,37,146.26,0.01,6018.48,90.59,3351.83,371.51
2025-03-01,D01,Cheese & Dairy,Online Direct,Vancouver Island,14,146.26,0.00,2284.19,90.41,1265.74,167.38
2025-03-01,D01,Cheese & Dairy,Online Direct,BC Interior,14,146.26,0.01,2284.17,90.86,1272.04,172.60
2025-03-01,D02,Cheese & Dairy,Restaurants,Lower Mainland,177,121.54,0.01,21339.77,74.75,13230.75,288.00
2025-03-01,D02,Cheese & Dairy,Restaurants,Vancouver Island,67,121.54,0.01,8086.03,74.52,4992.84,235.14
2025-03-01,D02,Cheese & Dairy,Restaurants,BC Interior,66,121.54,0.01,7957.20,74.75,4933.50,260.45
2025-03-01,D02,Cheese & Dairy,Grocery Retail,Lower Mainland,124,121.54,0.02,12971.20,74.60,9250.40,202.37
2025-03-01,D02,Cheese & Dairy,Grocery Retail,Vancouver Island,44,121.54,0.02,4612.15,74.90,3295.60,155.80
2025-03-01,D02,Cheese & Dairy,Grocery Retail,BC Interior,46,121.54,0.04,4713.70,74.90,3445.40,182.62
2025-03-01,D02,Cheese & Dairy,Hotels & Institutions,Lower Mainland,76,121.54,0.00,8775.19,74.82,5686.32,126.02
2025-03-01,D02,Cheese & Dairy,Hotels & Institutions,Vancouver Island,26,121.54,0.01,2954.15,74.75,1943.50,91.16
2025-03-01,D02,Cheese & Dairy,Hotels & Institutions,BC Interior,27,121.54,0.01,3108.12,74.90,2022.30,107.30
2025-03-01,D02,Cheese & Dairy,Online Direct,Lower Mainland,33,121.54,0.01,4474.06,74.60,2461.80,333.35
2025-03-01,D02,Cheese & Dairy,Online Direct,Vancouver Island,12,121.54,0.01,1620.38,74.75,897.00,140.60
2025-03-01,D02,Cheese & Dairy,Online Direct,BC Interior,12,121.54,0.00,1631.85,74.75,897.00,152.13
2025-03-01,D03,Cheese & Dairy,Restaurants,Lower Mainland,95,243.08,0.01,22977.00,153.45,14577.75,154.42
2025-03-01,D03,Cheese & Dairy,Restaurants,Vancouver Island,33,243.08,0.01,7941.42,153.60,5068.80,112.50
2025-03-01,D03,Cheese & Dairy,Restaurants,BC Interior,33,243.08,0.00,8037.62,153.60,5068.80,129.44
2025-03-01,D03,Cheese & Dairy,Grocery Retail,Lower Mainland,64,243.08,0.03,13266.28,152.83,9781.12,104.87
2025-03-01,D03,Cheese & Dairy,Grocery Retail,Vancouver Island,24,243.08,0.03,4969.57,152.83,3667.92,83.90
2025-03-01,D03,Cheese & Dairy,Grocery Retail,BC Interior,23,243.08,0.02,4816.72,153.60,3532.80,93.32
2025-03-01,D03,Cheese & Dairy,Hotels & Institutions,Lower Mainland,40,243.08,0.00,9181.70,152.68,6107.20,64.37
2025-03-01,D03,Cheese & Dairy,Hotels & Institutions,Vancouver Island,15,243.08,0.01,3446.52,153.60,2304.00,51.97
2025-03-01,D03,Cheese & Dairy,Hotels & Institutions,BC Interior,13,243.08,0.00,2981.06,153.29,1992.77,50.21
2025-03-01,D03,Cheese & Dairy,Online Direct,Lower Mainland,17,243.08,0.01,4604.99,153.14,2603.38,174.31
2025-03-01,D03,Cheese & Dairy,Online Direct,Vancouver Island,6,243.08,0.01,1626.91,152.99,917.94,72.96
2025-03-01,D03,Cheese & Dairy,Online Direct,BC Interior,6,243.08,0.01,1615.55,153.29,919.74,76.66
2025-03-01,D04,Cheese & Dairy,Restaurants,Lower Mainland,255,88.58,0.00,22633.01,54.09,13792.95,409.92
2025-03-01,D04,Cheese & Dairy,Restaurants,Vancouver Island,96,88.58,0.01,8427.32,54.14,5197.44,341.58
2025-03-01,D04,Cheese & Dairy,Restaurants,BC Interior,90,88.58,0.01,7900.56,54.20,4878.00,352.65
2025-03-01,D04,Cheese & Dairy,Grocery Retail,Lower Mainland,176,88.58,0.00,13623.40,54.20,9539.20,288.38
2025-03-01,D04,Cheese & Dairy,Grocery Retail,Vancouver Island,61,88.58,0.00,4769.22,54.14,3302.54,210.91
2025-03-01,D04,Cheese & Dairy,Grocery Retail,BC Interior,63,88.58,0.01,4832.37,53.98,3400.74,254.12
2025-03-01,D04,Cheese & Dairy,Hotels & Institutions,Lower Mainland,108,88.58,0.01,9006.69,53.98,5829.84,179.25
2025-03-01,D04,Cheese & Dairy,Hotels & Institutions,Vancouver Island,39,88.58,0.01,3271.98,53.98,2105.22,132.82
2025-03-01,D04,Cheese & Dairy,Hotels & Institutions,BC Interior,39,88.58,0.01,3248.89,53.98,2105.22,158.09
2025-03-01,D04,Cheese & Dairy,Online Direct,Lower Mainland,49,88.58,0.01,4831.97,53.87,2639.63,485.55
2025-03-01,D04,Cheese & Dairy,Online Direct,Vancouver Island,16,88.58,0.00,1593.70,53.87,861.92,186.32
2025-03-01,D04,Cheese & Dairy,Online Direct,BC Interior,17,88.58,0.00,1684.88,54.09,919.53,207.03
2025-04-01,B01,Beef,Restaurants,Lower Mainland,265,276.04,0.01,72420.85,203.66,53969.90,419.94
2025-04-01,B01,Beef,Restaurants,Vancouver Island,96,276.04,0.01,26181.10,204.47,19629.12,338.92
2025-04-01,B01,Beef,Restaurants,BC Interior,98,276.04,0.00,26916.77,204.47,20038.06,384.00
2025-04-01,B01,Beef,Grocery Retail,Lower Mainland,184,276.04,0.04,43259.68,204.27,37585.68,308.10
2025-04-01,B01,Beef,Grocery Retail,Vancouver Island,69,276.04,0.00,16811.37,204.27,14094.63,232.59
2025-04-01,B01,Beef,Grocery Retail,BC Interior,69,276.04,0.03,16273.47,204.27,14094.63,279.15
2025-04-01,B01,Beef,Hotels & Institutions,Lower Mainland,114,276.04,0.01,29596.66,203.86,23240.04,191.63
2025-04-01,B01,Beef,Hotels & Institutions,Vancouver Island,40,276.04,0.01,10395.30,204.27,8170.80,141.22
2025-04-01,B01,Beef,Hotels & Institutions,BC Interior,41,276.04,0.01,10580.15,203.86,8358.26,165.87
2025-04-01,B01,Beef,Online Direct,Lower Mainland,48,276.04,0.00,14780.61,204.88,9834.24,472.72
2025-04-01,B01,Beef,Online Direct,Vancouver Island,18,276.04,0.00,5570.46,204.88,3687.84,220.59
2025-04-01,B01,Beef,Online Direct,BC Interior,17,276.04,0.01,5192.50,204.88,3482.96,209.79
2025-04-01,B02,Beef,Restaurants,Lower Mainland,706,121.54,0.00,86064.32,89.06,62876.36,1126.84
2025-04-01,B02,Beef,Restaurants,Vancouver Island,263,121.54,0.01,31677.97,89.60,23564.80,901.14
2025-04-01,B02,Beef,Restaurants,BC Interior,275,121.54,0.01,32856.30,89.42,24590.50,1081.92
2025-04-01,B02,Beef,Grocery Retail,Lower Mainland,501,121.54,0.00,53370.38,89.33,44754.33,825.81
2025-04-01,B02,Beef,Grocery Retail,Vancouver Island,187,121.54,0.01,19880.72,89.24,16687.88,658.24
2025-04-01,B02,Beef,Grocery Retail,BC Interior,183,121.54,0.01,19397.00,89.60,16396.80,709.05
2025-04-01,B02,Beef,Hotels & Institutions,Lower Mainland,288,121.54,0.00,33153.58,89.15,25675.20,469.55
2025-04-01,B02,Beef,Hotels & Institutions,Vancouver Island,110,121.54,0.01,12523.63,89.51,9846.10,371.94
2025-04-01,B02,Beef,Hotels & Institutions,BC Interior,111,121.54,0.00,12790.66,89.42,9925.62,446.42
2025-04-01,B02,Beef,Online Direct,Lower Mainland,136,121.54,0.01,18289.98,89.06,12112.16,1382.09
2025-04-01,B02,Beef,Online Direct,Vancouver Island,49,121.54,0.00,6676.77,89.42,4381.58,570.01
2025-04-01,B02,Beef,Online Direct,BC Interior,48,121.54,0.01,6494.61,89.24,4283.52,590.56
2025-04-01,B03,Beef,Restaurants,Lower Mainland,317,201.88,0.01,63357.34,150.85,47819.45,524.59
2025-04-01,B03,Beef,Restaurants,Vancouver Island,120,201.88,0.01,23909.94,150.70,18084.00,427.81
2025-04-01,B03,Beef,Restaurants,BC Interior,116,201.88,0.00,23418.08,150.85,17498.60,473.45
2025-04-01,B03,Beef,Grocery Retail,Lower Mainland,224,201.88,0.03,38683.32,150.70,33756.80,376.54
2025-04-01,B03,Beef,Grocery Retail,Vancouver Island,78,201.88,0.00,13870.82,150.10,11707.80,275.37
2025-04-01,B03,Beef,Grocery Retail,BC Interior,79,201.88,0.02,13698.19,150.40,11881.60,313.63
2025-04-01,B03,Beef,Hotels & Institutions,Lower Mainland,132,201.88,0.01,25037.53,150.10,19813.20,219.52
2025-04-01,B03,Beef,Hotels & Institutions,Vancouver Island,49,201.88,0.01,9303.54,150.70,7384.30,166.36
2025-04-01,B03,Beef,Hotels & Institutions,BC Interior,49,201.88,0.01,9312.73,150.55,7376.95,196.48
2025-04-01,B03,Beef,Online Direct,Lower Mainland,59,201.88,0.01,13154.00,150.85,8900.15,580.45
2025-04-01,B03,Beef,Online Direct,Vancouver Island,21,201.88,0.01,4700.85,150.55,3161.55,244.29
2025-04-01,B03,Beef,Online Direct,BC Interior,20,201.88,0.01,4485.89,150.40,3008.00,255.55
2025-04-01,B04,Beef,Restaurants,Lower Mainland,149,352.26,0.01,52223.05,263.67,39286.83,240.01
2025-04-01,B04,Beef,Restaurants,Vancouver Island,54,352.26,0.01,18661.76,263.40,14223.60,190.08
2025-04-01,B04,Beef,Restaurants,BC Interior,56,352.26,0.01,19470.82,263.93,14780.08,225.66
2025-04-01,B04,Beef,Grocery Retail,Lower Mainland,106,352.26,0.02,32364.16,264.99,28088.94,172.13
2025-04-01,B04,Beef,Grocery Retail,Vancouver Island,36,352.26,0.00,11148.41,264.20,9511.20,121.23
2025-04-01,B04,Beef,Grocery Retail,BC Interior,37,352.26,0.02,11262.41,264.72,9794.64,145.86
2025-04-01,B04,Beef,Hotels & Institutions,Lower Mainland,61,352.26,0.00,20331.89,263.67,16083.87,97.56
2025-04-01,B04,Beef,Hotels & Institutions,Vancouver Island,22,352.26,0.01,7259.46,264.46,5818.12,75.15
2025-04-01,B04,Beef,Hotels & Institutions,BC Interior,23,352.26,0.00,7681.46,264.20,6076.60,90.30
2025-04-01,B04,Beef,Online Direct,Lower Mainland,27,352.26,0.01,10588.14,263.67,7119.09,279.86
2025-04-01,B04,Beef,Online Direct,Vancouver Island,10,352.26,0.01,3917.69,264.99,2649.90,121.36
2025-04-01,B04,Beef,Online Direct,BC Interior,10,352.26,0.01,3890.02,263.40,2634.00,121.54
2025-04-01,P01,Pork,Restaurants,Lower Mainland,389,135.96,0.00,52835.23,95.46,37133.94,641.83
2025-04-01,P01,Pork,Restaurants,Vancouver Island,149,135.96,0.00,20258.04,95.36,14208.64,509.50
2025-04-01,P01,Pork,Restaurants,BC Interior,141,135.96,0.00,19150.96,95.36,13445.76,562.02
2025-04-01,P01,Pork,Grocery Retail,Lower Mainland,265,135.96,0.02,31136.18,95.17,25220.05,429.02
2025-04-01,P01,Pork,Grocery Retail,Vancouver Island,97,135.96,0.04,11153.79,95.08,9222.76,329.00
2025-04-01,P01,Pork,Grocery Retail,BC Interior,96,135.96,0.02,11290.43,95.17,9136.32,373.49
2025-04-01,P01,Pork,Hotels & Institutions,Lower Mainland,165,135.96,0.00,21226.55,95.46,15750.90,261.47
2025-04-01,P01,Pork,Hotels & Institutions,Vancouver Island,56,135.96,0.01,7146.51,95.27,5335.12,189.94
2025-04-01,P01,Pork,Hotels & Institutions,BC Interior,58,135.96,0.01,7468.85,95.08,5514.64,226.11
2025-04-01,P01,Pork,Online Direct,Lower Mainland,74,135.96,0.01,11099.63,95.36,7056.64,749.02
2025-04-01,P01,Pork,Online Direct,Vancouver Island,26,135.96,0.01,3911.59,95.17,2474.42,310.86
2025-04-01,P01,Pork,Online Direct,BC Interior,25,135.96,0.00,3814.46,94.98,2374.50,308.21
2025-04-01,P02,Pork,Restaurants,Lower Mainland,271,107.12,0.01,28739.92,73.84,20010.64,438.29
2025-04-01,P02,Pork,Restaurants,Vancouver Island,103,107.12,0.01,10911.86,73.69,7590.07,359.70
2025-04-01,P02,Pork,Restaurants,BC Interior,99,107.12,0.01,10551.71,74.06,7331.94,400.52
2025-04-01,P02,Pork,Grocery Retail,Lower Mainland,189,107.12,0.01,17744.36,73.99,13984.11,300.12
2025-04-01,P02,Pork,Grocery Retail,Vancouver Island,67,107.12,0.02,6188.87,73.76,4941.92,229.34
2025-04-01,P02,Pork,Grocery Retail,BC Interior,72,107.12,0.01,6678.79,74.06,5332.32,293.00
2025-04-01,P02,Pork,Hotels & Institutions,Lower Mainland,117,107.12,0.01,11823.04,74.13,8673.21,186.74
2025-04-01,P02,Pork,Hotels & Institutions,Vancouver Island,40,107.12,0.01,4029.76,73.99,2959.60,141.49
2025-04-01,P02,Pork,Hotels & Institutions,BC Interior,42,107.12,0.01,4244.09,73.99,3107.58,166.57
2025-04-01,P02,Pork,Online Direct,Lower Mainland,51,107.12,0.01,6088.02,73.91,3769.41,521.38
2025-04-01,P02,Pork,Online Direct,Vancouver Island,18,107.12,0.01,2135.84,73.99,1331.82,213.05
2025-04-01,P02,Pork,Online Direct,BC Interior,19,107.12,0.00,2263.58,74.06,1407.14,243.72
2025-04-01,P03,Pork,Restaurants,Lower Mainland,260,150.38,0.00,39137.82,106.12,27591.20,433.23
2025-04-01,P03,Pork,Restaurants,Vancouver Island,87,150.38,0.01,12977.77,106.02,9223.74,302.02
2025-04-01,P03,Pork,Restaurants,BC Interior,87,150.38,0.00,13043.76,106.34,9251.58,349.20
2025-04-01,P03,Pork,Grocery Retail,Lower Mainland,177,150.38,0.04,22558.17,105.70,18708.90,285.69
2025-04-01,P03,Pork,Grocery Retail,Vancouver Island,63,150.38,0.01,8187.38,105.81,6666.03,221.76
2025-04-01,P03,Pork,Grocery Retail,BC Interior,62,150.38,0.03,7942.18,105.91,6566.42,249.84
2025-04-01,P03,Pork,Hotels & Institutions,Lower Mainland,102,150.38,0.01,14469.56,105.81,10792.62,166.80
2025-04-01,P03,Pork,Hotels & Institutions,Vancouver Island,38,150.38,0.00,5407.02,105.70,4016.60,135.08
2025-04-01,P03,Pork,Hotels & Institutions,BC Interior,36,150.38,0.01,5076.14,106.02,3816.72,145.93
2025-04-01,P03,Pork,Online Direct,Lower Mainland,44,150.38,0.00,7418.12,106.12,4669.28,447.15
2025-04-01,P03,Pork,Online Direct,Vancouver Island,16,150.38,0.01,2659.81,106.34,1701.44,188.62
2025-04-01,P03,Pork,Online Direct,BC Interior,17,150.38,0.00,2863.19,106.12,1804.04,211.91
2025-04-01,P04,Pork,Restaurants,Lower Mainland,344,94.76,0.01,32077.15,65.86,22655.84,547.37
2025-04-01,P04,Pork,Restaurants,Vancouver Island,131,94.76,0.00,12363.91,65.73,8610.63,442.95
2025-04-01,P04,Pork,Restaurants,BC Interior,136,94.76,0.01,12784.42,65.86,8956.96,549.66
2025-04-01,P04,Pork,Grocery Retail,Lower Mainland,241,94.76,0.00,19996.34,65.79,15855.39,395.67
2025-04-01,P04,Pork,Grocery Retail,Vancouver Island,89,94.76,0.02,7287.72,65.73,5849.97,311.43
2025-04-01,P04,Pork,Grocery Retail,BC Interior,89,94.76,0.03,7191.96,65.79,5855.31,360.06
2025-04-01,P04,Pork,Hotels & Institutions,Lower Mainland,144,94.76,0.01,12769.19,65.73,9465.12,227.96
2025-04-01,P04,Pork,Hotels & Institutions,Vancouver Island,55,94.76,0.01,4916.58,65.92,3625.60,191.12
2025-04-01,P04,Pork,Hotels & Institutions,BC Interior,54,94.76,0.01,4822.30,65.79,3552.66,218.46
2025-04-01,P04,Pork,Online Direct,Lower Mainland,68,94.76,0.01,7166.27,65.79,4473.72,668.31
2025-04-01,P04,Pork,Online Direct,Vancouver Island,23,94.76,0.01,2406.88,66.06,1519.38,271.69
2025-04-01,P04,Pork,Online Direct,BC Interior,23,94.76,0.01,2414.23,65.66,1510.18,294.17
2025-04-01,C01,Poultry,Restaurants,Lower Mainland,675,80.34,0.00,53904.56,58.30,39352.50,1083.97
2025-04-01,C01,Poultry,Restaurants,Vancouver Island,241,80.34,0.00,19303.78,58.36,14064.76,850.00
2025-04-01,C01,Poultry,Restaurants,BC Interior,227,80.34,0.00,18182.50,58.13,13195.51,885.85
2025-04-01,C01,Poultry,Grocery Retail,Lower Mainland,460,80.34,0.03,31673.24,58.07,26712.20,754.47
2025-04-01,C01,Poultry,Grocery Retail,Vancouver Island,157,80.34,0.02,10855.32,58.07,9116.99,554.28
2025-04-01,C01,Poultry,Grocery Retail,BC Interior,153,80.34,0.03,10536.01,58.42,8938.26,622.63
2025-04-01,C01,Poultry,Hotels & Institutions,Lower Mainland,272,80.34,0.00,20656.18,58.36,15873.92,455.45
2025-04-01,C01,Poultry,Hotels & Institutions,Vancouver Island,99,80.34,0.00,7510.70,58.30,5771.70,338.18
2025-04-01,C01,Poultry,Hotels & Institutions,BC Interior,93,80.34,0.01,6970.67,58.07,5400.51,361.08
2025-04-01,C01,Poultry,Online Direct,Lower Mainland,118,80.34,0.01,10490.53,58.07,6852.26,1176.45
2025-04-01,C01,Poultry,Online Direct,Vancouver Island,43,80.34,0.01,3811.24,58.13,2499.59,521.31
2025-04-01,C01,Poultry,Online Direct,BC Interior,44,80.34,0.00,3935.43,58.19,2560.36,540.80
2025-04-01,C02,Poultry,Restaurants,Lower Mainland,558,127.72,0.01,71053.24,92.05,51363.90,927.05
2025-04-01,C02,Poultry,Restaurants,Vancouver Island,205,127.72,0.01,25946.38,92.23,18907.15,710.94
2025-04-01,C02,Poultry,Restaurants,BC Interior,211,127.72,0.01,26706.60,92.23,19460.53,836.00
2025-04-01,C02,Poultry,Grocery Retail,Lower Mainland,387,127.72,0.02,42582.90,91.96,35588.52,620.85
2025-04-01,C02,Poultry,Grocery Retail,Vancouver Island,141,127.72,0.01,15610.48,91.87,12953.67,496.32
2025-04-01,C02,Poultry,Grocery Retail,BC Interior,146,127.72,0.03,15983.23,92.05,13439.30,587.18
2025-04-01,C02,Poultry,Hotels & Institutions,Lower Mainland,223,127.72,0.00,27030.37,91.68,20444.64,360.66
2025-04-01,C02,Poultry,Hotels & Institutions,Vancouver Island,81,127.72,0.01,9690.46,91.77,7433.37,283.72
2025-04-01,C02,Poultry,Hotels & Institutions,BC Interior,85,127.72,0.01,10199.67,92.05,7824.25,333.06
2025-04-01,C02,Poultry,Online Direct,Lower Mainland,102,127.72,0.01,14488.34,91.68,9351.36,1036.56
2025-04-01,C02,Poultry,Online Direct,Vancouver Island,36,127.72,0.01,5103.14,91.87,3307.32,424.39
2025-04-01,C02,Poultry,Online Direct,BC Interior,39,127.72,0.00,5550.94,92.05,3589.95,486.64
2025-04-01,C03,Poultry,Restaurants,Lower Mainland,471,98.88,0.01,45921.07,70.84,33365.64,790.19
2025-04-01,C03,Poultry,Restaurants,Vancouver Island,176,98.88,0.01,17141.84,70.91,12480.16,620.13
2025-04-01,C03,Poultry,Restaurants,BC Interior,172,98.88,0.01,16853.92,70.49,12124.28,665.06
2025-04-01,C03,Poultry,Grocery Retail,Lower Mainland,328,98.88,0.00,28512.13,70.77,23212.56,549.75
2025-04-01,C03,Poultry,Grocery Retail,Vancouver Island,115,98.88,0.01,9857.00,70.56,8114.40,404.00
2025-04-01,C03,Poultry,Grocery Retail,BC Interior,112,98.88,0.04,9365.14,70.56,7902.72,449.55
2025-04-01,C03,Poultry,Hotels & Institutions,Lower Mainland,199,98.88,0.00,18618.55,70.70,14069.30,322.17
2025-04-01,C03,Poultry,Hotels & Institutions,Vancouver Island,68,98.88,0.01,6355.71,70.63,4802.84,238.42
2025-04-01,C03,Poultry,Hotels & Institutions,BC Interior,68,98.88,0.01,6304.42,70.84,4817.12,273.21
2025-04-01,C03,Poultry,Online Direct,Lower Mainland,82,98.88,0.01,9017.41,70.63,5791.66,836.64
2025-04-01,C03,Poultry,Online Direct,Vancouver Island,30,98.88,0.01,3285.82,70.77,2123.10,368.38
2025-04-01,C03,Poultry,Online Direct,BC Interior,32,98.88,0.01,3512.03,70.84,2266.88,394.50
2025-04-01,C04,Poultry,Restaurants,Lower Mainland,111,193.64,0.01,21365.18,135.95,15090.45,178.43
2025-04-01,C04,Poultry,Restaurants,Vancouver Island,38,193.64,0.01,7343.49,135.95,5166.10,133.23
2025-04-01,C04,Poultry,Restaurants,BC Interior,38,193.64,0.01,7284.89,135.82,5161.16,154.94
2025-04-01,C04,Poultry,Grocery Retail,Lower Mainland,77,193.64,0.00,13042.44,135.82,10458.14,125.92
2025-04-01,C04,Poultry,Grocery Retail,Vancouver Island,27,193.64,0.00,4587.08,135.95,3670.65,92.42
2025-04-01,C04,Poultry,Grocery Retail,BC Interior,27,193.64,0.01,4532.04,135.28,3652.56,109.55
2025-04-01,C04,Poultry,Hotels & Institutions,Lower Mainland,45,193.64,0.00,8261.55,135.82,6111.90,72.12
2025-04-01,C04,Poultry,Hotels & Institutions,Vancouver Island,16,193.64,0.00,2940.35,135.28,2164.48,56.49
2025-04-01,C04,Poultry,Hotels & Institutions,BC Interior,17,193.64,0.01,3086.73,135.68,2306.56,69.18
2025-04-01,C04,Poultry,Online Direct,Lower Mainland,19,193.64,0.01,4067.09,135.41,2572.79,195.97
2025-04-01,C04,Poultry,Online Direct,Vancouver Island,7,193.64,0.01,1507.52,135.14,945.98,83.02
2025-04-01,C04,Poultry,Online Direct,BC Interior,7,193.64,0.01,1498.40,135.55,948.85,88.39
2025-04-01,S01,Seafood,Restaurants,Lower Mainland,283,181.28,0.01,50686.61,137.28,38850.24,448.00
2025-04-01,S01,Seafood,Restaurants,Vancouver Island,104,181.28,0.01,18721.26,137.00,14248.00,353.10
2025-04-01,S01,Seafood,Restaurants,BC Interior,109,181.28,0.01,19580.66,136.59,14888.31,427.10
2025-04-01,S01,Seafood,Grocery Retail,Lower Mainland,197,181.28,0.04,30265.04,136.87,26963.39,325.36
2025-04-01,S01,Seafood,Grocery Retail,Vancouver Island,71,181.28,0.01,11246.75,137.14,9736.94,242.29
2025-04-01,S01,Seafood,Grocery Retail,BC Interior,70,181.28,0.03,10842.67,136.87,9580.90,275.68
2025-04-01,S01,Seafood,Hotels & Institutions,Lower Mainland,122,181.28,0.00,20968.27,136.87,16698.14,199.90
2025-04-01,S01,Seafood,Hotels & Institutions,Vancouver Island,43,181.28,0.00,7375.69,137.28,5903.04,152.85
2025-04-01,S01,Seafood,Hotels & Institutions,BC Interior,42,181.28,0.01,7189.56,136.46,5731.32,170.75
2025-04-01,S01,Seafood,Online Direct,Lower Mainland,53,181.28,0.00,10739.27,136.59,7239.27,535.39
2025-04-01,S01,Seafood,Online Direct,Vancouver Island,20,181.28,0.00,4064.73,136.87,2737.40,235.29
2025-04-01,S01,Seafood,Online Direct,BC Interior,20,181.28,0.01,3991.85,136.59,2731.80,244.07
2025-04-01,S02,Seafood,Restaurants,Lower Mainland,123,220.42,0.01,26759.80,165.65,20374.95,201.94
2025-04-01,S02,Seafood,Restaurants,Vancouver Island,44,220.42,0.01,9611.37,165.32,7274.08,151.98
2025-04-01,S02,Seafood,Restaurants,BC Interior,44,220.42,0.01,9611.39,165.48,7281.12,178.71
2025-04-01,S02,Seafood,Grocery Retail,Lower Mainland,86,220.42,0.01,16531.49,165.65,14245.90,139.37
2025-04-01,S02,Seafood,Grocery Retail,Vancouver Island,31,220.42,0.03,5862.23,165.81,5140.11,107.83
2025-04-01,S02,Seafood,Grocery Retail,BC Interior,31,220.42,0.03,5850.16,164.82,5109.42,124.06
2025-04-01,S02,Seafood,Hotels & Institutions,Lower Mainland,50,220.42,0.01,10365.42,165.65,8282.50,83.23
2025-04-01,S02,Seafood,Hotels & Institutions,Vancouver Island,19,220.42,0.01,3942.57,165.15,3137.85,66.88
2025-04-01,S02,Seafood,Hotels & Institutions,BC Interior,18,220.42,0.00,3784.26,164.82,2966.76,71.68
2025-04-01,S02,Seafood,Online Direct,Lower Mainland,24,220.42,0.01,5853.86,165.65,3975.60,240.01
2025-04-01,S02,Seafood,Online Direct,Vancouver Island,8,220.42,0.01,1970.98,164.98,1319.84,95.17
2025-04-01,S02,Seafood,Online Direct,BC Interior,9,220.42,0.01,2190.69,165.65,1490.85,109.27
2025-04-01,S03,Seafood,Restaurants,Lower Mainland,82,314.15,0.01,25450.02,233.34,19133.88,134.49
2025-04-01,S03,Seafood,Restaurants,Vancouver Island,29,314.15,0.01,8965.02,233.34,6766.86,100.17
2025-04-01,S03,Seafood,Restaurants,BC Interior,28,314.15,0.00,8752.25,233.81,6546.68,113.17
2025-04-01,S03,Seafood,Grocery Retail,Lower Mainland,55,314.15,0.02,14960.72,234.74,12910.70,90.48
2025-04-01,S03,Seafood,Grocery Retail,Vancouver Island,19,314.15,0.04,5043.24,233.81,4442.39,67.34
2025-04-01,S03,Seafood,Grocery Retail,BC Interior,19,314.15,0.04,5027.36,234.74,4460.06,74.37
2025-04-01,S03,Seafood,Hotels & Institutions,Lower Mainland,32,314.15,0.00,9531.03,234.04,7489.28,50.76
2025-04-01,S03,Seafood,Hotels & Institutions,Vancouver Island,12,314.15,0.00,3574.15,233.81,2805.72,42.86
2025-04-01,S03,Seafood,Hotels & Institutions,BC Interior,11,314.15,0.00,3289.42,234.74,2582.14,44.20
2025-04-01,S03,Seafood,Online Direct,Lower Mainland,14,314.15,0.00,4935.72,233.34,3266.76,141.85
2025-04-01,S03,Seafood,Online Direct,Vancouver Island,5,314.15,0.00,1759.22,233.81,1169.05,60.02
2025-04-01,S03,Seafood,Online Direct,BC Interior,5,314.15,0.01,1741.66,234.28,1171.40,61.39
2025-04-01,S04,Seafood,Restaurants,Lower Mainland,151,142.14,0.00,21334.55,106.29,16049.79,242.00
2025-04-01,S04,Seafood,Restaurants,Vancouver Island,55,142.14,0.01,7755.25,106.50,5857.50,193.22
2025-04-01,S04,Seafood,Restaurants,BC Interior,53,142.14,0.01,7442.92,106.82,5661.46,206.41
2025-04-01,S04,Seafood,Grocery Retail,Lower Mainland,99,142.14,0.04,11913.13,106.39,10532.61,165.12
2025-04-01,S04,Seafood,Grocery Retail,Vancouver Island,37,142.14,0.01,4595.60,106.82,3952.34,124.72
2025-04-01,S04,Seafood,Grocery Retail,BC Interior,37,142.14,0.01,4604.77,106.92,3956.04,148.66
2025-04-01,S04,Seafood,Hotels & Institutions,Lower Mainland,58,142.14,0.01,7777.14,106.82,6195.56,93.14
2025-04-01,S04,Seafood,Hotels & Institutions,Vancouver Island,23,142.14,0.01,3065.45,106.60,2451.80,78.97
2025-04-01,S04,Seafood,Hotels & Institutions,BC Interior,21,142.14,0.00,2830.00,106.60,2238.60,83.37
2025-04-01,S04,Seafood,Online Direct,Lower Mainland,28,142.14,0.01,4390.76,106.60,2984.80,287.10
2025-04-01,S04,Seafood,Online Direct,Vancouver Island,9,142.14,0.01,1425.56,106.82,961.38,106.53
2025-04-01,S04,Seafood,Online Direct,BC Interior,9,142.14,0.00,1427.05,106.82,961.38,111.07
2025-04-01,H01,Charcuterie,Restaurants,Lower Mainland,169,193.64,0.01,32331.54,112.54,19019.26,271.40
2025-04-01,H01,Charcuterie,Restaurants,Vancouver Island,59,193.64,0.01,11310.39,112.54,6639.86,199.70
2025-04-01,H01,Charcuterie,Restaurants,BC Interior,56,193.64,0.01,10714.01,112.20,6283.20,221.21
2025-04-01,H01,Charcuterie,Grocery Retail,Lower Mainland,112,193.64,0.02,18779.11,112.54,12604.48,185.89
2025-04-01,H01,Charcuterie,Grocery Retail,Vancouver Island,40,193.64,0.04,6564.41,112.31,4492.40,138.72
2025-04-01,H01,Charcuterie,Grocery Retail,BC Interior,40,193.64,0.03,6652.19,112.42,4496.80,163.58
2025-04-01,H01,Charcuterie,Hotels & Institutions,Lower Mainland,65,193.64,0.00,11945.31,112.54,7315.10,107.78
2025-04-01,H01,Charcuterie,Hotels & Institutions,Vancouver Island,24,193.64,0.01,4357.73,112.54,2700.96,83.73
2025-04-01,H01,Charcuterie,Hotels & Institutions,BC Interior,23,193.64,0.01,4201.42,112.20,2580.60,91.49
2025-04-01,H01,Charcuterie,Online Direct,Lower Mainland,30,193.64,0.00,6493.27,112.54,3376.20,309.74
2025-04-01,H01,Charcuterie,Online Direct,Vancouver Island,11,193.64,0.01,2366.51,112.20,1234.20,135.47
2025-04-01,H01,Charcuterie,Online Direct,BC Interior,10,193.64,0.00,2157.94,112.65,1126.50,125.65
2025-04-01,H02,Charcuterie,Restaurants,Lower Mainland,147,160.68,0.01,23407.57,92.58,13609.26,244.94
2025-04-01,H02,Charcuterie,Restaurants,Vancouver Island,50,160.68,0.01,7897.76,92.21,4610.50,171.84
2025-04-01,H02,Charcuterie,Restaurants,BC Interior,53,160.68,0.01,8396.69,92.30,4891.90,207.25
2025-04-01,H02,Charcuterie,Grocery Retail,Lower Mainland,99,160.68,0.03,13591.14,92.11,9118.89,160.76
2025-04-01,H02,Charcuterie,Grocery Retail,Vancouver Island,36,160.68,0.01,5029.40,92.21,3319.56,126.97
2025-04-01,H02,Charcuterie,Grocery Retail,BC Interior,37,160.68,0.03,5038.86,92.48,3421.76,149.39
2025-04-01,H02,Charcuterie,Hotels & Institutions,Lower Mainland,60,160.68,0.01,9049.10,92.39,5543.40,98.70
2025-04-01,H02,Charcuterie,Hotels & Institutions,Vancouver Island,22,160.68,0.01,3317.76,92.58,2036.76,75.99
2025-04-01,H02,Charcuterie,Hotels & Institutions,BC Interior,21,160.68,0.01,3173.43,92.39,1940.19,85.63
2025-04-01,H02,Charcuterie,Online Direct,Lower Mainland,26,160.68,0.00,4664.95,92.58,2407.08,256.06
2025-04-01,H02,Charcuterie,Online Direct,Vancouver Island,9,160.68,0.01,1605.09,92.11,828.99,110.30
2025-04-01,H02,Charcuterie,Online Direct,BC Interior,10,160.68,0.01,1770.85,92.48,924.80,125.40
2025-04-01,H03,Charcuterie,Restaurants,Lower Mainland,75,210.12,0.00,15758.98,124.22,9316.50,121.91
2025-04-01,H03,Charcuterie,Restaurants,Vancouver Island,27,210.12,0.01,5599.56,123.85,3343.95,95.32
2025-04-01,H03,Charcuterie,Restaurants,BC Interior,27,210.12,0.00,5678.85,124.34,3357.18,104.83
2025-04-01,H03,Charcuterie,Grocery Retail,Lower Mainland,48,210.12,0.03,8600.84,123.97,5950.56,80.69
2025-04-01,H03,Charcuterie,Grocery Retail,Vancouver Island,19,210.12,0.01,3467.58,124.22,2360.18,67.28
2025-04-01,H03,Charcuterie,Grocery Retail,BC Interior,18,210.12,0.00,3334.93,124.22,2235.96,70.67
2025-04-01,H03,Charcuterie,Hotels & Institutions,Lower Mainland,31,210.12,0.01,6113.98,123.85,3839.35,50.74
2025-04-01,H03,Charcuterie,Hotels & Institutions,Vancouver Island,11,210.12,0.01,2160.65,124.09,1364.99,37.77
2025-04-01,H03,Charcuterie,Hotels & Institutions,BC Interior,11,210.12,0.00,2182.60,123.97,1363.67,43.36
2025-04-01,H03,Charcuterie,Online Direct,Lower Mainland,13,210.12,0.00,3071.58,124.34,1616.42,128.03
2025-04-01,H03,Charcuterie,Online Direct,Vancouver Island,5,210.12,0.01,1163.73,124.34,621.70,58.64
2025-04-01,H03,Charcuterie,Online Direct,BC Interior,5,210.12,0.00,1176.67,124.09,620.45,62.33
2025-04-01,H04,Charcuterie,Restaurants,Lower Mainland,130,98.88,0.00,12828.69,56.31,7320.30,214.28
2025-04-01,H04,Charcuterie,Restaurants,Vancouver Island,48,98.88,0.00,4746.24,56.19,2697.12,163.80
2025-04-01,H04,Charcuterie,Restaurants,BC Interior,45,98.88,0.01,4418.50,56.42,2538.90,181.16
2025-04-01,H04,Charcuterie,Grocery Retail,Lower Mainland,85,98.88,0.01,7344.49,56.19,4776.15,134.84
2025-04-01,H04,Charcuterie,Grocery Retail,Vancouver Island,31,98.88,0.04,2600.13,56.53,1752.43,106.00
2025-04-01,H04,Charcuterie,Grocery Retail,BC Interior,32,98.88,0.01,2740.04,56.53,1808.96,125.39
2025-04-01,H04,Charcuterie,Hotels & Institutions,Lower Mainland,52,98.88,0.01,4796.97,56.42,2933.84,85.97
2025-04-01,H04,Charcuterie,Hotels & Institutions,Vancouver Island,19,98.88,0.00,1786.56,56.19,1067.61,66.42
2025-04-01,H04,Charcuterie,Hotels & Institutions,BC Interior,20,98.88,0.01,1861.84,56.47,1129.40,80.36
2025-04-01,H04,Charcuterie,Online Direct,Lower Mainland,22,98.88,0.01,2416.91,56.47,1242.34,229.59
2025-04-01,H04,Charcuterie,Online Direct,Vancouver Island,8,98.88,0.00,885.08,56.36,450.88,94.40
2025-04-01,H04,Charcuterie,Online Direct,BC Interior,9,98.88,0.01,988.73,56.42,507.78,111.07
2025-04-01,D01,Cheese & Dairy,Restaurants,Lower Mainland,215,146.26,0.01,31382.25,90.95,19554.25,355.79
2025-04-01,D01,Cheese & Dairy,Restaurants,Vancouver Island,74,146.26,0.01,10715.27,90.59,6703.66,263.30
2025-04-01,D01,Cheese & Dairy,Restaurants,BC Interior,74,146.26,0.01,10693.48,90.68,6710.32,293.49
2025-04-01,D01,Cheese & Dairy,Grocery Retail,Lower Mainland,146,146.26,0.03,18189.54,90.86,13265.56,234.22
2025-04-01,D01,Cheese & Dairy,Grocery Retail,Vancouver Island,52,146.26,0.03,6505.46,90.50,4706.00,175.29
2025-04-01,D01,Cheese & Dairy,Grocery Retail,BC Interior,54,146.26,0.04,6705.93,90.86,4906.44,210.09
2025-04-01,D01,Cheese & Dairy,Hotels & Institutions,Lower Mainland,85,146.26,0.00,11834.12,90.50,7692.50,135.25
2025-04-01,D01,Cheese & Dairy,Hotels & Institutions,Vancouver Island,31,146.26,0.01,4246.99,90.68,2811.08,107.94
2025-04-01,D01,Cheese & Dairy,Hotels & Institutions,BC Interior,31,146.26,0.01,4259.72,90.50,2805.50,120.36
2025-04-01,D01,Cheese & Dairy,Online Direct,Lower Mainland,39,146.26,0.01,6330.91,90.68,3536.52,406.61
2025-04-01,D01,Cheese & Dairy,Online Direct,Vancouver Island,13,146.26,0.01,2104.06,90.59,1177.67,159.63
2025-04-01,D01,Cheese & Dairy,Online Direct,BC Interior,14,146.26,0.00,2297.93,90.41,1265.74,173.99
2025-04-01,D02,Cheese & Dairy,Restaurants,Lower Mainland,184,121.54,0.01,22295.64,74.82,13766.88,296.08
2025-04-01,D02,Cheese & Dairy,Restaurants,Vancouver Island,63,121.54,0.00,7664.66,74.60,4699.80,221.98
2025-04-01,D02,Cheese & Dairy,Restaurants,BC Interior,64,121.54,0.01,7661.88,74.75,4784.00,252.05
2025-04-01,D02,Cheese & Dairy,Grocery Retail,Lower Mainland,125,121.54,0.04,12873.69,74.75,9343.75,206.86
2025-04-01,D02,Cheese & Dairy,Grocery Retail,Vancouver Island,45,121.54,0.02,4726.43,74.75,3363.75,155.59
2025-04-01,D02,Cheese & Dairy,Grocery Retail,BC Interior,43,121.54,0.01,4548.57,74.82,3217.26,172.25
2025-04-01,D02,Cheese & Dairy,Hotels & Institutions,Lower Mainland,71,121.54,0.00,8222.43,74.52,5290.92,119.23
2025-04-01,D02,Cheese & Dairy,Hotels & Institutions,Vancouver Island,26,121.54,0.01,2972.08,74.52,1937.52,91.61
2025-04-01,D02,Cheese & Dairy,Hotels & Institutions,BC Interior,26,121.54,0.01,2981.05,74.97,1949.22,104.57
2025-04-01,D02,Cheese & Dairy,Online Direct,Lower Mainland,31,121.54,0.00,4224.04,74.82,2319.42,315.66
2025-04-01,D02,Cheese & Dairy,Online Direct,Vancouver Island,12,121.54,0.01,1625.33,74.60,895.20,142.32
2025-04-01,D02,Cheese & Dairy,Online Direct,BC Interior,12,121.54,0.01,1612.21,74.75,897.00,152.28
2025-04-01,D03,Cheese & Dairy,Restaurants,Lower Mainland,91,243.08,0.00,22076.04,153.29,13949.39,151.33
2025-04-01,D03,Cheese & Dairy,Restaurants,Vancouver Island,35,243.08,0.00,8524.75,152.99,5354.65,124.66
2025-04-01,D03,Cheese & Dairy,Restaurants,BC Interior,35,243.08,0.01,8380.18,152.99,5354.65,142.01
2025-04-01,D03,Cheese & Dairy,Grocery Retail,Lower Mainland,65,243.08,0.04,13376.82,152.99,9944.35,105.44
2025-04-01,D03,Cheese & Dairy,Grocery Retail,Vancouver Island,24,243.08,0.04,4943.70,153.60,3686.40,83.65
2025-04-01,D03,Cheese & Dairy,Grocery Retail,BC Interior,24,243.08,0.04,4923.76,152.99,3671.76,94.90
2025-04-01,D03,Cheese & Dairy,Hotels & Institutions,Lower Mainland,39,243.08,0.00,8970.09,153.29,5978.31,63.27
2025-04-01,D03,Cheese & Dairy,Hotels & Institutions,Vancouver Island,14,243.08,0.00,3220.05,152.99,2141.86,48.36
2025-04-01,D03,Cheese & Dairy,Hotels & Institutions,BC Interior,14,243.08,0.01,3190.97,153.14,2143.96,54.97
2025-04-01,D03,Cheese & Dairy,Online Direct,Lower Mainland,17,243.08,0.01,4614.23,153.45,2608.65,172.76
2025-04-01,D03,Cheese & Dairy,Online Direct,Vancouver Island,6,243.08,0.01,1620.35,152.68,916.08,69.87
2025-04-01,D03,Cheese & Dairy,Online Direct,BC Interior,6,243.08,0.00,1638.40,153.29,919.74,74.42
2025-04-01,D04,Cheese & Dairy,Restaurants,Lower Mainland,267,88.58,0.01,23320.06,54.03,14426.01,425.29
2025-04-01,D04,Cheese & Dairy,Restaurants,Vancouver Island,98,88.58,0.01,8533.53,53.87,5279.26,340.20
2025-04-01,D04,Cheese & Dairy,Restaurants,BC Interior,90,88.58,0.01,7940.14,53.87,4848.30,364.82
2025-04-01,D04,Cheese & Dairy,Grocery Retail,Lower Mainland,182,88.58,0.02,13875.88,54.14,9853.48,301.18
2025-04-01,D04,Cheese & Dairy,Grocery Retail,Vancouver Island,61,88.58,0.01,4707.42,53.98,3292.78,217.26
2025-04-01,D04,Cheese & Dairy,Grocery Retail,BC Interior,66,88.58,0.00,5129.27,54.09,3569.94,270.16
2025-04-01,D04,Cheese & Dairy,Hotels & Institutions,Lower Mainland,103,88.58,0.01,8546.32,54.14,5576.42,165.24
2025-04-01,D04,Cheese & Dairy,Hotels & Institutions,Vancouver Island,37,88.58,0.01,3085.63,54.20,2005.40,126.52
2025-04-01,D04,Cheese & Dairy,Hotels & Institutions,BC Interior,39,88.58,0.00,3295.02,53.98,2105.22,154.37
2025-04-01,D04,Cheese & Dairy,Online Direct,Lower Mainland,47,88.58,0.01,4597.76,53.93,2534.71,485.25
2025-04-01,D04,Cheese & Dairy,Online Direct,Vancouver Island,18,88.58,0.01,1760.81,53.87,969.66,221.89
2025-04-01,D04,Cheese & Dairy,Online Direct,BC Interior,17,88.58,0.01,1661.33,53.87,915.79,205.76
2025-05-01,B01,Beef,Restaurants,Lower Mainland,303,276.04,0.00,83305.89,203.86,61769.58,508.84
2025-05-01,B01,Beef,Restaurants,Vancouver Island,104,276.04,0.00,28593.33,204.47,21264.88,355.26
2025-05-01,B01,Beef,Restaurants,BC Interior,105,276.04,0.01,28810.29,204.68,21491.40,408.92
2025-05-01,B01,Beef,Grocery Retail,Lower Mainland,204,276.04,0.00,49356.68,203.66,41546.64,328.93
2025-05-01,B01,Beef,Grocery Retail,Vancouver Island,76,276.04,0.02,18093.51,204.07,15509.32,263.04
2025-05-01,B01,Beef,Grocery Retail,BC Interior,74,276.04,0.00,17921.80,204.68,15146.32,294.08
2025-05-01,B01,Beef,Hotels & Institutions,Lower Mainland,124,276.04,0.01,32191.98,204.68,25380.32,203.18
2025-05-01,B01,Beef,Hotels & Institutions,Vancouver Island,45,276.04,0.01,11694.60,204.88,9219.60,154.19
2025-05-01,B01,Beef,Hotels & Institutions,BC Interior,46,276.04,0.01,11966.05,204.27,9396.42,179.88
2025-05-01,B01,Beef,Online Direct,Lower Mainland,52,276.04,0.01,15868.15,204.47,10632.44,530.55
2025-05-01,B01,Beef,Online Direct,Vancouver Island,20,276.04,0.01,6108.92,203.86,4077.20,243.91
2025-05-01,B01,Beef,Online Direct,BC Interior,20,276.04,0.00,6201.85,203.66,4073.20,245.32
2025-05-01,B02,Beef,Restaurants,Lower Mainland,773,121.54,0.01,92911.33,89.24,68982.52,1262.80
2025-05-01,B02,Beef,Restaurants,Vancouver Island,290,121.54,0.00,35281.78,89.33,25905.70,1021.81
2025-05-01,B02,Beef,Restaurants,BC Interior,297,121.54,0.01,35664.21,89.33,26531.01,1205.10
2025-05-01,B02,Beef,Grocery Retail,Lower Mainland,560,121.54,0.01,58879.81,89.60,50176.00,891.99
2025-05-01,B02,Beef,Grocery Retail,Vancouver Island,191,121.54,0.01,20082.22,89.24,17044.84,681.60
2025-05-01,B02,Beef,Grocery Retail,BC Interior,201,121.54,0.03,20746.98,89.15,17919.15,811.57
2025-05-01,B02,Beef,Hotels & Institutions,Lower Mainland,320,121.54,0.00,36837.39,89.42,28614.40,507.62
2025-05-01,B02,Beef,Hotels & Institutions,Vancouver Island,118,121.54,0.01,13583.38,89.60,10572.80,401.45
2025-05-01,B02,Beef,Hotels & Institutions,BC Interior,116,121.54,0.01,13339.97,89.42,10372.72,462.83
2025-05-01,B02,Beef,Online Direct,Lower Mainland,141,121.54,0.00,19155.21,89.51,12620.91,1398.61
2025-05-01,B02,Beef,Online Direct,Vancouver Island,52,121.54,0.01,7035.74,89.60,4659.20,628.56
2025-05-01,B02,Beef,Online Direct,BC Interior,53,121.54,0.00,7185.76,89.15,4724.95,654.72
2025-05-01,B03,Beef,Restaurants,Lower Mainland,352,201.88,0.01,70140.52,150.70,53046.40,579.63
2025-05-01,B03,Beef,Restaurants,Vancouver Island,130,201.88,0.00,26218.10,150.25,19532.50,443.18
2025-05-01,B03,Beef,Restaurants,BC Interior,133,201.88,0.01,26528.13,150.55,20023.15,519.55
2025-05-01,B03,Beef,Grocery Retail,Lower Mainland,232,201.88,0.03,39860.48,150.25,34858.00,367.64
2025-05-01,B03,Beef,Grocery Retail,Vancouver Island,87,201.88,0.04,14900.06,149.95,13045.65,295.68
2025-05-01,B03,Beef,Grocery Retail,BC Interior,87,201.88,0.04,14914.98,150.85,13123.95,346.43
2025-05-01,B03,Beef,Hotels & Institutions,Lower Mainland,145,201.88,0.01,27503.74,150.70,21851.50,242.56
2025-05-01,B03,Beef,Hotels & Institutions,Vancouver Island,53,201.88,0.01,10133.98,150.70,7987.10,180.68
2025-05-01,B03,Beef,Hotels & Institutions,BC Interior,52,201.88,0.00,9913.12,150.85,7844.20,201.48
2025-05-01,B03,Beef,Online Direct,Lower Mainland,63,201.88,0.01,14158.96,150.25,9465.75,639.59
2025-05-01,B03,Beef,Online Direct,Vancouver Island,24,201.88,0.01,5382.86,150.70,3616.80,293.26
2025-05-01,B03,Beef,Online Direct,BC Interior,24,201.88,0.01,5383.19,149.95,3598.80,296.18
2025-05-01,B04,Beef,Restaurants,Lower Mainland,163,352.26,0.01,56500.55,263.93,43020.59,260.43
2025-05-01,B04,Beef,Restaurants,Vancouver Island,61,352.26,0.00,21380.51,264.46,16132.06,206.68
2025-05-01,B04,Beef,Restaurants,BC Interior,59,352.26,0.00,20824.84,263.40,15540.60,237.75
2025-05-01,B04,Beef,Grocery Retail,Lower Mainland,111,352.26,0.02,33823.81,264.72,29383.92,182.42
2025-05-01,B04,Beef,Grocery Retail,Vancouver Island,40,352.26,0.04,11927.38,264.72,10588.80,139.14
2025-05-01,B04,Beef,Grocery Retail,BC Interior,41,352.26,0.04,12276.50,264.99,10864.59,158.21
2025-05-01,B04,Beef,Hotels & Institutions,Lower Mainland,66,352.26,0.00,21954.36,263.93,17419.38,109.33
2025-05-01,B04,Beef,Hotels & Institutions,Vancouver Island,25,352.26,0.00,8349.44,263.67,6591.75,84.79
2025-05-01,B04,Beef,Hotels & Institutions,BC Interior,24,352.26,0.01,7959.40,264.46,6347.04,97.38
2025-05-01,B04,Beef,Online Direct,Lower Mainland,31,352.26,0.01,12169.24,263.67,8173.77,317.23
2025-05-01,B04,Beef,Online Direct,Vancouver Island,11,352.26,0.01,4313.63,264.20,2906.20,128.09
2025-05-01,B04,Beef,Online Direct,BC Interior,11,352.26,0.00,4335.49,264.99,2914.89,136.02
2025-05-01,P01,Pork,Restaurants,Lower Mainland,428,135.96,0.01,57667.63,94.98,40651.44,699.19
2025-05-01,P01,Pork,Restaurants,Vancouver Island,155,135.96,0.01,20989.25,95.36,14780.80,533.78
2025-05-01,P01,Pork,Restaurants,BC Interior,156,135.96,0.01,20997.15,95.27,14862.12,619.95
2025-05-01,P01,Pork,Grocery Retail,Lower Mainland,291,135.96,0.02,33982.57,95.46,27778.86,483.94
2025-05-01,P01,Pork,Grocery Retail,Vancouver Island,106,135.96,0.01,12542.97,94.89,10058.34,373.12
2025-05-01,P01,Pork,Grocery Retail,BC Interior,103,135.96,0.02,12126.24,94.89,9773.67,407.69
2025-05-01,P01,Pork,Hotels & Institutions,Lower Mainland,165,135.96,0.01,20929.08,95.17,15703.05,265.24
2025-05-01,P01,Pork,Hotels & Institutions,Vancouver Island,63,135.96,0.01,8031.52,95.08,5990.04,214.99
2025-05-01,P01,Pork,Hotels & Institutions,BC Interior,61,135.96,0.01,7807.97,95.46,5823.06,249.94
2025-05-01,P01,Pork,Online Direct,Lower Mainland,75,135.96,0.01,11318.06,94.98,7123.50,773.58
2025-05-01,P01,Pork,Online Direct,Vancouver Island,29,135.96,0.00,4415.98,95.08,2757.32,337.01
2025-05-01,P01,Pork,Online Direct,BC Interior,27,135.96,0.01,4074.39,95.08,2567.16,327.81
2025-05-01,P02,Pork,Restaurants,Lower Mainland,299,107.12,0.00,32092.68,73.84,22078.16,500.66
2025-05-01,P02,Pork,Restaurants,Vancouver Island,111,107.12,0.01,11782.88,73.84,8196.24,384.56
2025-05-01,P02,Pork,Restaurants,BC Interior,105,107.12,0.00,11213.88,74.13,7783.65,428.97
2025-05-01,P02,Pork,Grocery Retail,Lower Mainland,197,107.12,0.03,17920.99,73.76,14530.72,330.18
2025-05-01,P02,Pork,Grocery Retail,Vancouver Island,75,107.12,0.01,6985.16,73.76,5532.00,258.02
2025-05-01,P02,Pork,Grocery Retail,BC Interior,72,107.12,0.01,6672.03,73.69,5305.68,286.13
2025-05-01,P02,Pork,Hotels & Institutions,Lower Mainland,122,107.12,0.01,12266.56,73.91,9017.02,193.33
2025-05-01,P02,Pork,Hotels & Institutions,Vancouver Island,44,107.12,0.00,4446.33,74.06,3258.64,155.95
2025-05-01,P02,Pork,Hotels & Institutions,BC Interior,46,107.12,0.01,4629.60,73.99,3403.54,183.17
2025-05-01,P02,Pork,Online Direct,Lower Mainland,54,107.12,0.01,6407.28,73.84,3987.36,563.54
2025-05-01,P02,Pork,Online Direct,Vancouver Island,19,107.12,0.01,2256.66,74.06,1407.14,234.21
2025-05-01,P02,Pork,Online Direct,BC Interior,19,107.12,0.01,2259.03,73.76,1401.44,235.90
2025-05-01,P03,Pork,Restaurants,Lower Mainland,259,150.38,0.00,38909.47,105.91,27430.69,429.87
2025-05-01,P03,Pork,Restaurants,Vancouver Island,94,150.38,0.00,14022.86,106.23,9985.62,320.12
2025-05-01,P03,Pork,Restaurants,BC Interior,98,150.38,0.01,14604.87,106.34,10421.32,401.15
2025-05-01,P03,Pork,Grocery Retail,Lower Mainland,177,150.38,0.03,22837.00,105.81,18728.37,286.26
2025-05-01,P03,Pork,Grocery Retail,Vancouver Island,65,150.38,0.02,8455.18,106.34,6912.10,230.60
2025-05-01,P03,Pork,Grocery Retail,BC Interior,63,150.38,0.02,8236.49,106.34,6699.42,245.35
2025-05-01,P03,Pork,Hotels & Institutions,Lower Mainland,107,150.38,0.01,15087.19,105.70,11309.90,170.96
2025-05-01,P03,Pork,Hotels & Institutions,Vancouver Island,38,150.38,0.00,5423.26,106.34,4040.92,133.63
2025-05-01,P03,Pork,Hotels & Institutions,BC Interior,39,150.38,0.01,5554.71,105.91,4130.49,150.64
2025-05-01,P03,Pork,Online Direct,Lower Mainland,46,150.38,0.01,7639.21,106.23,4886.58,470.27
2025-05-01,P03,Pork,Online Direct,Vancouver Island,17,150.38,0.01,2840.33,106.34,1807.78,203.25
2025-05-01,P03,Pork,Online Direct,BC Interior,17,150.38,0.00,2857.49,105.91,1800.47,206.61
2025-05-01,P04,Pork,Restaurants,Lower Mainland,380,94.76,0.00,36044.59,65.99,25076.20,632.56
2025-05-01,P04,Pork,Restaurants,Vancouver Island,142,94.76,0.01,13334.82,65.99,9370.58,483.59
2025-05-01,P04,Pork,Restaurants,BC Interior,141,94.76,0.01,13280.78,65.73,9267.93,572.12
2025-05-01,P04,Pork,Grocery Retail,Lower Mainland,265,94.76,0.02,21700.27,65.92,17468.80,445.45
2025-05-01,P04,Pork,Grocery Retail,Vancouver Island,96,94.76,0.03,7740.88,65.86,6322.56,336.59
2025-05-01,P04,Pork,Grocery Retail,BC Interior,98,94.76,0.01,8106.78,66.06,6473.88,401.15
2025-05-01,P04,Pork,Hotels & Institutions,Lower Mainland,151,94.76,0.00,13620.40,66.06,9975.06,247.17
2025-05-01,P04,Pork,Hotels & Institutions,Vancouver Island,57,94.76,0.00,5141.52,65.86,3754.02,199.65
2025-05-01,P04,Pork,Hotels & Institutions,BC Interior,55,94.76,0.01,4946.16,65.66,3611.30,224.92
2025-05-01,P04,Pork,Online Direct,Lower Mainland,67,94.76,0.00,7124.96,65.86,4412.62,693.78
2025-05-01,P04,Pork,Online Direct,Vancouver Island,25,94.76,0.00,2645.31,65.86,1646.50,301.29
2025-05-01,P04,Pork,Online Direct,BC Interior,26,94.76,0.01,2740.10,66.06,1717.56,330.92
2025-05-01,C01,Poultry,Restaurants,Lower Mainland,689,80.34,0.01,54912.26,58.30,40168.70,1098.59
2025-05-01,C01,Poultry,Restaurants,Vancouver Island,243,80.34,0.01,19288.56,58.36,14181.48,851.15
2025-05-01,C01,Poultry,Restaurants,BC Interior,246,80.34,0.00,19743.64,58.36,14356.56,958.04
2025-05-01,C01,Poultry,Grocery Retail,Lower Mainland,442,80.34,0.04,30119.08,58.30,25768.60,737.93
2025-05-01,C01,Poultry,Grocery Retail,Vancouver Island,165,80.34,0.03,11258.53,58.19,9601.35,577.37
2025-05-01,C01,Poultry,Grocery Retail,BC Interior,157,80.34,0.01,11055.32,58.36,9162.52,620.80
2025-05-01,C01,Poultry,Hotels & Institutions,Lower Mainland,272,80.34,0.01,20594.09,58.13,15811.36,457.22
2025-05-01,C01,Poultry,Hotels & Institutions,Vancouver Island,101,80.34,0.01,7615.90,58.36,5894.36,358.32
2025-05-01,C01,Poultry,Hotels & Institutions,BC Interior,96,80.34,0.01,7253.80,58.19,5586.24,372.34
2025-05-01,C01,Poultry,Online Direct,Lower Mainland,118,80.34,0.01,10585.78,58.30,6879.40,1189.60
2025-05-01,C01,Poultry,Online Direct,Vancouver Island,42,80.34,0.00,3779.19,58.30,2448.60,488.08
2025-05-01,C01,Poultry,Online Direct,BC Interior,42,80.34,0.00,3767.86,58.42,2453.64,516.21
2025-05-01,C02,Poultry,Restaurants,Lower Mainland,556,127.72,0.01,70162.09,91.68,50974.08,889.24
2025-05-01,C02,Poultry,Restaurants,Vancouver Island,215,127.72,0.01,27267.09,91.96,19771.40,729.22
2025-05-01,C02,Poultry,Restaurants,BC Interior,213,127.72,0.01,26930.79,91.77,19547.01,851.55
2025-05-01,C02,Poultry,Grocery Retail,Lower Mainland,381,127.72,0.01,42564.73,92.14,35105.34,624.28
2025-05-01,C02,Poultry,Grocery Retail,Vancouver Island,139,127.72,0.01,15419.96,91.96,12782.44,495.07
2025-05-01,C02,Poultry,Grocery Retail,BC Interior,139,127.72,0.01,15481.76,92.14,12807.46,538.01
2025-05-01,C02,Poultry,Hotels & Institutions,Lower Mainland,240,127.72,0.01,28713.44,92.14,22113.60,382.67
2025-05-01,C02,Poultry,Hotels & Institutions,Vancouver Island,89,127.72,0.01,10723.05,91.87,8176.43,305.87
2025-05-01,C02,Poultry,Hotels & Institutions,BC Interior,87,127.72,0.00,10482.29,92.14,8016.18,340.89
2025-05-01,C02,Poultry,Online Direct,Lower Mainland,108,127.72,0.01,15263.93,92.05,9941.40,1111.76
2025-05-01,C02,Poultry,Online Direct,Vancouver Island,37,127.72,0.01,5234.65,91.68,3392.16,448.13
2025-05-01,C02,Poultry,Online Direct,BC Interior,40,127.72,0.00,5721.76,91.68,3667.20,497.12
2025-05-01,C03,Poultry,Restaurants,Lower Mainland,489,98.88,0.00,48207.36,70.63,34538.07,785.28
2025-05-01,C03,Poultry,Restaurants,Vancouver Island,178,98.88,0.01,17389.91,70.70,12584.60,604.96
2025-05-01,C03,Poultry,Restaurants,BC Interior,167,98.88,0.01,16463.12,70.91,11841.97,651.70
2025-05-01,C03,Poultry,Grocery Retail,Lower Mainland,336,98.88,0.00,29324.55,70.56,23708.16,556.03
2025-05-01,C03,Poultry,Grocery Retail,Vancouver Island,120,98.88,0.01,10306.11,70.77,8492.40,427.81
2025-05-01,C03,Poultry,Grocery Retail,BC Interior,123,98.88,0.04,10307.15,70.77,8704.71,480.98
2025-05-01,C03,Poultry,Hotels & Institutions,Lower Mainland,203,98.88,0.01,18878.62,70.91,14394.73,325.66
2025-05-01,C03,Poultry,Hotels & Institutions,Vancouver Island,71,98.88,0.00,6642.80,70.70,5019.70,241.06
2025-05-01,C03,Poultry,Hotels & Institutions,BC Interior,70,98.88,0.00,6523.02,70.91,4963.70,274.00
2025-05-01,C03,Poultry,Online Direct,Lower Mainland,83,98.88,0.01,9145.93,70.77,5873.91,825.82
2025-05-01,C03,Poultry,Online Direct,Vancouver Island,31,98.88,0.01,3426.20,70.56,2187.36,381.03
2025-05-01,C03,Poultry,Online Direct,BC Interior,31,98.88,0.01,3405.70,70.70,2191.70,392.23
2025-05-01,C04,Poultry,Restaurants,Lower Mainland,115,193.64,0.01,22090.25,135.82,15619.30,190.68
2025-05-01,C04,Poultry,Restaurants,Vancouver Island,39,193.64,0.00,7567.04,135.55,5286.45,135.12
2025-05-01,C04,Poultry,Restaurants,BC Interior,39,193.64,0.01,7461.49,135.28,5275.92,151.88
2025-05-01,C04,Poultry,Grocery Retail,Lower Mainland,78,193.64,0.03,12801.42,135.55,10572.90,130.99
2025-05-01,C04,Poultry,Grocery Retail,Vancouver Island,26,193.64,0.02,4324.51,135.95,3534.70,88.54
2025-05-01,C04,Poultry,Grocery Retail,BC Interior,28,193.64,0.04,4585.02,135.55,3795.40,109.60
2025-05-01,C04,Poultry,Hotels & Institutions,Lower Mainland,46,193.64,0.01,8453.44,135.82,6247.72,75.60
2025-05-01,C04,Poultry,Hotels & Institutions,Vancouver Island,17,193.64,0.01,3108.40,135.82,2308.94,59.60
2025-05-01,C04,Poultry,Hotels & Institutions,BC Interior,17,193.64,0.00,3127.28,135.41,2301.97,65.60
2025-05-01,C04,Poultry,Online Direct,Lower Mainland,21,193.64,0.01,4499.85,135.14,2837.94,210.22
2025-05-01,C04,Poultry,Online Direct,Vancouver Island,7,193.64,0.01,1498.36,135.28,946.96,82.44
2025-05-01,C04,Poultry,Online Direct,BC Interior,7,193.64,0.01,1496.93,135.55,948.85,85.95
2025-05-01,S01,Seafood,Restaurants,Lower Mainland,368,181.28,0.01,65845.26,136.87,50368.16,583.16
2025-05-01,S01,Seafood,Restaurants,Vancouver Island,133,181.28,0.01,23773.49,136.87,18203.71,470.01
2025-05-01,S01,Seafood,Restaurants,BC Interior,128,181.28,0.01,23018.00,136.46,17466.88,514.28
2025-05-01,S01,Seafood,Grocery Retail,Lower Mainland,242,181.28,0.01,38065.84,136.59,33054.78,387.84
2025-05-01,S01,Seafood,Grocery Retail,Vancouver Island,94,181.28,0.01,14741.01,136.59,12839.46,332.84
2025-05-01,S01,Seafood,Grocery Retail,BC Interior,91,181.28,0.00,14516.90,137.14,12479.74,364.89
2025-05-01,S01,Seafood,Hotels & Institutions,Lower Mainland,146,181.28,0.01,24942.56,137.14,20022.44,235.41
2025-05-01,S01,Seafood,Hotels & Institutions,Vancouver Island,56,181.28,0.01,9624.58,137.14,7679.84,197.70
2025-05-01,S01,Seafood,Hotels & Institutions,BC Interior,56,181.28,0.00,9634.45,137.28,7687.68,218.76
2025-05-01,S01,Seafood,Online Direct,Lower Mainland,65,181.28,0.00,13170.80,136.59,8878.35,653.97
2025-05-01,S01,Seafood,Online Direct,Vancouver Island,25,181.28,0.00,5070.76,137.00,3425.00,302.49
2025-05-01,S01,Seafood,Online Direct,BC Interior,24,181.28,0.00,4877.62,137.28,3294.72,303.37
2025-05-01,S02,Seafood,Restaurants,Lower Mainland,152,220.42,0.01,33369.12,165.15,25102.80,252.53
2025-05-01,S02,Seafood,Restaurants,Vancouver Island,57,220.42,0.01,12475.44,164.98,9403.86,195.90
2025-05-01,S02,Seafood,Restaurants,BC Interior,55,220.42,0.00,12122.99,164.98,9073.90,214.41
2025-05-01,S02,Seafood,Grocery Retail,Lower Mainland,104,220.42,0.04,19466.79,165.15,17175.60,171.76
2025-05-01,S02,Seafood,Grocery Retail,Vancouver Island,37,220.42,0.03,6997.45,165.65,6129.05,129.21
2025-05-01,S02,Seafood,Grocery Retail,BC Interior,40,220.42,0.01,7750.87,165.81,6632.40,156.73
2025-05-01,S02,Seafood,Hotels & Institutions,Lower Mainland,64,220.42,0.01,13307.48,164.98,10558.72,104.34
2025-05-01,S02,Seafood,Hotels & Institutions,Vancouver Island,23,220.42,0.01,4772.92,165.81,3813.63,80.08
2025-05-01,S02,Seafood,Hotels & Institutions,BC Interior,22,220.42,0.01,4547.06,165.32,3637.04,88.57
2025-05-01,S02,Seafood,Online Direct,Lower Mainland,28,220.42,0.01,6884.64,164.82,4614.96,284.83
2025-05-01,S02,Seafood,Online Direct,Vancouver Island,10,220.42,0.01,2461.25,165.48,1654.80,117.41
2025-05-01,S02,Seafood,Online Direct,BC Interior,10,220.42,0.01,2456.30,165.81,1658.10,122.78
2025-05-01,S03,Seafood,Restaurants,Lower Mainland,99,314.15,0.00,31162.96,234.04,23169.96,156.88
2025-05-01,S03,Seafood,Restaurants,Vancouver Island,35,314.15,0.00,10940.32,234.51,8207.85,121.02
2025-05-01,S03,Seafood,Restaurants,BC Interior,35,314.15,0.00,10973.26,233.34,8166.90,140.34
2025-05-01,S03,Seafood,Grocery Retail,Lower Mainland,69,314.15,0.03,18596.71,234.74,16197.06,111.03
2025-05-01,S03,Seafood,Grocery Retail,Vancouver Island,25,314.15,0.01,6814.71,234.74,5868.50,87.57
2025-05-01,S03,Seafood,Grocery Retail,BC Interior,25,314.15,0.03,6731.78,233.81,5845.25,98.16
2025-05-01,S03,Seafood,Hotels & Institutions,Lower Mainland,42,314.15,0.01,12421.32,234.04,9829.68,69.16
2025-05-01,S03,Seafood,Hotels & Institutions,Vancouver Island,15,314.15,0.01,4409.60,234.51,3517.65,52.96
2025-05-01,S03,Seafood,Hotels & Institutions,BC Interior,14,314.15,0.01,4124.03,233.34,3266.76,54.52
2025-05-01,S03,Seafood,Online Direct,Lower Mainland,17,314.15,0.00,5963.47,234.74,3990.58,167.25
2025-05-01,S03,Seafood,Online Direct,Vancouver Island,7,314.15,0.01,2430.97,234.04,1638.28,85.95
2025-05-01,S03,Seafood,Online Direct,BC Interior,6,314.15,0.01,2100.53,233.34,1400.04,74.19
2025-05-01,S04,Seafood,Restaurants,Lower Mainland,184,142.14,0.01,25944.29,106.39,19575.76,302.99
2025-05-01,S04,Seafood,Restaurants,Vancouver Island,65,142.14,0.01,9127.82,106.39,6915.35,226.10
2025-05-01,S04,Seafood,Restaurants,BC Interior,64,142.14,0.00,9042.45,106.50,6816.00,259.68
2025-05-01,S04,Seafood,Grocery Retail,Lower Mainland,128,142.14,0.03,15530.33,106.29,13605.12,206.18
2025-05-01,S04,Seafood,Grocery Retail,Vancouver Island,44,142.14,0.02,5415.29,106.60,4690.40,157.02
2025-05-01,S04,Seafood,Grocery Retail,BC Interior,47,142.14,0.04,5690.17,106.82,5020.54,184.72
2025-05-01,S04,Seafood,Hotels & Institutions,Lower Mainland,75,142.14,0.01,9965.83,106.60,7995.00,121.05
2025-05-01,S04,Seafood,Hotels & Institutions,Vancouver Island,28,142.14,0.00,3780.92,106.60,2984.80,95.45
2025-05-01,S04,Seafood,Hotels & Institutions,BC Interior,26,142.14,0.01,3489.81,106.39,2766.14,103.53
2025-05-01,S04,Seafood,Online Direct,Lower Mainland,34,142.14,0.01,5391.01,106.71,3628.14,343.45
2025-05-01,S04,Seafood,Online Direct,Vancouver Island,12,142.14,0.01,1895.10,106.82,1281.84,140.31
2025-05-01,S04,Seafood,Online Direct,BC Interior,12,142.14,0.01,1902.68,106.29,1275.48,147.19
2025-05-01,H01,Charcuterie,Restaurants,Lower Mainland,161,193.64,0.01,31020.16,111.97,18027.17,268.53
2025-05-01,H01,Charcuterie,Restaurants,Vancouver Island,57,193.64,0.00,11015.42,111.97,6382.29,202.22
2025-05-01,H01,Charcuterie,Restaurants,BC Interior,61,193.64,0.00,11788.43,112.09,6837.49,242.66
2025-05-01,H01,Charcuterie,Grocery Retail,Lower Mainland,112,193.64,0.00,19008.88,112.31,12578.72,185.89
2025-05-01,H01,Charcuterie,Grocery Retail,Vancouver Island,38,193.64,0.00,6455.90,112.42,4271.96,131.65
2025-05-01,H01,Charcuterie,Grocery Retail,BC Interior,42,193.64,0.03,6941.52,112.54,4726.68,171.92
2025-05-01,H01,Charcuterie,Hotels & Institutions,Lower Mainland,69,193.64,0.01,12629.46,112.54,7765.26,112.16
2025-05-01,H01,Charcuterie,Hotels & Institutions,Vancouver Island,24,193.64,0.01,4366.16,112.31,2695.44,82.48
2025-05-01,H01,Charcuterie,Hotels & Institutions,BC Interior,25,193.64,0.01,4557.32,112.20,2805.00,98.26
2025-05-01,H01,Charcuterie,Online Direct,Lower Mainland,31,193.64,0.01,6702.89,111.97,3471.07,312.21
2025-05-01,H01,Charcuterie,Online Direct,Vancouver Island,11,193.64,0.00,2378.49,112.54,1237.94,133.89
2025-05-01,H01,Charcuterie,Online Direct,BC Interior,11,193.64,0.01,2345.16,112.42,1236.62,134.79
2025-05-01,H02,Charcuterie,Restaurants,Lower Mainland,149,160.68,0.01,23676.53,92.48,13779.52,240.25
2025-05-01,H02,Charcuterie,Restaurants,Vancouver Island,52,160.68,0.01,8271.98,92.11,4789.72,175.65
2025-05-01,H02,Charcuterie,Restaurants,BC Interior,51,160.68,0.01,8112.91,92.39,4711.89,208.96
2025-05-01,H02,Charcuterie,Grocery Retail,Lower Mainland,97,160.68,0.03,13305.60,92.11,8934.67,161.79
2025-05-01,H02,Charcuterie,Grocery Retail,Vancouver Island,36,160.68,0.03,4922.52,92.48,3329.28,121.73
2025-05-01,H02,Charcuterie,Grocery Retail,BC Interior,34,160.68,0.03,4654.12,92.30,3138.20,137.42
2025-05-01,H02,Charcuterie,Hotels & Institutions,Lower Mainland,57,160.68,0.01,8579.12,92.39,5266.23,93.58
2025-05-01,H02,Charcuterie,Hotels & Institutions,Vancouver Island,21,160.68,0.01,3144.85,92.30,1938.30,72.97
2025-05-01,H02,Charcuterie,Hotels & Institutions,BC Interior,21,160.68,0.01,3167.13,92.67,1946.07,85.46
2025-05-01,H02,Charcuterie,Online Direct,Lower Mainland,26,160.68,0.01,4627.64,92.48,2404.48,264.75
2025-05-01,H02,Charcuterie,Online Direct,Vancouver Island,10,160.68,0.01,1772.62,92.39,923.90,116.93
2025-05-01,H02,Charcuterie,Online Direct,BC Interior,10,160.68,0.01,1781.66,92.11,921.10,126.90
2025-05-01,H03,Charcuterie,Restaurants,Lower Mainland,74,210.12,0.01,15439.35,123.60,9146.40,117.14
2025-05-01,H03,Charcuterie,Restaurants,Vancouver Island,27,210.12,0.00,5650.56,124.09,3350.43,92.33
2025-05-01,H03,Charcuterie,Restaurants,BC Interior,28,210.12,0.01,5859.64,124.34,3481.52,112.61
2025-05-01,H03,Charcuterie,Grocery Retail,Lower Mainland,49,210.12,0.04,8671.87,124.34,6092.66,77.97
2025-05-01,H03,Charcuterie,Grocery Retail,Vancouver Island,18,210.12,0.03,3234.68,124.22,2235.96,62.36
2025-05-01,H03,Charcuterie,Grocery Retail,BC Interior,18,210.12,0.01,3291.72,123.85,2229.30,70.24
2025-05-01,H03,Charcuterie,Hotels & Institutions,Lower Mainland,31,210.12,0.00,6163.28,124.34,3854.54,51.86
2025-05-01,H03,Charcuterie,Hotels & Institutions,Vancouver Island,11,210.12,0.00,2184.78,124.09,1364.99,37.31
2025-05-01,H03,Charcuterie,Hotels & Institutions,BC Interior,11,210.12,0.01,2173.74,124.22,1366.42,44.02
2025-05-01,H03,Charcuterie,Online Direct,Lower Mainland,14,210.12,0.00,3278.22,124.22,1739.08,144.54
2025-05-01,H03,Charcuterie,Online Direct,Vancouver Island,5,210.12,0.01,1155.56,124.09,620.45,60.74
2025-05-01,H03,Charcuterie,Online Direct,BC Interior,5,210.12,0.01,1167.27,123.60,618.00,60.71
2025-05-01,H04,Charcuterie,Restaurants,Lower Mainland,128,98.88,0.01,12517.42,56.47,7228.16,204.51
2025-05-01,H04,Charcuterie,Restaurants,Vancouver Island,47,98.88,0.00,4614.88,56.19,2640.93,166.74
2025-05-01,H04,Charcuterie,Restaurants,BC Interior,48,98.88,0.01,4693.91,56.31,2702.88,189.23
2025-05-01,H04,Charcuterie,Grocery Retail,Lower Mainland,90,98.88,0.02,7674.95,56.31,5067.90,146.88
2025-05-01,H04,Charcuterie,Grocery Retail,Vancouver Island,31,98.88,0.03,2627.31,56.47,1750.57,108.58
2025-05-01,H04,Charcuterie,Grocery Retail,BC Interior,31,98.88,0.02,2651.36,56.53,1752.43,122.33
2025-05-01,H04,Charcuterie,Hotels & Institutions,Lower Mainland,53,98.88,0.01,4948.66,56.25,2981.25,85.37
2025-05-01,H04,Charcuterie,Hotels & Institutions,Vancouver Island,19,98.88,0.01,1768.68,56.19,1067.61,65.83
2025-05-01,H04,Charcuterie,Hotels & Institutions,BC Interior,19,98.88,0.01,1777.61,56.25,1068.75,77.09
2025-05-01,H04,Charcuterie,Online Direct,Lower Mainland,23,98.88,0.00,2552.22,56.53,1300.19,237.46
2025-05-01,H04,Charcuterie,Online Direct,Vancouver Island,9,98.88,0.01,977.83,56.25,506.25,110.30
2025-05-01,H04,Charcuterie,Online Direct,BC Interior,9,98.88,0.01,980.81,56.53,508.77,110.17
2025-05-01,D01,Cheese & Dairy,Restaurants,Lower Mainland,218,146.26,0.00,31852.80,90.59,19748.62,346.17
2025-05-01,D01,Cheese & Dairy,Restaurants,Vancouver Island,77,146.26,0.01,11216.92,90.77,6989.29,270.77
2025-05-01,D01,Cheese & Dairy,Restaurants,BC Interior,73,146.26,0.01,10527.76,90.95,6639.35,288.94
2025-05-01,D01,Cheese & Dairy,Grocery Retail,Lower Mainland,137,146.26,0.04,16964.90,90.41,12386.17,225.60
2025-05-01,D01,Cheese & Dairy,Grocery Retail,Vancouver Island,52,146.26,0.01,6652.59,90.59,4710.68,176.01
2025-05-01,D01,Cheese & Dairy,Grocery Retail,BC Interior,51,146.26,0.04,6347.07,90.86,4633.86,204.30
2025-05-01,D01,Cheese & Dairy,Hotels & Institutions,Lower Mainland,82,146.26,0.01,11268.32,90.68,7435.76,133.96
2025-05-01,D01,Cheese & Dairy,Hotels & Institutions,Vancouver Island,30,146.26,0.01,4110.19,90.68,2720.40,102.58
2025-05-01,D01,Cheese & Dairy,Hotels & Institutions,BC Interior,30,146.26,0.00,4155.90,90.59,2717.70,119.10
2025-05-01,D01,Cheese & Dairy,Online Direct,Lower Mainland,37,146.26,0.00,6079.17,90.41,3345.17,376.01
2025-05-01,D01,Cheese & Dairy,Online Direct,Vancouver Island,14,146.26,0.01,2281.86,90.86,1272.04,164.54
2025-05-01,D01,Cheese & Dairy,Online Direct,BC Interior,13,146.26,0.00,2123.16,90.95,1182.35,162.70
2025-05-01,D02,Cheese & Dairy,Restaurants,Lower Mainland,173,121.54,0.00,21110.53,74.97,12969.81,277.82
2025-05-01,D02,Cheese & Dairy,Restaurants,Vancouver Island,67,121.54,0.01,8013.12,74.67,5002.89,227.01
2025-05-01,D02,Cheese & Dairy,Restaurants,BC Interior,63,121.54,0.01,7580.61,74.75,4709.25,250.11
2025-05-01,D02,Cheese & Dairy,Grocery Retail,Lower Mainland,127,121.54,0.01,13407.03,74.82,9502.14,207.89
2025-05-01,D02,Cheese & Dairy,Grocery Retail,Vancouver Island,46,121.54,0.03,4762.34,74.52,3427.92,162.24
2025-05-01,D02,Cheese & Dairy,Grocery Retail,BC Interior,44,121.54,0.04,4540.78,74.97,3298.68,169.96
2025-05-01,D02,Cheese & Dairy,Hotels & Institutions,Lower Mainland,75,121.54,0.01,8538.77,74.90,5617.50,118.85
2025-05-01,D02,Cheese & Dairy,Hotels & Institutions,Vancouver Island,26,121.54,0.01,2957.14,74.90,1947.40,92.06
2025-05-01,D02,Cheese & Dairy,Hotels & Institutions,BC Interior,25,121.54,0.01,2860.53,74.67,1866.75,102.04
2025-05-01,D02,Cheese & Dairy,Online Direct,Lower Mainland,33,121.54,0.01,4433.66,74.60,2461.80,335.02
2025-05-01,D02,Cheese & Dairy,Online Direct,Vancouver Island,12,121.54,0.01,1617.20,74.60,895.20,139.31
2025-05-01,D02,Cheese & Dairy,Online Direct,BC Interior,12,121.54,0.01,1613.95,74.97,899.64,150.33
2025-05-01,D03,Cheese & Dairy,Restaurants,Lower Mainland,97,243.08,0.01,23272.75,153.60,14899.20,160.05
2025-05-01,D03,Cheese & Dairy,Restaurants,Vancouver Island,33,243.08,0.01,7909.60,153.45,5063.85,117.88
2025-05-01,D03,Cheese & Dairy,Restaurants,BC Interior,35,243.08,0.01,8397.39,153.14,5359.90,141.60
2025-05-01,D03,Cheese & Dairy,Grocery Retail,Lower Mainland,66,243.08,0.03,13736.50,152.83,10086.78,109.54
2025-05-01,D03,Cheese & Dairy,Grocery Retail,Vancouver Island,22,243.08,0.01,4682.43,153.60,3379.20,76.98
2025-05-01,D03,Cheese & Dairy,Grocery Retail,BC Interior,24,243.08,0.02,5020.66,152.83,3667.92,94.04
2025-05-01,D03,Cheese & Dairy,Hotels & Institutions,Lower Mainland,39,243.08,0.01,8961.03,152.68,5954.52,62.18
2025-05-01,D03,Cheese & Dairy,Hotels & Institutions,Vancouver Island,14,243.08,0.00,3229.73,152.68,2137.52,47.10
2025-05-01,D03,Cheese & Dairy,Hotels & Institutions,BC Interior,14,243.08,0.01,3203.87,152.83,2139.62,54.19
2025-05-01,D03,Cheese & Dairy,Online Direct,Lower Mainland,17,243.08,0.00,4614.37,153.45,2608.65,173.28
2025-05-01,D03,Cheese & Dairy,Online Direct,Vancouver Island,6,243.08,0.00,1635.13,153.14,918.84,73.32
2025-05-01,D03,Cheese & Dairy,Online Direct,BC Interior,7,243.08,0.00,1900.03,152.68,1068.76,86.91
2025-05-01,D04,Cheese & Dairy,Restaurants,Lower Mainland,270,88.58,0.00,23892.68,54.03,14588.10,446.37
2025-05-01,D04,Cheese & Dairy,Restaurants,Vancouver Island,98,88.58,0.01,8593.55,53.87,5279.26,347.00
2025-05-01,D04,Cheese & Dairy,Restaurants,BC Interior,95,88.58,0.00,8423.52,53.93,5123.35,379.04
2025-05-01,D04,Cheese & Dairy,Grocery Retail,Lower Mainland,172,88.58,0.01,13206.95,54.03,9293.16,282.11
2025-05-01,D04,Cheese & Dairy,Grocery Retail,Vancouver Island,62,88.58,0.02,4721.65,53.98,3346.76,216.74
2025-05-01,D04,Cheese & Dairy,Grocery Retail,BC Interior,64,88.58,0.02,4893.58,54.20,3468.80,254.85
2025-05-01,D04,Cheese & Dairy,Hotels & Institutions,Lower Mainland,101,88.58,0.01,8371.88,54.14,5468.14,167.30
2025-05-01,D04,Cheese & Dairy,Hotels & Institutions,Vancouver Island,37,88.58,0.00,3098.03,53.93,1995.41,129.34
2025-05-01,D04,Cheese & Dairy,Hotels & Institutions,BC Interior,39,88.58,0.00,3285.17,54.03,2107.17,151.42
2025-05-01,D04,Cheese & Dairy,Online Direct,Lower Mainland,49,88.58,0.01,4807.59,54.03,2647.47,510.87
2025-05-01,D04,Cheese & Dairy,Online Direct,Vancouver Island,17,88.58,0.01,1676.38,53.87,915.79,198.17
2025-05-01,D04,Cheese & Dairy,Online Direct,BC Interior,17,88.58,0.00,1674.78,53.98,917.66,209.58
2025-06-01,B01,Beef,Restaurants,Lower Mainland,316,276.04,0.01,86269.12,203.66,64356.56,529.64
2025-06-01,B01,Beef,Restaurants,Vancouver Island,114,276.04,0.00,31342.81,204.88,23356.32,406.42
2025-06-01,B01,Beef,Restaurants,BC Interior,117,276.04,0.01,31974.49,204.47,23922.99,465.43
2025-06-01,B01,Beef,Grocery Retail,Lower Mainland,211,276.04,0.02,50636.77,204.47,43143.17,349.86
2025-06-01,B01,Beef,Grocery Retail,Vancouver Island,81,276.04,0.02,19185.53,203.66,16496.46,277.54
2025-06-01,B01,Beef,Grocery Retail,BC Interior,76,276.04,0.04,17707.36,203.66,15478.16,309.28
2025-06-01,B01,Beef,Hotels & Institutions,Lower Mainland,128,276.04,0.01,33195.82,204.07,26120.96,214.33
2025-06-01,B01,Beef,Hotels & Institutions,Vancouver Island,47,276.04,0.01,12226.58,204.07,9591.29,161.20
2025-06-01,B01,Beef,Hotels & Institutions,BC Interior,46,276.04,0.01,11953.95,204.07,9387.22,186.28
2025-06-01,B01,Beef,Online Direct,Lower Mainland,59,276.04,0.00,18149.59,204.27,12051.93,604.36
2025-06-01,B01,Beef,Online Direct,Vancouver Island,22,276.04,0.01,6740.26,203.86,4484.92,263.82
2025-06-01,B01,Beef,Online Direct,BC Interior,22,276.04,0.01,6740.06,204.47,4498.34,268.75
2025-06-01,B02,Beef,Restaurants,Lower Mainland,895,121.54,0.00,108560.42,89.15,79789.25,1425.58
2025-06-01,B02,Beef,Restaurants,Vancouver Island,310,121.54,0.00,37526.69,89.15,27636.50,1067.55
2025-06-01,B02,Beef,Restaurants,BC Interior,327,121.54,0.01,39464.18,89.15,29152.05,1335.93
2025-06-01,B02,Beef,Grocery Retail,Lower Mainland,607,121.54,0.01,64725.22,89.24,54168.68,1003.50
2025-06-01,B02,Beef,Grocery Retail,Vancouver Island,217,121.54,0.04,22280.91,89.60,19443.20,755.57
2025-06-01,B02,Beef,Grocery Retail,BC Interior,208,121.54,0.04,21335.46,89.24,18561.92,822.46
2025-06-01,B02,Beef,Hotels & Institutions,Lower Mainland,347,121.54,0.01,39386.63,89.60,31091.20,559.51
2025-06-01,B02,Beef,Hotels & Institutions,Vancouver Island,131,121.54,0.00,15140.78,89.51,11725.81,456.58
2025-06-01,B02,Beef,Hotels & Institutions,BC Interior,125,121.54,0.00,14360.80,89.60,11200.00,505.70
2025-06-01,B02,Beef,Online Direct,Lower Mainland,160,121.54,0.00,21714.63,89.06,14249.60,1614.64
2025-06-01,B02,Beef,Online Direct,Vancouver Island,59,121.54,0.01,7966.95,89.06,5254.54,696.93
2025-06-01,B02,Beef,Online Direct,BC Interior,55,121.54,0.00,7464.42,89.15,4903.25,682.17
2025-06-01,B03,Beef,Restaurants,Lower Mainland,379,201.88,0.01,75138.74,150.40,57001.60,608.01
2025-06-01,B03,Beef,Restaurants,Vancouver Island,138,201.88,0.00,27720.31,150.10,20713.80,471.41
2025-06-01,B03,Beef,Restaurants,BC Interior,134,201.88,0.01,26726.95,150.85,20213.90,531.99
2025-06-01,B03,Beef,Grocery Retail,Lower Mainland,266,201.88,0.02,46261.52,150.70,40086.20,444.96
2025-06-01,B03,Beef,Grocery Retail,Vancouver Island,89,201.88,0.01,15684.75,149.95,13345.55,308.96
2025-06-01,B03,Beef,Grocery Retail,BC Interior,93,201.88,0.01,16472.00,150.70,14015.10,372.54
2025-06-01,B03,Beef,Hotels & Institutions,Lower Mainland,151,201.88,0.00,29017.52,150.55,22733.05,251.11
2025-06-01,B03,Beef,Hotels & Institutions,Vancouver Island,54,201.88,0.00,10346.03,150.25,8113.50,185.77
2025-06-01,B03,Beef,Hotels & Institutions,BC Interior,54,201.88,0.01,10263.24,150.10,8105.40,219.97
2025-06-01,B03,Beef,Online Direct,Lower Mainland,66,201.88,0.00,14893.00,150.10,9906.60,678.07
2025-06-01,B03,Beef,Online Direct,Vancouver Island,25,201.88,0.01,5590.39,150.25,3756.25,290.52
2025-06-01,B03,Beef,Online Direct,BC Interior,25,201.88,0.00,5635.69,150.10,3752.50,309.14
2025-06-01,B04,Beef,Restaurants,Lower Mainland,182,352.26,0.01,63407.25,264.72,48179.04,297.02
2025-06-01,B04,Beef,Restaurants,Vancouver Island,64,352.26,0.01,22364.62,263.93,16891.52,219.95
2025-06-01,B04,Beef,Restaurants,BC Interior,63,352.26,0.01,21860.07,263.40,16594.20,256.13
2025-06-01,B04,Beef,Grocery Retail,Lower Mainland,118,352.26,0.04,35263.13,263.93,31143.74,193.54
2025-06-01,B04,Beef,Grocery Retail,Vancouver Island,45,352.26,0.01,13767.73,263.93,11876.85,151.38
2025-06-01,B04,Beef,Grocery Retail,BC Interior,45,352.26,0.01,13879.25,263.67,11865.15,179.01
2025-06-01,B04,Beef,Hotels & Institutions,Lower Mainland,72,352.26,0.01,23877.49,264.99,19079.28,118.21
2025-06-01,B04,Beef,Hotels & Institutions,Vancouver Island,27,352.26,0.01,8918.01,264.46,7140.42,91.67
2025-06-01,B04,Beef,Hotels & Institutions,BC Interior,26,352.26,0.01,8553.27,264.20,6869.20,102.50
2025-06-01,B04,Beef,Online Direct,Lower Mainland,31,352.26,0.01,12071.10,264.20,8190.20,317.86
2025-06-01,B04,Beef,Online Direct,Vancouver Island,12,352.26,0.01,4682.10,264.99,3179.88,144.48
2025-06-01,B04,Beef,Online Direct,BC Interior,12,352.26,0.00,4743.83,264.72,3176.64,147.04
2025-06-01,P01,Pork,Restaurants,Lower Mainland,413,135.96,0.00,55927.04,94.89,39189.57,679.41
2025-06-01,P01,Pork,Restaurants,Vancouver Island,144,135.96,0.00,19480.47,94.98,13677.12,507.38
2025-06-01,P01,Pork,Restaurants,BC Interior,151,135.96,0.01,20202.47,94.89,14328.39,585.66
2025-06-01,P01,Pork,Grocery Retail,Lower Mainland,277,135.96,0.02,32313.86,95.36,26414.72,450.71
2025-06-01,P01,Pork,Grocery Retail,Vancouver Island,102,135.96,0.01,12179.18,95.27,9717.54,353.38
2025-06-01,P01,Pork,Grocery Retail,BC Interior,104,135.96,0.01,12244.32,95.08,9888.32,413.71
2025-06-01,P01,Pork,Hotels & Institutions,Lower Mainland,177,135.96,0.01,22724.62,95.27,16862.79,289.44
2025-06-01,P01,Pork,Hotels & Institutions,Vancouver Island,60,135.96,0.01,7641.11,95.46,5727.60,213.91
2025-06-01,P01,Pork,Hotels & Institutions,BC Interior,60,135.96,0.01,7710.79,95.08,5704.80,242.74
2025-06-01,P01,Pork,Online Direct,Lower Mainland,77,135.96,0.00,11736.92,95.27,7335.79,774.70
2025-06-01,P01,Pork,Online Direct,Vancouver Island,28,135.96,0.01,4238.01,95.17,2664.76,344.15
2025-06-01,P01,Pork,Online Direct,BC Interior,28,135.96,0.01,4246.56,95.27,2667.56,349.73
2025-06-01,P02,Pork,Restaurants,Lower Mainland,283,107.12,0.00,30133.31,73.99,20939.17,467.40
2025-06-01,P02,Pork,Restaurants,Vancouver Island,110,107.12,0.00,11759.54,74.13,8154.30,385.68
2025-06-01,P02,Pork,Restaurants,BC Interior,112,107.12,0.00,11997.33,73.99,8286.88,451.77
2025-06-01,P02,Pork,Grocery Retail,Lower Mainland,197,107.12,0.03,17978.15,73.99,14576.03,312.50
2025-06-01,P02,Pork,Grocery Retail,Vancouver Island,72,107.12,0.00,6746.45,73.99,5327.28,250.94
2025-06-01,P02,Pork,Grocery Retail,BC Interior,76,107.12,0.00,7135.55,73.69,5600.44,298.70
2025-06-01,P02,Pork,Hotels & Institutions,Lower Mainland,123,107.12,0.01,12304.83,73.91,9090.93,201.54
2025-06-01,P02,Pork,Hotels & Institutions,Vancouver Island,45,107.12,0.01,4528.73,73.84,3322.80,158.87
2025-06-01,P02,Pork,Hotels & Institutions,BC Interior,43,107.12,0.01,4349.53,73.91,3178.13,172.08
2025-06-01,P02,Pork,Online Direct,Lower Mainland,55,107.12,0.00,6605.11,73.76,4056.80,570.08
2025-06-01,P02,Pork,Online Direct,Vancouver Island,19,107.12,0.01,2261.20,73.99,1405.81,231.26
2025-06-01,P02,Pork,Online Direct,BC Interior,19,107.12,0.01,2254.49,73.91,1404.29,243.25
2025-06-01,P03,Pork,Restaurants,Lower Mainland,269,150.38,0.01,39965.66,106.34,28605.46,432.86
2025-06-01,P03,Pork,Restaurants,Vancouver Island,98,150.38,0.00,14678.35,105.70,10358.60,334.43
2025-06-01,P03,Pork,Restaurants,BC Interior,96,150.38,0.01,14263.63,106.23,10198.08,375.40
2025-06-01,P03,Pork,Grocery Retail,Lower Mainland,179,150.38,0.01,23569.28,106.12,18995.48,300.31
2025-06-01,P03,Pork,Grocery Retail,Vancouver Island,63,150.38,0.00,8353.74,105.91,6672.33,215.21
2025-06-01,P03,Pork,Grocery Retail,BC Interior,64,150.38,0.01,8368.00,106.23,6798.72,259.17
2025-06-01,P03,Pork,Hotels & Institutions,Lower Mainland,111,150.38,0.01,15746.44,106.34,11803.74,176.80
2025-06-01,P03,Pork,Hotels & Institutions,Vancouver Island,38,150.38,0.01,5401.57,105.70,4016.60,135.74
2025-06-01,P03,Pork,Hotels & Institutions,BC Interior,38,150.38,0.01,5369.13,106.23,4036.74,154.04
2025-06-01,P03,Pork,Online Direct,Lower Mainland,46,150.38,0.00,7724.35,105.70,4862.20,462.34
2025-06-01,P03,Pork,Online Direct,Vancouver Island,18,150.38,0.01,2998.13,106.23,1912.14,210.47
2025-06-01,P03,Pork,Online Direct,BC Interior,18,150.38,0.01,2992.36,105.70,1902.60,229.10
2025-06-01,P04,Pork,Restaurants,Lower Mainland,366,94.76,0.01,34438.34,65.92,24126.72,597.31
2025-06-01,P04,Pork,Restaurants,Vancouver Island,138,94.76,0.01,13024.42,65.66,9061.08,472.84
2025-06-01,P04,Pork,Restaurants,BC Interior,132,94.76,0.01,12420.39,65.99,8710.68,515.12
2025-06-01,P04,Pork,Grocery Retail,Lower Mainland,246,94.76,0.00,20472.62,65.99,16233.54,398.66
2025-06-01,P04,Pork,Grocery Retail,Vancouver Island,96,94.76,0.00,8005.32,65.92,6328.32,323.94
2025-06-01,P04,Pork,Grocery Retail,BC Interior,90,94.76,0.01,7422.62,65.73,5915.70,362.32
2025-06-01,P04,Pork,Hotels & Institutions,Lower Mainland,151,94.76,0.01,13335.86,66.06,9975.06,253.33
2025-06-01,P04,Pork,Hotels & Institutions,Vancouver Island,57,94.76,0.00,5115.86,65.79,3750.03,200.05
2025-06-01,P04,Pork,Hotels & Institutions,BC Interior,56,94.76,0.00,5021.08,66.06,3699.36,226.11
2025-06-01,P04,Pork,Online Direct,Lower Mainland,69,94.76,0.01,7249.65,65.73,4535.37,682.33
2025-06-01,P04,Pork,Online Direct,Vancouver Island,25,94.76,0.00,2647.95,65.86,1646.50,304.29
2025-06-01,P04,Pork,Online Direct,BC Interior,26,94.76,0.01,2723.64,66.06,1717.56,332.86
2025-06-01,C01,Poultry,Restaurants,Lower Mainland,690,80.34,0.01,54769.38,58.30,40227.00,1141.85
2025-06-01,C01,Poultry,Restaurants,Vancouver Island,240,80.34,0.00,19281.29,58.19,13965.60,816.51
2025-06-01,C01,Poultry,Restaurants,BC Interior,239,80.34,0.01,19143.31,58.36,13948.04,942.19
2025-06-01,C01,Poultry,Grocery Retail,Lower Mainland,451,80.34,0.00,31821.47,58.42,26347.42,717.63
2025-06-01,C01,Poultry,Grocery Retail,Vancouver Island,169,80.34,0.01,11888.14,58.07,9813.83,603.67
2025-06-01,C01,Poultry,Grocery Retail,BC Interior,163,80.34,0.02,11293.25,58.19,9484.97,656.19
2025-06-01,C01,Poultry,Hotels & Institutions,Lower Mainland,277,80.34,0.01,21056.46,58.19,16118.63,438.95
2025-06-01,C01,Poultry,Hotels & Institutions,Vancouver Island,97,80.34,0.01,7344.22,58.25,5650.25,334.04
2025-06-01,C01,Poultry,Hotels & Institutions,BC Interior,97,80.34,0.01,7329.48,58.36,5660.92,389.72
2025-06-01,C01,Poultry,Online Direct,Lower Mainland,122,80.34,0.01,10933.40,58.25,7106.50,1258.35
2025-06-01,C01,Poultry,Online Direct,Vancouver Island,46,80.34,0.01,4106.03,58.42,2687.32,549.98
2025-06-01,C01,Poultry,Online Direct,BC Interior,46,80.34,0.00,4126.70,58.30,2681.80,579.73
2025-06-01,C02,Poultry,Restaurants,Lower Mainland,600,127.72,0.01,76019.48,92.05,55230.00,979.20
2025-06-01,C02,Poultry,Restaurants,Vancouver Island,213,127.72,0.00,27177.16,91.77,19547.01,730.56
2025-06-01,C02,Poultry,Restaurants,BC Interior,212,127.72,0.01,26725.24,92.05,19514.60,834.90
2025-06-01,C02,Poultry,Grocery Retail,Lower Mainland,410,127.72,0.04,44509.49,91.77,37625.70,677.82
2025-06-01,C02,Poultry,Grocery Retail,Vancouver Island,148,127.72,0.03,16086.35,92.23,13650.04,524.56
2025-06-01,C02,Poultry,Grocery Retail,BC Interior,148,127.72,0.02,16269.50,92.14,13636.72,589.92
2025-06-01,C02,Poultry,Hotels & Institutions,Lower Mainland,232,127.72,0.01,27783.15,92.05,21355.60,377.49
2025-06-01,C02,Poultry,Hotels & Institutions,Vancouver Island,86,127.72,0.00,10413.82,91.96,7908.56,303.32
2025-06-01,C02,Poultry,Hotels & Institutions,BC Interior,91,127.72,0.01,11019.05,91.77,8351.07,364.53
2025-06-01,C02,Poultry,Online Direct,Lower Mainland,105,127.72,0.01,14914.28,92.05,9665.25,1080.88
2025-06-01,C02,Poultry,Online Direct,Vancouver Island,40,127.72,0.00,5710.37,91.77,3670.80,487.82
2025-06-01,C02,Poultry,Online Direct,BC Interior,38,127.72,0.01,5419.30,92.23,3504.74,474.64
2025-06-01,C03,Poultry,Restaurants,Lower Mainland,492,98.88,0.01,48308.71,70.49,34681.08,826.23
2025-06-01,C03,Poultry,Restaurants,Vancouver Island,182,98.88,0.00,17906.25,70.56,12841.92,644.43
2025-06-01,C03,Poultry,Restaurants,BC Interior,167,98.88,0.00,16512.89,70.77,11818.59,662.33
2025-06-01,C03,Poultry,Grocery Retail,Lower Mainland,329,98.88,0.02,28056.21,70.91,23329.39,539.61
2025-06-01,C03,Poultry,Grocery Retail,Vancouver Island,121,98.88,0.03,10172.03,70.63,8546.23,418.79
2025-06-01,C03,Poultry,Grocery Retail,BC Interior,115,98.88,0.01,9916.08,70.56,8114.40,469.82
2025-06-01,C03,Poultry,Hotels & Institutions,Lower Mainland,203,98.88,0.00,19030.87,70.91,14394.73,323.68
2025-06-01,C03,Poultry,Hotels & Institutions,Vancouver Island,68,98.88,0.00,6381.26,70.49,4793.32,234.17
2025-06-01,C03,Poultry,Hotels & Institutions,BC Interior,70,98.88,0.00,6568.94,70.91,4963.70,283.19
2025-06-01,C03,Poultry,Online Direct,Lower Mainland,91,98.88,0.00,10037.57,70.91,6452.81,906.34
2025-06-01,C03,Poultry,Online Direct,Vancouver Island,33,98.88,0.01,3625.42,70.70,2333.10,387.84
2025-06-01,C03,Poultry,Online Direct,BC Interior,33,98.88,0.01,3607.14,70.84,2337.72,414.66
2025-06-01,C04,Poultry,Restaurants,Lower Mainland,112,193.64,0.01,21320.12,135.68,15196.16,180.23
2025-06-01,C04,Poultry,Restaurants,Vancouver Island,41,193.64,0.01,7796.78,135.28,5546.48,145.03
2025-06-01,C04,Poultry,Restaurants,BC Interior,42,193.64,0.01,8124.58,135.41,5687.22,164.24
2025-06-01,C04,Poultry,Grocery Retail,Lower Mainland,73,193.64,0.01,12216.08,135.14,9865.22,115.92
2025-06-01,C04,Poultry,Grocery Retail,Vancouver Island,29,193.64,0.02,4833.26,135.14,3919.06,102.28
2025-06-01,C04,Poultry,Grocery Retail,BC Interior,29,193.64,0.00,4946.60,135.28,3923.12,112.13
2025-06-01,C04,Poultry,Hotels & Institutions,Lower Mainland,48,193.64,0.01,8697.53,135.68,6512.64,77.63
2025-06-01,C04,Poultry,Hotels & Institutions,Vancouver Island,16,193.64,0.01,2916.73,135.14,2162.24,56.49
2025-06-01,C04,Poultry,Hotels & Institutions,BC Interior,17,193.64,0.00,3136.67,135.95,2311.15,66.88
2025-06-01,C04,Poultry,Online Direct,Lower Mainland,21,193.64,0.01,4486.10,135.55,2846.55,207.24
2025-06-01,C04,Poultry,Online Direct,Vancouver Island,7,193.64,0.00,1510.56,135.28,946.96,84.61
2025-06-01,C04,Poultry,Online Direct,BC Interior,8,193.64,0.01,1724.56,135.55,1084.40,98.53
2025-06-01,S01,Seafood,Restaurants,Lower Mainland,365,181.28,0.01,65308.48,136.46,49807.90,601.64
2025-06-01,S01,Seafood,Restaurants,Vancouver Island,139,181.28,0.00,25172.57,136.59,18986.01,485.91
2025-06-01,S01,Seafood,Restaurants,BC Interior,139,181.28,0.00,25122.38,136.59,18986.01,555.15
2025-06-01,S01,Seafood,Grocery Retail,Lower Mainland,252,181.28,0.01,40119.29,137.00,34524.00,400.98
2025-06-01,S01,Seafood,Grocery Retail,Vancouver Island,92,181.28,0.01,14559.24,136.73,12579.16,316.82
2025-06-01,S01,Seafood,Grocery Retail,BC Interior,97,181.28,0.04,14855.10,136.59,13249.23,389.72
2025-06-01,S01,Seafood,Hotels & Institutions,Lower Mainland,162,181.28,0.01,27703.70,136.46,22106.52,272.05
2025-06-01,S01,Seafood,Hotels & Institutions,Vancouver Island,57,181.28,0.01,9708.43,136.73,7793.61,196.69
2025-06-01,S01,Seafood,Hotels & Institutions,BC Interior,57,181.28,0.00,9816.30,137.28,7824.96,227.20
2025-06-01,S01,Seafood,Online Direct,Lower Mainland,69,181.28,0.00,13967.29,136.59,9424.71,685.82
2025-06-01,S01,Seafood,Online Direct,Vancouver Island,26,181.28,0.01,5226.20,136.73,3554.98,319.57
2025-06-01,S01,Seafood,Online Direct,BC Interior,26,181.28,0.00,5284.09,137.00,3562.00,326.05
2025-06-01,S02,Seafood,Restaurants,Lower Mainland,161,220.42,0.01,35344.53,165.15,26589.15,267.48
2025-06-01,S02,Seafood,Restaurants,Vancouver Island,59,220.42,0.01,12888.00,165.15,9743.85,205.02
2025-06-01,S02,Seafood,Restaurants,BC Interior,62,220.42,0.01,13543.05,165.32,10249.84,249.84
2025-06-01,S02,Seafood,Grocery Retail,Lower Mainland,107,220.42,0.04,20047.59,164.98,17652.86,176.20
2025-06-01,S02,Seafood,Grocery Retail,Vancouver Island,40,220.42,0.04,7464.76,165.81,6632.40,135.53
2025-06-01,S02,Seafood,Grocery Retail,BC Interior,41,220.42,0.02,7793.70,165.15,6771.15,159.35
2025-06-01,S02,Seafood,Hotels & Institutions,Lower Mainland,66,220.42,0.01,13764.98,165.15,10899.90,108.68
2025-06-01,S02,Seafood,Hotels & Institutions,Vancouver Island,24,220.42,0.00,4990.46,165.32,3967.68,83.73
2025-06-01,S02,Seafood,Hotels & Institutions,BC Interior,24,220.42,0.01,4995.39,165.15,3963.60,95.09
2025-06-01,S02,Seafood,Online Direct,Lower Mainland,29,220.42,0.00,7137.76,165.48,4798.92,299.70
2025-06-01,S02,Seafood,Online Direct,Vancouver Island,11,220.42,0.01,2691.18,164.82,1813.02,130.33
2025-06-01,S02,Seafood,Online Direct,BC Interior,11,220.42,0.01,2685.78,165.15,1816.65,136.43
2025-06-01,S03,Seafood,Restaurants,Lower Mainland,104,314.15,0.01,32638.27,233.57,24291.28,174.48
2025-06-01,S03,Seafood,Restaurants,Vancouver Island,38,314.15,0.01,11854.14,234.28,8902.64,135.21
2025-06-01,S03,Seafood,Restaurants,BC Interior,36,314.15,0.00,11241.63,233.57,8408.52,141.92
2025-06-01,S03,Seafood,Grocery Retail,Lower Mainland,67,314.15,0.03,18075.67,234.51,15712.17,110.33
2025-06-01,S03,Seafood,Grocery Retail,Vancouver Island,26,314.15,0.03,7007.22,233.57,6072.82,90.44
2025-06-01,S03,Seafood,Grocery Retail,BC Interior,24,314.15,0.03,6422.93,234.04,5616.96,94.33
2025-06-01,S03,Seafood,Hotels & Institutions,Lower Mainland,41,314.15,0.01,12040.55,234.04,9595.64,66.31
2025-06-01,S03,Seafood,Hotels & Institutions,Vancouver Island,15,314.15,0.00,4485.58,233.34,3500.10,51.97
2025-06-01,S03,Seafood,Hotels & Institutions,BC Interior,14,314.15,0.01,4127.87,234.04,3276.56,54.36
2025-06-01,S03,Seafood,Online Direct,Lower Mainland,19,314.15,0.01,6565.15,234.74,4460.06,190.39
2025-06-01,S03,Seafood,Online Direct,Vancouver Island,7,314.15,0.01,2433.45,234.74,1643.18,84.78
2025-06-01,S03,Seafood,Online Direct,BC Interior,6,314.15,0.01,2081.53,234.04,1404.24,75.17
2025-06-01,S04,Seafood,Restaurants,Lower Mainland,191,142.14,0.01,27066.53,106.82,20402.62,307.97
2025-06-01,S04,Seafood,Restaurants,Vancouver Island,70,142.14,0.01,9889.83,106.39,7447.30,238.39
2025-06-01,S04,Seafood,Restaurants,BC Interior,72,142.14,0.01,10152.36,106.39,7660.08,280.11
2025-06-01,S04,Seafood,Grocery Retail,Lower Mainland,129,142.14,0.01,15958.63,106.50,13738.50,209.90
2025-06-01,S04,Seafood,Grocery Retail,Vancouver Island,48,142.14,0.01,5926.07,106.50,5112.00,161.80
2025-06-01,S04,Seafood,Grocery Retail,BC Interior,45,142.14,0.00,5645.61,106.92,4811.40,177.22
2025-06-01,S04,Seafood,Hotels & Institutions,Lower Mainland,77,142.14,0.00,10376.75,106.82,8225.14,128.30
2025-06-01,S04,Seafood,Hotels & Institutions,Vancouver Island,27,142.14,0.00,3624.04,106.92,2886.84,91.76
2025-06-01,S04,Seafood,Hotels & Institutions,BC Interior,29,142.14,0.01,3900.21,106.92,3100.68,113.75
2025-06-01,S04,Seafood,Online Direct,Lower Mainland,34,142.14,0.01,5347.67,106.50,3621.00,347.93
2025-06-01,S04,Seafood,Online Direct,Vancouver Island,12,142.14,0.00,1908.45,106.71,1280.52,143.04
2025-06-01,S04,Seafood,Online Direct,BC Interior,12,142.14,0.00,1898.91,106.71,1280.52,146.14
2025-06-01,H01,Charcuterie,Restaurants,Lower Mainland,166,193.64,0.00,32111.90,112.54,18681.64,276.06
2025-06-01,H01,Charcuterie,Restaurants,Vancouver Island,60,193.64,0.01,11514.00,111.97,6718.20,205.17
2025-06-01,H01,Charcuterie,Restaurants,BC Interior,57,193.64,0.01,10883.22,112.31,6401.67,228.79
2025-06-01,H01,Charcuterie,Grocery Retail,Lower Mainland,107,193.64,0.04,17469.48,112.20,12005.40,177.42
2025-06-01,H01,Charcuterie,Grocery Retail,Vancouver Island,39,193.64,0.03,6472.94,112.09,4371.51,136.60
2025-06-01,H01,Charcuterie,Grocery Retail,BC Interior,41,193.64,0.03,6742.67,112.42,4609.22,165.87
2025-06-01,H01,Charcuterie,Hotels & Institutions,Lower Mainland,68,193.64,0.01,12334.43,112.42,7644.56,110.42
2025-06-01,H01,Charcuterie,Hotels & Institutions,Vancouver Island,23,193.64,0.01,4201.34,112.20,2580.60,78.09
2025-06-01,H01,Charcuterie,Hotels & Institutions,BC Interior,25,193.64,0.01,4521.01,112.20,2805.00,100.54
2025-06-01,H01,Charcuterie,Online Direct,Lower Mainland,29,193.64,0.00,6295.68,112.31,3256.99,294.12
2025-06-01,H01,Charcuterie,Online Direct,Vancouver Island,10,193.64,0.00,2155.77,112.54,1125.40,118.00
2025-06-01,H01,Charcuterie,Online Direct,BC Interior,11,193.64,0.01,2345.21,112.65,1239.15,138.22
2025-06-01,H02,Charcuterie,Restaurants,Lower Mainland,141,160.68,0.01,22587.50,92.48,13039.68,230.34
2025-06-01,H02,Charcuterie,Restaurants,Vancouver Island,50,160.68,0.01,7929.80,92.67,4633.50,170.97
2025-06-01,H02,Charcuterie,Restaurants,BC Interior,51,160.68,0.01,8120.63,92.21,4702.71,197.81
2025-06-01,H02,Charcuterie,Grocery Retail,Lower Mainland,99,160.68,0.01,13844.29,92.11,9118.89,161.41
2025-06-01,H02,Charcuterie,Grocery Retail,Vancouver Island,36,160.68,0.01,5064.77,92.39,3326.04,125.22
2025-06-01,H02,Charcuterie,Grocery Retail,BC Interior,36,160.68,0.02,5028.93,92.67,3336.12,143.92
2025-06-01,H02,Charcuterie,Hotels & Institutions,Lower Mainland,59,160.68,0.00,9033.10,92.67,5467.53,93.59
2025-06-01,H02,Charcuterie,Hotels & Institutions,Vancouver Island,21,160.68,0.01,3192.73,92.30,1938.30,72.61
2025-06-01,H02,Charcuterie,Hotels & Institutions,BC Interior,21,160.68,0.00,3189.55,92.48,1942.08,82.45
2025-06-01,H02,Charcuterie,Online Direct,Lower Mainland,27,160.68,0.01,4805.60,92.30,2492.10,268.64
2025-06-01,H02,Charcuterie,Online Direct,Vancouver Island,9,160.68,0.01,1608.27,92.67,834.03,108.57
2025-06-01,H02,Charcuterie,Online Direct,BC Interior,10,160.68,0.01,1778.06,92.48,924.80,122.78
2025-06-01,H03,Charcuterie,Restaurants,Lower Mainland,72,210.12,0.01,14992.48,124.09,8934.48,118.68
2025-06-01,H03,Charcuterie,Restaurants,Vancouver Island,27,210.12,0.01,5621.98,123.60,3337.20,94.95
2025-06-01,H03,Charcuterie,Restaurants,BC Interior,26,210.12,0.01,5375.79,123.85,3220.10,104.05
2025-06-01,H03,Charcuterie,Grocery Retail,Lower Mainland,50,210.12,0.03,8958.68,123.60,6180.00,79.97
2025-06-01,H03,Charcuterie,Grocery Retail,Vancouver Island,19,210.12,0.01,3471.00,123.72,2350.68,64.38
2025-06-01,H03,Charcuterie,Grocery Retail,BC Interior,19,210.12,0.02,3456.87,123.85,2353.15,74.45
2025-06-01,H03,Charcuterie,Hotels & Institutions,Lower Mainland,30,210.12,0.01,5946.39,123.97,3719.10,49.40
2025-06-01,H03,Charcuterie,Hotels & Institutions,Vancouver Island,11,210.12,0.00,2197.95,123.85,1362.35,37.12
2025-06-01,H03,Charcuterie,Hotels & Institutions,BC Interior,11,210.12,0.01,2162.90,124.34,1367.74,43.41
2025-06-01,H03,Charcuterie,Online Direct,Lower Mainland,13,210.12,0.01,3022.60,123.60,1606.80,129.87
2025-06-01,H03,Charcuterie,Online Direct,Vancouver Island,5,210.12,0.01,1164.91,123.97,619.85,60.56
2025-06-01,H03,Charcuterie,Online Direct,BC Interior,5,210.12,0.00,1175.48,123.97,619.85,64.01
2025-06-01,H04,Charcuterie,Restaurants,Lower Mainland,123,98.88,0.00,12174.33,56.36,6932.28,202.54
2025-06-01,H04,Charcuterie,Restaurants,Vancouver Island,47,98.88,0.01,4610.03,56.19,2640.93,162.18
2025-06-01,H04,Charcuterie,Restaurants,BC Interior,47,98.88,0.01,4591.53,56.36,2648.92,187.34
2025-06-01,H04,Charcuterie,Grocery Retail,Lower Mainland,86,98.88,0.01,7430.72,56.31,4842.66,138.67
2025-06-01,H04,Charcuterie,Grocery Retail,Vancouver Island,32,98.88,0.03,2722.91,56.36,1803.52,109.53
2025-06-01,H04,Charcuterie,Grocery Retail,BC Interior,30,98.88,0.03,2521.76,56.31,1689.30,121.73
2025-06-01,H04,Charcuterie,Hotels & Institutions,Lower Mainland,53,98.88,0.01,4894.18,56.19,2978.07,87.62
2025-06-01,H04,Charcuterie,Hotels & Institutions,Vancouver Island,20,98.88,0.01,1858.11,56.47,1129.40,69.71
2025-06-01,H04,Charcuterie,Hotels & Institutions,BC Interior,19,98.88,0.01,1761.62,56.31,1069.89,75.20
2025-06-01,H04,Charcuterie,Online Direct,Lower Mainland,24,98.88,0.01,2641.95,56.42,1354.08,247.30
2025-06-01,H04,Charcuterie,Online Direct,Vancouver Island,9,98.88,0.01,981.77,56.53,508.77,106.63
2025-06-01,H04,Charcuterie,Online Direct,BC Interior,8,98.88,0.01,881.52,56.31,450.48,101.12
2025-06-01,D01,Cheese & Dairy,Restaurants,Lower Mainland,201,146.26,0.01,29132.15,90.59,18208.59,332.95
2025-06-01,D01,Cheese & Dairy,Restaurants,Vancouver Island,76,146.26,0.01,10982.73,90.50,6878.00,271.21
2025-06-01,D01,Cheese & Dairy,Restaurants,BC Interior,73,146.26,0.01,10527.34,90.68,6619.64,285.17
2025-06-01,D01,Cheese & Dairy,Grocery Retail,Lower Mainland,138,146.26,0.02,17318.94,90.77,12526.26,221.61
2025-06-01,D01,Cheese & Dairy,Grocery Retail,Vancouver Island,53,146.26,0.03,6663.93,90.95,4820.35,186.93
2025-06-01,D01,Cheese & Dairy,Grocery Retail,BC Interior,53,146.26,0.00,6780.69,90.59,4801.27,210.20
2025-06-01,D01,Cheese & Dairy,Hotels & Institutions,Lower Mainland,89,146.26,0.01,12267.54,90.68,8070.52,145.25
2025-06-01,D01,Cheese & Dairy,Hotels & Institutions,Vancouver Island,31,146.26,0.01,4285.72,90.95,2819.45,106.54
2025-06-01,D01,Cheese & Dairy,Hotels & Institutions,BC Interior,31,146.26,0.01,4277.17,90.77,2813.87,122.58
2025-06-01,D01,Cheese & Dairy,Online Direct,Lower Mainland,39,146.26,0.01,6363.05,90.77,3540.03,400.68
2025-06-01,D01,Cheese & Dairy,Online Direct,Vancouver Island,13,146.26,0.01,2101.86,90.41,1175.33,152.47
2025-06-01,D01,Cheese & Dairy,Online Direct,BC Interior,14,146.26,0.01,2263.63,90.77,1270.78,179.06
2025-06-01,D02,Cheese & Dairy,Restaurants,Lower Mainland,187,121.54,0.01,22499.81,74.67,13963.29,297.86
2025-06-01,D02,Cheese & Dairy,Restaurants,Vancouver Island,63,121.54,0.00,7603.51,74.97,4723.11,223.51
2025-06-01,D02,Cheese & Dairy,Restaurants,BC Interior,62,121.54,0.00,7512.87,74.97,4648.14,251.57
2025-06-01,D02,Cheese & Dairy,Grocery Retail,Lower Mainland,126,121.54,0.02,13287.25,74.67,9408.42,209.54
2025-06-01,D02,Cheese & Dairy,Grocery Retail,Vancouver Island,46,121.54,0.02,4855.74,74.90,3445.40,159.85
2025-06-01,D02,Cheese & Dairy,Grocery Retail,BC Interior,46,121.54,0.00,4924.83,74.90,3445.40,186.65
2025-06-01,D02,Cheese & Dairy,Hotels & Institutions,Lower Mainland,74,121.54,0.01,8458.61,74.52,5514.48,120.28
2025-06-01,D02,Cheese & Dairy,Hotels & Institutions,Vancouver Island,27,121.54,0.01,3095.71,74.52,2012.04,91.30
2025-06-01,D02,Cheese & Dairy,Hotels & Institutions,BC Interior,27,121.54,0.01,3092.41,74.82,2020.14,108.91
2025-06-01,D02,Cheese & Dairy,Online Direct,Lower Mainland,33,121.54,0.01,4460.54,74.90,2471.70,331.01
2025-06-01,D02,Cheese & Dairy,Online Direct,Vancouver Island,12,121.54,0.01,1610.68,74.52,894.24,140.89
2025-06-01,D02,Cheese & Dairy,Online Direct,BC Interior,12,121.54,0.01,1613.93,74.60,895.20,149.59
2025-06-01,D03,Cheese & Dairy,Restaurants,Lower Mainland,97,243.08,0.00,23437.50,152.99,14840.03,154.03
2025-06-01,D03,Cheese & Dairy,Restaurants,Vancouver Island,35,243.08,0.00,8448.35,153.45,5370.75,124.66
2025-06-01,D03,Cheese & Dairy,Restaurants,BC Interior,34,243.08,0.01,8206.92,153.45,5217.30,134.85
2025-06-01,D03,Cheese & Dairy,Grocery Retail,Lower Mainland,65,243.08,0.02,13529.76,153.45,9974.25,103.85
2025-06-01,D03,Cheese & Dairy,Grocery Retail,Vancouver Island,23,243.08,0.02,4831.54,153.29,3525.67,80.72
2025-06-01,D03,Cheese & Dairy,Grocery Retail,BC Interior,23,243.08,0.04,4713.70,153.29,3525.67,88.84
2025-06-01,D03,Cheese & Dairy,Hotels & Institutions,Lower Mainland,39,243.08,0.01,8978.84,153.29,5978.31,64.73
2025-06-01,D03,Cheese & Dairy,Hotels & Institutions,Vancouver Island,14,243.08,0.01,3171.73,152.83,2139.62,48.41
2025-06-01,D03,Cheese & Dairy,Hotels & Institutions,BC Interior,14,243.08,0.01,3219.99,153.29,2146.06,57.20
2025-06-01,D03,Cheese & Dairy,Online Direct,Lower Mainland,17,243.08,0.00,4623.61,153.45,2608.65,176.89
2025-06-01,D03,Cheese & Dairy,Online Direct,Vancouver Island,6,243.08,0.01,1625.27,152.99,917.94,73.39
2025-06-01,D03,Cheese & Dairy,Online Direct,BC Interior,6,243.08,0.01,1615.43,153.60,921.60,73.15
2025-06-01,D04,Cheese & Dairy,Restaurants,Lower Mainland,263,88.58,0.01,22878.25,54.20,14254.60,424.07
2025-06-01,D04,Cheese & Dairy,Restaurants,Vancouver Island,94,88.58,0.01,8293.17,54.14,5089.16,330.23
2025-06-01,D04,Cheese & Dairy,Restaurants,BC Interior,92,88.58,0.01,8091.96,54.20,4986.40,366.34
2025-06-01,D04,Cheese & Dairy,Grocery Retail,Lower Mainland,180,88.58,0.04,13496.77,53.98,9716.40,301.40
2025-06-01,D04,Cheese & Dairy,Grocery Retail,Vancouver Island,61,88.58,0.04,4578.86,53.98,3292.78,214.30
2025-06-01,D04,Cheese & Dairy,Grocery Retail,BC Interior,62,88.58,0.01,4765.46,53.98,3346.76,239.48
2025-06-01,D04,Cheese & Dairy,Hotels & Institutions,Lower Mainland,102,88.58,0.01,8497.23,54.20,5528.40,164.80
2025-06-01,D04,Cheese & Dairy,Hotels & Institutions,Vancouver Island,39,88.58,0.01,3252.28,53.98,2105.22,132.28
2025-06-01,D04,Cheese & Dairy,Hotels & Institutions,BC Interior,40,88.58,0.00,3369.39,53.93,2157.20,158.48
2025-06-01,D04,Cheese & Dairy,Online Direct,Lower Mainland,46,88.58,0.01,4540.66,53.87,2478.02,474.00
2025-06-01,D04,Cheese & Dairy,Online Direct,Vancouver Island,18,88.58,0.01,1773.28,53.93,970.74,221.24
2025-06-01,D04,Cheese & Dairy,Online Direct,BC Interior,17,88.58,0.00,1681.50,54.03,918.51,213.82
2025-07-01,B01,Beef,Restaurants,Lower Mainland,337,276.04,0.01,91634.19,203.66,68633.42,542.83
2025-07-01,B01,Beef,Restaurants,Vancouver Island,119,276.04,0.00,32881.21,204.07,24284.33,420.12
2025-07-01,B01,Beef,Restaurants,BC Interior,119,276.04,0.01,32487.03,204.07,24284.33,472.44
2025-07-01,B01,Beef,Grocery Retail,Lower Mainland,220,276.04,0.00,53281.13,204.88,45073.60,354.73
2025-07-01,B01,Beef,Grocery Retail,Vancouver Island,81,276.04,0.02,19204.77,203.86,16512.66,275.01
2025-07-01,B01,Beef,Grocery Retail,BC Interior,79,276.04,0.04,18441.11,204.47,16153.13,319.60
2025-07-01,B01,Beef,Hotels & Institutions,Lower Mainland,137,276.04,0.00,35890.61,204.88,28068.56,226.71
2025-07-01,B01,Beef,Hotels & Institutions,Vancouver Island,46,276.04,0.01,12026.64,204.47,9405.62,162.88
2025-07-01,B01,Beef,Hotels & Institutions,BC Interior,47,276.04,0.00,12349.74,204.88,9629.36,182.10
2025-07-01,B01,Beef,Online Direct,Lower Mainland,61,276.04,0.00,18746.05,204.88,12497.68,609.40
2025-07-01,B01,Beef,Online Direct,Vancouver Island,22,276.04,0.00,6781.23,204.07,4489.54,270.93
2025-07-01,B01,Beef,Online Direct,BC Interior,21,276.04,0.01,6453.51,204.07,4285.47,268.06
2025-07-01,B02,Beef,Restaurants,Lower Mainland,845,121.54,0.01,102185.33,89.51,75635.95,1343.18
2025-07-01,B02,Beef,Restaurants,Vancouver Island,313,121.54,0.00,37889.85,89.42,27988.46,1107.19
2025-07-01,B02,Beef,Restaurants,BC Interior,310,121.54,0.01,37338.98,89.15,27636.50,1261.54
2025-07-01,B02,Beef,Grocery Retail,Lower Mainland,609,121.54,0.03,62860.27,89.60,54566.40,975.00
2025-07-01,B02,Beef,Grocery Retail,Vancouver Island,210,121.54,0.01,22124.49,89.42,18778.20,737.75
2025-07-01,B02,Beef,Grocery Retail,BC Interior,209,121.54,0.01,22063.04,89.15,18632.35,836.39
2025-07-01,B02,Beef,Hotels & Institutions,Lower Mainland,376,121.54,0.01,43023.97,89.60,33689.60,605.65
2025-07-01,B02,Beef,Hotels & Institutions,Vancouver Island,127,121.54,0.01,14532.09,89.51,11367.77,443.96
2025-07-01,B02,Beef,Hotels & Institutions,BC Interior,129,121.54,0.01,14746.14,89.33,11523.57,528.56
2025-07-01,B02,Beef,Online Direct,Lower Mainland,155,121.54,0.01,20951.86,89.24,13832.20,1567.32
2025-07-01,B02,Beef,Online Direct,Vancouver Island,58,121.54,0.00,7871.57,89.24,5175.92,701.78
2025-07-01,B02,Beef,Online Direct,BC Interior,59,121.54,0.01,7943.21,89.15,5259.85,733.26
2025-07-01,B03,Beef,Restaurants,Lower Mainland,377,201.88,0.01,74970.48,150.40,56700.80,631.26
2025-07-01,B03,Beef,Restaurants,Vancouver Island,135,201.88,0.01,26845.97,149.95,20243.25,478.48
2025-07-01,B03,Beef,Restaurants,BC Interior,143,201.88,0.00,28638.35,150.55,21528.65,567.15
2025-07-01,B03,Beef,Grocery Retail,Lower Mainland,251,201.88,0.04,42764.80,150.40,37750.40,401.85
2025-07-01,B03,Beef,Grocery Retail,Vancouver Island,91,201.88,0.01,15876.28,150.85,13727.35,313.69
2025-07-01,B03,Beef,Grocery Retail,BC Interior,94,201.88,0.04,16066.69,149.95,14095.30,378.42
2025-07-01,B03,Beef,Hotels & Institutions,Lower Mainland,150,201.88,0.01,28509.39,150.70,22605.00,240.64
2025-07-01,B03,Beef,Hotels & Institutions,Vancouver Island,59,201.88,0.01,11191.02,150.40,8873.60,201.13
2025-07-01,B03,Beef,Hotels & Institutions,BC Interior,59,201.88,0.01,11112.21,150.55,8882.45,241.27
2025-07-01,B03,Beef,Online Direct,Lower Mainland,67,201.88,0.01,14997.58,149.95,10046.65,670.02
2025-07-01,B03,Beef,Online Direct,Vancouver Island,26,201.88,0.00,5861.11,150.25,3906.50,317.39
2025-07-01,B03,Beef,Online Direct,BC Interior,26,201.88,0.01,5790.65,150.55,3914.30,315.34
2025-07-01,B04,Beef,Restaurants,Lower Mainland,184,352.26,0.01,64168.26,264.72,48708.48,300.59
2025-07-01,B04,Beef,Restaurants,Vancouver Island,67,352.26,0.01,23342.37,264.99,17754.33,227.01
2025-07-01,B04,Beef,Restaurants,BC Interior,64,352.26,0.01,22296.87,264.20,16908.80,248.48
2025-07-01,B04,Beef,Grocery Retail,Lower Mainland,127,352.26,0.02,38542.62,264.72,33619.44,204.78
2025-07-01,B04,Beef,Grocery Retail,Vancouver Island,47,352.26,0.04,13974.28,264.46,12429.62,167.89
2025-07-01,B04,Beef,Grocery Retail,BC Interior,45,352.26,0.03,13517.87,264.46,11900.70,182.23
2025-07-01,B04,Beef,Hotels & Institutions,Lower Mainland,74,352.26,0.00,24763.78,264.46,19570.04,117.75
2025-07-01,B04,Beef,Hotels & Institutions,Vancouver Island,27,352.26,0.01,8936.30,264.99,7154.73,93.36
2025-07-01,B04,Beef,Hotels & Institutions,BC Interior,28,352.26,0.01,9332.59,263.40,7375.20,109.16
2025-07-01,B04,Beef,Online Direct,Lower Mainland,33,352.26,0.00,12980.50,263.40,8692.20,333.69
2025-07-01,B04,Beef,Online Direct,Vancouver Island,12,352.26,0.01,4663.57,264.99,3179.88,147.35
2025-07-01,B04,Beef,Online Direct,BC Interior,12,352.26,0.00,4720.18,264.20,3170.40,145.24
2025-07-01,P01,Pork,Restaurants,Lower Mainland,408,135.96,0.00,55360.79,94.98,38751.84,663.86
2025-07-01,P01,Pork,Restaurants,Vancouver Island,155,135.96,0.01,20799.55,95.27,14766.85,552.59
2025-07-01,P01,Pork,Restaurants,BC Interior,146,135.96,0.01,19572.73,95.46,13937.16,597.05
2025-07-01,P01,Pork,Grocery Retail,Lower Mainland,291,135.96,0.01,34433.24,95.08,27668.28,488.21
2025-07-01,P01,Pork,Grocery Retail,Vancouver Island,104,135.96,0.02,12194.99,95.27,9908.08,363.92
2025-07-01,P01,Pork,Grocery Retail,BC Interior,104,135.96,0.03,12070.13,95.17,9897.68,411.64
2025-07-01,P01,Pork,Hotels & Institutions,Lower Mainland,169,135.96,0.01,21610.44,95.46,16132.74,267.53
2025-07-01,P01,Pork,Hotels & Institutions,Vancouver Island,60,135.96,0.01,7648.74,95.46,5727.60,214.11
2025-07-01,P01,Pork,Hotels & Institutions,BC Interior,62,135.96,0.00,7976.01,95.08,5894.96,240.47
2025-07-01,P01,Pork,Online Direct,Lower Mainland,78,135.96,0.00,11829.99,95.27,7431.06,794.25
2025-07-01,P01,Pork,Online Direct,Vancouver Island,27,135.96,0.01,4082.58,94.89,2562.03,316.03
2025-07-01,P01,Pork,Online Direct,BC Interior,28,135.96,0.01,4208.28,95.17,2664.76,355.67
2025-07-01,P02,Pork,Restaurants,Lower Mainland,290,107.12,0.01,30754.90,73.84,21413.60,465.71
2025-07-01,P02,Pork,Restaurants,Vancouver Island,108,107.12,0.00,11499.64,74.13,8006.04,370.80
2025-07-01,P02,Pork,Restaurants,BC Interior,108,107.12,0.01,11510.84,73.76,7966.08,441.65
2025-07-01,P02,Pork,Grocery Retail,Lower Mainland,193,107.12,0.00,18193.19,73.69,14222.17,314.66
2025-07-01,P02,Pork,Grocery Retail,Vancouver Island,75,107.12,0.01,7034.32,73.76,5532.00,257.24
2025-07-01,P02,Pork,Grocery Retail,BC Interior,74,107.12,0.03,6758.95,74.06,5480.44,302.61
2025-07-01,P02,Pork,Hotels & Institutions,Lower Mainland,121,107.12,0.01,12177.26,73.84,8934.64,201.42
2025-07-01,P02,Pork,Hotels & Institutions,Vancouver Island,44,107.12,0.01,4459.68,74.13,3261.72,153.05
2025-07-01,P02,Pork,Hotels & Institutions,BC Interior,43,107.12,0.01,4323.43,73.84,3175.12,169.86
2025-07-01,P02,Pork,Online Direct,Lower Mainland,55,107.12,0.01,6526.01,73.76,4056.80,552.24
2025-07-01,P02,Pork,Online Direct,Vancouver Island,20,107.12,0.01,2361.16,73.84,1476.80,243.91
2025-07-01,P02,Pork,Online Direct,BC Interior,20,107.12,0.01,2377.94,73.91,1478.20,243.82
2025-07-01,P03,Pork,Restaurants,Lower Mainland,266,150.38,0.01,39640.19,105.70,28116.20,437.15
2025-07-01,P03,Pork,Restaurants,Vancouver Island,97,150.38,0.01,14455.43,106.34,10314.98,333.70
2025-07-01,P03,Pork,Restaurants,BC Interior,91,150.38,0.01,13574.65,106.23,9666.93,360.19
2025-07-01,P03,Pork,Grocery Retail,Lower Mainland,174,150.38,0.03,22379.31,105.91,18428.34,291.92
2025-07-01,P03,Pork,Grocery Retail,Vancouver Island,65,150.38,0.04,8291.76,106.02,6891.30,226.77
2025-07-01,P03,Pork,Grocery Retail,BC Interior,62,150.38,0.03,7910.17,105.70,6553.40,240.96
2025-07-01,P03,Pork,Hotels & Institutions,Lower Mainland,110,150.38,0.00,15604.90,106.34,11697.40,180.42
2025-07-01,P03,Pork,Hotels & Institutions,Vancouver Island,40,150.38,0.01,5708.61,105.91,4236.40,135.95
2025-07-01,P03,Pork,Hotels & Institutions,BC Interior,37,150.38,0.01,5264.65,106.02,3922.74,147.77
2025-07-01,P03,Pork,Online Direct,Lower Mainland,46,150.38,0.01,7646.63,105.91,4871.86,469.80
2025-07-01,P03,Pork,Online Direct,Vancouver Island,17,150.38,0.01,2840.33,106.23,1805.91,200.81
2025-07-01,P03,Pork,Online Direct,BC Interior,17,150.38,0.01,2831.82,106.34,1807.78,216.16
2025-07-01,P04,Pork,Restaurants,Lower Mainland,391,94.76,0.01,36754.42,65.92,25774.72,655.34
2025-07-01,P04,Pork,Restaurants,Vancouver Island,138,94.76,0.00,13050.74,65.73,9070.74,485.28
2025-07-01,P04,Pork,Restaurants,BC Interior,138,94.76,0.00,13024.62,65.79,9079.02,559.94
2025-07-01,P04,Pork,Grocery Retail,Lower Mainland,258,94.76,0.01,21213.63,65.86,16991.88,422.74
2025-07-01,P04,Pork,Grocery Retail,Vancouver Island,92,94.76,0.00,7618.16,65.79,6052.68,321.93
2025-07-01,P04,Pork,Grocery Retail,BC Interior,95,94.76,0.04,7635.48,65.86,6256.70,370.35
2025-07-01,P04,Pork,Hotels & Institutions,Lower Mainland,152,94.76,0.01,13532.83,66.06,10041.12,240.87
2025-07-01,P04,Pork,Hotels & Institutions,Vancouver Island,54,94.76,0.01,4812.65,65.79,3552.66,186.52
2025-07-01,P04,Pork,Hotels & Institutions,BC Interior,56,94.76,0.01,4965.84,65.99,3695.44,228.78
2025-07-01,P04,Pork,Online Direct,Lower Mainland,70,94.76,0.01,7391.93,65.92,4614.40,719.88
2025-07-01,P04,Pork,Online Direct,Vancouver Island,26,94.76,0.01,2718.09,65.73,1708.98,307.75
2025-07-01,P04,Pork,Online Direct,BC Interior,24,94.76,0.01,2501.41,65.66,1575.84,297.68
2025-07-01,C01,Poultry,Restaurants,Lower Mainland,662,80.34,0.01,52972.07,58.07,38442.34,1066.34
2025-07-01,C01,Poultry,Restaurants,Vancouver Island,252,80.34,0.00,20225.19,58.07,14633.64,866.94
2025-07-01,C01,Poultry,Restaurants,BC Interior,246,80.34,0.00,19684.64,58.13,14299.98,1002.07
2025-07-01,C01,Poultry,Grocery Retail,Lower Mainland,462,80.34,0.03,31750.92,58.25,26911.50,775.85
2025-07-01,C01,Poultry,Grocery Retail,Vancouver Island,161,80.34,0.03,11063.18,58.36,9395.96,549.97
2025-07-01,C01,Poultry,Grocery Retail,BC Interior,160,80.34,0.01,11221.15,58.42,9347.20,647.30
2025-07-01,C01,Poultry,Hotels & Institutions,Lower Mainland,265,80.34,0.01,20043.12,58.07,15388.55,425.13
2025-07-01,C01,Poultry,Hotels & Institutions,Vancouver Island,98,80.34,0.01,7449.70,58.25,5708.50,334.09
2025-07-01,C01,Poultry,Hotels & Institutions,BC Interior,95,80.34,0.01,7207.18,58.42,5549.90,368.46
2025-07-01,C01,Poultry,Online Direct,Lower Mainland,123,80.34,0.00,11023.40,58.36,7178.28,1223.80
2025-07-01,C01,Poultry,Online Direct,Vancouver Island,44,80.34,0.00,3931.49,58.30,2565.20,529.75
2025-07-01,C01,Poultry,Online Direct,BC Interior,43,80.34,0.01,3857.53,58.36,2509.48,544.60
2025-07-01,C02,Poultry,Restaurants,Lower Mainland,568,127.72,0.01,71456.79,92.23,52386.64,920.49
2025-07-01,C02,Poultry,Restaurants,Vancouver Island,215,127.72,0.01,27048.29,91.68,19711.20,765.01
2025-07-01,C02,Poultry,Restaurants,BC Interior,205,127.72,0.01,25738.86,91.96,18851.80,792.66
2025-07-01,C02,Poultry,Grocery Retail,Lower Mainland,415,127.72,0.02,45388.26,91.68,38047.20,690.83
2025-07-01,C02,Poultry,Grocery Retail,Vancouver Island,139,127.72,0.03,15107.66,91.96,12782.44,477.23
2025-07-01,C02,Poultry,Grocery Retail,BC Interior,145,127.72,0.01,16069.45,92.14,13360.30,586.04
2025-07-01,C02,Poultry,Hotels & Institutions,Lower Mainland,243,127.72,0.01,29190.03,92.14,22390.02,385.47
2025-07-01,C02,Poultry,Hotels & Institutions,Vancouver Island,89,127.72,0.01,10658.02,91.77,8167.53,308.34
2025-07-01,C02,Poultry,Hotels & Institutions,BC Interior,89,127.72,0.01,10723.05,92.23,8208.47,356.87
2025-07-01,C02,Poultry,Online Direct,Lower Mainland,104,127.72,0.00,14921.40,91.96,9563.84,1048.46
2025-07-01,C02,Poultry,Online Direct,Vancouver Island,37,127.72,0.01,5239.84,92.23,3412.51,431.75
2025-07-01,C02,Poultry,Online Direct,BC Interior,39,127.72,0.01,5539.71,92.14,3593.46,500.27
2025-07-01,C03,Poultry,Restaurants,Lower Mainland,490,98.88,0.00,48209.23,70.84,34711.60,798.88
2025-07-01,C03,Poultry,Restaurants,Vancouver Island,176,98.88,0.01,17333.06,70.84,12467.84,617.08
2025-07-01,C03,Poultry,Restaurants,BC Interior,178,98.88,0.01,17354.94,70.70,12584.60,692.51
2025-07-01,C03,Poultry,Grocery Retail,Lower Mainland,338,98.88,0.03,28674.01,70.49,23825.62,542.79
2025-07-01,C03,Poultry,Grocery Retail,Vancouver Island,123,98.88,0.01,10500.06,70.63,8687.49,420.59
2025-07-01,C03,Poultry,Grocery Retail,BC Interior,123,98.88,0.01,10584.59,70.63,8687.49,496.14
2025-07-01,C03,Poultry,Hotels & Institutions,Lower Mainland,198,98.88,0.01,18320.34,70.91,14040.18,324.43
2025-07-01,C03,Poultry,Hotels & Institutions,Vancouver Island,69,98.88,0.01,6429.52,70.49,4863.81,232.35
2025-07-01,C03,Poultry,Hotels & Institutions,BC Interior,70,98.88,0.01,6490.04,70.91,4963.70,286.54
2025-07-01,C03,Poultry,Online Direct,Lower Mainland,89,98.88,0.01,9738.35,70.91,6310.99,899.04
2025-07-01,C03,Poultry,Online Direct,Vancouver Island,33,98.88,0.01,3632.68,70.77,2335.41,385.07
2025-07-01,C03,Poultry,Online Direct,BC Interior,31,98.88,0.01,3409.02,70.77,2193.87,382.95
2025-07-01,C04,Poultry,Restaurants,Lower Mainland,113,193.64,0.01,21728.28,135.55,15317.15,183.86
2025-07-01,C04,Poultry,Restaurants,Vancouver Island,42,193.64,0.01,8011.00,135.28,5681.76,142.31
2025-07-01,C04,Poultry,Restaurants,BC Interior,42,193.64,0.01,8027.15,135.14,5675.88,167.91
2025-07-01,C04,Poultry,Grocery Retail,Lower Mainland,77,193.64,0.00,13081.63,135.95,10468.15,124.53
2025-07-01,C04,Poultry,Grocery Retail,Vancouver Island,28,193.64,0.01,4718.81,135.41,3791.48,95.45
2025-07-01,C04,Poultry,Grocery Retail,BC Interior,27,193.64,0.02,4495.42,135.41,3656.07,107.73
2025-07-01,C04,Poultry,Hotels & Institutions,Lower Mainland,47,193.64,0.01,8568.21,135.28,6358.16,77.01
2025-07-01,C04,Poultry,Hotels & Institutions,Vancouver Island,17,193.64,0.01,3092.96,135.14,2297.38,57.84
2025-07-01,C04,Poultry,Hotels & Institutions,BC Interior,16,193.64,0.01,2908.10,135.95,2175.20,62.57
2025-07-01,C04,Poultry,Online Direct,Lower Mainland,21,193.64,0.01,4517.76,135.68,2849.28,208.52
2025-07-01,C04,Poultry,Online Direct,Vancouver Island,8,193.64,0.00,1731.54,135.68,1085.44,95.84
2025-07-01,C04,Poultry,Online Direct,BC Interior,7,193.64,0.01,1499.97,135.55,948.85,88.66
2025-07-01,S01,Seafood,Restaurants,Lower Mainland,363,181.28,0.01,65410.14,137.14,49781.82,607.23
2025-07-01,S01,Seafood,Restaurants,Vancouver Island,123,181.28,0.01,22074.47,137.00,16851.00,430.83
2025-07-01,S01,Seafood,Restaurants,BC Interior,132,181.28,0.01,23665.74,136.87,18066.84,533.50
2025-07-01,S01,Seafood,Grocery Retail,Lower Mainland,240,181.28,0.02,37635.47,137.14,32913.60,393.25
2025-07-01,S01,Seafood,Grocery Retail,Vancouver Island,85,181.28,0.01,13369.70,136.59,11610.15,286.23
2025-07-01,S01,Seafood,Grocery Retail,BC Interior,88,181.28,0.04,13532.42,137.14,12068.32,356.02
2025-07-01,S01,Seafood,Hotels & Institutions,Lower Mainland,150,181.28,0.01,25445.59,136.59,20488.50,237.70
2025-07-01,S01,Seafood,Hotels & Institutions,Vancouver Island,50,181.28,0.00,8619.31,136.87,6843.50,169.06
2025-07-01,S01,Seafood,Hotels & Institutions,BC Interior,53,181.28,0.00,9081.85,136.46,7232.38,212.31
2025-07-01,S01,Seafood,Online Direct,Lower Mainland,62,181.28,0.01,12449.97,137.00,8494.00,629.44
2025-07-01,S01,Seafood,Online Direct,Vancouver Island,23,181.28,0.01,4646.26,136.87,3148.01,273.61
2025-07-01,S01,Seafood,Online Direct,BC Interior,24,181.28,0.01,4819.29,136.73,3281.52,306.36
2025-07-01,S02,Seafood,Restaurants,Lower Mainland,150,220.42,0.00,32897.82,165.48,24822.00,245.53
2025-07-01,S02,Seafood,Restaurants,Vancouver Island,55,220.42,0.00,12074.66,165.48,9101.40,193.98
2025-07-01,S02,Seafood,Restaurants,BC Interior,54,220.42,0.01,11806.89,165.81,8953.74,209.01
2025-07-01,S02,Seafood,Grocery Retail,Lower Mainland,101,220.42,0.03,19060.84,165.81,16746.81,165.33
2025-07-01,S02,Seafood,Grocery Retail,Vancouver Island,38,220.42,0.03,7156.63,165.48,6288.24,129.02
2025-07-01,S02,Seafood,Grocery Retail,BC Interior,38,220.42,0.02,7222.92,165.48,6288.24,147.38
2025-07-01,S02,Seafood,Hotels & Institutions,Lower Mainland,61,220.42,0.00,12786.11,165.32,10084.52,100.15
2025-07-01,S02,Seafood,Hotels & Institutions,Vancouver Island,23,220.42,0.01,4777.72,165.32,3802.36,78.73
2025-07-01,S02,Seafood,Hotels & Institutions,BC Interior,22,220.42,0.01,4555.98,165.65,3644.30,87.52
2025-07-01,S02,Seafood,Online Direct,Lower Mainland,28,220.42,0.00,6933.08,164.98,4619.44,275.47
2025-07-01,S02,Seafood,Online Direct,Vancouver Island,10,220.42,0.01,2446.43,164.98,1649.80,117.88
2025-07-01,S02,Seafood,Online Direct,BC Interior,10,220.42,0.01,2456.30,165.65,1656.50,123.78
2025-07-01,S03,Seafood,Restaurants,Lower Mainland,95,314.15,0.01,29514.71,233.57,22189.15,152.40
2025-07-01,S03,Seafood,Restaurants,Vancouver Island,35,314.15,0.01,10896.29,233.81,8183.35,122.84
2025-07-01,S03,Seafood,Restaurants,BC Interior,35,314.15,0.01,10895.90,234.28,8199.80,139.79
2025-07-01,S03,Seafood,Grocery Retail,Lower Mainland,61,314.15,0.01,16577.40,234.51,14305.11,98.56
2025-07-01,S03,Seafood,Grocery Retail,Vancouver Island,24,314.15,0.01,6574.79,234.28,5622.72,84.15
2025-07-01,S03,Seafood,Grocery Retail,BC Interior,24,314.15,0.03,6429.37,233.81,5611.44,96.14
2025-07-01,S03,Seafood,Hotels & Institutions,Lower Mainland,39,314.15,0.00,11557.92,233.34,9100.26,62.18
2025-07-01,S03,Seafood,Hotels & Institutions,Vancouver Island,14,314.15,0.01,4140.50,233.81,3273.34,48.60
2025-07-01,S03,Seafood,Hotels & Institutions,BC Interior,14,314.15,0.00,4182.32,234.28,3279.92,54.08
2025-07-01,S03,Seafood,Online Direct,Lower Mainland,18,314.15,0.01,6269.86,234.51,4221.18,183.47
2025-07-01,S03,Seafood,Online Direct,Vancouver Island,6,314.15,0.01,2079.51,233.81,1402.86,73.24
2025-07-01,S03,Seafood,Online Direct,BC Interior,6,314.15,0.01,2081.58,233.34,1400.04,74.34
2025-07-01,S04,Seafood,Restaurants,Lower Mainland,180,142.14,0.01,25354.01,106.50,19170.00,291.70
2025-07-01,S04,Seafood,Restaurants,Vancouver Island,63,142.14,0.01,8927.70,106.60,6715.80,222.64
2025-07-01,S04,Seafood,Restaurants,BC Interior,63,142.14,0.01,8847.65,106.82,6729.66,247.61
2025-07-01,S04,Seafood,Grocery Retail,Lower Mainland,117,142.14,0.04,14035.30,106.29,12435.93,190.56
2025-07-01,S04,Seafood,Grocery Retail,Vancouver Island,42,142.14,0.01,5180.01,106.82,4486.44,149.59
2025-07-01,S04,Seafood,Grocery Retail,BC Interior,44,142.14,0.03,5366.07,106.50,4686.00,169.78
2025-07-01,S04,Seafood,Hotels & Institutions,Lower Mainland,70,142.14,0.00,9461.71,106.50,7455.00,112.53
2025-07-01,S04,Seafood,Hotels & Institutions,Vancouver Island,27,142.14,0.00,3642.20,106.29,2869.83,96.45
2025-07-01,S04,Seafood,Hotels & Institutions,BC Interior,27,142.14,0.00,3624.05,106.92,2886.84,106.76
2025-07-01,S04,Seafood,Online Direct,Lower Mainland,33,142.14,0.01,5211.50,106.92,3528.36,331.35
2025-07-01,S04,Seafood,Online Direct,Vancouver Island,12,142.14,0.00,1916.09,106.60,1279.20,143.04
2025-07-01,S04,Seafood,Online Direct,BC Interior,11,142.14,0.01,1721.45,106.29,1169.19,140.69
2025-07-01,H01,Charcuterie,Restaurants,Lower Mainland,156,193.64,0.01,29906.40,112.20,17503.20,259.17
2025-07-01,H01,Charcuterie,Restaurants,Vancouver Island,59,193.64,0.00,11413.31,112.20,6619.80,205.64
2025-07-01,H01,Charcuterie,Restaurants,BC Interior,58,193.64,0.01,11174.90,112.42,6520.36,224.03
2025-07-01,H01,Charcuterie,Grocery Retail,Lower Mainland,108,193.64,0.01,18164.52,112.42,12141.36,173.79
2025-07-01,H01,Charcuterie,Grocery Retail,Vancouver Island,42,193.64,0.02,6992.87,112.65,4731.30,145.07
2025-07-01,H01,Charcuterie,Grocery Retail,BC Interior,42,193.64,0.02,7006.64,112.42,4721.64,168.41
2025-07-01,H01,Charcuterie,Hotels & Institutions,Lower Mainland,65,193.64,0.01,11873.57,112.65,7322.25,103.96
2025-07-01,H01,Charcuterie,Hotels & Institutions,Vancouver Island,25,193.64,0.01,4580.53,112.65,2816.25,85.05
2025-07-01,H01,Charcuterie,Hotels & Institutions,BC Interior,24,193.64,0.01,4384.11,111.97,2687.28,97.29
2025-07-01,H01,Charcuterie,Online Direct,Lower Mainland,30,193.64,0.01,6454.12,112.42,3372.60,295.75
2025-07-01,H01,Charcuterie,Online Direct,Vancouver Island,10,193.64,0.00,2177.44,112.20,1122.00,117.53
2025-07-01,H01,Charcuterie,Online Direct,BC Interior,10,193.64,0.01,2138.37,112.54,1125.40,125.65
2025-07-01,H02,Charcuterie,Restaurants,Lower Mainland,148,160.68,0.01,23685.40,92.11,13632.28,235.98
2025-07-01,H02,Charcuterie,Restaurants,Vancouver Island,53,160.68,0.01,8405.64,92.11,4881.83,183.07
2025-07-01,H02,Charcuterie,Restaurants,BC Interior,51,160.68,0.01,8145.18,92.11,4697.61,201.66
2025-07-01,H02,Charcuterie,Grocery Retail,Lower Mainland,101,160.68,0.02,14094.90,92.67,9359.67,162.85
2025-07-01,H02,Charcuterie,Grocery Retail,Vancouver Island,36,160.68,0.00,5059.84,92.21,3319.56,123.10
2025-07-01,H02,Charcuterie,Grocery Retail,BC Interior,35,160.68,0.01,4904.15,92.11,3223.85,139.37
2025-07-01,H02,Charcuterie,Hotels & Institutions,Lower Mainland,60,160.68,0.00,9167.92,92.30,5538.00,99.88
2025-07-01,H02,Charcuterie,Hotels & Institutions,Vancouver Island,21,160.68,0.01,3186.35,92.11,1934.31,70.93
2025-07-01,H02,Charcuterie,Hotels & Institutions,BC Interior,21,160.68,0.01,3186.35,92.48,1942.08,84.46
2025-07-01,H02,Charcuterie,Online Direct,Lower Mainland,25,160.68,0.00,4472.08,92.39,2309.75,253.30
2025-07-01,H02,Charcuterie,Online Direct,Vancouver Island,10,160.68,0.01,1783.35,92.39,923.90,121.12
2025-07-01,H02,Charcuterie,Online Direct,BC Interior,9,160.68,0.01,1600.24,92.30,830.70,113.31
2025-07-01,H03,Charcuterie,Restaurants,Lower Mainland,74,210.12,0.00,15533.14,123.72,9155.28,120.28
2025-07-01,H03,Charcuterie,Restaurants,Vancouver Island,26,210.12,0.00,5430.38,124.09,3226.34,92.87
2025-07-01,H03,Charcuterie,Restaurants,BC Interior,26,210.12,0.01,5430.34,124.34,3232.84,101.57
2025-07-01,H03,Charcuterie,Grocery Retail,Lower Mainland,52,210.12,0.02,9423.14,123.60,6427.20,86.48
2025-07-01,H03,Charcuterie,Grocery Retail,Vancouver Island,18,210.12,0.02,3251.82,124.09,2233.62,63.42
2025-07-01,H03,Charcuterie,Grocery Retail,BC Interior,18,210.12,0.03,3215.54,123.85,2229.30,73.32
2025-07-01,H03,Charcuterie,Hotels & Institutions,Lower Mainland,30,210.12,0.00,5946.57,123.85,3715.50,47.59
2025-07-01,H03,Charcuterie,Hotels & Institutions,Vancouver Island,11,210.12,0.01,2176.02,123.60,1359.60,38.80
2025-07-01,H03,Charcuterie,Hotels & Institutions,BC Interior,10,210.12,0.01,1984.11,124.22,1242.20,39.90
2025-07-01,H03,Charcuterie,Online Direct,Lower Mainland,13,210.12,0.00,3050.18,123.85,1610.05,134.22
2025-07-01,H03,Charcuterie,Online Direct,Vancouver Island,5,210.12,0.01,1154.39,124.22,621.10,60.08
2025-07-01,H03,Charcuterie,Online Direct,BC Interior,5,210.12,0.01,1164.92,124.09,620.45,62.20
2025-07-01,H04,Charcuterie,Restaurants,Lower Mainland,127,98.88,0.01,12419.62,56.25,7143.75,208.30
2025-07-01,H04,Charcuterie,Restaurants,Vancouver Island,47,98.88,0.01,4587.00,56.42,2651.74,159.08
2025-07-01,H04,Charcuterie,Restaurants,BC Interior,46,98.88,0.00,4530.30,56.25,2587.50,187.56
2025-07-01,H04,Charcuterie,Grocery Retail,Lower Mainland,84,98.88,0.04,7031.99,56.31,4730.04,135.99
2025-07-01,H04,Charcuterie,Grocery Retail,Vancouver Island,32,98.88,0.04,2670.62,56.36,1803.52,108.65
2025-07-01,H04,Charcuterie,Grocery Retail,BC Interior,33,98.88,0.03,2776.62,56.25,1856.25,127.60
2025-07-01,H04,Charcuterie,Hotels & Institutions,Lower Mainland,53,98.88,0.00,4973.62,56.19,2978.07,88.23
2025-07-01,H04,Charcuterie,Hotels & Institutions,Vancouver Island,19,98.88,0.01,1759.87,56.53,1074.07,65.10
2025-07-01,H04,Charcuterie,Hotels & Institutions,BC Interior,18,98.88,0.01,1665.56,56.36,1014.48,70.60
2025-07-01,H04,Charcuterie,Online Direct,Lower Mainland,23,98.88,0.01,2519.20,56.31,1295.13,227.21
2025-07-01,H04,Charcuterie,Online Direct,Vancouver Island,8,98.88,0.00,884.19,56.25,450.00,98.23
2025-07-01,H04,Charcuterie,Online Direct,BC Interior,9,98.88,0.01,983.75,56.53,508.77,115.56
2025-07-01,D01,Cheese & Dairy,Restaurants,Lower Mainland,216,146.26,0.01,31024.92,90.95,19645.20,343.70
2025-07-01,D01,Cheese & Dairy,Restaurants,Vancouver Island,77,146.26,0.00,11183.32,90.41,6961.57,273.44
2025-07-01,D01,Cheese & Dairy,Restaurants,BC Interior,78,146.26,0.00,11351.28,90.77,7080.06,304.39
2025-07-01,D01,Cheese & Dairy,Grocery Retail,Lower Mainland,147,146.26,0.01,18637.07,90.95,13369.65,246.38
2025-07-01,D01,Cheese & Dairy,Grocery Retail,Vancouver Island,50,146.26,0.01,6377.57,90.68,4534.00,178.43
2025-07-01,D01,Cheese & Dairy,Grocery Retail,BC Interior,52,146.26,0.03,6498.56,90.50,4706.00,205.20
2025-07-01,D01,Cheese & Dairy,Hotels & Institutions,Lower Mainland,85,146.26,0.00,11763.25,90.95,7730.75,140.11
2025-07-01,D01,Cheese & Dairy,Hotels & Institutions,Vancouver Island,30,146.26,0.00,4139.28,90.50,2715.00,101.54
2025-07-01,D01,Cheese & Dairy,Hotels & Institutions,BC Interior,32,146.26,0.01,4406.35,90.86,2907.52,128.70
2025-07-01,D01,Cheese & Dairy,Online Direct,Lower Mainland,37,146.26,0.01,5993.98,90.41,3345.17,367.39
2025-07-01,D01,Cheese & Dairy,Online Direct,Vancouver Island,14,146.26,0.00,2291.06,90.68,1269.52,162.69
2025-07-01,D01,Cheese & Dairy,Online Direct,BC Interior,14,146.26,0.01,2256.73,90.86,1272.04,172.60
2025-07-01,D02,Cheese & Dairy,Restaurants,Lower Mainland,174,121.54,0.01,20998.99,74.97,13044.78,291.92
2025-07-01,D02,Cheese & Dairy,Restaurants,Vancouver Island,66,121.54,0.00,8005.60,74.67,4928.22,227.29
2025-07-01,D02,Cheese & Dairy,Restaurants,BC Interior,66,121.54,0.01,7965.25,74.52,4918.32,269.11
2025-07-01,D02,Cheese & Dairy,Grocery Retail,Lower Mainland,127,121.54,0.02,13258.40,74.82,9502.14,210.58
2025-07-01,D02,Cheese & Dairy,Grocery Retail,Vancouver Island,43,121.54,0.00,4599.07,74.67,3210.81,153.15
2025-07-01,D02,Cheese & Dairy,Grocery Retail,BC Interior,46,121.54,0.01,4870.62,74.60,3431.60,178.78
2025-07-01,D02,Cheese & Dairy,Hotels & Institutions,Lower Mainland,71,121.54,0.00,8181.41,74.60,5296.60,118.77
2025-07-01,D02,Cheese & Dairy,Hotels & Institutions,Vancouver Island,26,121.54,0.01,2957.01,74.60,1939.60,88.27
2025-07-01,D02,Cheese & Dairy,Hotels & Institutions,BC Interior,26,121.54,0.00,3002.04,74.60,1939.60,100.74
2025-07-01,D02,Cheese & Dairy,Online Direct,Lower Mainland,34,121.54,0.00,4632.84,74.90,2546.60,339.32
2025-07-01,D02,Cheese & Dairy,Online Direct,Vancouver Island,12,121.54,0.00,1631.86,74.75,897.00,143.19
2025-07-01,D02,Cheese & Dairy,Online Direct,BC Interior,12,121.54,0.00,1630.23,74.75,897.00,148.84
2025-07-01,D03,Cheese & Dairy,Restaurants,Lower Mainland,93,243.08,0.01,22448.01,153.60,14284.80,155.87
2025-07-01,D03,Cheese & Dairy,Restaurants,Vancouver Island,34,243.08,0.00,8231.69,153.14,5206.76,120.15
2025-07-01,D03,Cheese & Dairy,Restaurants,BC Interior,35,243.08,0.01,8405.32,153.29,5365.15,136.17
2025-07-01,D03,Cheese & Dairy,Grocery Retail,Lower Mainland,63,243.08,0.04,13017.69,152.68,9618.84,105.08
2025-07-01,D03,Cheese & Dairy,Grocery Retail,Vancouver Island,23,243.08,0.03,4758.02,152.99,3518.77,81.76
2025-07-01,D03,Cheese & Dairy,Grocery Retail,BC Interior,23,243.08,0.00,4905.19,153.29,3525.67,89.57
2025-07-01,D03,Cheese & Dairy,Hotels & Institutions,Lower Mainland,40,243.08,0.00,9237.04,152.68,6107.20,67.11
2025-07-01,D03,Cheese & Dairy,Hotels & Institutions,Vancouver Island,14,243.08,0.00,3229.72,153.29,2146.06,47.34
2025-07-01,D03,Cheese & Dairy,Hotels & Institutions,BC Interior,14,243.08,0.01,3181.36,152.99,2141.86,57.36
2025-07-01,D03,Cheese & Dairy,Online Direct,Lower Mainland,18,243.08,0.01,4831.95,153.45,2762.10,177.82
2025-07-01,D03,Cheese & Dairy,Online Direct,Vancouver Island,6,243.08,0.01,1626.93,152.83,916.98,70.95
2025-07-01,D03,Cheese & Dairy,Online Direct,BC Interior,6,243.08,0.01,1617.19,152.99,917.94,76.22
2025-07-01,D04,Cheese & Dairy,Restaurants,Lower Mainland,249,88.58,0.01,21769.02,54.14,13480.86,415.71
2025-07-01,D04,Cheese & Dairy,Restaurants,Vancouver Island,90,88.58,0.01,7916.16,53.87,4848.30,316.80
2025-07-01,D04,Cheese & Dairy,Restaurants,BC Interior,93,88.58,0.01,8155.76,54.09,5030.37,378.83
2025-07-01,D04,Cheese & Dairy,Grocery Retail,Lower Mainland,176,88.58,0.03,13322.48,54.03,9509.28,281.49
2025-07-01,D04,Cheese & Dairy,Grocery Retail,Vancouver Island,62,88.58,0.02,4760.06,53.93,3343.66,216.31
2025-07-01,D04,Cheese & Dairy,Grocery Retail,BC Interior,63,88.58,0.03,4759.05,53.98,3400.74,256.88
2025-07-01,D04,Cheese & Dairy,Hotels & Institutions,Lower Mainland,107,88.58,0.01,8869.22,54.14,5792.98,169.73
2025-07-01,D04,Cheese & Dairy,Hotels & Institutions,Vancouver Island,39,88.58,0.01,3245.88,53.87,2100.93,136.06
2025-07-01,D04,Cheese & Dairy,Hotels & Institutions,BC Interior,37,88.58,0.01,3066.88,54.09,2001.33,147.04
2025-07-01,D04,Cheese & Dairy,Online Direct,Lower Mainland,47,88.58,0.00,4672.16,53.93,2534.71,468.11
2025-07-01,D04,Cheese & Dairy,Online Direct,Vancouver Island,17,88.58,0.00,1681.50,53.93,916.81,206.71
2025-07-01,D04,Cheese & Dairy,Online Direct,BC Interior,18,88.58,0.01,1760.75,53.87,969.66,221.46
2025-08-01,B01,Beef,Restaurants,Lower Mainland,301,276.04,0.01,82669.61,204.47,61545.47,481.41
2025-08-01,B01,Beef,Restaurants,Vancouver Island,109,276.04,0.00,30058.21,204.47,22287.23,383.68
2025-08-01,B01,Beef,Restaurants,BC Interior,116,276.04,0.01,31700.72,204.88,23766.08,450.37
2025-08-01,B01,Beef,Grocery Retail,Lower Mainland,219,276.04,0.02,52190.21,203.86,44645.34,356.34
2025-08-01,B01,Beef,Grocery Retail,Vancouver Island,78,276.04,0.03,18435.81,204.07,15917.46,263.74
2025-08-01,B01,Beef,Grocery Retail,BC Interior,75,276.04,0.01,18127.11,204.07,15305.25,296.56
2025-08-01,B01,Beef,Hotels & Institutions,Lower Mainland,131,276.04,0.00,34353.04,204.47,26785.57,218.50
2025-08-01,B01,Beef,Hotels & Institutions,Vancouver Island,48,276.04,0.01,12449.26,204.07,9795.36,162.80
2025-08-01,B01,Beef,Hotels & Institutions,BC Interior,45,276.04,0.01,11623.70,204.47,9201.15,180.26
2025-08-01,B01,Beef,Online Direct,Lower Mainland,54,276.04,0.00,16594.88,204.68,11052.72,549.86
2025-08-01,B01,Beef,Online Direct,Vancouver Island,20,276.04,0.00,6170.93,204.88,4097.60,235.53
2025-08-01,B01,Beef,Online Direct,BC Interior,20,276.04,0.01,6109.02,204.68,4093.60,255.30
2025-08-01,B02,Beef,Restaurants,Lower Mainland,830,121.54,0.01,100371.39,89.15,73994.50,1346.43
2025-08-01,B02,Beef,Restaurants,Vancouver Island,316,121.54,0.00,38483.45,89.15,28171.40,1089.31
2025-08-01,B02,Beef,Restaurants,BC Interior,298,121.54,0.00,36037.97,89.15,26566.70,1180.70
2025-08-01,B02,Beef,Grocery Retail,Lower Mainland,573,121.54,0.04,58598.58,89.15,51082.95,960.38
2025-08-01,B02,Beef,Grocery Retail,Vancouver Island,203,121.54,0.02,21298.47,89.33,18133.99,687.11
2025-08-01,B02,Beef,Grocery Retail,BC Interior,209,121.54,0.01,22196.18,89.15,18632.35,828.91
2025-08-01,B02,Beef,Hotels & Institutions,Lower Mainland,355,121.54,0.01,40619.56,89.60,31808.00,594.42
2025-08-01,B02,Beef,Hotels & Institutions,Vancouver Island,122,121.54,0.01,13987.88,89.33,10898.26,418.02
2025-08-01,B02,Beef,Hotels & Institutions,BC Interior,127,121.54,0.01,14488.13,89.15,11322.05,495.10
2025-08-01,B02,Beef,Online Direct,Lower Mainland,156,121.54,0.01,21107.72,89.24,13921.44,1548.98
2025-08-01,B02,Beef,Online Direct,Vancouver Island,54,121.54,0.01,7284.51,89.51,4833.54,633.35
2025-08-01,B02,Beef,Online Direct,BC Interior,57,121.54,0.01,7743.48,89.15,5081.55,724.76
2025-08-01,B03,Beef,Restaurants,Lower Mainland,366,201.88,0.01,73224.12,150.85,55211.10,614.63
2025-08-01,B03,Beef,Restaurants,Vancouver Island,133,201.88,0.01,26527.09,150.85,20063.05,452.48
2025-08-01,B03,Beef,Restaurants,BC Interior,130,201.88,0.01,26086.23,150.25,19532.50,523.86
2025-08-01,B03,Beef,Grocery Retail,Lower Mainland,243,201.88,0.03,41833.04,150.70,36620.10,408.08
2025-08-01,B03,Beef,Grocery Retail,Vancouver Island,93,201.88,0.00,16439.35,150.40,13987.20,313.17
2025-08-01,B03,Beef,Grocery Retail,BC Interior,87,201.88,0.02,15147.11,150.85,13123.95,340.55
2025-08-01,B03,Beef,Hotels & Institutions,Lower Mainland,155,201.88,0.01,29488.75,149.95,23242.25,257.51
2025-08-01,B03,Beef,Hotels & Institutions,Vancouver Island,53,201.88,0.01,10093.42,149.95,7947.35,183.62
2025-08-01,B03,Beef,Hotels & Institutions,BC Interior,57,201.88,0.01,10767.82,150.70,8589.90,224.03
2025-08-01,B03,Beef,Online Direct,Lower Mainland,68,201.88,0.01,15190.99,150.10,10206.80,701.38
2025-08-01,B03,Beef,Online Direct,Vancouver Island,24,201.88,0.01,5383.16,150.70,3616.80,288.96
2025-08-01,B03,Beef,Online Direct,BC Interior,25,201.88,0.00,5630.03,149.95,3748.75,321.00
2025-08-01,B04,Beef,Restaurants,Lower Mainland,175,352.26,0.01,60904.03,263.93,46187.75,286.46
2025-08-01,B04,Beef,Restaurants,Vancouver Island,66,352.26,0.01,23178.76,263.93,17419.38,232.09
2025-08-01,B04,Beef,Restaurants,BC Interior,62,352.26,0.01,21664.68,263.40,16330.80,243.18
2025-08-01,B04,Beef,Grocery Retail,Lower Mainland,122,352.26,0.02,37137.18,263.40,32134.80,197.71
2025-08-01,B04,Beef,Grocery Retail,Vancouver Island,41,352.26,0.00,12658.74,264.20,10832.20,139.77
2025-08-01,B04,Beef,Grocery Retail,BC Interior,43,352.26,0.00,13329.51,263.67,11337.81,171.05
2025-08-01,B04,Beef,Hotels & Institutions,Lower Mainland,72,352.26,0.00,24094.49,264.46,19041.12,118.68
2025-08-01,B04,Beef,Hotels & Institutions,Vancouver Island,25,352.26,0.01,8240.90,263.67,6591.75,88.87
2025-08-01,B04,Beef,Hotels & Institutions,BC Interior,25,352.26,0.01,8232.55,263.40,6585.00,102.43
2025-08-01,B04,Beef,Online Direct,Lower Mainland,31,352.26,0.01,12181.40,264.99,8214.69,304.98
2025-08-01,B04,Beef,Online Direct,Vancouver Island,12,352.26,0.01,4663.36,264.20,3170.40,144.19
2025-08-01,B04,Beef,Online Direct,BC Interior,11,352.26,0.00,4344.16,264.46,2909.06,136.43
2025-08-01,P01,Pork,Restaurants,Lower Mainland,424,135.96,0.01,56611.99,95.08,40313.92,683.66
2025-08-01,P01,Pork,Restaurants,Vancouver Island,145,135.96,0.01,19517.24,95.08,13786.60,517.95
2025-08-01,P01,Pork,Restaurants,BC Interior,145,135.96,0.01,19379.89,95.36,13827.20,560.08
2025-08-01,P01,Pork,Grocery Retail,Lower Mainland,286,135.96,0.01,33706.64,95.17,27218.62,474.69
2025-08-01,P01,Pork,Grocery Retail,Vancouver Island,99,135.96,0.01,11726.39,95.27,9431.73,334.75
2025-08-01,P01,Pork,Grocery Retail,BC Interior,98,135.96,0.01,11619.76,95.27,9336.46,387.50
2025-08-01,P01,Pork,Hotels & Institutions,Lower Mainland,178,135.96,0.01,22600.68,94.98,16906.44,296.89
2025-08-01,P01,Pork,Hotels & Institutions,Vancouver Island,62,135.96,0.01,7944.04,95.17,5900.54,220.82
2025-08-01,P01,Pork,Hotels & Institutions,BC Interior,60,135.96,0.01,7687.65,95.17,5710.20,241.31
2025-08-01,P01,Pork,Online Direct,Lower Mainland,77,135.96,0.01,11595.91,94.89,7306.53,769.24
2025-08-01,P01,Pork,Online Direct,Vancouver Island,26,135.96,0.01,3939.30,94.98,2469.48,309.61
2025-08-01,P01,Pork,Online Direct,BC Interior,28,135.96,0.01,4199.86,95.17,2664.76,353.93
2025-08-01,P02,Pork,Restaurants,Lower Mainland,306,107.12,0.01,32516.98,73.91,22616.46,498.39
2025-08-01,P02,Pork,Restaurants,Vancouver Island,106,107.12,0.01,11275.31,74.13,7857.78,365.77
2025-08-01,P02,Pork,Restaurants,BC Interior,105,107.12,0.00,11236.22,74.06,7776.30,420.61
2025-08-01,P02,Pork,Grocery Retail,Lower Mainland,203,107.12,0.01,18830.28,73.99,15019.97,335.60
2025-08-01,P02,Pork,Grocery Retail,Vancouver Island,70,107.12,0.01,6499.78,73.99,5179.30,237.42
2025-08-01,P02,Pork,Grocery Retail,BC Interior,73,107.12,0.01,6819.51,73.91,5395.43,298.53
2025-08-01,P02,Pork,Hotels & Institutions,Lower Mainland,125,107.12,0.01,12579.81,73.91,9238.75,206.45
2025-08-01,P02,Pork,Hotels & Institutions,Vancouver Island,45,107.12,0.01,4556.42,73.76,3319.20,151.69
2025-08-01,P02,Pork,Hotels & Institutions,BC Interior,45,107.12,0.00,4565.64,73.99,3329.55,176.50
2025-08-01,P02,Pork,Online Direct,Lower Mainland,55,107.12,0.00,6572.22,73.84,4061.20,545.56
2025-08-01,P02,Pork,Online Direct,Vancouver Island,20,107.12,0.01,2365.90,73.76,1475.20,232.18
2025-08-01,P02,Pork,Online Direct,BC Interior,20,107.12,0.01,2382.67,73.69,1473.80,253.30
2025-08-01,P03,Pork,Restaurants,Lower Mainland,252,150.38,0.01,37328.99,106.12,26742.24,419.49
2025-08-01,P03,Pork,Restaurants,Vancouver Island,94,150.38,0.01,14050.81,105.91,9955.54,335.45
2025-08-01,P03,Pork,Restaurants,BC Interior,98,150.38,0.01,14487.47,105.81,10369.38,384.00
2025-08-01,P03,Pork,Grocery Retail,Lower Mainland,179,150.38,0.03,22884.67,105.81,18939.99,300.89
2025-08-01,P03,Pork,Grocery Retail,Vancouver Island,63,150.38,0.01,8237.19,105.81,6666.03,212.15
2025-08-01,P03,Pork,Grocery Retail,BC Interior,64,150.38,0.03,8197.80,105.91,6778.24,261.21
2025-08-01,P03,Pork,Hotels & Institutions,Lower Mainland,104,150.38,0.01,14753.54,106.23,11047.92,171.09
2025-08-01,P03,Pork,Hotels & Institutions,Vancouver Island,40,150.38,0.01,5634.57,106.23,4249.20,140.80
2025-08-01,P03,Pork,Hotels & Institutions,BC Interior,40,150.38,0.01,5628.87,105.91,4236.40,160.87
2025-08-01,P03,Pork,Online Direct,Lower Mainland,47,150.38,0.00,7915.93,106.23,4992.81,476.20
2025-08-01,P03,Pork,Online Direct,Vancouver Island,17,150.38,0.01,2820.36,105.91,1800.47,203.86
2025-08-01,P03,Pork,Online Direct,BC Interior,17,150.38,0.01,2828.84,106.02,1802.34,215.10
2025-08-01,P04,Pork,Restaurants,Lower Mainland,382,94.76,0.01,35727.24,65.66,25082.12,635.27
2025-08-01,P04,Pork,Restaurants,Vancouver Island,132,94.76,0.01,12321.15,65.79,8684.28,444.50
2025-08-01,P04,Pork,Restaurants,BC Interior,141,94.76,0.01,13241.15,65.66,9258.06,560.34
2025-08-01,P04,Pork,Grocery Retail,Lower Mainland,253,94.76,0.02,20801.33,65.79,16644.87,400.51
2025-08-01,P04,Pork,Grocery Retail,Vancouver Island,98,94.76,0.01,8106.82,65.86,6454.28,345.98
2025-08-01,P04,Pork,Grocery Retail,BC Interior,93,94.76,0.01,7700.53,65.99,6137.07,376.24
2025-08-01,P04,Pork,Hotels & Institutions,Lower Mainland,159,94.76,0.01,14084.70,65.66,10439.94,254.30
2025-08-01,P04,Pork,Hotels & Institutions,Vancouver Island,58,94.76,0.01,5153.51,65.99,3827.42,202.35
2025-08-01,P04,Pork,Hotels & Institutions,BC Interior,58,94.76,0.01,5153.46,66.06,3831.48,227.49
2025-08-01,P04,Pork,Online Direct,Lower Mainland,66,94.76,0.01,6941.46,65.79,4342.14,662.02
2025-08-01,P04,Pork,Online Direct,Vancouver Island,25,94.76,0.01,2629.30,65.66,1641.50,305.48
2025-08-01,P04,Pork,Online Direct,BC Interior,25,94.76,0.01,2626.68,66.06,1651.50,321.31
2025-08-01,C01,Poultry,Restaurants,Lower Mainland,683,80.34,0.00,54817.02,58.19,39743.77,1123.57
2025-08-01,C01,Poultry,Restaurants,Vancouver Island,248,80.34,0.01,19883.99,58.19,14431.12,854.90
2025-08-01,C01,Poultry,Restaurants,BC Interior,236,80.34,0.01,18770.81,58.19,13732.84,912.52
2025-08-01,C01,Poultry,Grocery Retail,Lower Mainland,447,80.34,0.04,30557.45,58.25,26037.75,738.99
2025-08-01,C01,Poultry,Grocery Retail,Vancouver Island,157,80.34,0.02,10855.05,58.36,9162.52,558.09
2025-08-01,C01,Poultry,Grocery Retail,BC Interior,169,80.34,0.01,11804.25,58.30,9852.70,653.46
2025-08-01,C01,Poultry,Hotels & Institutions,Lower Mainland,275,80.34,0.01,20758.45,58.19,16002.25,461.37
2025-08-01,C01,Poultry,Hotels & Institutions,Vancouver Island,99,80.34,0.01,7488.03,58.25,5766.75,339.56
2025-08-01,C01,Poultry,Hotels & Institutions,BC Interior,96,80.34,0.00,7326.98,58.42,5608.32,379.21
2025-08-01,C01,Poultry,Online Direct,Lower Mainland,115,80.34,0.01,10296.05,58.19,6691.85,1147.70
2025-08-01,C01,Poultry,Online Direct,Vancouver Island,42,80.34,0.01,3737.62,58.30,2448.60,498.13
2025-08-01,C01,Poultry,Online Direct,BC Interior,42,80.34,0.01,3718.87,58.36,2451.12,527.74
2025-08-01,C02,Poultry,Restaurants,Lower Mainland,594,127.72,0.01,75560.62,91.68,54457.92,996.55
2025-08-01,C02,Poultry,Restaurants,Vancouver Island,208,127.72,0.00,26459.58,92.05,19146.40,735.05
2025-08-01,C02,Poultry,Restaurants,BC Interior,217,127.72,0.01,27521.01,92.05,19974.85,854.59
2025-08-01,C02,Poultry,Grocery Retail,Lower Mainland,384,127.72,0.03,42076.54,91.77,35239.68,608.51
2025-08-01,C02,Poultry,Grocery Retail,Vancouver Island,141,127.72,0.02,15515.56,91.96,12966.36,501.21
2025-08-01,C02,Poultry,Grocery Retail,BC Interior,143,127.72,0.02,15846.12,91.68,13110.24,572.84
2025-08-01,C02,Poultry,Hotels & Institutions,Lower Mainland,227,127.72,0.01,27377.56,92.14,20915.78,373.06
2025-08-01,C02,Poultry,Hotels & Institutions,Vancouver Island,85,127.72,0.00,10323.58,92.14,7831.90,289.18
2025-08-01,C02,Poultry,Hotels & Institutions,BC Interior,84,127.72,0.01,10049.70,91.96,7724.64,329.81
2025-08-01,C02,Poultry,Online Direct,Lower Mainland,105,127.72,0.01,14750.36,92.23,9684.15,1073.43
2025-08-01,C02,Poultry,Online Direct,Vancouver Island,37,127.72,0.01,5250.45,92.05,3405.85,433.96
2025-08-01,C02,Poultry,Online Direct,BC Interior,37,127.72,0.01,5239.73,91.96,3402.52,456.61
2025-08-01,C03,Poultry,Restaurants,Lower Mainland,495,98.88,0.01,48066.78,70.63,34961.85,788.45
2025-08-01,C03,Poultry,Restaurants,Vancouver Island,168,98.88,0.01,16396.48,70.63,11865.84,594.28
2025-08-01,C03,Poultry,Restaurants,BC Interior,169,98.88,0.01,16525.90,70.70,11948.30,672.28
2025-08-01,C03,Poultry,Grocery Retail,Lower Mainland,314,98.88,0.02,26801.59,70.77,22221.78,511.94
2025-08-01,C03,Poultry,Grocery Retail,Vancouver Island,117,98.88,0.03,9916.24,70.56,8255.52,397.64
2025-08-01,C03,Poultry,Grocery Retail,BC Interior,113,98.88,0.01,9753.88,70.77,7997.01,437.83
2025-08-01,C03,Poultry,Hotels & Institutions,Lower Mainland,188,98.88,0.01,17606.67,70.49,13252.12,300.68
2025-08-01,C03,Poultry,Hotels & Institutions,Vancouver Island,71,98.88,0.00,6649.42,70.56,5009.76,238.84
2025-08-01,C03,Poultry,Hotels & Institutions,BC Interior,68,98.88,0.01,6310.91,70.49,4793.32,273.21
2025-08-01,C03,Poultry,Online Direct,Lower Mainland,84,98.88,0.01,9256.12,70.84,5950.56,848.53
2025-08-01,C03,Poultry,Online Direct,Vancouver Island,32,98.88,0.00,3543.83,70.91,2269.12,393.70
2025-08-01,C03,Poultry,Online Direct,BC Interior,32,98.88,0.00,3533.23,70.84,2266.88,399.70
2025-08-01,C04,Poultry,Restaurants,Lower Mainland,111,193.64,0.01,21171.63,135.68,15060.48,186.04
2025-08-01,C04,Poultry,Restaurants,Vancouver Island,40,193.64,0.00,7691.47,135.68,5427.20,140.52
2025-08-01,C04,Poultry,Restaurants,BC Interior,41,193.64,0.00,7939.24,135.82,5568.62,164.57
2025-08-01,C04,Poultry,Grocery Retail,Lower Mainland,76,193.64,0.02,12666.66,135.14,10270.64,125.40
2025-08-01,C04,Poultry,Grocery Retail,Vancouver Island,27,193.64,0.01,4596.19,135.95,3670.65,94.67
2025-08-01,C04,Poultry,Grocery Retail,BC Interior,26,193.64,0.04,4275.09,135.41,3520.66,103.01
2025-08-01,C04,Poultry,Hotels & Institutions,Lower Mainland,44,193.64,0.01,8037.43,135.82,5976.08,70.08
2025-08-01,C04,Poultry,Hotels & Institutions,Vancouver Island,16,193.64,0.01,2931.54,135.41,2166.56,56.71
2025-08-01,C04,Poultry,Hotels & Institutions,BC Interior,16,193.64,0.01,2925.65,135.14,2162.24,64.09
2025-08-01,C04,Poultry,Online Direct,Lower Mainland,21,193.64,0.01,4531.48,135.41,2843.61,215.54
2025-08-01,C04,Poultry,Online Direct,Vancouver Island,7,193.64,0.01,1504.42,135.28,946.96,83.02
2025-08-01,C04,Poultry,Online Direct,BC Interior,7,193.64,0.00,1509.04,135.55,948.85,87.08
2025-08-01,S01,Seafood,Restaurants,Lower Mainland,315,181.28,0.01,56872.96,136.46,42984.90,502.26
2025-08-01,S01,Seafood,Restaurants,Vancouver Island,120,181.28,0.01,21470.15,136.46,16375.20,422.40
2025-08-01,S01,Seafood,Restaurants,BC Interior,121,181.28,0.01,21715.73,136.46,16511.66,472.19
2025-08-01,S01,Seafood,Grocery Retail,Lower Mainland,230,181.28,0.00,36764.34,137.00,31510.00,386.62
2025-08-01,S01,Seafood,Grocery Retail,Vancouver Island,78,181.28,0.01,12293.39,137.14,10696.92,264.01
2025-08-01,S01,Seafood,Grocery Retail,BC Interior,79,181.28,0.04,12050.09,136.59,10790.61,314.58
2025-08-01,S01,Seafood,Hotels & Institutions,Lower Mainland,129,181.28,0.01,21883.20,137.14,17691.06,212.84
2025-08-01,S01,Seafood,Hotels & Institutions,Vancouver Island,49,181.28,0.00,8413.23,136.87,6706.63,168.57
2025-08-01,S01,Seafood,Hotels & Institutions,BC Interior,47,181.28,0.01,7997.11,137.14,6445.58,185.28
2025-08-01,S01,Seafood,Online Direct,Lower Mainland,58,181.28,0.01,11669.54,137.00,7946.00,598.82
2025-08-01,S01,Seafood,Online Direct,Vancouver Island,22,181.28,0.01,4426.44,137.00,3014.00,259.87
2025-08-01,S01,Seafood,Online Direct,BC Interior,21,181.28,0.00,4272.23,136.87,2874.27,266.49
2025-08-01,S02,Seafood,Restaurants,Lower Mainland,141,220.42,0.00,30954.90,164.98,23262.18,225.05
2025-08-01,S02,Seafood,Restaurants,Vancouver Island,48,220.42,0.00,10548.42,165.32,7935.36,161.80
2025-08-01,S02,Seafood,Restaurants,BC Interior,51,220.42,0.01,11173.79,164.82,8405.82,202.88
2025-08-01,S02,Seafood,Grocery Retail,Lower Mainland,96,220.42,0.02,18230.75,164.98,15838.08,154.79
2025-08-01,S02,Seafood,Grocery Retail,Vancouver Island,34,220.42,0.02,6443.56,164.98,5609.32,116.73
2025-08-01,S02,Seafood,Grocery Retail,BC Interior,33,220.42,0.01,6343.16,164.82,5439.06,131.14
2025-08-01,S02,Seafood,Hotels & Institutions,Lower Mainland,55,220.42,0.00,11482.42,165.65,9110.75,88.50
2025-08-01,S02,Seafood,Hotels & Institutions,Vancouver Island,21,220.42,0.01,4370.99,165.15,3468.15,75.01
2025-08-01,S02,Seafood,Hotels & Institutions,BC Interior,20,220.42,0.00,4204.73,165.15,3303.00,79.64
2025-08-01,S02,Seafood,Online Direct,Lower Mainland,26,220.42,0.01,6412.08,165.48,4302.48,258.95
2025-08-01,S02,Seafood,Online Direct,Vancouver Island,9,220.42,0.01,2210.72,165.32,1487.88,107.82
2025-08-01,S02,Seafood,Online Direct,BC Interior,9,220.42,0.01,2186.32,165.65,1490.85,114.21
2025-08-01,S03,Seafood,Restaurants,Lower Mainland,83,314.15,0.01,25839.21,233.57,19386.31,133.15
2025-08-01,S03,Seafood,Restaurants,Vancouver Island,31,314.15,0.01,9622.05,234.28,7262.68,107.94
2025-08-01,S03,Seafood,Restaurants,BC Interior,30,314.15,0.00,9368.03,233.57,7007.10,116.48
2025-08-01,S03,Seafood,Grocery Retail,Lower Mainland,58,314.15,0.04,15487.90,233.81,13560.98,96.93
2025-08-01,S03,Seafood,Grocery Retail,Vancouver Island,22,314.15,0.00,6087.99,233.57,5138.54,75.00
2025-08-01,S03,Seafood,Grocery Retail,BC Interior,22,314.15,0.03,5881.43,233.34,5133.48,86.38
2025-08-01,S03,Seafood,Hotels & Institutions,Lower Mainland,37,314.15,0.01,10865.86,234.04,8659.48,61.35
2025-08-01,S03,Seafood,Hotels & Institutions,Vancouver Island,13,314.15,0.01,3833.15,233.57,3036.41,45.44
2025-08-01,S03,Seafood,Hotels & Institutions,BC Interior,13,314.15,0.01,3833.30,234.28,3045.64,50.32
2025-08-01,S03,Seafood,Online Direct,Lower Mainland,16,314.15,0.01,5601.39,234.28,3748.48,160.65
2025-08-01,S03,Seafood,Online Direct,Vancouver Island,6,314.15,0.01,2104.73,234.28,1405.68,72.38
2025-08-01,S03,Seafood,Online Direct,BC Interior,6,314.15,0.01,2085.78,234.28,1405.68,74.04
2025-08-01,S04,Seafood,Restaurants,Lower Mainland,163,142.14,0.00,23191.71,106.92,17427.96,260.96
2025-08-01,S04,Seafood,Restaurants,Vancouver Island,60,142.14,0.00,8494.29,106.92,6415.20,205.17
2025-08-01,S04,Seafood,Restaurants,BC Interior,61,142.14,0.01,8574.80,106.29,6483.69,245.57
2025-08-01,S04,Seafood,Grocery Retail,Lower Mainland,110,142.14,0.01,13580.09,106.50,11715.00,174.49
2025-08-01,S04,Seafood,Grocery Retail,Vancouver Island,39,142.14,0.01,4839.28,106.92,4169.88,137.01
2025-08-01,S04,Seafood,Grocery Retail,BC Interior,41,142.14,0.01,5071.69,106.71,4375.11,159.84
2025-08-01,S04,Seafood,Hotels & Institutions,Lower Mainland,68,142.14,0.01,9090.61,106.71,7256.28,107.65
2025-08-01,S04,Seafood,Hotels & Institutions,Vancouver Island,23,142.14,0.01,3090.21,106.39,2446.97,81.36
2025-08-01,S04,Seafood,Hotels & Institutions,BC Interior,24,142.14,0.01,3230.98,106.60,2558.40,97.76
2025-08-01,S04,Seafood,Online Direct,Lower Mainland,29,142.14,0.01,4561.25,106.39,3085.31,295.88
2025-08-01,S04,Seafood,Online Direct,Vancouver Island,11,142.14,0.01,1733.56,106.50,1171.50,134.94
2025-08-01,S04,Seafood,Online Direct,BC Interior,10,142.14,0.01,1574.36,106.71,1067.10,123.41
2025-08-01,H01,Charcuterie,Restaurants,Lower Mainland,170,193.64,0.00,32885.82,112.09,19055.30,281.32
2025-08-01,H01,Charcuterie,Restaurants,Vancouver Island,58,193.64,0.01,11129.93,112.09,6501.22,203.96
2025-08-01,H01,Charcuterie,Restaurants,BC Interior,59,193.64,0.00,11367.68,112.20,6619.80,228.60
2025-08-01,H01,Charcuterie,Grocery Retail,Lower Mainland,114,193.64,0.02,18960.97,112.31,12803.34,183.07
2025-08-01,H01,Charcuterie,Grocery Retail,Vancouver Island,40,193.64,0.01,6714.06,112.20,4488.00,139.41
2025-08-01,H01,Charcuterie,Grocery Retail,BC Interior,41,193.64,0.03,6805.06,112.31,4604.71,166.36
2025-08-01,H01,Charcuterie,Hotels & Institutions,Lower Mainland,67,193.64,0.00,12275.89,112.54,7540.18,110.00
2025-08-01,H01,Charcuterie,Hotels & Institutions,Vancouver Island,25,193.64,0.01,4552.70,112.42,2810.50,84.45
2025-08-01,H01,Charcuterie,Hotels & Institutions,BC Interior,24,193.64,0.01,4375.34,112.31,2695.44,93.37
2025-08-01,H01,Charcuterie,Online Direct,Lower Mainland,30,193.64,0.00,6493.24,112.42,3372.60,295.75
2025-08-01,H01,Charcuterie,Online Direct,Vancouver Island,11,193.64,0.01,2354.63,111.97,1231.67,135.33
2025-08-01,H01,Charcuterie,Online Direct,BC Interior,11,193.64,0.01,2352.21,112.42,1236.62,133.28
2025-08-01,H02,Charcuterie,Restaurants,Lower Mainland,145,160.68,0.00,23391.79,92.30,13383.50,234.51
2025-08-01,H02,Charcuterie,Restaurants,Vancouver Island,50,160.68,0.00,8017.93,92.58,4629.00,174.27
2025-08-01,H02,Charcuterie,Restaurants,BC Interior,53,160.68,0.01,8380.19,92.39,4896.67,212.52
2025-08-01,H02,Charcuterie,Grocery Retail,Lower Mainland,97,160.68,0.03,13237.30,92.67,8988.99,160.36
2025-08-01,H02,Charcuterie,Grocery Retail,Vancouver Island,36,160.68,0.01,5024.23,92.21,3319.56,128.34
2025-08-01,H02,Charcuterie,Grocery Retail,BC Interior,37,160.68,0.04,5053.48,92.58,3425.46,148.81
2025-08-01,H02,Charcuterie,Hotels & Institutions,Lower Mainland,60,160.68,0.01,9076.33,92.67,5560.20,97.53
2025-08-01,H02,Charcuterie,Hotels & Institutions,Vancouver Island,22,160.68,0.01,3348.10,92.30,2030.60,76.91
2025-08-01,H02,Charcuterie,Hotels & Institutions,BC Interior,21,160.68,0.00,3192.74,92.58,1944.18,85.88
2025-08-01,H02,Charcuterie,Online Direct,Lower Mainland,25,160.68,0.01,4431.67,92.11,2302.75,250.51
2025-08-01,H02,Charcuterie,Online Direct,Vancouver Island,9,160.68,0.00,1616.40,92.58,833.22,109.65
2025-08-01,H02,Charcuterie,Online Direct,BC Interior,9,160.68,0.00,1624.51,92.48,832.32,109.05
2025-08-01,H03,Charcuterie,Restaurants,Lower Mainland,73,210.12,0.01,15200.93,123.97,9049.81,117.35
2025-08-01,H03,Charcuterie,Restaurants,Vancouver Island,26,210.12,0.00,5452.19,124.09,3226.34,89.90
2025-08-01,H03,Charcuterie,Restaurants,BC Interior,27,210.12,0.01,5667.45,123.72,3340.44,110.52
2025-08-01,H03,Charcuterie,Grocery Retail,Lower Mainland,49,210.12,0.02,8951.07,123.72,6062.28,79.89
2025-08-01,H03,Charcuterie,Grocery Retail,Vancouver Island,18,210.12,0.04,3221.45,124.34,2238.12,63.55
2025-08-01,H03,Charcuterie,Grocery Retail,BC Interior,18,210.12,0.02,3261.85,123.60,2224.80,70.96
2025-08-01,H03,Charcuterie,Hotels & Institutions,Lower Mainland,29,210.12,0.01,5736.65,123.72,3587.88,47.61
2025-08-01,H03,Charcuterie,Hotels & Institutions,Vancouver Island,11,210.12,0.01,2178.22,124.34,1367.74,38.72
2025-08-01,H03,Charcuterie,Hotels & Institutions,BC Interior,11,210.12,0.01,2173.67,124.34,1367.74,43.98
2025-08-01,H03,Charcuterie,Online Direct,Lower Mainland,14,210.12,0.01,3265.06,124.09,1737.26,141.14
2025-08-01,H03,Charcuterie,Online Direct,Vancouver Island,5,210.12,0.00,1167.28,123.97,619.85,60.92
2025-08-01,H03,Charcuterie,Online Direct,BC Interior,5,210.12,0.01,1160.21,123.97,619.85,64.14
2025-08-01,H04,Charcuterie,Restaurants,Lower Mainland,130,98.88,0.01,12713.13,56.53,7348.90,217.89
2025-08-01,H04,Charcuterie,Restaurants,Vancouver Island,45,98.88,0.00,4431.82,56.31,2533.95,151.85
2025-08-01,H04,Charcuterie,Restaurants,BC Interior,46,98.88,0.00,4543.93,56.47,2597.62,184.09
2025-08-01,H04,Charcuterie,Grocery Retail,Lower Mainland,90,98.88,0.01,7690.77,56.47,5082.30,147.03
2025-08-01,H04,Charcuterie,Grocery Retail,Vancouver Island,31,98.88,0.03,2621.99,56.47,1750.57,107.08
2025-08-01,H04,Charcuterie,Grocery Retail,BC Interior,32,98.88,0.01,2756.66,56.47,1807.04,127.42
2025-08-01,H04,Charcuterie,Hotels & Institutions,Lower Mainland,52,98.88,0.01,4835.90,56.31,2928.12,87.33
2025-08-01,H04,Charcuterie,Hotels & Institutions,Vancouver Island,20,98.88,0.01,1844.99,56.25,1125.00,68.46
2025-08-01,H04,Charcuterie,Hotels & Institutions,BC Interior,19,98.88,0.01,1761.53,56.31,1069.89,76.11
2025-08-01,H04,Charcuterie,Online Direct,Lower Mainland,24,98.88,0.01,2618.03,56.47,1355.28,248.76
2025-08-01,H04,Charcuterie,Online Direct,Vancouver Island,8,98.88,0.01,877.98,56.53,452.24,93.25
2025-08-01,H04,Charcuterie,Online Direct,BC Interior,9,98.88,0.00,995.70,56.25,506.25,111.18
2025-08-01,D01,Cheese & Dairy,Restaurants,Lower Mainland,207,146.26,0.00,30034.10,90.41,18714.87,343.90
2025-08-01,D01,Cheese & Dairy,Restaurants,Vancouver Island,76,146.26,0.01,10992.82,90.50,6878.00,268.05
2025-08-01,D01,Cheese & Dairy,Restaurants,BC Interior,76,146.26,0.01,11015.32,90.41,6871.16,294.77
2025-08-01,D01,Cheese & Dairy,Grocery Retail,Lower Mainland,139,146.26,0.01,17729.51,90.77,12617.03,223.90
2025-08-01,D01,Cheese & Dairy,Grocery Retail,Vancouver Island,50,146.26,0.02,6280.99,90.59,4529.50,178.60
2025-08-01,D01,Cheese & Dairy,Grocery Retail,BC Interior,52,146.26,0.04,6444.70,90.50,4706.00,204.58
2025-08-01,D01,Cheese & Dairy,Hotels & Institutions,Lower Mainland,82,146.26,0.01,11279.72,90.77,7443.14,130.61
2025-08-01,D01,Cheese & Dairy,Hotels & Institutions,Vancouver Island,31,146.26,0.00,4294.44,90.50,2805.50,109.44
2025-08-01,D01,Cheese & Dairy,Hotels & Institutions,BC Interior,30,146.26,0.01,4135.09,90.59,2717.70,118.50
2025-08-01,D01,Cheese & Dairy,Online Direct,Lower Mainland,36,146.26,0.01,5844.00,90.68,3264.48,369.13
2025-08-01,D01,Cheese & Dairy,Online Direct,Vancouver Island,13,146.26,0.01,2106.17,90.50,1176.50,156.98
2025-08-01,D01,Cheese & Dairy,Online Direct,BC Interior,14,146.26,0.00,2293.32,90.41,1265.74,170.32
2025-08-01,D02,Cheese & Dairy,Restaurants,Lower Mainland,183,121.54,0.01,21842.47,74.52,13637.16,290.29
2025-08-01,D02,Cheese & Dairy,Restaurants,Vancouver Island,67,121.54,0.00,8143.11,74.67,5002.89,235.61
2025-08-01,D02,Cheese & Dairy,Restaurants,BC Interior,62,121.54,0.00,7490.33,74.90,4643.80,252.06
2025-08-01,D02,Cheese & Dairy,Grocery Retail,Lower Mainland,124,121.54,0.01,13090.03,74.82,9277.68,204.19
2025-08-01,D02,Cheese & Dairy,Grocery Retail,Vancouver Island,43,121.54,0.03,4470.64,74.82,3217.26,146.29
2025-08-01,D02,Cheese & Dairy,Grocery Retail,BC Interior,42,121.54,0.02,4393.62,74.67,3136.14,166.07
2025-08-01,D02,Cheese & Dairy,Hotels & Institutions,Lower Mainland,71,121.54,0.00,8206.07,74.82,5312.22,119.12
2025-08-01,D02,Cheese & Dairy,Hotels & Institutions,Vancouver Island,27,121.54,0.01,3092.53,74.52,2012.04,95.23
2025-08-01,D02,Cheese & Dairy,Hotels & Institutions,BC Interior,26,121.54,0.01,2975.02,74.67,1941.42,102.08
2025-08-01,D02,Cheese & Dairy,Online Direct,Lower Mainland,32,121.54,0.00,4329.89,74.97,2399.04,319.68
2025-08-01,D02,Cheese & Dairy,Online Direct,Vancouver Island,12,121.54,0.01,1612.21,74.52,894.24,141.75
2025-08-01,D02,Cheese & Dairy,Online Direct,BC Interior,12,121.54,0.01,1626.96,74.67,896.04,146.14
2025-08-01,D03,Cheese & Dairy,Restaurants,Lower Mainland,91,243.08,0.00,22164.52,153.45,13963.95,145.99
2025-08-01,D03,Cheese & Dairy,Restaurants,Vancouver Island,35,243.08,0.01,8431.14,153.14,5359.90,121.26
2025-08-01,D03,Cheese & Dairy,Restaurants,BC Interior,35,243.08,0.01,8405.80,152.83,5349.05,140.76
2025-08-01,D03,Cheese & Dairy,Grocery Retail,Lower Mainland,62,243.08,0.03,12917.95,153.60,9523.20,103.61
2025-08-01,D03,Cheese & Dairy,Grocery Retail,Vancouver Island,22,243.08,0.00,4715.43,153.45,3375.90,77.44
2025-08-01,D03,Cheese & Dairy,Grocery Retail,BC Interior,24,243.08,0.03,4995.49,152.99,3671.76,98.34
2025-08-01,D03,Cheese & Dairy,Hotels & Institutions,Lower Mainland,40,243.08,0.01,9135.69,153.45,6138.00,65.87
2025-08-01,D03,Cheese & Dairy,Hotels & Institutions,Vancouver Island,14,243.08,0.00,3226.50,153.60,2150.40,47.24
2025-08-01,D03,Cheese & Dairy,Hotels & Institutions,BC Interior,14,243.08,0.01,3194.17,152.83,2139.62,56.75
2025-08-01,D03,Cheese & Dairy,Online Direct,Lower Mainland,18,243.08,0.01,4895.49,153.29,2759.22,177.27
2025-08-01,D03,Cheese & Dairy,Online Direct,Vancouver Island,6,243.08,0.01,1618.71,153.45,920.70,70.95
2025-08-01,D03,Cheese & Dairy,Online Direct,BC Interior,6,243.08,0.00,1625.34,153.29,919.74,72.70
2025-08-01,D04,Cheese & Dairy,Restaurants,Lower Mainland,262,88.58,0.01,22883.98,53.93,14129.66,431.86
2025-08-01,D04,Cheese & Dairy,Restaurants,Vancouver Island,90,88.58,0.00,7964.23,54.09,4868.10,304.63
2025-08-01,D04,Cheese & Dairy,Restaurants,BC Interior,91,88.58,0.01,7971.90,53.87,4902.17,368.15
2025-08-01,D04,Cheese & Dairy,Grocery Retail,Lower Mainland,180,88.58,0.03,13526.91,53.87,9696.60,292.58
2025-08-01,D04,Cheese & Dairy,Grocery Retail,Vancouver Island,65,88.58,0.01,5051.48,53.98,3508.70,232.18
2025-08-01,D04,Cheese & Dairy,Grocery Retail,BC Interior,66,88.58,0.04,4939.51,53.87,3555.42,270.42
2025-08-01,D04,Cheese & Dairy,Hotels & Institutions,Lower Mainland,104,88.58,0.00,8742.93,54.20,5636.80,169.73
2025-08-01,D04,Cheese & Dairy,Hotels & Institutions,Vancouver Island,38,88.58,0.01,3159.40,54.09,2055.42,130.86
2025-08-01,D04,Cheese & Dairy,Hotels & Institutions,BC Interior,37,88.58,0.00,3110.47,53.98,1997.26,143.51
2025-08-01,D04,Cheese & Dairy,Online Direct,Lower Mainland,48,88.58,0.01,4738.14,54.14,2598.72,496.06
2025-08-01,D04,Cheese & Dairy,Online Direct,Vancouver Island,17,88.58,0.01,1671.38,53.87,915.79,206.51
2025-08-01,D04,Cheese & Dairy,Online Direct,BC Interior,17,88.58,0.01,1684.84,53.98,917.66,218.07
2025-09-01,B01,Beef,Restaurants,Lower Mainland,280,276.04,0.00,77368.49,204.88,57366.40,457.87
2025-09-01,B01,Beef,Restaurants,Vancouver Island,96,276.04,0.01,26393.71,204.47,19629.12,338.59
2025-09-01,B01,Beef,Restaurants,BC Interior,95,276.04,0.00,26092.79,204.07,19386.65,370.35
2025-09-01,B01,Beef,Grocery Retail,Lower Mainland,189,276.04,0.01,45587.58,204.47,38644.83,299.81
2025-09-01,B01,Beef,Grocery Retail,Vancouver Island,65,276.04,0.04,15173.07,204.07,13264.55,223.39
2025-09-01,B01,Beef,Grocery Retail,BC Interior,65,276.04,0.02,15474.27,203.86,13250.90,265.55
2025-09-01,B01,Beef,Hotels & Institutions,Lower Mainland,108,276.04,0.01,28008.98,204.07,22039.56,172.03
2025-09-01,B01,Beef,Hotels & Institutions,Vancouver Island,41,276.04,0.00,10698.04,204.27,8375.07,140.91
2025-09-01,B01,Beef,Hotels & Institutions,BC Interior,40,276.04,0.01,10384.79,204.07,8162.80,162.78
2025-09-01,B01,Beef,Online Direct,Lower Mainland,51,276.04,0.00,15704.34,203.66,10386.66,528.62
2025-09-01,B01,Beef,Online Direct,Vancouver Island,19,276.04,0.00,5850.65,203.86,3873.34,226.71
2025-09-01,B01,Beef,Online Direct,BC Interior,18,276.04,0.01,5531.54,204.88,3687.84,219.21
2025-09-01,B02,Beef,Restaurants,Lower Mainland,704,121.54,0.00,85392.77,89.60,63078.40,1181.10
2025-09-01,B02,Beef,Restaurants,Vancouver Island,258,121.54,0.01,30950.05,89.24,23023.92,920.69
2025-09-01,B02,Beef,Restaurants,BC Interior,255,121.54,0.00,30992.42,89.24,22756.20,1012.36
2025-09-01,B02,Beef,Grocery Retail,Lower Mainland,494,121.54,0.03,50940.54,89.33,44129.02,795.73
2025-09-01,B02,Beef,Grocery Retail,Vancouver Island,176,121.54,0.03,18238.65,89.06,15674.56,610.98
2025-09-01,B02,Beef,Grocery Retail,BC Interior,188,121.54,0.03,19484.85,89.60,16844.80,759.83
2025-09-01,B02,Beef,Hotels & Institutions,Lower Mainland,290,121.54,0.00,33350.43,89.33,25905.70,469.49
2025-09-01,B02,Beef,Hotels & Institutions,Vancouver Island,105,121.54,0.00,12147.83,89.06,9351.30,357.59
2025-09-01,B02,Beef,Hotels & Institutions,BC Interior,109,121.54,0.01,12496.81,89.24,9727.16,444.88
2025-09-01,B02,Beef,Online Direct,Lower Mainland,130,121.54,0.01,17554.30,89.06,11577.80,1335.60
2025-09-01,B02,Beef,Online Direct,Vancouver Island,49,121.54,0.00,6643.45,89.60,4390.40,581.15
2025-09-01,B02,Beef,Online Direct,BC Interior,49,121.54,0.01,6623.42,89.42,4381.58,613.26
2025-09-01,B03,Beef,Restaurants,Lower Mainland,313,201.88,0.01,62619.74,150.10,46981.30,505.71
2025-09-01,B03,Beef,Restaurants,Vancouver Island,113,201.88,0.01,22448.33,150.40,16995.20,388.75
2025-09-01,B03,Beef,Restaurants,BC Interior,111,201.88,0.01,22251.15,150.55,16711.05,438.47
2025-09-01,B03,Beef,Grocery Retail,Lower Mainland,218,201.88,0.00,38419.45,150.85,32885.30,349.02
2025-09-01,B03,Beef,Grocery Retail,Vancouver Island,80,201.88,0.01,14070.36,150.70,12056.00,273.56
2025-09-01,B03,Beef,Grocery Retail,BC Interior,77,201.88,0.00,13638.38,150.10,11557.70,315.19
2025-09-01,B03,Beef,Hotels & Institutions,Lower Mainland,132,201.88,0.00,25113.63,149.95,19793.40,220.81
2025-09-01,B03,Beef,Hotels & Institutions,Vancouver Island,47,201.88,0.01,8869.97,150.25,7061.75,166.42
2025-09-01,B03,Beef,Hotels & Institutions,BC Interior,46,201.88,0.01,8733.59,150.85,6939.10,180.61
2025-09-01,B03,Beef,Online Direct,Lower Mainland,58,201.88,0.01,12983.30,149.95,8697.10,581.19
2025-09-01,B03,Beef,Online Direct,Vancouver Island,20,201.88,0.01,4449.88,150.85,3017.00,236.73
2025-09-01,B03,Beef,Online Direct,BC Interior,21,201.88,0.01,4705.55,150.70,3164.70,255.49
2025-09-01,B04,Beef,Restaurants,Lower Mainland,147,352.26,0.01,51314.32,264.46,38875.62,233.19
2025-09-01,B04,Beef,Restaurants,Vancouver Island,56,352.26,0.01,19627.22,264.72,14824.32,196.15
2025-09-01,B04,Beef,Restaurants,BC Interior,56,352.26,0.00,19608.36,264.46,14809.76,220.32
2025-09-01,B04,Beef,Grocery Retail,Lower Mainland,103,352.26,0.04,30780.53,264.46,27239.38,163.89
2025-09-01,B04,Beef,Grocery Retail,Vancouver Island,37,352.26,0.01,11343.42,263.67,9755.79,126.13
2025-09-01,B04,Beef,Grocery Retail,BC Interior,39,352.26,0.03,11739.62,263.93,10293.27,153.28
2025-09-01,B04,Beef,Hotels & Institutions,Lower Mainland,60,352.26,0.00,20078.80,264.20,15852.00,98.61
2025-09-01,B04,Beef,Hotels & Institutions,Vancouver Island,22,352.26,0.00,7376.90,264.46,5818.12,77.82
2025-09-01,B04,Beef,Hotels & Institutions,BC Interior,23,352.26,0.00,7666.12,264.20,6076.60,91.13
2025-09-01,B04,Beef,Online Direct,Lower Mainland,28,352.26,0.00,11002.69,264.99,7419.72,287.10
2025-09-01,B04,Beef,Online Direct,Vancouver Island,10,352.26,0.00,3949.23,263.93,2639.30,116.57
2025-09-01,B04,Beef,Online Direct,BC Interior,10,352.26,0.01,3893.97,264.46,2644.60,124.41
2025-09-01,P01,Pork,Restaurants,Lower Mainland,383,135.96,0.01,51189.63,95.46,36561.18,615.68
2025-09-01,P01,Pork,Restaurants,Vancouver Island,148,135.96,0.01,19820.53,95.17,14085.16,525.07
2025-09-01,P01,Pork,Restaurants,BC Interior,139,135.96,0.01,18708.72,95.27,13242.53,540.22
2025-09-01,P01,Pork,Grocery Retail,Lower Mainland,261,135.96,0.00,31258.52,95.46,24915.06,421.27
2025-09-01,P01,Pork,Grocery Retail,Vancouver Island,99,135.96,0.04,11452.68,94.89,9394.11,335.78
2025-09-01,P01,Pork,Grocery Retail,BC Interior,94,135.96,0.04,10797.19,94.98,8928.12,375.43
2025-09-01,P01,Pork,Hotels & Institutions,Lower Mainland,167,135.96,0.01,21418.11,95.08,15878.36,265.73
2025-09-01,P01,Pork,Hotels & Institutions,Vancouver Island,61,135.96,0.01,7792.40,95.36,5816.96,211.34
2025-09-01,P01,Pork,Hotels & Institutions,BC Interior,57,135.96,0.01,7273.56,95.46,5441.22,222.44
2025-09-01,P01,Pork,Online Direct,Lower Mainland,72,135.96,0.01,10821.68,95.27,6859.44,750.66
2025-09-01,P01,Pork,Online Direct,Vancouver Island,26,135.96,0.01,3899.94,95.17,2474.42,309.30
2025-09-01,P01,Pork,Online Direct,BC Interior,27,135.96,0.01,4078.40,94.89,2562.03,344.99
2025-09-01,P02,Pork,Restaurants,Lower Mainland,278,107.12,0.00,29719.56,73.99,20569.22,460.96
2025-09-01,P02,Pork,Restaurants,Vancouver Island,107,107.12,0.01,11427.25,73.84,7900.88,362.17
2025-09-01,P02,Pork,Restaurants,BC Interior,101,107.12,0.01,10699.98,73.84,7457.84,407.00
2025-09-01,P02,Pork,Grocery Retail,Lower Mainland,192,107.12,0.01,17990.49,73.91,14190.72,305.20
2025-09-01,P02,Pork,Grocery Retail,Vancouver Island,68,107.12,0.02,6307.27,74.06,5036.08,230.16
2025-09-01,P02,Pork,Grocery Retail,BC Interior,72,107.12,0.03,6583.71,73.84,5316.48,281.26
2025-09-01,P02,Pork,Hotels & Institutions,Lower Mainland,112,107.12,0.01,11385.94,73.69,8253.28,178.21
2025-09-01,P02,Pork,Hotels & Institutions,Vancouver Island,41,107.12,0.01,4122.34,73.84,3027.44,144.46
2025-09-01,P02,Pork,Hotels & Institutions,BC Interior,43,107.12,0.00,4358.35,74.13,3187.59,176.01
2025-09-01,P02,Pork,Online Direct,Lower Mainland,50,107.12,0.01,5932.66,74.06,3703.00,507.11
2025-09-01,P02,Pork,Online Direct,Vancouver Island,18,107.12,0.00,2142.30,73.76,1327.68,212.19
2025-09-01,P02,Pork,Online Direct,BC Interior,19,107.12,0.01,2265.80,74.06,1407.14,238.50
2025-09-01,P03,Pork,Restaurants,Lower Mainland,247,150.38,0.00,36847.30,106.23,26238.81,410.36
2025-09-01,P03,Pork,Restaurants,Vancouver Island,92,150.38,0.00,13779.62,106.12,9763.04,310.12
2025-09-01,P03,Pork,Restaurants,BC Interior,94,150.38,0.01,14036.77,106.02,9965.88,363.09
2025-09-01,P03,Pork,Grocery Retail,Lower Mainland,163,150.38,0.02,21245.31,106.02,17281.26,265.48
2025-09-01,P03,Pork,Grocery Retail,Vancouver Island,60,150.38,0.03,7733.18,106.34,6380.40,207.66
2025-09-01,P03,Pork,Grocery Retail,BC Interior,62,150.38,0.01,8089.74,106.12,6579.44,251.32
2025-09-01,P03,Pork,Hotels & Institutions,Lower Mainland,104,150.38,0.01,14812.56,106.23,11047.92,173.12
2025-09-01,P03,Pork,Hotels & Institutions,Vancouver Island,39,150.38,0.00,5588.29,105.81,4126.59,133.49
2025-09-01,P03,Pork,Hotels & Institutions,BC Interior,38,150.38,0.01,5336.59,105.81,4020.78,152.22
2025-09-01,P03,Pork,Online Direct,Lower Mainland,46,150.38,0.00,7739.83,106.34,4891.64,453.49
2025-09-01,P03,Pork,Online Direct,Vancouver Island,17,150.38,0.01,2834.49,106.34,1807.78,200.00
2025-09-01,P03,Pork,Online Direct,BC Interior,17,150.38,0.00,2857.50,105.70,1796.90,214.46
2025-09-01,P04,Pork,Restaurants,Lower Mainland,348,94.76,0.01,32678.50,66.06,22988.88,569.64
2025-09-01,P04,Pork,Restaurants,Vancouver Island,126,94.76,0.01,11831.68,65.99,8314.74,443.52
2025-09-01,P04,Pork,Restaurants,BC Interior,125,94.76,0.01,11679.45,65.66,8207.50,498.74
2025-09-01,P04,Pork,Grocery Retail,Lower Mainland,256,94.76,0.03,20643.75,66.06,16911.36,407.35
2025-09-01,P04,Pork,Grocery Retail,Vancouver Island,92,94.76,0.00,7633.46,65.86,6059.12,315.55
2025-09-01,P04,Pork,Grocery Retail,BC Interior,92,94.76,0.01,7617.84,66.06,6077.52,355.36
2025-09-01,P04,Pork,Hotels & Institutions,Lower Mainland,147,94.76,0.01,13087.67,66.06,9710.82,239.42
2025-09-01,P04,Pork,Hotels & Institutions,Vancouver Island,54,94.76,0.00,4836.91,65.92,3559.68,187.27
2025-09-01,P04,Pork,Hotels & Institutions,BC Interior,52,94.76,0.00,4676.41,65.99,3431.48,210.79
2025-09-01,P04,Pork,Online Direct,Lower Mainland,66,94.76,0.00,7011.62,65.86,4346.76,662.69
2025-09-01,P04,Pork,Online Direct,Vancouver Island,24,94.76,0.01,2516.58,65.79,1578.96,284.07
2025-09-01,P04,Pork,Online Direct,BC Interior,25,94.76,0.01,2624.02,65.66,1641.50,316.01
2025-09-01,C01,Poultry,Restaurants,Lower Mainland,657,80.34,0.00,52677.87,58.19,38230.83,1094.74
2025-09-01,C01,Poultry,Restaurants,Vancouver Island,231,80.34,0.00,18577.06,58.36,13481.16,801.11
2025-09-01,C01,Poultry,Restaurants,BC Interior,229,80.34,0.00,18342.70,58.30,13350.70,904.59
2025-09-01,C01,Poultry,Grocery Retail,Lower Mainland,429,80.34,0.03,29241.96,58.07,24912.03,686.83
2025-09-01,C01,Poultry,Grocery Retail,Vancouver Island,163,80.34,0.00,11512.45,58.13,9475.19,579.98
2025-09-01,C01,Poultry,Grocery Retail,BC Interior,155,80.34,0.04,10541.96,58.42,9055.10,626.46
2025-09-01,C01,Poultry,Hotels & Institutions,Lower Mainland,274,80.34,0.00,20891.59,58.30,15974.20,457.45
2025-09-01,C01,Poultry,Hotels & Institutions,Vancouver Island,93,80.34,0.00,7055.51,58.42,5433.06,318.65
2025-09-01,C01,Poultry,Hotels & Institutions,BC Interior,98,80.34,0.01,7419.91,58.36,5719.28,400.37
2025-09-01,C01,Poultry,Online Direct,Lower Mainland,122,80.34,0.00,10966.61,58.25,7106.50,1263.30
2025-09-01,C01,Poultry,Online Direct,Vancouver Island,42,80.34,0.01,3722.51,58.25,2446.50,494.11
2025-09-01,C01,Poultry,Online Direct,BC Interior,44,80.34,0.01,3947.24,58.13,2557.72,541.35
2025-09-01,C02,Poultry,Restaurants,Lower Mainland,546,127.72,0.00,69734.49,91.77,50106.42,877.71
2025-09-01,C02,Poultry,Restaurants,Vancouver Island,205,127.72,0.01,25998.17,91.96,18851.80,695.30
2025-09-01,C02,Poultry,Restaurants,BC Interior,209,127.72,0.01,26319.77,91.77,19179.93,844.70
2025-09-01,C02,Poultry,Grocery Retail,Lower Mainland,405,127.72,0.01,44792.87,91.96,37243.80,678.81
2025-09-01,C02,Poultry,Grocery Retail,Vancouver Island,140,127.72,0.03,15201.12,91.77,12847.80,475.32
2025-09-01,C02,Poultry,Grocery Retail,BC Interior,137,127.72,0.02,15105.05,92.23,12635.51,531.36
2025-09-01,C02,Poultry,Hotels & Institutions,Lower Mainland,225,127.72,0.01,27163.27,92.23,20751.75,369.40
2025-09-01,C02,Poultry,Hotels & Institutions,Vancouver Island,88,127.72,0.01,10645.06,92.05,8100.40,296.94
2025-09-01,C02,Poultry,Hotels & Institutions,BC Interior,84,127.72,0.01,10099.96,91.96,7724.64,327.13
2025-09-01,C02,Poultry,Online Direct,Lower Mainland,106,127.72,0.00,15072.06,91.96,9747.76,1072.92
2025-09-01,C02,Poultry,Online Direct,Vancouver Island,37,127.72,0.01,5250.44,91.68,3392.16,439.72
2025-09-01,C02,Poultry,Online Direct,BC Interior,37,127.72,0.00,5255.73,92.23,3412.51,463.53
2025-09-01,C03,Poultry,Restaurants,Lower Mainland,456,98.88,0.01,44774.11,70.84,32303.04,728.56
2025-09-01,C03,Poultry,Restaurants,Vancouver Island,162,98.88,0.00,16034.55,70.56,11430.72,555.64
2025-09-01,C03,Poultry,Restaurants,BC Interior,163,98.88,0.00,16133.56,70.91,11558.33,660.09
2025-09-01,C03,Poultry,Grocery Retail,Lower Mainland,305,98.88,0.03,25689.26,70.49,21499.45,486.81
2025-09-01,C03,Poultry,Grocery Retail,Vancouver Island,111,98.88,0.01,9485.28,70.84,7863.24,391.11
2025-09-01,C03,Poultry,Grocery Retail,BC Interior,117,98.88,0.02,10016.98,70.70,8271.90,463.10
2025-09-01,C03,Poultry,Hotels & Institutions,Lower Mainland,196,98.88,0.01,18172.77,70.63,13843.48,312.51
2025-09-01,C03,Poultry,Hotels & Institutions,Vancouver Island,71,98.88,0.01,6575.98,70.63,5014.73,251.65
2025-09-01,C03,Poultry,Hotels & Institutions,BC Interior,66,98.88,0.01,6150.22,70.77,4670.82,263.07
2025-09-01,C03,Poultry,Online Direct,Lower Mainland,86,98.88,0.01,9381.60,70.63,6074.18,887.04
2025-09-01,C03,Poultry,Online Direct,Vancouver Island,30,98.88,0.01,3312.37,70.49,2114.70,360.48
2025-09-01,C03,Poultry,Online Direct,BC Interior,31,98.88,0.00,3429.67,70.49,2185.19,390.69
2025-09-01,C04,Poultry,Restaurants,Lower Mainland,111,193.64,0.00,21322.43,135.68,15060.48,179.34
2025-09-01,C04,Poultry,Restaurants,Vancouver Island,39,193.64,0.00,7506.71,135.14,5270.46,134.71
2025-09-01,C04,Poultry,Restaurants,BC Interior,38,193.64,0.01,7336.11,135.82,5161.16,146.93
2025-09-01,C04,Poultry,Grocery Retail,Lower Mainland,77,193.64,0.01,13081.45,135.55,10437.35,127.30
2025-09-01,C04,Poultry,Grocery Retail,Vancouver Island,27,193.64,0.00,4587.08,135.55,3659.85,91.20
2025-09-01,C04,Poultry,Grocery Retail,BC Interior,26,193.64,0.02,4346.30,135.68,3527.68,101.88
2025-09-01,C04,Poultry,Hotels & Institutions,Lower Mainland,44,193.64,0.01,7964.77,135.95,5981.80,72.17
2025-09-01,C04,Poultry,Hotels & Institutions,Vancouver Island,16,193.64,0.00,2952.15,135.82,2173.12,53.99
2025-09-01,C04,Poultry,Hotels & Institutions,BC Interior,16,193.64,0.00,2940.35,135.41,2166.56,62.06
2025-09-01,C04,Poultry,Online Direct,Lower Mainland,21,193.64,0.01,4495.37,135.68,2849.28,207.67
2025-09-01,C04,Poultry,Online Direct,Vancouver Island,7,193.64,0.01,1495.37,135.14,945.98,85.12
2025-09-01,C04,Poultry,Online Direct,BC Interior,7,193.64,0.01,1515.06,135.55,948.85,86.30
2025-09-01,S01,Seafood,Restaurants,Lower Mainland,299,181.28,0.01,53714.35,137.28,41046.72,476.26
2025-09-01,S01,Seafood,Restaurants,Vancouver Island,104,181.28,0.01,18683.71,136.87,14234.48,368.61
2025-09-01,S01,Seafood,Restaurants,BC Interior,105,181.28,0.00,19015.25,136.46,14328.30,421.87
2025-09-01,S01,Seafood,Grocery Retail,Lower Mainland,203,181.28,0.00,32286.77,137.14,27839.42,329.64
2025-09-01,S01,Seafood,Grocery Retail,Vancouver Island,71,181.28,0.02,11043.49,136.87,9717.77,241.06
2025-09-01,S01,Seafood,Grocery Retail,BC Interior,71,181.28,0.00,11269.81,136.46,9688.66,287.52
2025-09-01,S01,Seafood,Hotels & Institutions,Lower Mainland,119,181.28,0.01,20268.03,137.28,16336.32,195.18
2025-09-01,S01,Seafood,Hotels & Institutions,Vancouver Island,43,181.28,0.01,7383.00,136.87,5885.41,150.62
2025-09-01,S01,Seafood,Hotels & Institutions,BC Interior,45,181.28,0.01,7664.66,137.14,6171.30,183.31
2025-09-01,S01,Seafood,Online Direct,Lower Mainland,55,181.28,0.01,10988.61,136.59,7512.45,571.75
2025-09-01,S01,Seafood,Online Direct,Vancouver Island,20,181.28,0.01,4003.92,136.87,2737.40,234.57
2025-09-01,S01,Seafood,Online Direct,BC Interior,20,181.28,0.00,4052.54,136.59,2731.80,252.55
2025-09-01,S02,Seafood,Restaurants,Lower Mainland,128,220.42,0.01,27848.00,165.15,21139.20,203.46
2025-09-01,S02,Seafood,Restaurants,Vancouver Island,44,220.42,0.01,9601.39,164.98,7259.12,150.00
2025-09-01,S02,Seafood,Restaurants,BC Interior,44,220.42,0.01,9611.27,165.48,7281.12,176.96
2025-09-01,S02,Seafood,Grocery Retail,Lower Mainland,84,220.42,0.02,15886.86,164.82,13844.88,137.50
2025-09-01,S02,Seafood,Grocery Retail,Vancouver Island,32,220.42,0.01,6157.37,165.48,5295.36,110.75
2025-09-01,S02,Seafood,Grocery Retail,BC Interior,31,220.42,0.02,5886.51,165.48,5129.88,123.32
2025-09-01,S02,Seafood,Hotels & Institutions,Lower Mainland,51,220.42,0.01,10551.49,165.15,8422.65,85.56
2025-09-01,S02,Seafood,Hotels & Institutions,Vancouver Island,18,220.42,0.01,3723.85,165.65,2981.70,62.36
2025-09-01,S02,Seafood,Hotels & Institutions,BC Interior,18,220.42,0.01,3746.51,165.48,2978.64,69.67
2025-09-01,S02,Seafood,Online Direct,Lower Mainland,22,220.42,0.01,5344.33,165.32,3637.04,227.14
2025-09-01,S02,Seafood,Online Direct,Vancouver Island,8,220.42,0.00,1972.99,165.15,1321.20,94.02
2025-09-01,S02,Seafood,Online Direct,BC Interior,8,220.42,0.01,1955.26,165.32,1322.56,97.63
2025-09-01,S03,Seafood,Restaurants,Lower Mainland,77,314.15,0.01,23972.18,234.28,18039.56,126.54
2025-09-01,S03,Seafood,Restaurants,Vancouver Island,28,314.15,0.01,8725.89,234.04,6553.12,95.06
2025-09-01,S03,Seafood,Restaurants,BC Interior,30,314.15,0.01,9311.14,233.34,7000.20,117.43
2025-09-01,S03,Seafood,Grocery Retail,Lower Mainland,53,314.15,0.02,14358.61,234.04,12404.12,84.51
2025-09-01,S03,Seafood,Grocery Retail,Vancouver Island,19,314.15,0.03,5115.39,234.28,4451.32,66.68
2025-09-01,S03,Seafood,Grocery Retail,BC Interior,19,314.15,0.02,5132.09,234.74,4460.06,77.17
2025-09-01,S03,Seafood,Hotels & Institutions,Lower Mainland,32,314.15,0.01,9464.28,234.28,7496.96,52.85
2025-09-01,S03,Seafood,Hotels & Institutions,Vancouver Island,12,314.15,0.01,3538.41,234.51,2814.12,40.70
2025-09-01,S03,Seafood,Hotels & Institutions,BC Interior,11,314.15,0.01,3233.74,234.04,2574.44,43.89
2025-09-01,S03,Seafood,Online Direct,Lower Mainland,14,314.15,0.01,4896.34,233.81,3273.34,142.42
2025-09-01,S03,Seafood,Online Direct,Vancouver Island,5,314.15,0.01,1750.40,233.34,1166.70,59.12
2025-09-01,S03,Seafood,Online Direct,BC Interior,5,314.15,0.01,1743.42,234.74,1173.70,63.89
2025-09-01,S04,Seafood,Restaurants,Lower Mainland,152,142.14,0.00,21605.26,106.60,16203.20,252.28
2025-09-01,S04,Seafood,Restaurants,Vancouver Island,54,142.14,0.00,7675.53,106.39,5745.06,192.14
2025-09-01,S04,Seafood,Restaurants,BC Interior,53,142.14,0.01,7510.68,106.39,5638.67,208.30
2025-09-01,S04,Seafood,Grocery Retail,Lower Mainland,103,142.14,0.03,12485.26,106.82,11002.46,164.90
2025-09-01,S04,Seafood,Grocery Retail,Vancouver Island,35,142.14,0.03,4254.92,106.82,3738.70,119.92
2025-09-01,S04,Seafood,Grocery Retail,BC Interior,38,142.14,0.04,4558.82,106.82,4059.16,152.83
2025-09-01,S04,Seafood,Hotels & Institutions,Lower Mainland,58,142.14,0.00,7777.18,106.92,6201.36,95.79
2025-09-01,S04,Seafood,Hotels & Institutions,Vancouver Island,21,142.14,0.01,2821.47,106.60,2238.60,72.83
2025-09-01,S04,Seafood,Hotels & Institutions,BC Interior,21,142.14,0.00,2838.51,106.29,2232.09,83.12
2025-09-01,S04,Seafood,Online Direct,Lower Mainland,26,142.14,0.01,4114.30,106.60,2771.60,265.80
2025-09-01,S04,Seafood,Online Direct,Vancouver Island,9,142.14,0.01,1422.68,106.39,957.51,105.56
2025-09-01,S04,Seafood,Online Direct,BC Interior,9,142.14,0.01,1412.73,106.29,956.61,112.30
2025-09-01,H01,Charcuterie,Restaurants,Lower Mainland,178,193.64,0.01,34020.87,112.31,19991.18,296.02
2025-09-01,H01,Charcuterie,Restaurants,Vancouver Island,63,193.64,0.01,12064.98,112.31,7075.53,213.02
2025-09-01,H01,Charcuterie,Restaurants,BC Interior,64,193.64,0.00,12368.17,112.54,7202.56,260.96
2025-09-01,H01,Charcuterie,Grocery Retail,Lower Mainland,118,193.64,0.01,19986.39,111.97,13212.46,196.43
2025-09-01,H01,Charcuterie,Grocery Retail,Vancouver Island,41,193.64,0.01,6895.96,111.97,4590.77,141.62
2025-09-01,H01,Charcuterie,Grocery Retail,BC Interior,44,193.64,0.03,7287.35,112.65,4956.60,176.96
2025-09-01,H01,Charcuterie,Hotels & Institutions,Lower Mainland,70,193.64,0.00,12877.05,112.65,7885.50,114.58
2025-09-01,H01,Charcuterie,Hotels & Institutions,Vancouver Island,26,193.64,0.01,4725.30,112.09,2914.34,91.79
2025-09-01,H01,Charcuterie,Hotels & Institutions,BC Interior,25,193.64,0.00,4571.40,111.97,2799.25,98.55
2025-09-01,H01,Charcuterie,Online Direct,Lower Mainland,31,193.64,0.01,6656.01,112.09,3474.79,313.15
2025-09-01,H01,Charcuterie,Online Direct,Vancouver Island,11,193.64,0.01,2373.63,111.97,1231.67,128.75
2025-09-01,H01,Charcuterie,Online Direct,BC Interior,11,193.64,0.00,2373.73,112.65,1239.15,140.41
2025-09-01,H02,Charcuterie,Restaurants,Lower Mainland,146,160.68,0.00,23506.01,92.11,13448.06,233.27
2025-09-01,H02,Charcuterie,Restaurants,Vancouver Island,57,160.68,0.01,9094.70,92.30,5261.10,202.82
2025-09-01,H02,Charcuterie,Restaurants,BC Interior,53,160.68,0.01,8498.80,92.30,4891.90,212.73
2025-09-01,H02,Charcuterie,Grocery Retail,Lower Mainland,103,160.68,0.01,14389.56,92.67,9545.01,164.90
2025-09-01,H02,Charcuterie,Grocery Retail,Vancouver Island,36,160.68,0.01,5029.40,92.21,3319.56,127.34
2025-09-01,H02,Charcuterie,Grocery Retail,BC Interior,36,160.68,0.03,4947.67,92.58,3332.88,143.49
2025-09-01,H02,Charcuterie,Hotels & Institutions,Lower Mainland,64,160.68,0.01,9603.56,92.30,5907.20,106.85
2025-09-01,H02,Charcuterie,Hotels & Institutions,Vancouver Island,21,160.68,0.01,3202.30,92.58,1944.18,71.74
2025-09-01,H02,Charcuterie,Hotels & Institutions,BC Interior,22,160.68,0.01,3304.64,92.48,2034.56,85.07
2025-09-01,H02,Charcuterie,Online Direct,Lower Mainland,28,160.68,0.00,5003.71,92.67,2594.76,290.79
2025-09-01,H02,Charcuterie,Online Direct,Vancouver Island,10,160.68,0.00,1788.83,92.21,922.10,122.67
2025-09-01,H02,Charcuterie,Online Direct,BC Interior,10,160.68,0.01,1774.44,92.58,925.80,124.41
2025-09-01,H03,Charcuterie,Restaurants,Lower Mainland,80,210.12,0.01,16725.32,123.72,9897.60,131.34
2025-09-01,H03,Charcuterie,Restaurants,Vancouver Island,28,210.12,0.01,5847.82,123.97,3471.16,94.77
2025-09-01,H03,Charcuterie,Restaurants,BC Interior,27,210.12,0.00,5656.22,124.34,3357.18,106.44
2025-09-01,H03,Charcuterie,Grocery Retail,Lower Mainland,53,210.12,0.01,9643.67,124.09,6576.77,86.06
2025-09-01,H03,Charcuterie,Grocery Retail,Vancouver Island,18,210.12,0.02,3255.00,123.97,2231.46,63.24
2025-09-01,H03,Charcuterie,Grocery Retail,BC Interior,19,210.12,0.02,3449.90,124.34,2362.46,76.64
2025-09-01,H03,Charcuterie,Hotels & Institutions,Lower Mainland,33,210.12,0.01,6488.62,124.34,4103.22,54.50
2025-09-01,H03,Charcuterie,Hotels & Institutions,Vancouver Island,12,210.12,0.01,2373.83,123.97,1487.64,40.62
2025-09-01,H03,Charcuterie,Hotels & Institutions,BC Interior,12,210.12,0.01,2369.02,123.97,1487.64,48.02
2025-09-01,H03,Charcuterie,Online Direct,Lower Mainland,15,210.12,0.01,3512.34,124.34,1865.10,154.87
2025-09-01,H03,Charcuterie,Online Direct,Vancouver Island,5,210.12,0.01,1167.20,124.34,621.70,60.02
2025-09-01,H03,Charcuterie,Online Direct,BC Interior,5,210.12,0.01,1164.93,123.60,618.00,63.64
2025-09-01,H04,Charcuterie,Restaurants,Lower Mainland,135,98.88,0.00,13268.81,56.25,7593.75,220.10
2025-09-01,H04,Charcuterie,Restaurants,Vancouver Island,48,98.88,0.01,4703.35,56.47,2710.56,165.47
2025-09-01,H04,Charcuterie,Restaurants,BC Interior,48,98.88,0.01,4698.78,56.25,2700.00,189.99
2025-09-01,H04,Charcuterie,Grocery Retail,Lower Mainland,90,98.88,0.02,7675.17,56.53,5087.70,147.17
2025-09-01,H04,Charcuterie,Grocery Retail,Vancouver Island,33,98.88,0.03,2762.75,56.25,1856.25,114.10
2025-09-01,H04,Charcuterie,Grocery Retail,BC Interior,32,98.88,0.04,2686.90,56.53,1808.96,123.99
2025-09-01,H04,Charcuterie,Hotels & Institutions,Lower Mainland,56,98.88,0.01,5181.51,56.19,3146.64,88.92
2025-09-01,H04,Charcuterie,Hotels & Institutions,Vancouver Island,20,98.88,0.01,1854.36,56.19,1123.80,70.75
2025-09-01,H04,Charcuterie,Hotels & Institutions,BC Interior,21,98.88,0.01,1966.70,56.31,1182.51,81.53
2025-09-01,H04,Charcuterie,Online Direct,Lower Mainland,24,98.88,0.01,2636.50,56.25,1350.00,242.44
2025-09-01,H04,Charcuterie,Online Direct,Vancouver Island,9,98.88,0.01,986.70,56.25,506.25,105.02
2025-09-01,H04,Charcuterie,Online Direct,BC Interior,9,98.88,0.01,991.69,56.36,507.24,109.27
2025-09-01,D01,Cheese & Dairy,Restaurants,Lower Mainland,215,146.26,0.01,31161.75,90.68,19496.20,354.04
2025-09-01,D01,Cheese & Dairy,Restaurants,Vancouver Island,81,146.26,0.01,11704.74,90.95,7366.95,277.82
2025-09-01,D01,Cheese & Dairy,Restaurants,BC Interior,80,146.26,0.01,11583.14,90.50,7240.00,325.56
2025-09-01,D01,Cheese & Dairy,Grocery Retail,Lower Mainland,152,146.26,0.04,18837.53,90.95,13824.40,242.11
2025-09-01,D01,Cheese & Dairy,Grocery Retail,Vancouver Island,55,146.26,0.04,6803.17,90.68,4987.40,188.07
2025-09-01,D01,Cheese & Dairy,Grocery Retail,BC Interior,52,146.26,0.01,6625.67,90.77,4720.04,209.96
2025-09-01,D01,Cheese & Dairy,Hotels & Institutions,Lower Mainland,91,146.26,0.00,12631.38,90.77,8260.07,150.89
2025-09-01,D01,Cheese & Dairy,Hotels & Institutions,Vancouver Island,31,146.26,0.01,4260.02,90.59,2808.29,104.39
2025-09-01,D01,Cheese & Dairy,Hotels & Institutions,BC Interior,34,146.26,0.01,4667.56,90.68,3083.12,134.85
2025-09-01,D01,Cheese & Dairy,Online Direct,Lower Mainland,38,146.26,0.01,6156.09,90.86,3452.68,373.47
2025-09-01,D01,Cheese & Dairy,Online Direct,Vancouver Island,14,146.26,0.00,2291.06,90.68,1269.52,172.58
2025-09-01,D01,Cheese & Dairy,Online Direct,BC Interior,14,146.26,0.01,2272.60,90.95,1273.30,172.07
2025-09-01,D02,Cheese & Dairy,Restaurants,Lower Mainland,196,121.54,0.01,23464.85,74.60,14621.60,325.31
2025-09-01,D02,Cheese & Dairy,Restaurants,Vancouver Island,67,121.54,0.01,8069.89,74.82,5012.94,230.50
2025-09-01,D02,Cheese & Dairy,Restaurants,BC Interior,69,121.54,0.01,8319.27,74.52,5141.88,268.99
2025-09-01,D02,Cheese & Dairy,Grocery Retail,Lower Mainland,132,121.54,0.01,14005.35,74.82,9876.24,217.36
2025-09-01,D02,Cheese & Dairy,Grocery Retail,Vancouver Island,48,121.54,0.03,4949.38,74.67,3584.16,168.30
2025-09-01,D02,Cheese & Dairy,Grocery Retail,BC Interior,47,121.54,0.00,5021.81,74.60,3506.20,186.59
2025-09-01,D02,Cheese & Dairy,Hotels & Institutions,Lower Mainland,79,121.54,0.01,9030.55,74.90,5917.10,126.87
2025-09-01,D02,Cheese & Dairy,Hotels & Institutions,Vancouver Island,28,121.54,0.00,3226.47,74.52,2086.56,97.01
2025-09-01,D02,Cheese & Dairy,Hotels & Institutions,BC Interior,28,121.54,0.00,3226.47,74.67,2090.76,111.94
2025-09-01,D02,Cheese & Dairy,Online Direct,Lower Mainland,36,121.54,0.00,4900.41,74.97,2698.92,360.37
2025-09-01,D02,Cheese & Dairy,Online Direct,Vancouver Island,12,121.54,0.01,1617.12,74.82,897.84,143.76
2025-09-01,D02,Cheese & Dairy,Online Direct,BC Interior,13,121.54,0.00,1774.92,74.52,968.76,167.08
2025-09-01,D03,Cheese & Dairy,Restaurants,Lower Mainland,97,243.08,0.01,23249.44,152.99,14840.03,157.51
2025-09-01,D03,Cheese & Dairy,Restaurants,Vancouver Island,35,243.08,0.00,8516.21,153.60,5376.00,124.66
2025-09-01,D03,Cheese & Dairy,Restaurants,BC Interior,37,243.08,0.01,8939.93,153.60,5683.20,146.16
2025-09-01,D03,Cheese & Dairy,Grocery Retail,Lower Mainland,68,243.08,0.04,13979.69,153.60,10444.80,109.98
2025-09-01,D03,Cheese & Dairy,Grocery Retail,Vancouver Island,24,243.08,0.04,4948.64,152.68,3664.32,81.48
2025-09-01,D03,Cheese & Dairy,Grocery Retail,BC Interior,25,243.08,0.01,5294.28,152.68,3817.00,99.65
2025-09-01,D03,Cheese & Dairy,Hotels & Institutions,Lower Mainland,40,243.08,0.01,9181.25,152.68,6107.20,63.84
2025-09-01,D03,Cheese & Dairy,Hotels & Institutions,Vancouver Island,15,243.08,0.00,3474.28,152.68,2290.20,53.37
2025-09-01,D03,Cheese & Dairy,Hotels & Institutions,BC Interior,15,243.08,0.01,3449.92,152.83,2292.45,58.60
2025-09-01,D03,Cheese & Dairy,Online Direct,Lower Mainland,18,243.08,0.01,4836.93,153.29,2759.22,181.10
2025-09-01,D03,Cheese & Dairy,Online Direct,Vancouver Island,7,243.08,0.00,1905.72,153.14,1071.98,81.68
2025-09-01,D03,Cheese & Dairy,Online Direct,BC Interior,6,243.08,0.01,1618.74,153.14,918.84,76.29
2025-09-01,D04,Cheese & Dairy,Restaurants,Lower Mainland,276,88.58,0.01,24105.44,53.87,14868.12,459.89
2025-09-01,D04,Cheese & Dairy,Restaurants,Vancouver Island,101,88.58,0.01,8874.58,53.98,5451.98,346.06
2025-09-01,D04,Cheese & Dairy,Restaurants,BC Interior,94,88.58,0.00,8276.63,53.93,5069.42,371.31
2025-09-01,D04,Cheese & Dairy,Grocery Retail,Lower Mainland,184,88.58,0.01,14085.35,53.98,9932.32,302.09
2025-09-01,D04,Cheese & Dairy,Grocery Retail,Vancouver Island,65,88.58,0.03,4879.82,53.98,3508.70,221.36
2025-09-01,D04,Cheese & Dairy,Grocery Retail,BC Interior,66,88.58,0.03,5015.51,54.03,3565.98,267.80
2025-09-01,D04,Cheese & Dairy,Hotels & Institutions,Lower Mainland,112,88.58,0.01,9330.14,54.20,6070.40,177.48
2025-09-01,D04,Cheese & Dairy,Hotels & Institutions,Vancouver Island,42,88.58,0.01,3499.06,54.09,2271.78,145.95
2025-09-01,D04,Cheese & Dairy,Hotels & Institutions,BC Interior,40,88.58,0.01,3319.00,53.87,2154.80,157.05
2025-09-01,D04,Cheese & Dairy,Online Direct,Lower Mainland,49,88.58,0.00,4866.12,54.20,2655.80,508.88
2025-09-01,D04,Cheese & Dairy,Online Direct,Vancouver Island,19,88.58,0.01,1866.03,54.09,1027.71,231.49
2025-09-01,D04,Cheese & Dairy,Online Direct,BC Interior,18,88.58,0.01,1771.51,53.98,971.64,222.81
2025-10-01,B01,Beef,Restaurants,Lower Mainland,254,276.04,0.01,69275.03,204.88,52039.52,416.19
2025-10-01,B01,Beef,Restaurants,Vancouver Island,91,276.04,0.01,24868.17,204.88,18644.08,307.38
2025-10-01,B01,Beef,Restaurants,BC Interior,97,276.04,0.01,26427.42,203.66,19755.02,377.76
2025-10-01,B01,Beef,Grocery Retail,Lower Mainland,177,276.04,0.02,42180.53,204.68,36228.36,281.06
2025-10-01,B01,Beef,Grocery Retail,Vancouver Island,64,276.04,0.01,15313.37,204.47,13086.08,220.84
2025-10-01,B01,Beef,Grocery Retail,BC Interior,64,276.04,0.01,15375.56,204.27,13073.28,259.68
2025-10-01,B01,Beef,Hotels & Institutions,Lower Mainland,105,276.04,0.01,27286.18,203.66,21384.30,172.39
2025-10-01,B01,Beef,Hotels & Institutions,Vancouver Island,39,276.04,0.00,10155.81,204.07,7958.73,136.88
2025-10-01,B01,Beef,Hotels & Institutions,BC Interior,38,276.04,0.01,9845.46,203.86,7746.68,150.11
2025-10-01,B01,Beef,Online Direct,Lower Mainland,46,276.04,0.01,14093.07,204.27,9396.42,474.46
2025-10-01,B01,Beef,Online Direct,Vancouver Island,18,276.04,0.00,5553.84,204.47,3680.46,213.92
2025-10-01,B01,Beef,Online Direct,BC Interior,17,276.04,0.01,5224.06,204.68,3479.56,210.64
2025-10-01,B02,Beef,Restaurants,Lower Mainland,715,121.54,0.01,86207.19,89.51,63999.65,1141.21
2025-10-01,B02,Beef,Restaurants,Vancouver Island,253,121.54,0.00,30749.62,89.24,22577.72,882.67
2025-10-01,B02,Beef,Restaurants,BC Interior,263,121.54,0.01,31644.12,89.60,23564.80,1046.21
2025-10-01,B02,Beef,Grocery Retail,Lower Mainland,469,121.54,0.03,48662.35,89.42,41937.98,767.70
2025-10-01,B02,Beef,Grocery Retail,Vancouver Island,177,121.54,0.03,18380.25,89.42,15827.34,606.47
2025-10-01,B02,Beef,Grocery Retail,BC Interior,169,121.54,0.04,17440.73,89.33,15096.77,682.37
2025-10-01,B02,Beef,Hotels & Institutions,Lower Mainland,294,121.54,0.00,33776.53,89.33,26263.02,482.21
2025-10-01,B02,Beef,Hotels & Institutions,Vancouver Island,106,121.54,0.00,12177.96,89.42,9478.52,361.36
2025-10-01,B02,Beef,Hotels & Institutions,BC Interior,106,121.54,0.00,12263.46,89.15,9449.90,433.05
2025-10-01,B02,Beef,Online Direct,Lower Mainland,126,121.54,0.01,17048.13,89.24,11244.24,1302.16
2025-10-01,B02,Beef,Online Direct,Vancouver Island,45,121.54,0.01,6094.95,89.60,4032.00,546.64
2025-10-01,B02,Beef,Online Direct,BC Interior,47,121.54,0.01,6302.18,89.33,4198.51,577.08
2025-10-01,B03,Beef,Restaurants,Lower Mainland,293,201.88,0.00,58855.32,150.55,44111.15,488.22
2025-10-01,B03,Beef,Restaurants,Vancouver Island,109,201.88,0.01,21653.17,150.25,16377.25,383.68
2025-10-01,B03,Beef,Restaurants,BC Interior,113,201.88,0.01,22425.81,149.95,16944.35,439.62
2025-10-01,B03,Beef,Grocery Retail,Lower Mainland,215,201.88,0.04,36783.83,150.40,32336.00,348.07
2025-10-01,B03,Beef,Grocery Retail,Vancouver Island,74,201.88,0.02,12935.33,150.70,11151.80,261.25
2025-10-01,B03,Beef,Grocery Retail,BC Interior,74,201.88,0.00,13093.88,149.95,11096.30,298.20
2025-10-01,B03,Beef,Hotels & Institutions,Lower Mainland,125,201.88,0.01,23519.20,150.70,18837.50,206.45
2025-10-01,B03,Beef,Hotels & Institutions,Vancouver Island,46,201.88,0.01,8716.47,150.25,6911.50,156.02
2025-10-01,B03,Beef,Hotels & Institutions,BC Interior,43,201.88,0.01,8163.87,150.70,6480.10,169.34
2025-10-01,B03,Beef,Online Direct,Lower Mainland,56,201.88,0.00,12699.85,150.25,8414.00,583.28
2025-10-01,B03,Beef,Online Direct,Vancouver Island,20,201.88,0.01,4440.92,150.40,3008.00,233.14
2025-10-01,B03,Beef,Online Direct,BC Interior,20,201.88,0.01,4494.98,150.70,3014.00,250.81
2025-10-01,B04,Beef,Restaurants,Lower Mainland,141,352.26,0.00,49519.65,263.67,37177.47,229.42
2025-10-01,B04,Beef,Restaurants,Vancouver Island,51,352.26,0.01,17820.95,264.46,13487.46,174.92
2025-10-01,B04,Beef,Restaurants,BC Interior,52,352.26,0.01,17988.83,264.99,13779.48,210.17
2025-10-01,B04,Beef,Grocery Retail,Lower Mainland,99,352.26,0.00,30474.44,263.67,26103.33,156.72
2025-10-01,B04,Beef,Grocery Retail,Vancouver Island,34,352.26,0.01,10528.87,263.93,8973.62,119.68
2025-10-01,B04,Beef,Grocery Retail,BC Interior,37,352.26,0.01,11332.18,264.99,9804.63,148.66
2025-10-01,B04,Beef,Hotels & Institutions,Lower Mainland,61,352.26,0.01,20208.54,263.93,16099.73,97.16
2025-10-01,B04,Beef,Hotels & Institutions,Vancouver Island,21,352.26,0.01,6943.33,264.99,5564.79,71.30
2025-10-01,B04,Beef,Hotels & Institutions,BC Interior,22,352.26,0.01,7273.79,264.99,5829.78,87.87
2025-10-01,B04,Beef,Online Direct,Lower Mainland,26,352.26,0.01,10237.14,264.99,6889.74,259.22
2025-10-01,B04,Beef,Online Direct,Vancouver Island,9,352.26,0.01,3515.19,263.40,2370.60,107.28
2025-10-01,B04,Beef,Online Direct,BC Interior,9,352.26,0.01,3511.63,264.99,2384.91,112.08
2025-10-01,P01,Pork,Restaurants,Lower Mainland,398,135.96,0.01,53623.12,95.46,37993.08,652.78
2025-10-01,P01,Pork,Restaurants,Vancouver Island,136,135.96,0.01,18416.38,95.27,12956.72,484.38
2025-10-01,P01,Pork,Restaurants,BC Interior,143,135.96,0.01,19112.58,94.89,13569.27,568.85
2025-10-01,P01,Pork,Grocery Retail,Lower Mainland,270,135.96,0.01,31853.13,95.36,25747.20,452.10
2025-10-01,P01,Pork,Grocery Retail,Vancouver Island,92,135.96,0.03,10611.81,95.27,8764.84,318.42
2025-10-01,P01,Pork,Grocery Retail,BC Interior,100,135.96,0.04,11531.84,95.17,9517.00,408.94
2025-10-01,P01,Pork,Hotels & Institutions,Lower Mainland,153,135.96,0.01,19682.32,95.46,14605.38,249.20
2025-10-01,P01,Pork,Hotels & Institutions,Vancouver Island,56,135.96,0.01,7153.64,94.89,5313.84,190.52
2025-10-01,P01,Pork,Hotels & Institutions,BC Interior,58,135.96,0.00,7468.94,94.89,5503.62,237.41
2025-10-01,P01,Pork,Online Direct,Lower Mainland,69,135.96,0.01,10349.85,94.98,6553.62,697.01
2025-10-01,P01,Pork,Online Direct,Vancouver Island,27,135.96,0.01,4065.96,95.17,2569.59,329.60
2025-10-01,P01,Pork,Online Direct,BC Interior,26,135.96,0.01,3923.32,95.27,2477.02,332.21
2025-10-01,P02,Pork,Restaurants,Lower Mainland,269,107.12,0.00,28700.11,74.06,19922.14,442.96
2025-10-01,P02,Pork,Restaurants,Vancouver Island,96,107.12,0.01,10139.68,73.91,7095.36,335.26
2025-10-01,P02,Pork,Restaurants,BC Interior,97,107.12,0.00,10369.86,73.76,7154.72,387.41
2025-10-01,P02,Pork,Grocery Retail,Lower Mainland,183,107.12,0.04,16630.19,73.99,13540.17,292.09
2025-10-01,P02,Pork,Grocery Retail,Vancouver Island,70,107.12,0.01,6539.20,73.76,5163.20,235.96
2025-10-01,P02,Pork,Grocery Retail,BC Interior,66,107.12,0.03,6028.46,73.69,4863.54,255.72
2025-10-01,P02,Pork,Hotels & Institutions,Lower Mainland,109,107.12,0.00,11059.00,73.76,8039.84,180.20
2025-10-01,P02,Pork,Hotels & Institutions,Vancouver Island,42,107.12,0.01,4205.91,73.76,3097.92,142.31
2025-10-01,P02,Pork,Hotels & Institutions,BC Interior,42,107.12,0.01,4252.72,74.06,3110.52,163.07
2025-10-01,P02,Pork,Online Direct,Lower Mainland,51,107.12,0.01,6045.19,73.84,3765.84,511.56
2025-10-01,P02,Pork,Online Direct,Vancouver Island,18,107.12,0.00,2150.91,74.13,1334.34,212.41
2025-10-01,P02,Pork,Online Direct,BC Interior,17,107.12,0.01,2017.13,73.76,1253.92,215.52
2025-10-01,P03,Pork,Restaurants,Lower Mainland,245,150.38,0.01,36621.78,105.70,25896.50,407.04
2025-10-01,P03,Pork,Restaurants,Vancouver Island,89,150.38,0.00,13276.96,105.91,9425.99,302.17
2025-10-01,P03,Pork,Restaurants,BC Interior,92,150.38,0.01,13765.59,105.91,9743.72,363.41
2025-10-01,P03,Pork,Grocery Retail,Lower Mainland,172,150.38,0.01,22509.77,105.81,18199.32,280.70
2025-10-01,P03,Pork,Grocery Retail,Vancouver Island,59,150.38,0.02,7651.41,106.23,6267.57,205.84
2025-10-01,P03,Pork,Grocery Retail,BC Interior,62,150.38,0.02,8016.02,106.34,6593.08,245.65
2025-10-01,P03,Pork,Hotels & Institutions,Lower Mainland,97,150.38,0.00,13885.19,105.70,10252.90,154.66
2025-10-01,P03,Pork,Hotels & Institutions,Vancouver Island,38,150.38,0.01,5379.74,106.23,4036.74,131.13
2025-10-01,P03,Pork,Hotels & Institutions,BC Interior,37,150.38,0.00,5259.45,105.91,3918.67,147.77
2025-10-01,P03,Pork,Online Direct,Lower Mainland,44,150.38,0.01,7314.61,106.12,4669.28,440.46
2025-10-01,P03,Pork,Online Direct,Vancouver Island,16,150.38,0.01,2665.10,106.12,1697.92,190.34
2025-10-01,P03,Pork,Online Direct,BC Interior,15,150.38,0.01,2498.66,105.91,1588.65,190.54
2025-10-01,P04,Pork,Restaurants,Lower Mainland,353,94.76,0.00,33517.08,65.73,23202.69,583.01
2025-10-01,P04,Pork,Restaurants,Vancouver Island,123,94.76,0.01,11550.67,65.92,8108.16,419.31
2025-10-01,P04,Pork,Restaurants,BC Interior,122,94.76,0.01,11399.15,65.73,8019.06,489.68
2025-10-01,P04,Pork,Grocery Retail,Lower Mainland,233,94.76,0.04,18693.31,65.73,15315.09,386.34
2025-10-01,P04,Pork,Grocery Retail,Vancouver Island,90,94.76,0.01,7377.63,65.92,5932.80,318.67
2025-10-01,P04,Pork,Grocery Retail,BC Interior,89,94.76,0.00,7428.98,65.92,5866.88,349.44
2025-10-01,P04,Pork,Hotels & Institutions,Lower Mainland,151,94.76,0.01,13402.81,65.79,9934.29,242.74
2025-10-01,P04,Pork,Hotels & Institutions,Vancouver Island,51,94.76,0.01,4572.73,65.86,3358.86,171.92
2025-10-01,P04,Pork,Hotels & Institutions,BC Interior,51,94.76,0.01,4549.80,65.79,3355.29,198.82
2025-10-01,P04,Pork,Online Direct,Lower Mainland,63,94.76,0.01,6599.49,65.92,4152.96,637.04
2025-10-01,P04,Pork,Online Direct,Vancouver Island,24,94.76,0.01,2539.48,65.79,1578.96,286.66
2025-10-01,P04,Pork,Online Direct,BC Interior,22,94.76,0.00,2327.89,66.06,1453.32,274.52
2025-10-01,C01,Poultry,Restaurants,Lower Mainland,618,80.34,0.01,49251.28,58.30,36029.40,983.36
2025-10-01,C01,Poultry,Restaurants,Vancouver Island,232,80.34,0.01,18452.94,58.13,13486.16,807.79
2025-10-01,C01,Poultry,Restaurants,BC Interior,237,80.34,0.01,18887.34,58.25,13805.25,947.50
2025-10-01,C01,Poultry,Grocery Retail,Lower Mainland,449,80.34,0.01,31395.33,58.07,26073.43,715.91
2025-10-01,C01,Poultry,Grocery Retail,Vancouver Island,162,80.34,0.04,11040.95,58.36,9454.32,551.14
2025-10-01,C01,Poultry,Grocery Retail,BC Interior,151,80.34,0.01,10590.30,58.36,8812.36,611.49
2025-10-01,C01,Poultry,Hotels & Institutions,Lower Mainland,263,80.34,0.00,19952.67,58.25,15319.75,439.09
2025-10-01,C01,Poultry,Hotels & Institutions,Vancouver Island,95,80.34,0.00,7200.02,58.25,5533.75,326.49
2025-10-01,C01,Poultry,Hotels & Institutions,BC Interior,92,80.34,0.01,6930.59,58.07,5342.44,360.85
2025-10-01,C01,Poultry,Online Direct,Lower Mainland,116,80.34,0.00,10458.62,58.13,6743.08,1176.49
2025-10-01,C01,Poultry,Online Direct,Vancouver Island,41,80.34,0.00,3696.59,58.13,2383.33,502.46
2025-10-01,C01,Poultry,Online Direct,BC Interior,40,80.34,0.01,3563.15,58.36,2334.40,500.12
2025-10-01,C02,Poultry,Restaurants,Lower Mainland,573,127.72,0.00,73255.87,91.96,52693.08,940.75
2025-10-01,C02,Poultry,Restaurants,Vancouver Island,209,127.72,0.01,26426.97,91.96,19219.64,703.79
2025-10-01,C02,Poultry,Restaurants,BC Interior,208,127.72,0.00,26539.19,92.05,19146.40,848.94
2025-10-01,C02,Poultry,Grocery Retail,Lower Mainland,393,127.72,0.01,43422.08,92.05,36175.65,622.13
2025-10-01,C02,Poultry,Grocery Retail,Vancouver Island,135,127.72,0.02,14914.28,91.87,12402.45,456.01
2025-10-01,C02,Poultry,Grocery Retail,BC Interior,143,127.72,0.01,15799.73,91.68,13110.24,585.35
2025-10-01,C02,Poultry,Hotels & Institutions,Lower Mainland,231,127.72,0.01,27720.12,91.87,21221.97,380.38
2025-10-01,C02,Poultry,Hotels & Institutions,Vancouver Island,86,127.72,0.00,10466.03,91.96,7908.56,298.84
2025-10-01,C02,Poultry,Hotels & Institutions,BC Interior,85,127.72,0.01,10241.26,92.05,7824.25,329.00
2025-10-01,C02,Poultry,Online Direct,Lower Mainland,101,127.72,0.01,14317.34,91.96,9287.96,1024.36
2025-10-01,C02,Poultry,Online Direct,Vancouver Island,38,127.72,0.01,5376.12,91.68,3483.84,457.06
2025-10-01,C02,Poultry,Online Direct,BC Interior,37,127.72,0.01,5271.48,91.87,3399.19,458.92
2025-10-01,C03,Poultry,Restaurants,Lower Mainland,457,98.88,0.01,44421.32,70.56,32245.92,737.62
2025-10-01,C03,Poultry,Restaurants,Vancouver Island,170,98.88,0.01,16657.94,70.49,11983.30,577.77
2025-10-01,C03,Poultry,Restaurants,BC Interior,169,98.88,0.01,16593.24,70.91,11983.79,676.99
2025-10-01,C03,Poultry,Grocery Retail,Lower Mainland,306,98.88,0.03,25853.44,70.91,21698.46,485.91
2025-10-01,C03,Poultry,Grocery Retail,Vancouver Island,117,98.88,0.01,10109.48,70.56,8255.52,410.63
2025-10-01,C03,Poultry,Grocery Retail,BC Interior,110,98.88,0.04,9198.66,70.77,7784.70,433.20
2025-10-01,C03,Poultry,Hotels & Institutions,Lower Mainland,185,98.88,0.01,17187.49,70.56,13053.60,308.26
2025-10-01,C03,Poultry,Hotels & Institutions,Vancouver Island,68,98.88,0.01,6323.62,70.77,4812.36,231.58
2025-10-01,C03,Poultry,Hotels & Institutions,BC Interior,68,98.88,0.00,6394.00,70.91,4821.88,272.94
2025-10-01,C03,Poultry,Online Direct,Lower Mainland,86,98.88,0.00,9514.60,70.84,6092.24,894.01
2025-10-01,C03,Poultry,Online Direct,Vancouver Island,29,98.88,0.01,3185.90,70.84,2054.36,337.70
2025-10-01,C03,Poultry,Online Direct,BC Interior,31,98.88,0.01,3388.44,70.49,2185.19,390.69
2025-10-01,C04,Poultry,Restaurants,Lower Mainland,102,193.64,0.00,19731.49,135.68,13839.36,165.47
2025-10-01,C04,Poultry,Restaurants,Vancouver Island,38,193.64,0.01,7336.17,135.82,5161.16,130.86
2025-10-01,C04,Poultry,Restaurants,BC Interior,40,193.64,0.01,7652.81,135.82,5432.80,159.12
2025-10-01,C04,Poultry,Grocery Retail,Lower Mainland,69,193.64,0.04,11277.09,135.41,9343.29,109.57
2025-10-01,C04,Poultry,Grocery Retail,Vancouver Island,26,193.64,0.03,4284.79,135.28,3517.28,90.53
2025-10-01,C04,Poultry,Grocery Retail,BC Interior,26,193.64,0.01,4377.32,135.55,3524.30,101.67
2025-10-01,C04,Poultry,Hotels & Institutions,Lower Mainland,42,193.64,0.01,7671.92,135.68,5698.56,68.06
2025-10-01,C04,Poultry,Hotels & Institutions,Vancouver Island,16,193.64,0.00,2940.35,135.82,2173.12,53.88
2025-10-01,C04,Poultry,Hotels & Institutions,BC Interior,16,193.64,0.01,2922.64,135.55,2168.80,63.52
2025-10-01,C04,Poultry,Online Direct,Lower Mainland,19,193.64,0.00,4112.42,135.41,2572.79,189.81
2025-10-01,C04,Poultry,Online Direct,Vancouver Island,7,193.64,0.00,1512.07,135.68,949.76,81.77
2025-10-01,C04,Poultry,Online Direct,BC Interior,7,193.64,0.01,1501.44,135.41,947.87,89.18
2025-10-01,S01,Seafood,Restaurants,Lower Mainland,254,181.28,0.00,45998.98,137.28,34869.12,416.60
2025-10-01,S01,Seafood,Restaurants,Vancouver Island,96,181.28,0.01,17176.85,136.46,13100.16,340.92
2025-10-01,S01,Seafood,Restaurants,BC Interior,93,181.28,0.01,16706.94,137.14,12754.02,379.94
2025-10-01,S01,Seafood,Grocery Retail,Lower Mainland,185,181.28,0.03,28714.72,137.00,25345.00,302.22
2025-10-01,S01,Seafood,Grocery Retail,Vancouver Island,66,181.28,0.04,10179.74,136.87,9033.42,235.07
2025-10-01,S01,Seafood,Grocery Retail,BC Interior,68,181.28,0.02,10609.92,137.28,9335.04,271.86
2025-10-01,S01,Seafood,Hotels & Institutions,Lower Mainland,112,181.28,0.01,19018.79,137.00,15344.00,183.52
2025-10-01,S01,Seafood,Hotels & Institutions,Vancouver Island,40,181.28,0.00,6895.45,137.28,5491.20,142.33
2025-10-01,S01,Seafood,Hotels & Institutions,BC Interior,41,181.28,0.00,7046.68,137.00,5617.00,163.59
2025-10-01,S01,Seafood,Online Direct,Lower Mainland,50,181.28,0.00,10141.53,136.46,6823.00,503.05
2025-10-01,S01,Seafood,Online Direct,Vancouver Island,17,181.28,0.01,3420.33,137.14,2331.38,199.39
2025-10-01,S01,Seafood,Online Direct,BC Interior,18,181.28,0.00,3632.71,137.28,2471.04,226.63
2025-10-01,S02,Seafood,Restaurants,Lower Mainland,117,220.42,0.01,25557.50,165.15,19322.55,190.18
2025-10-01,S02,Seafood,Restaurants,Vancouver Island,39,220.42,0.00,8562.02,165.65,6460.35,132.41
2025-10-01,S02,Seafood,Restaurants,BC Interior,41,220.42,0.00,8992.09,165.15,6771.15,163.26
2025-10-01,S02,Seafood,Grocery Retail,Lower Mainland,79,220.42,0.00,15323.58,165.81,13098.99,129.06
2025-10-01,S02,Seafood,Grocery Retail,Vancouver Island,29,220.42,0.04,5395.32,164.98,4784.42,99.47
2025-10-01,S02,Seafood,Grocery Retail,BC Interior,29,220.42,0.02,5512.08,165.48,4798.92,114.79
2025-10-01,S02,Seafood,Hotels & Institutions,Lower Mainland,45,220.42,0.01,9337.94,165.65,7454.25,71.46
2025-10-01,S02,Seafood,Hotels & Institutions,Vancouver Island,16,220.42,0.01,3316.88,164.82,2637.12,56.99
2025-10-01,S02,Seafood,Hotels & Institutions,BC Interior,17,220.42,0.00,3556.22,165.15,2807.55,67.42
2025-10-01,S02,Seafood,Online Direct,Lower Mainland,20,220.42,0.01,4883.19,165.65,3313.00,205.88
2025-10-01,S02,Seafood,Online Direct,Vancouver Island,8,220.42,0.01,1951.33,165.32,1322.56,97.75
2025-10-01,S02,Seafood,Online Direct,BC Interior,7,220.42,0.01,1722.89,165.65,1159.55,85.42
2025-10-01,S03,Seafood,Restaurants,Lower Mainland,73,314.15,0.01,22589.96,234.04,17084.92,122.59
2025-10-01,S03,Seafood,Restaurants,Vancouver Island,25,314.15,0.01,7728.31,234.74,5868.50,85.75
2025-10-01,S03,Seafood,Restaurants,BC Interior,26,314.15,0.00,8159.73,233.57,6072.82,102.70
2025-10-01,S03,Seafood,Grocery Retail,Lower Mainland,47,314.15,0.01,12824.49,233.57,10977.79,78.16
2025-10-01,S03,Seafood,Grocery Retail,Vancouver Island,17,314.15,0.02,4596.29,234.04,3978.68,59.37
2025-10-01,S03,Seafood,Grocery Retail,BC Interior,18,314.15,0.01,4936.33,233.81,4208.58,71.25
2025-10-01,S03,Seafood,Hotels & Institutions,Lower Mainland,29,314.15,0.01,8585.70,233.81,6780.49,47.90
2025-10-01,S03,Seafood,Hotels & Institutions,Vancouver Island,10,314.15,0.01,2954.58,234.04,2340.40,33.95
2025-10-01,S03,Seafood,Hotels & Institutions,BC Interior,11,314.15,0.01,3276.22,233.34,2566.74,42.66
2025-10-01,S03,Seafood,Online Direct,Lower Mainland,13,314.15,0.01,4537.50,234.04,3042.52,130.93
2025-10-01,S03,Seafood,Online Direct,Vancouver Island,4,314.15,0.01,1384.93,233.81,935.24,48.45
2025-10-01,S03,Seafood,Online Direct,BC Interior,5,314.15,0.01,1750.40,234.28,1171.40,63.82
2025-10-01,S04,Seafood,Restaurants,Lower Mainland,130,142.14,0.01,18201.84,106.82,13886.60,216.19
2025-10-01,S04,Seafood,Restaurants,Vancouver Island,49,142.14,0.01,6930.04,106.50,5218.50,165.17
2025-10-01,S04,Seafood,Restaurants,BC Interior,48,142.14,0.00,6822.69,106.82,5127.36,196.10
2025-10-01,S04,Seafood,Grocery Retail,Lower Mainland,87,142.14,0.03,10512.24,106.82,9293.34,138.72
2025-10-01,S04,Seafood,Grocery Retail,Vancouver Island,33,142.14,0.01,4053.68,106.39,3510.87,111.01
2025-10-01,S04,Seafood,Grocery Retail,BC Interior,34,142.14,0.00,4231.59,106.39,3617.26,134.98
2025-10-01,S04,Seafood,Hotels & Institutions,Lower Mainland,52,142.14,0.00,7021.72,106.50,5538.00,84.86
2025-10-01,S04,Seafood,Hotels & Institutions,Vancouver Island,20,142.14,0.01,2681.73,106.92,2138.40,67.97
2025-10-01,S04,Seafood,Hotels & Institutions,BC Interior,19,142.14,0.00,2560.48,106.71,2027.49,76.56
2025-10-01,S04,Seafood,Online Direct,Lower Mainland,24,142.14,0.00,3820.69,106.29,2550.96,235.87
2025-10-01,S04,Seafood,Online Direct,Vancouver Island,9,142.14,0.00,1428.48,106.71,960.39,109.33
2025-10-01,S04,Seafood,Online Direct,BC Interior,9,142.14,0.01,1412.69,106.71,960.39,113.20
2025-10-01,H01,Charcuterie,Restaurants,Lower Mainland,190,193.64,0.01,36533.40,112.20,21318.00,302.95
2025-10-01,H01,Charcuterie,Restaurants,Vancouver Island,69,193.64,0.01,13147.90,112.54,7765.26,244.80
2025-10-01,H01,Charcuterie,Restaurants,BC Interior,69,193.64,0.00,13360.95,112.20,7741.80,281.34
2025-10-01,H01,Charcuterie,Grocery Retail,Lower Mainland,124,193.64,0.03,20515.92,112.54,13954.96,205.81
2025-10-01,H01,Charcuterie,Grocery Retail,Vancouver Island,47,193.64,0.01,7897.02,112.09,5268.23,158.92
2025-10-01,H01,Charcuterie,Grocery Retail,BC Interior,46,193.64,0.00,7862.06,112.42,5171.32,177.68
2025-10-01,H01,Charcuterie,Hotels & Institutions,Lower Mainland,75,193.64,0.01,13699.66,112.20,8415.00,124.85
2025-10-01,H01,Charcuterie,Hotels & Institutions,Vancouver Island,29,193.64,0.01,5265.36,112.65,3266.85,103.19
2025-10-01,H01,Charcuterie,Hotels & Institutions,BC Interior,28,193.64,0.01,5089.07,112.54,3151.12,110.38
2025-10-01,H01,Charcuterie,Online Direct,Lower Mainland,33,193.64,0.01,7092.67,112.20,3702.60,328.67
2025-10-01,H01,Charcuterie,Online Direct,Vancouver Island,12,193.64,0.01,2571.37,112.09,1345.08,142.04
2025-10-01,H01,Charcuterie,Online Direct,BC Interior,13,193.64,0.00,2816.55,111.97,1455.61,161.08
2025-10-01,H02,Charcuterie,Restaurants,Lower Mainland,166,160.68,0.00,26672.88,92.48,15351.68,270.91
2025-10-01,H02,Charcuterie,Restaurants,Vancouver Island,58,160.68,0.01,9254.04,92.21,5348.18,198.13
2025-10-01,H02,Charcuterie,Restaurants,BC Interior,59,160.68,0.00,9489.58,92.58,5462.22,228.13
2025-10-01,H02,Charcuterie,Grocery Retail,Lower Mainland,116,160.68,0.01,16336.41,92.48,10727.68,188.55
2025-10-01,H02,Charcuterie,Grocery Retail,Vancouver Island,42,160.68,0.04,5678.38,92.21,3872.82,141.43
2025-10-01,H02,Charcuterie,Grocery Retail,BC Interior,40,160.68,0.04,5435.13,92.39,3695.60,157.53
2025-10-01,H02,Charcuterie,Hotels & Institutions,Lower Mainland,67,160.68,0.01,10175.78,92.21,6178.07,110.77
2025-10-01,H02,Charcuterie,Hotels & Institutions,Vancouver Island,25,160.68,0.01,3774.24,92.11,2302.75,84.62
2025-10-01,H02,Charcuterie,Hotels & Institutions,BC Interior,24,160.68,0.01,3612.30,92.39,2217.36,97.29
2025-10-01,H02,Charcuterie,Online Direct,Lower Mainland,30,160.68,0.00,5377.27,92.67,2780.10,300.01
2025-10-01,H02,Charcuterie,Online Direct,Vancouver Island,11,160.68,0.00,1971.67,92.39,1016.29,132.31
2025-10-01,H02,Charcuterie,Online Direct,BC Interior,11,160.68,0.01,1957.80,92.67,1019.37,137.81
2025-10-01,H03,Charcuterie,Restaurants,Lower Mainland,86,210.12,0.01,17871.73,123.97,10661.42,137.26
2025-10-01,H03,Charcuterie,Restaurants,Vancouver Island,32,210.12,0.00,6676.85,123.97,3967.04,113.08
2025-10-01,H03,Charcuterie,Restaurants,BC Interior,32,210.12,0.00,6717.10,124.09,3970.88,124.37
2025-10-01,H03,Charcuterie,Grocery Retail,Lower Mainland,58,210.12,0.03,10403.39,123.60,7168.80,95.22
2025-10-01,H03,Charcuterie,Grocery Retail,Vancouver Island,21,210.12,0.01,3824.87,123.97,2603.37,72.39
2025-10-01,H03,Charcuterie,Grocery Retail,BC Interior,22,210.12,0.02,3966.49,124.09,2729.98,89.18
2025-10-01,H03,Charcuterie,Hotels & Institutions,Lower Mainland,36,210.12,0.01,7078.50,124.22,4471.92,59.22
2025-10-01,H03,Charcuterie,Hotels & Institutions,Vancouver Island,13,210.12,0.00,2584.61,124.22,1614.86,45.49
2025-10-01,H03,Charcuterie,Hotels & Institutions,BC Interior,13,210.12,0.01,2566.50,123.85,1610.05,50.37
2025-10-01,H03,Charcuterie,Online Direct,Lower Mainland,15,210.12,0.01,3494.63,124.22,1863.30,150.61
2025-10-01,H03,Charcuterie,Online Direct,Vancouver Island,6,210.12,0.01,1400.64,123.60,741.60,70.95
2025-10-01,H03,Charcuterie,Online Direct,BC Interior,6,210.12,0.01,1396.51,123.72,742.32,75.32
2025-10-01,H04,Charcuterie,Restaurants,Lower Mainland,143,98.88,0.00,14055.13,56.19,8035.17,233.61
2025-10-01,H04,Charcuterie,Restaurants,Vancouver Island,52,98.88,0.01,5084.89,56.25,2925.00,183.04
2025-10-01,H04,Charcuterie,Restaurants,BC Interior,52,98.88,0.00,5141.74,56.19,2921.88,206.24
2025-10-01,H04,Charcuterie,Grocery Retail,Lower Mainland,105,98.88,0.01,9035.90,56.25,5906.25,168.79
2025-10-01,H04,Charcuterie,Grocery Retail,Vancouver Island,37,98.88,0.03,3125.74,56.53,2091.61,127.93
2025-10-01,H04,Charcuterie,Grocery Retail,BC Interior,36,98.88,0.00,3129.38,56.19,2022.84,146.64
2025-10-01,H04,Charcuterie,Hotels & Institutions,Lower Mainland,63,98.88,0.01,5882.30,56.42,3554.46,103.02
2025-10-01,H04,Charcuterie,Hotels & Institutions,Vancouver Island,22,98.88,0.01,2039.73,56.47,1242.34,78.13
2025-10-01,H04,Charcuterie,Hotels & Institutions,BC Interior,22,98.88,0.00,2058.33,56.25,1237.50,89.88
2025-10-01,H04,Charcuterie,Online Direct,Lower Mainland,27,98.88,0.01,2978.13,56.36,1521.72,270.83
2025-10-01,H04,Charcuterie,Online Direct,Vancouver Island,10,98.88,0.00,1107.46,56.19,561.90,119.56
2025-10-01,H04,Charcuterie,Online Direct,BC Interior,10,98.88,0.01,1095.26,56.53,565.30,122.41
2025-10-01,D01,Cheese & Dairy,Restaurants,Lower Mainland,237,146.26,0.01,34282.67,90.95,21555.15,393.75
2025-10-01,D01,Cheese & Dairy,Restaurants,Vancouver Island,81,146.26,0.01,11763.92,90.77,7352.37,272.76
2025-10-01,D01,Cheese & Dairy,Restaurants,BC Interior,82,146.26,0.01,11789.94,90.59,7428.38,335.00
2025-10-01,D01,Cheese & Dairy,Grocery Retail,Lower Mainland,155,146.26,0.03,19449.44,90.77,14069.35,251.95
2025-10-01,D01,Cheese & Dairy,Grocery Retail,Vancouver Island,58,146.26,0.02,7330.87,90.77,5264.66,203.16
2025-10-01,D01,Cheese & Dairy,Grocery Retail,BC Interior,58,146.26,0.02,7322.96,90.68,5259.44,230.03
2025-10-01,D01,Cheese & Dairy,Hotels & Institutions,Lower Mainland,97,146.26,0.01,13276.04,90.95,8822.15,161.47
2025-10-01,D01,Cheese & Dairy,Hotels & Institutions,Vancouver Island,33,146.26,0.01,4521.17,90.41,2983.53,113.53
2025-10-01,D01,Cheese & Dairy,Hotels & Institutions,BC Interior,34,146.26,0.01,4691.13,90.50,3077.00,133.22
2025-10-01,D01,Cheese & Dairy,Online Direct,Lower Mainland,40,146.26,0.01,6526.03,90.68,3627.20,407.71
2025-10-01,D01,Cheese & Dairy,Online Direct,Vancouver Island,15,146.26,0.01,2430.14,90.41,1356.15,177.90
2025-10-01,D01,Cheese & Dairy,Online Direct,BC Interior,15,146.26,0.00,2442.45,90.77,1361.55,189.79
2025-10-01,D02,Cheese & Dairy,Restaurants,Lower Mainland,197,121.54,0.00,23871.55,74.52,14680.44,326.97
2025-10-01,D02,Cheese & Dairy,Restaurants,Vancouver Island,72,121.54,0.01,8645.48,74.97,5397.84,253.69
2025-10-01,D02,Cheese & Dairy,Restaurants,BC Interior,72,121.54,0.01,8724.47,74.82,5387.04,284.98
2025-10-01,D02,Cheese & Dairy,Grocery Retail,Lower Mainland,130,121.54,0.02,13626.09,74.67,9707.10,214.71
2025-10-01,D02,Cheese & Dairy,Grocery Retail,Vancouver Island,48,121.54,0.01,5118.36,74.82,3591.36,168.13
2025-10-01,D02,Cheese & Dairy,Grocery Retail,BC Interior,50,121.54,0.02,5225.17,74.90,3745.00,204.67
2025-10-01,D02,Cheese & Dairy,Hotels & Institutions,Lower Mainland,79,121.54,0.01,9057.78,74.75,5905.25,128.54
2025-10-01,D02,Cheese & Dairy,Hotels & Institutions,Vancouver Island,30,121.54,0.01,3401.70,74.60,2238.00,100.92
2025-10-01,D02,Cheese & Dairy,Hotels & Institutions,BC Interior,30,121.54,0.00,3477.75,74.60,2238.00,117.31
2025-10-01,D02,Cheese & Dairy,Online Direct,Lower Mainland,37,121.54,0.00,5046.65,74.67,2762.79,385.76
2025-10-01,D02,Cheese & Dairy,Online Direct,Vancouver Island,13,121.54,0.00,1767.85,74.97,974.61,156.98
2025-10-01,D02,Cheese & Dairy,Online Direct,BC Interior,13,121.54,0.01,1755.41,74.82,972.66,166.76
2025-10-01,D03,Cheese & Dairy,Restaurants,Lower Mainland,103,243.08,0.01,24936.29,152.83,15741.49,164.40
2025-10-01,D03,Cheese & Dairy,Restaurants,Vancouver Island,37,243.08,0.00,9020.91,153.60,5683.20,124.85
2025-10-01,D03,Cheese & Dairy,Restaurants,BC Interior,37,243.08,0.01,8895.19,153.60,5683.20,146.89
2025-10-01,D03,Cheese & Dairy,Grocery Retail,Lower Mainland,69,243.08,0.03,14376.06,153.29,10577.01,114.86
2025-10-01,D03,Cheese & Dairy,Grocery Retail,Vancouver Island,25,243.08,0.03,5224.49,153.45,3836.25,84.27
2025-10-01,D03,Cheese & Dairy,Grocery Retail,BC Interior,27,243.08,0.03,5613.52,152.83,4126.41,107.51
2025-10-01,D03,Cheese & Dairy,Hotels & Institutions,Lower Mainland,41,243.08,0.01,9335.54,153.29,6284.89,66.24
2025-10-01,D03,Cheese & Dairy,Hotels & Institutions,Vancouver Island,15,243.08,0.01,3432.76,152.68,2290.20,51.14
2025-10-01,D03,Cheese & Dairy,Hotels & Institutions,BC Interior,16,243.08,0.00,3687.43,153.14,2450.24,63.97
2025-10-01,D03,Cheese & Dairy,Online Direct,Lower Mainland,20,243.08,0.00,5412.37,152.83,3056.60,202.23
2025-10-01,D03,Cheese & Dairy,Online Direct,Vancouver Island,7,243.08,0.01,1873.43,152.68,1068.76,81.43
2025-10-01,D03,Cheese & Dairy,Online Direct,BC Interior,7,243.08,0.01,1890.41,152.99,1070.93,89.97
2025-10-01,D04,Cheese & Dairy,Restaurants,Lower Mainland,293,88.58,0.01,25591.44,53.93,15801.49,486.30
2025-10-01,D04,Cheese & Dairy,Restaurants,Vancouver Island,106,88.58,0.01,9370.48,53.93,5716.58,372.75
2025-10-01,D04,Cheese & Dairy,Restaurants,BC Interior,106,88.58,0.00,9398.81,54.09,5733.54,424.20
2025-10-01,D04,Cheese & Dairy,Grocery Retail,Lower Mainland,187,88.58,0.01,14474.83,54.03,10103.61,301.22
2025-10-01,D04,Cheese & Dairy,Grocery Retail,Vancouver Island,68,88.58,0.03,5178.45,54.03,3674.04,232.99
2025-10-01,D04,Cheese & Dairy,Grocery Retail,BC Interior,73,88.58,0.04,5485.53,54.14,3952.22,282.55
2025-10-01,D04,Cheese & Dairy,Hotels & Institutions,Lower Mainland,117,88.58,0.01,9766.58,54.03,6321.51,190.75
2025-10-01,D04,Cheese & Dairy,Hotels & Institutions,Vancouver Island,44,88.58,0.01,3654.46,54.09,2379.96,148.17
2025-10-01,D04,Cheese & Dairy,Hotels & Institutions,BC Interior,44,88.58,0.01,3661.98,54.14,2382.16,169.96
2025-10-01,D04,Cheese & Dairy,Online Direct,Lower Mainland,50,88.58,0.01,4945.46,54.03,2701.50,520.28
2025-10-01,D04,Cheese & Dairy,Online Direct,Vancouver Island,19,88.58,0.01,1867.95,53.87,1023.53,223.53
2025-10-01,D04,Cheese & Dairy,Online Direct,BC Interior,18,88.58,0.01,1757.27,53.98,971.64,226.85
2025-11-01,B01,Beef,Restaurants,Lower Mainland,247,276.04,0.00,68317.70,204.88,50605.36,400.69
2025-11-01,B01,Beef,Restaurants,Vancouver Island,89,276.04,0.00,24542.99,203.86,18143.54,303.71
2025-11-01,B01,Beef,Restaurants,BC Interior,92,276.04,0.00,25395.45,204.68,18830.56,361.22
2025-11-01,B01,Beef,Grocery Retail,Lower Mainland,161,276.04,0.03,38246.01,203.86,32821.46,255.66
2025-11-01,B01,Beef,Grocery Retail,Vancouver Island,59,276.04,0.01,14174.49,204.88,12087.92,210.14
2025-11-01,B01,Beef,Grocery Retail,BC Interior,62,276.04,0.04,14459.46,204.47,12677.14,240.96
2025-11-01,B01,Beef,Hotels & Institutions,Lower Mainland,103,276.04,0.01,26821.22,204.07,21019.21,165.74
2025-11-01,B01,Beef,Hotels & Institutions,Vancouver Island,36,276.04,0.00,9374.60,204.07,7346.52,128.34
2025-11-01,B01,Beef,Hotels & Institutions,BC Interior,35,276.04,0.00,9187.51,204.88,7170.80,140.34
2025-11-01,B01,Beef,Online Direct,Lower Mainland,44,276.04,0.01,13467.55,204.88,9014.72,453.39
2025-11-01,B01,Beef,Online Direct,Vancouver Island,16,276.04,0.01,4892.31,203.86,3261.76,188.04
2025-11-01,B01,Beef,Online Direct,BC Interior,16,276.04,0.01,4882.26,204.07,3265.12,193.66
2025-11-01,B02,Beef,Restaurants,Lower Mainland,683,121.54,0.01,82093.71,89.51,61135.33,1124.69
2025-11-01,B02,Beef,Restaurants,Vancouver Island,235,121.54,0.01,28390.33,89.51,21034.85,791.35
2025-11-01,B02,Beef,Restaurants,BC Interior,240,121.54,0.01,28936.59,89.06,21374.40,948.04
2025-11-01,B02,Beef,Grocery Retail,Lower Mainland,460,121.54,0.01,48757.29,89.51,41174.60,764.98
2025-11-01,B02,Beef,Grocery Retail,Vancouver Island,160,121.54,0.01,16873.47,89.60,14336.00,542.67
2025-11-01,B02,Beef,Grocery Retail,BC Interior,156,121.54,0.00,16634.99,89.42,13949.52,613.74
2025-11-01,B02,Beef,Hotels & Institutions,Lower Mainland,280,121.54,0.01,31973.17,89.15,24962.00,447.82
2025-11-01,B02,Beef,Hotels & Institutions,Vancouver Island,96,121.54,0.01,10940.59,89.51,8592.96,340.92
2025-11-01,B02,Beef,Hotels & Institutions,BC Interior,99,121.54,0.01,11316.63,89.33,8843.67,391.07
2025-11-01,B02,Beef,Online Direct,Lower Mainland,125,121.54,0.01,16947.45,89.33,11166.25,1285.50
2025-11-01,B02,Beef,Online Direct,Vancouver Island,43,121.54,0.01,5800.73,89.60,3852.80,507.42
2025-11-01,B02,Beef,Online Direct,BC Interior,42,121.54,0.00,5722.96,89.60,3763.20,513.59
2025-11-01,B03,Beef,Restaurants,Lower Mainland,293,201.88,0.00,59032.54,150.40,44067.20,481.05
2025-11-01,B03,Beef,Restaurants,Vancouver Island,100,201.88,0.01,20086.78,150.10,15010.00,354.78
2025-11-01,B03,Beef,Restaurants,BC Interior,100,201.88,0.00,20208.15,150.55,15055.00,400.98
2025-11-01,B03,Beef,Grocery Retail,Lower Mainland,197,201.88,0.03,33944.51,150.55,29658.35,325.36
2025-11-01,B03,Beef,Grocery Retail,Vancouver Island,68,201.88,0.01,12007.82,150.10,10206.80,240.30
2025-11-01,B03,Beef,Grocery Retail,BC Interior,71,201.88,0.01,12411.84,150.25,10667.75,284.98
2025-11-01,B03,Beef,Hotels & Institutions,Lower Mainland,115,201.88,0.00,22077.31,149.95,17244.25,190.87
2025-11-01,B03,Beef,Hotels & Institutions,Vancouver Island,42,201.88,0.01,7950.06,150.55,6323.10,149.30
2025-11-01,B03,Beef,Hotels & Institutions,BC Interior,43,201.88,0.01,8164.13,150.10,6454.30,173.62
2025-11-01,B03,Beef,Online Direct,Lower Mainland,53,201.88,0.00,11983.49,150.55,7979.15,525.72
2025-11-01,B03,Beef,Online Direct,Vancouver Island,19,201.88,0.01,4253.00,150.25,2854.75,220.80
2025-11-01,B03,Beef,Online Direct,BC Interior,19,201.88,0.01,4278.68,150.10,2851.90,237.32
2025-11-01,B04,Beef,Restaurants,Lower Mainland,140,352.26,0.00,49168.55,264.99,37098.60,226.88
2025-11-01,B04,Beef,Restaurants,Vancouver Island,48,352.26,0.01,16638.76,263.40,12643.20,170.13
2025-11-01,B04,Beef,Restaurants,BC Interior,48,352.26,0.00,16857.79,264.99,12719.52,187.89
2025-11-01,B04,Beef,Grocery Retail,Lower Mainland,91,352.26,0.01,28067.54,264.72,24089.52,150.29
2025-11-01,B04,Beef,Grocery Retail,Vancouver Island,33,352.26,0.04,9851.50,264.20,8718.60,111.81
2025-11-01,B04,Beef,Grocery Retail,BC Interior,33,352.26,0.01,10096.65,263.93,8709.69,129.44
2025-11-01,B04,Beef,Hotels & Institutions,Lower Mainland,54,352.26,0.01,17853.85,264.99,14309.46,88.48
2025-11-01,B04,Beef,Hotels & Institutions,Vancouver Island,20,352.26,0.01,6646.09,263.93,5278.60,67.49
2025-11-01,B04,Beef,Hotels & Institutions,BC Interior,20,352.26,0.01,6632.36,264.46,5289.20,81.63
2025-11-01,B04,Beef,Online Direct,Lower Mainland,25,352.26,0.00,9833.71,264.20,6605.00,259.89
2025-11-01,B04,Beef,Online Direct,Vancouver Island,9,352.26,0.01,3533.03,264.20,2377.80,106.63
2025-11-01,B04,Beef,Online Direct,BC Interior,9,352.26,0.01,3518.89,264.46,2380.14,111.40
2025-11-01,P01,Pork,Restaurants,Lower Mainland,401,135.96,0.01,54083.80,95.46,38279.46,647.23
2025-11-01,P01,Pork,Restaurants,Vancouver Island,150,135.96,0.01,20068.49,94.98,14247.00,533.73
2025-11-01,P01,Pork,Restaurants,BC Interior,150,135.96,0.00,20353.05,95.27,14290.50,609.23
2025-11-01,P01,Pork,Grocery Retail,Lower Mainland,267,135.96,0.04,30793.95,95.46,25487.82,423.54
2025-11-01,P01,Pork,Grocery Retail,Vancouver Island,95,135.96,0.04,10955.74,94.98,9023.10,335.39
2025-11-01,P01,Pork,Grocery Retail,BC Interior,101,135.96,0.02,11854.02,95.17,9612.17,402.18
2025-11-01,P01,Pork,Hotels & Institutions,Lower Mainland,164,135.96,0.00,21203.62,95.36,15639.04,267.92
2025-11-01,P01,Pork,Hotels & Institutions,Vancouver Island,57,135.96,0.01,7244.55,94.89,5408.73,192.73
2025-11-01,P01,Pork,Hotels & Institutions,BC Interior,61,135.96,0.00,7831.67,95.08,5799.88,239.50
2025-11-01,P01,Pork,Online Direct,Lower Mainland,72,135.96,0.00,10898.12,95.36,6865.92,737.53
2025-11-01,P01,Pork,Online Direct,Vancouver Island,25,135.96,0.01,3772.69,94.89,2372.25,295.91
2025-11-01,P01,Pork,Online Direct,BC Interior,25,135.96,0.01,3776.30,95.46,2386.50,307.58
2025-11-01,P02,Pork,Restaurants,Lower Mainland,276,107.12,0.01,29122.06,73.91,20399.16,461.69
2025-11-01,P02,Pork,Restaurants,Vancouver Island,100,107.12,0.00,10647.81,73.91,7391.00,346.80
2025-11-01,P02,Pork,Restaurants,BC Interior,106,107.12,0.01,11195.90,73.76,7818.56,417.87
2025-11-01,P02,Pork,Grocery Retail,Lower Mainland,201,107.12,0.02,18625.58,73.99,14871.99,330.66
2025-11-01,P02,Pork,Grocery Retail,Vancouver Island,72,107.12,0.02,6671.85,73.99,5327.28,250.69
2025-11-01,P02,Pork,Grocery Retail,BC Interior,71,107.12,0.01,6592.64,73.91,5247.61,276.22
2025-11-01,P02,Pork,Hotels & Institutions,Lower Mainland,112,107.12,0.00,11340.65,73.69,8253.28,177.48
2025-11-01,P02,Pork,Hotels & Institutions,Vancouver Island,41,107.12,0.01,4118.08,73.84,3027.44,141.90
2025-11-01,P02,Pork,Hotels & Institutions,BC Interior,42,107.12,0.01,4218.52,74.13,3113.46,170.75
2025-11-01,P02,Pork,Online Direct,Lower Mainland,49,107.12,0.01,5831.43,73.76,3614.24,482.57
2025-11-01,P02,Pork,Online Direct,Vancouver Island,18,107.12,0.01,2129.33,73.84,1329.12,213.70
2025-11-01,P02,Pork,Online Direct,BC Interior,18,107.12,0.01,2157.34,73.76,1327.68,223.26
2025-11-01,P03,Pork,Restaurants,Lower Mainland,245,150.38,0.01,36291.41,105.81,25923.45,389.84
2025-11-01,P03,Pork,Restaurants,Vancouver Island,95,150.38,0.00,14328.90,106.23,10091.85,336.05
2025-11-01,P03,Pork,Restaurants,BC Interior,89,150.38,0.01,13370.17,105.70,9407.30,346.25
2025-11-01,P03,Pork,Grocery Retail,Lower Mainland,165,150.38,0.03,21264.84,106.23,17527.95,263.89
2025-11-01,P03,Pork,Grocery Retail,Vancouver Island,62,150.38,0.01,8082.02,105.70,6553.40,218.89
2025-11-01,P03,Pork,Grocery Retail,BC Interior,62,150.38,0.00,8163.76,105.91,6566.42,245.65
2025-11-01,P03,Pork,Hotels & Institutions,Lower Mainland,107,150.38,0.01,15270.54,106.12,11354.84,174.62
2025-11-01,P03,Pork,Hotels & Institutions,Vancouver Island,36,150.38,0.00,5163.57,105.81,3809.16,124.85
2025-11-01,P03,Pork,Hotels & Institutions,BC Interior,37,150.38,0.01,5248.86,105.91,3918.67,146.60
2025-11-01,P03,Pork,Online Direct,Lower Mainland,47,150.38,0.01,7821.10,106.12,4987.64,481.92
2025-11-01,P03,Pork,Online Direct,Vancouver Island,16,150.38,0.01,2689.38,105.70,1691.20,186.89
2025-11-01,P03,Pork,Online Direct,BC Interior,16,150.38,0.00,2702.88,105.70,1691.20,196.25
2025-11-01,P04,Pork,Restaurants,Lower Mainland,361,94.76,0.01,34071.12,65.99,23822.39,606.24
2025-11-01,P04,Pork,Restaurants,Vancouver Island,127,94.76,0.00,11962.42,65.79,8355.33,431.19
2025-11-01,P04,Pork,Restaurants,BC Interior,128,94.76,0.01,11971.43,65.99,8446.72,519.37
2025-11-01,P04,Pork,Grocery Retail,Lower Mainland,239,94.76,0.02,19510.96,65.79,15723.81,380.30
2025-11-01,P04,Pork,Grocery Retail,Vancouver Island,88,94.76,0.02,7213.02,65.66,5778.08,301.83
2025-11-01,P04,Pork,Grocery Retail,BC Interior,89,94.76,0.00,7429.02,65.79,5855.31,362.18
2025-11-01,P04,Pork,Hotels & Institutions,Lower Mainland,151,94.76,0.01,13484.78,65.99,9964.49,252.59
2025-11-01,P04,Pork,Hotels & Institutions,Vancouver Island,55,94.76,0.01,4901.64,65.73,3615.15,188.64
2025-11-01,P04,Pork,Hotels & Institutions,BC Interior,54,94.76,0.00,4851.47,65.92,3559.68,214.17
2025-11-01,P04,Pork,Online Direct,Lower Mainland,63,94.76,0.01,6606.21,65.92,4152.96,636.40
2025-11-01,P04,Pork,Online Direct,Vancouver Island,25,94.76,0.01,2647.93,65.92,1648.00,307.88
2025-11-01,P04,Pork,Online Direct,BC Interior,23,94.76,0.00,2436.14,65.73,1511.79,291.87
2025-11-01,C01,Poultry,Restaurants,Lower Mainland,639,80.34,0.01,50824.97,58.19,37183.41,1067.88
2025-11-01,C01,Poultry,Restaurants,Vancouver Island,237,80.34,0.01,18755.66,58.36,13831.32,811.23
2025-11-01,C01,Poultry,Restaurants,BC Interior,242,80.34,0.00,19422.72,58.36,14123.12,970.38
2025-11-01,C01,Poultry,Grocery Retail,Lower Mainland,452,80.34,0.01,31700.87,58.13,26274.76,716.27
2025-11-01,C01,Poultry,Grocery Retail,Vancouver Island,167,80.34,0.03,11371.47,58.30,9736.10,585.53
2025-11-01,C01,Poultry,Grocery Retail,BC Interior,165,80.34,0.03,11350.08,58.36,9629.40,664.25
2025-11-01,C01,Poultry,Hotels & Institutions,Lower Mainland,273,80.34,0.00,20877.68,58.42,15948.66,452.22
2025-11-01,C01,Poultry,Hotels & Institutions,Vancouver Island,96,80.34,0.01,7275.72,58.36,5602.56,334.26
2025-11-01,C01,Poultry,Hotels & Institutions,BC Interior,101,80.34,0.00,7693.21,58.07,5865.07,398.97
2025-11-01,C01,Poultry,Online Direct,Lower Mainland,117,80.34,0.00,10517.20,58.07,6794.19,1196.11
2025-11-01,C01,Poultry,Online Direct,Vancouver Island,44,80.34,0.00,3947.29,58.07,2555.08,535.54
2025-11-01,C01,Poultry,Online Direct,BC Interior,42,80.34,0.00,3760.31,58.07,2438.94,513.59
2025-11-01,C02,Poultry,Restaurants,Lower Mainland,571,127.72,0.00,73001.05,92.23,52663.33,927.21
2025-11-01,C02,Poultry,Restaurants,Vancouver Island,202,127.72,0.01,25387.66,91.77,18537.54,687.23
2025-11-01,C02,Poultry,Restaurants,BC Interior,218,127.72,0.01,27426.32,91.77,20005.86,893.22
2025-11-01,C02,Poultry,Grocery Retail,Lower Mainland,402,127.72,0.01,44820.77,91.77,36891.54,642.29
2025-11-01,C02,Poultry,Grocery Retail,Vancouver Island,139,127.72,0.00,15638.30,92.23,12819.97,485.43
2025-11-01,C02,Poultry,Grocery Retail,BC Interior,144,127.72,0.04,15631.94,92.05,13255.20,576.27
2025-11-01,C02,Poultry,Hotels & Institutions,Lower Mainland,234,127.72,0.01,27882.37,92.05,21539.70,383.03
2025-11-01,C02,Poultry,Hotels & Institutions,Vancouver Island,86,127.72,0.01,10319.94,92.05,7916.30,290.20
2025-11-01,C02,Poultry,Hotels & Institutions,BC Interior,90,127.72,0.01,10713.23,92.23,8300.70,349.07
2025-11-01,C02,Poultry,Online Direct,Lower Mainland,101,127.72,0.00,14433.24,91.87,9278.87,1019.24
2025-11-01,C02,Poultry,Online Direct,Vancouver Island,38,127.72,0.00,5430.33,91.87,3491.06,449.33
2025-11-01,C02,Poultry,Online Direct,BC Interior,39,127.72,0.00,5595.55,91.87,3582.93,488.59
2025-11-01,C03,Poultry,Restaurants,Lower Mainland,472,98.88,0.01,46530.04,70.70,33370.40,758.75
2025-11-01,C03,Poultry,Restaurants,Vancouver Island,171,98.88,0.01,16772.65,70.63,12077.73,593.03
2025-11-01,C03,Poultry,Restaurants,BC Interior,170,98.88,0.01,16725.32,70.84,12042.80,672.88
2025-11-01,C03,Poultry,Grocery Retail,Lower Mainland,325,98.88,0.03,27456.85,70.70,22977.50,523.50
2025-11-01,C03,Poultry,Grocery Retail,Vancouver Island,117,98.88,0.01,10038.29,70.91,8296.47,409.81
2025-11-01,C03,Poultry,Grocery Retail,BC Interior,117,98.88,0.03,9855.22,70.91,8296.47,470.08
2025-11-01,C03,Poultry,Hotels & Institutions,Lower Mainland,189,98.88,0.01,17647.26,70.84,13388.76,301.97
2025-11-01,C03,Poultry,Hotels & Institutions,Vancouver Island,73,98.88,0.01,6788.37,70.84,5171.32,249.87
2025-11-01,C03,Poultry,Hotels & Institutions,BC Interior,71,98.88,0.00,6662.79,70.77,5024.67,279.05
2025-11-01,C03,Poultry,Online Direct,Lower Mainland,90,98.88,0.01,9916.91,70.70,6363.00,887.26
2025-11-01,C03,Poultry,Online Direct,Vancouver Island,31,98.88,0.01,3409.10,70.49,2185.19,381.03
2025-11-01,C03,Poultry,Online Direct,BC Interior,31,98.88,0.01,3409.02,70.70,2191.70,389.53
2025-11-01,C04,Poultry,Restaurants,Lower Mainland,108,193.64,0.01,20662.16,135.14,14595.12,178.72
2025-11-01,C04,Poultry,Restaurants,Vancouver Island,39,193.64,0.01,7438.88,135.55,5286.45,132.14
2025-11-01,C04,Poultry,Restaurants,BC Interior,42,193.64,0.01,8108.25,135.28,5681.76,171.59
2025-11-01,C04,Poultry,Grocery Retail,Lower Mainland,73,193.64,0.04,11906.48,135.14,9865.22,122.71
2025-11-01,C04,Poultry,Grocery Retail,Vancouver Island,28,193.64,0.01,4742.66,135.14,3783.92,99.92
2025-11-01,C04,Poultry,Grocery Retail,BC Interior,27,193.64,0.01,4531.87,135.41,3656.07,107.73
2025-11-01,C04,Poultry,Hotels & Institutions,Lower Mainland,46,193.64,0.01,8428.04,135.28,6222.88,74.85
2025-11-01,C04,Poultry,Hotels & Institutions,Vancouver Island,16,193.64,0.00,2931.57,135.95,2175.20,54.77
2025-11-01,C04,Poultry,Hotels & Institutions,BC Interior,16,193.64,0.01,2928.51,135.41,2166.56,64.28
2025-11-01,C04,Poultry,Online Direct,Lower Mainland,20,193.64,0.01,4259.66,135.28,2705.60,205.88
2025-11-01,C04,Poultry,Online Direct,Vancouver Island,7,193.64,0.01,1504.40,135.82,950.74,82.27
2025-11-01,C04,Poultry,Online Direct,BC Interior,7,193.64,0.01,1507.51,135.14,945.98,86.21
2025-11-01,S01,Seafood,Restaurants,Lower Mainland,242,181.28,0.01,43605.36,136.59,33054.78,388.62
2025-11-01,S01,Seafood,Restaurants,Vancouver Island,91,181.28,0.01,16330.87,136.46,12417.86,312.75
2025-11-01,S01,Seafood,Restaurants,BC Interior,93,181.28,0.01,16791.52,136.87,12728.91,370.69
2025-11-01,S01,Seafood,Grocery Retail,Lower Mainland,166,181.28,0.01,26269.72,137.00,22742.00,273.62
2025-11-01,S01,Seafood,Grocery Retail,Vancouver Island,64,181.28,0.03,9903.08,137.00,8768.00,220.40
2025-11-01,S01,Seafood,Grocery Retail,BC Interior,59,181.28,0.03,9129.70,136.87,8075.33,241.74
2025-11-01,S01,Seafood,Hotels & Institutions,Lower Mainland,101,181.28,0.01,17202.66,136.46,13782.46,168.79
2025-11-01,S01,Seafood,Hotels & Institutions,Vancouver Island,36,181.28,0.00,6212.16,137.28,4942.08,127.47
2025-11-01,S01,Seafood,Hotels & Institutions,BC Interior,37,181.28,0.01,6264.00,137.28,5079.36,145.13
2025-11-01,S01,Seafood,Online Direct,Lower Mainland,46,181.28,0.01,9311.27,136.46,6277.16,459.08
2025-11-01,S01,Seafood,Online Direct,Vancouver Island,17,181.28,0.00,3437.76,137.00,2329.00,205.29
2025-11-01,S01,Seafood,Online Direct,BC Interior,16,181.28,0.01,3232.25,136.59,2185.44,202.24
2025-11-01,S02,Seafood,Restaurants,Lower Mainland,110,220.42,0.00,24173.36,165.32,18185.20,184.37
2025-11-01,S02,Seafood,Restaurants,Vancouver Island,39,220.42,0.00,8587.73,165.65,6460.35,137.55
2025-11-01,S02,Seafood,Restaurants,BC Interior,37,220.42,0.01,8066.02,164.98,6104.26,147.04
2025-11-01,S02,Seafood,Grocery Retail,Lower Mainland,73,220.42,0.01,14102.97,165.15,12055.95,122.59
2025-11-01,S02,Seafood,Grocery Retail,Vancouver Island,27,220.42,0.03,5106.25,165.32,4463.64,94.85
2025-11-01,S02,Seafood,Grocery Retail,BC Interior,28,220.42,0.00,5414.86,164.98,4619.44,109.04
2025-11-01,S02,Seafood,Hotels & Institutions,Lower Mainland,45,220.42,0.01,9300.32,165.15,7431.75,71.90
2025-11-01,S02,Seafood,Hotels & Institutions,Vancouver Island,15,220.42,0.00,3150.40,164.82,2472.30,50.72
2025-11-01,S02,Seafood,Hotels & Institutions,BC Interior,16,220.42,0.00,3336.99,164.82,2637.12,63.90
2025-11-01,S02,Seafood,Online Direct,Lower Mainland,19,220.42,0.00,4676.45,165.81,3150.39,195.59
2025-11-01,S02,Seafood,Online Direct,Vancouver Island,7,220.42,0.01,1719.39,165.48,1158.36,82.77
2025-11-01,S02,Seafood,Online Direct,BC Interior,7,220.42,0.01,1698.79,165.32,1157.24,87.70
2025-11-01,S03,Seafood,Restaurants,Lower Mainland,65,314.15,0.01,20297.09,234.04,15212.60,107.57
2025-11-01,S03,Seafood,Restaurants,Vancouver Island,23,314.15,0.01,7146.04,234.28,5388.44,79.92
2025-11-01,S03,Seafood,Restaurants,BC Interior,24,314.15,0.01,7464.32,234.74,5633.76,96.24
2025-11-01,S03,Seafood,Grocery Retail,Lower Mainland,46,314.15,0.03,12298.61,233.81,10755.26,75.67
2025-11-01,S03,Seafood,Grocery Retail,Vancouver Island,16,314.15,0.03,4312.28,233.34,3733.44,56.71
2025-11-01,S03,Seafood,Grocery Retail,BC Interior,17,314.15,0.01,4680.73,233.34,3966.78,66.07
2025-11-01,S03,Seafood,Hotels & Institutions,Lower Mainland,28,314.15,0.00,8364.65,234.28,6559.84,45.24
2025-11-01,S03,Seafood,Hotels & Institutions,Vancouver Island,10,314.15,0.01,2957.50,234.28,2342.80,35.72
2025-11-01,S03,Seafood,Hotels & Institutions,BC Interior,10,314.15,0.00,2990.39,233.57,2335.70,40.66
2025-11-01,S03,Seafood,Online Direct,Lower Mainland,12,314.15,0.01,4179.95,234.28,2811.36,121.95
2025-11-01,S03,Seafood,Online Direct,Vancouver Island,4,314.15,0.01,1396.15,234.51,938.04,47.39
2025-11-01,S03,Seafood,Online Direct,BC Interior,5,314.15,0.01,1725.92,234.04,1170.20,62.33
2025-11-01,S04,Seafood,Restaurants,Lower Mainland,122,142.14,0.01,17115.85,106.60,13005.20,197.31
2025-11-01,S04,Seafood,Restaurants,Vancouver Island,44,142.14,0.01,6235.33,106.60,4690.40,156.86
2025-11-01,S04,Seafood,Restaurants,BC Interior,47,142.14,0.01,6573.79,106.92,5025.24,192.57
2025-11-01,S04,Seafood,Grocery Retail,Lower Mainland,84,142.14,0.02,10286.55,106.82,8972.88,141.06
2025-11-01,S04,Seafood,Grocery Retail,Vancouver Island,30,142.14,0.03,3650.71,106.50,3195.00,103.10
2025-11-01,S04,Seafood,Grocery Retail,BC Interior,29,142.14,0.02,3558.16,106.60,3091.40,115.48
2025-11-01,S04,Seafood,Hotels & Institutions,Lower Mainland,50,142.14,0.01,6657.21,106.71,5335.50,81.84
2025-11-01,S04,Seafood,Hotels & Institutions,Vancouver Island,18,142.14,0.01,2394.22,106.29,1913.22,63.17
2025-11-01,S04,Seafood,Hotels & Institutions,BC Interior,19,142.14,0.01,2540.03,106.50,2023.50,76.11
2025-11-01,S04,Seafood,Online Direct,Lower Mainland,23,142.14,0.01,3632.29,106.60,2451.80,238.86
2025-11-01,S04,Seafood,Online Direct,Vancouver Island,8,142.14,0.01,1254.47,106.71,853.68,98.04
2025-11-01,S04,Seafood,Online Direct,BC Interior,8,142.14,0.00,1271.02,106.60,852.80,101.22
2025-11-01,H01,Charcuterie,Restaurants,Lower Mainland,212,193.64,0.00,40928.36,112.20,23786.40,349.79
2025-11-01,H01,Charcuterie,Restaurants,Vancouver Island,79,193.64,0.00,15236.42,112.65,8899.35,272.88
2025-11-01,H01,Charcuterie,Restaurants,BC Interior,77,193.64,0.01,14716.45,112.09,8630.93,298.95
2025-11-01,H01,Charcuterie,Grocery Retail,Lower Mainland,150,193.64,0.00,25611.40,112.54,16881.00,240.39
2025-11-01,H01,Charcuterie,Grocery Retail,Vancouver Island,55,193.64,0.01,9240.97,112.31,6177.05,189.21
2025-11-01,H01,Charcuterie,Grocery Retail,BC Interior,54,193.64,0.03,8952.18,111.97,6046.38,214.17
2025-11-01,H01,Charcuterie,Hotels & Institutions,Lower Mainland,87,193.64,0.00,15892.51,112.20,9761.40,142.41
2025-11-01,H01,Charcuterie,Hotels & Institutions,Vancouver Island,31,193.64,0.01,5668.25,112.31,3481.61,109.44
2025-11-01,H01,Charcuterie,Hotels & Institutions,BC Interior,32,193.64,0.01,5804.24,112.65,3604.80,126.91
2025-11-01,H01,Charcuterie,Online Direct,Lower Mainland,38,193.64,0.01,8109.85,112.09,4259.42,373.47
2025-11-01,H01,Charcuterie,Online Direct,Vancouver Island,14,193.64,0.01,3008.99,112.31,1572.34,164.70
2025-11-01,H01,Charcuterie,Online Direct,BC Interior,14,193.64,0.01,2987.78,112.65,1577.10,178.36
2025-11-01,H02,Charcuterie,Restaurants,Lower Mainland,194,160.68,0.01,30612.57,92.30,17906.20,312.18
2025-11-01,H02,Charcuterie,Restaurants,Vancouver Island,67,160.68,0.01,10679.22,92.48,6196.16,229.10
2025-11-01,H02,Charcuterie,Restaurants,BC Interior,70,160.68,0.01,11157.39,92.67,6486.90,276.51
2025-11-01,H02,Charcuterie,Grocery Retail,Lower Mainland,126,160.68,0.03,17298.99,92.30,11629.80,199.46
2025-11-01,H02,Charcuterie,Grocery Retail,Vancouver Island,46,160.68,0.04,6251.14,92.58,4258.68,157.61
2025-11-01,H02,Charcuterie,Grocery Retail,BC Interior,47,160.68,0.02,6539.15,92.48,4346.56,186.41
2025-11-01,H02,Charcuterie,Hotels & Institutions,Lower Mainland,76,160.68,0.01,11566.08,92.48,7028.48,121.55
2025-11-01,H02,Charcuterie,Hotels & Institutions,Vancouver Island,29,160.68,0.00,4409.04,92.58,2684.82,99.16
2025-11-01,H02,Charcuterie,Hotels & Institutions,BC Interior,29,160.68,0.01,4382.42,92.39,2679.31,117.32
2025-11-01,H02,Charcuterie,Online Direct,Lower Mainland,34,160.68,0.00,6124.81,92.21,3135.14,343.11
2025-11-01,H02,Charcuterie,Online Direct,Vancouver Island,12,160.68,0.00,2157.38,92.39,1108.68,143.90
2025-11-01,H02,Charcuterie,Online Direct,BC Interior,12,160.68,0.01,2127.24,92.21,1106.52,148.39
2025-11-01,H03,Charcuterie,Restaurants,Lower Mainland,97,210.12,0.00,20340.88,124.09,12036.73,161.79
2025-11-01,H03,Charcuterie,Restaurants,Vancouver Island,34,210.12,0.00,7151.18,124.22,4223.48,120.62
2025-11-01,H03,Charcuterie,Restaurants,BC Interior,35,210.12,0.01,7317.16,123.60,4326.00,139.65
2025-11-01,H03,Charcuterie,Grocery Retail,Lower Mainland,66,210.12,0.02,11995.84,123.72,8165.52,107.39
2025-11-01,H03,Charcuterie,Grocery Retail,Vancouver Island,24,210.12,0.03,4317.66,124.22,2981.28,80.90
2025-11-01,H03,Charcuterie,Grocery Retail,BC Interior,24,210.12,0.02,4375.29,124.09,2978.16,94.42
2025-11-01,H03,Charcuterie,Hotels & Institutions,Lower Mainland,39,210.12,0.01,7637.50,124.09,4839.51,62.25
2025-11-01,H03,Charcuterie,Hotels & Institutions,Vancouver Island,15,210.12,0.01,2946.45,123.85,1857.75,52.96
2025-11-01,H03,Charcuterie,Hotels & Institutions,BC Interior,15,210.12,0.00,2982.24,124.34,1865.10,58.77
2025-11-01,H03,Charcuterie,Online Direct,Lower Mainland,17,210.12,0.00,4000.68,123.97,2107.49,170.18
2025-11-01,H03,Charcuterie,Online Direct,Vancouver Island,7,210.12,0.00,1637.47,124.09,868.63,83.44
2025-11-01,H03,Charcuterie,Online Direct,BC Interior,6,210.12,0.01,1400.73,124.09,744.54,76.29
2025-11-01,H04,Charcuterie,Restaurants,Lower Mainland,171,98.88,0.01,16688.43,56.53,9666.63,271.26
2025-11-01,H04,Charcuterie,Restaurants,Vancouver Island,60,98.88,0.01,5844.02,56.47,3388.20,202.88
2025-11-01,H04,Charcuterie,Restaurants,BC Interior,63,98.88,0.00,6223.21,56.19,3539.97,243.35
2025-11-01,H04,Charcuterie,Grocery Retail,Lower Mainland,114,98.88,0.02,9760.57,56.42,6431.88,190.70
2025-11-01,H04,Charcuterie,Grocery Retail,Vancouver Island,40,98.88,0.01,3435.33,56.25,2250.00,142.05
2025-11-01,H04,Charcuterie,Grocery Retail,BC Interior,42,98.88,0.01,3618.02,56.47,2371.74,170.92
2025-11-01,H04,Charcuterie,Hotels & Institutions,Lower Mainland,68,98.88,0.00,6374.87,56.19,3820.92,114.31
2025-11-01,H04,Charcuterie,Hotels & Institutions,Vancouver Island,24,98.88,0.01,2249.90,56.47,1355.28,85.40
2025-11-01,H04,Charcuterie,Hotels & Institutions,BC Interior,26,98.88,0.01,2420.37,56.31,1464.06,101.36
2025-11-01,H04,Charcuterie,Online Direct,Lower Mainland,31,98.88,0.00,3436.53,56.31,1745.61,315.66
2025-11-01,H04,Charcuterie,Online Direct,Vancouver Island,11,98.88,0.01,1198.76,56.42,620.62,134.28
2025-11-01,H04,Charcuterie,Online Direct,BC Interior,11,98.88,0.01,1201.18,56.53,621.83,139.18
2025-11-01,D01,Cheese & Dairy,Restaurants,Lower Mainland,243,146.26,0.01,35363.26,90.41,21969.63,385.08
2025-11-01,D01,Cheese & Dairy,Restaurants,Vancouver Island,95,146.26,0.01,13797.19,90.86,8631.70,335.72
2025-11-01,D01,Cheese & Dairy,Restaurants,BC Interior,94,146.26,0.01,13638.55,90.77,8532.38,380.66
2025-11-01,D01,Cheese & Dairy,Grocery Retail,Lower Mainland,177,146.26,0.02,22323.64,90.50,16018.50,293.20
2025-11-01,D01,Cheese & Dairy,Grocery Retail,Vancouver Island,64,146.26,0.03,7958.28,90.41,5786.24,221.29
2025-11-01,D01,Cheese & Dairy,Grocery Retail,BC Interior,62,146.26,0.02,7827.59,90.77,5627.74,250.09
2025-11-01,D01,Cheese & Dairy,Hotels & Institutions,Lower Mainland,107,146.26,0.01,14733.37,90.95,9731.65,176.72
2025-11-01,D01,Cheese & Dairy,Hotels & Institutions,Vancouver Island,37,146.26,0.01,5084.61,90.41,3345.17,129.73
2025-11-01,D01,Cheese & Dairy,Hotels & Institutions,BC Interior,37,146.26,0.01,5089.67,90.86,3361.82,149.39
2025-11-01,D01,Cheese & Dairy,Online Direct,Lower Mainland,46,146.26,0.01,7520.13,90.50,4163.00,475.86
2025-11-01,D01,Cheese & Dairy,Online Direct,Vancouver Island,17,146.26,0.01,2740.34,90.68,1541.56,197.56
2025-11-01,D01,Cheese & Dairy,Online Direct,BC Interior,17,146.26,0.01,2756.88,90.59,1540.03,213.82
2025-11-01,D02,Cheese & Dairy,Restaurants,Lower Mainland,225,121.54,0.01,26937.29,74.67,16800.75,373.81
2025-11-01,D02,Cheese & Dairy,Restaurants,Vancouver Island,76,121.54,0.01,9144.82,74.90,5692.40,271.21
2025-11-01,D02,Cheese & Dairy,Restaurants,BC Interior,80,121.54,0.01,9568.01,74.97,5997.60,314.10
2025-11-01,D02,Cheese & Dairy,Grocery Retail,Lower Mainland,151,121.54,0.04,15473.81,74.60,11264.60,248.65
2025-11-01,D02,Cheese & Dairy,Grocery Retail,Vancouver Island,54,121.54,0.04,5573.23,74.97,4048.38,182.22
2025-11-01,D02,Cheese & Dairy,Grocery Retail,BC Interior,54,121.54,0.04,5567.66,74.60,4028.40,221.04
2025-11-01,D02,Cheese & Dairy,Hotels & Institutions,Lower Mainland,85,121.54,0.01,9794.49,74.82,6359.70,141.08
2025-11-01,D02,Cheese & Dairy,Hotels & Institutions,Vancouver Island,33,121.54,0.00,3806.46,74.97,2474.01,114.33
2025-11-01,D02,Cheese & Dairy,Hotels & Institutions,BC Interior,32,121.54,0.01,3672.55,74.60,2387.20,124.50
2025-11-01,D02,Cheese & Dairy,Online Direct,Lower Mainland,39,121.54,0.01,5208.32,74.90,2921.10,400.68
2025-11-01,D02,Cheese & Dairy,Online Direct,Vancouver Island,14,121.54,0.01,1873.41,74.67,1045.38,166.71
2025-11-01,D02,Cheese & Dairy,Online Direct,BC Interior,14,121.54,0.00,1896.23,74.82,1047.48,177.84
2025-11-01,D03,Cheese & Dairy,Restaurants,Lower Mainland,111,243.08,0.00,26793.33,152.99,16981.89,184.41
2025-11-01,D03,Cheese & Dairy,Restaurants,Vancouver Island,42,243.08,0.01,10107.48,153.45,6444.90,147.55
2025-11-01,D03,Cheese & Dairy,Restaurants,BC Interior,41,243.08,0.00,9916.51,153.60,6297.60,163.75
2025-11-01,D03,Cheese & Dairy,Grocery Retail,Lower Mainland,79,243.08,0.03,16406.62,153.45,12122.55,130.22
2025-11-01,D03,Cheese & Dairy,Grocery Retail,Vancouver Island,28,243.08,0.01,5929.45,152.99,4283.72,99.24
2025-11-01,D03,Cheese & Dairy,Grocery Retail,BC Interior,28,243.08,0.02,5869.70,152.99,4283.72,112.16
2025-11-01,D03,Cheese & Dairy,Hotels & Institutions,Lower Mainland,46,243.08,0.01,10548.34,152.83,7030.18,73.20
2025-11-01,D03,Cheese & Dairy,Hotels & Institutions,Vancouver Island,16,243.08,0.01,3661.37,153.29,2452.64,56.82
2025-11-01,D03,Cheese & Dairy,Hotels & Institutions,BC Interior,17,243.08,0.00,3902.22,152.68,2595.56,67.08
2025-11-01,D03,Cheese & Dairy,Online Direct,Lower Mainland,20,243.08,0.00,5444.99,153.14,3062.80,201.22
2025-11-01,D03,Cheese & Dairy,Online Direct,Vancouver Island,8,243.08,0.01,2149.71,152.83,1222.64,95.27
2025-11-01,D03,Cheese & Dairy,Online Direct,BC Interior,7,243.08,0.01,1896.21,152.68,1068.76,87.00
2025-11-01,D04,Cheese & Dairy,Restaurants,Lower Mainland,300,88.58,0.01,26096.86,54.14,16242.00,488.62
2025-11-01,D04,Cheese & Dairy,Restaurants,Vancouver Island,111,88.58,0.01,9783.16,53.87,5979.57,382.25
2025-11-01,D04,Cheese & Dairy,Restaurants,BC Interior,117,88.58,0.00,10332.77,53.87,6302.79,462.17
2025-11-01,D04,Cheese & Dairy,Grocery Retail,Lower Mainland,216,88.58,0.03,16216.53,53.93,11648.88,347.93
2025-11-01,D04,Cheese & Dairy,Grocery Retail,Vancouver Island,79,88.58,0.02,6004.28,53.93,4260.47,272.05
2025-11-01,D04,Cheese & Dairy,Grocery Retail,BC Interior,78,88.58,0.01,5983.09,54.09,4219.02,319.28
2025-11-01,D04,Cheese & Dairy,Hotels & Institutions,Lower Mainland,122,88.58,0.01,10184.09,53.98,6585.56,201.89
2025-11-01,D04,Cheese & Dairy,Hotels & Institutions,Vancouver Island,45,88.58,0.01,3726.26,53.93,2426.85,151.69
2025-11-01,D04,Cheese & Dairy,Hotels & Institutions,BC Interior,47,88.58,0.01,3943.19,53.87,2531.89,186.22
2025-11-01,D04,Cheese & Dairy,Online Direct,Lower Mainland,57,88.58,0.01,5598.08,54.20,3089.40,576.37
2025-11-01,D04,Cheese & Dairy,Online Direct,Vancouver Island,20,88.58,0.00,1976.26,54.20,1084.00,235.05
2025-11-01,D04,Cheese & Dairy,Online Direct,BC Interior,21,88.58,0.01,2050.17,54.03,1134.63,254.70
2025-12-01,B01,Beef,Restaurants,Lower Mainland,248,276.04,0.00,68116.04,204.07,50609.36,412.83
2025-12-01,B01,Beef,Restaurants,Vancouver Island,92,276.04,0.01,25267.79,204.07,18774.44,313.63
2025-12-01,B01,Beef,Restaurants,BC Interior,94,276.04,0.01,25636.05,204.27,19201.38,374.31
2025-12-01,B01,Beef,Grocery Retail,Lower Mainland,178,276.04,0.02,42674.72,203.66,36251.48,293.11
2025-12-01,B01,Beef,Grocery Retail,Vancouver Island,62,276.04,0.01,14849.67,204.47,12677.14,221.25
2025-12-01,B01,Beef,Grocery Retail,BC Interior,64,276.04,0.01,15313.93,204.68,13099.52,256.12
2025-12-01,B01,Beef,Hotels & Institutions,Lower Mainland,102,276.04,0.01,26614.16,204.68,20877.36,167.13
2025-12-01,B01,Beef,Hotels & Institutions,Vancouver Island,37,276.04,0.00,9664.03,204.07,7550.59,126.13
2025-12-01,B01,Beef,Hotels & Institutions,BC Interior,40,276.04,0.00,10437.14,204.88,8195.20,156.10
2025-12-01,B01,Beef,Online Direct,Lower Mainland,47,276.04,0.00,14487.10,204.88,9629.36,465.25
2025-12-01,B01,Beef,Online Direct,Vancouver Island,17,276.04,0.00,5266.27,203.86,3465.62,202.24
2025-12-01,B01,Beef,Online Direct,BC Interior,17,276.04,0.00,5240.03,204.47,3475.99,210.64
2025-12-01,B02,Beef,Restaurants,Lower Mainland,688,121.54,0.01,83450.27,89.33,61459.04,1105.97
2025-12-01,B02,Beef,Restaurants,Vancouver Island,251,121.54,0.00,30475.85,89.15,22376.65,871.34
2025-12-01,B02,Beef,Restaurants,BC Interior,241,121.54,0.01,29056.81,89.24,21506.84,985.54
2025-12-01,B02,Beef,Grocery Retail,Lower Mainland,475,121.54,0.04,49021.83,89.60,42560.00,764.35
2025-12-01,B02,Beef,Grocery Retail,Vancouver Island,165,121.54,0.01,17435.34,89.24,14724.60,563.64
2025-12-01,B02,Beef,Grocery Retail,BC Interior,174,121.54,0.01,18460.71,89.42,15559.08,685.94
2025-12-01,B02,Beef,Hotels & Institutions,Lower Mainland,275,121.54,0.01,31340.69,89.42,24590.50,454.63
2025-12-01,B02,Beef,Hotels & Institutions,Vancouver Island,99,121.54,0.01,11294.03,89.60,8870.40,350.54
2025-12-01,B02,Beef,Hotels & Institutions,BC Interior,105,121.54,0.01,12014.24,89.33,9379.65,418.53
2025-12-01,B02,Beef,Online Direct,Lower Mainland,127,121.54,0.00,17253.29,89.06,11310.62,1277.76
2025-12-01,B02,Beef,Online Direct,Vancouver Island,46,121.54,0.01,6186.42,89.60,4121.60,560.99
2025-12-01,B02,Beef,Online Direct,BC Interior,44,121.54,0.01,5983.38,89.42,3934.48,540.25
2025-12-01,B03,Beef,Restaurants,Lower Mainland,306,201.88,0.00,61528.36,150.25,45976.50,493.40
2025-12-01,B03,Beef,Restaurants,Vancouver Island,115,201.88,0.01,23075.97,150.40,17296.00,403.21
2025-12-01,B03,Beef,Restaurants,BC Interior,113,201.88,0.01,22425.59,150.10,16961.30,454.01
2025-12-01,B03,Beef,Grocery Retail,Lower Mainland,203,201.88,0.04,34553.38,150.55,30561.65,327.98
2025-12-01,B03,Beef,Grocery Retail,Vancouver Island,74,201.88,0.00,13067.65,150.40,11129.60,263.30
2025-12-01,B03,Beef,Grocery Retail,BC Interior,74,201.88,0.03,12674.84,150.40,11129.60,298.79
2025-12-01,B03,Beef,Hotels & Institutions,Lower Mainland,122,201.88,0.01,23140.75,150.25,18330.50,199.10
2025-12-01,B03,Beef,Hotels & Institutions,Vancouver Island,43,201.88,0.01,8156.31,150.55,6473.65,148.23
2025-12-01,B03,Beef,Hotels & Institutions,BC Interior,47,201.88,0.01,8959.71,150.10,7054.70,181.54
2025-12-01,B03,Beef,Online Direct,Lower Mainland,55,201.88,0.00,12460.64,149.95,8247.25,551.13
2025-12-01,B03,Beef,Online Direct,Vancouver Island,20,201.88,0.01,4494.95,150.55,3011.00,239.84
2025-12-01,B03,Beef,Online Direct,BC Interior,19,201.88,0.01,4248.57,150.40,2857.60,238.50
2025-12-01,B04,Beef,Restaurants,Lower Mainland,140,352.26,0.01,48625.23,263.93,36950.20,228.94
2025-12-01,B04,Beef,Restaurants,Vancouver Island,50,352.26,0.00,17525.04,263.40,13170.00,169.59
2025-12-01,B04,Beef,Restaurants,BC Interior,52,352.26,0.01,18189.48,264.20,13738.40,207.06
2025-12-01,B04,Beef,Grocery Retail,Lower Mainland,101,352.26,0.02,30838.17,264.72,26736.72,160.55
2025-12-01,B04,Beef,Grocery Retail,Vancouver Island,34,352.26,0.04,10158.96,264.72,9000.48,117.44
2025-12-01,B04,Beef,Grocery Retail,BC Interior,36,352.26,0.00,11159.59,263.93,9501.48,145.79
2025-12-01,B04,Beef,Hotels & Institutions,Lower Mainland,61,352.26,0.01,20270.78,263.93,16099.73,99.35
2025-12-01,B04,Beef,Hotels & Institutions,Vancouver Island,21,352.26,0.01,6964.09,263.67,5537.07,72.90
2025-12-01,B04,Beef,Hotels & Institutions,BC Interior,22,352.26,0.01,7259.26,264.46,5818.12,86.38
2025-12-01,B04,Beef,Online Direct,Lower Mainland,25,352.26,0.00,9843.52,263.93,6598.25,247.47
2025-12-01,B04,Beef,Online Direct,Vancouver Island,9,352.26,0.00,3533.04,264.99,2384.91,108.14
2025-12-01,B04,Beef,Online Direct,BC Interior,10,352.26,0.00,3929.54,263.67,2636.70,124.28
2025-12-01,P01,Pork,Restaurants,Lower Mainland,445,135.96,0.01,60018.61,94.98,42266.10,724.06
2025-12-01,P01,Pork,Restaurants,Vancouver Island,160,135.96,0.01,21491.58,94.89,15182.40,557.65
2025-12-01,P01,Pork,Restaurants,BC Interior,159,135.96,0.01,21509.55,95.27,15147.93,643.89
2025-12-01,P01,Pork,Grocery Retail,Lower Mainland,305,135.96,0.03,35685.05,94.89,28941.45,502.24
2025-12-01,P01,Pork,Grocery Retail,Vancouver Island,110,135.96,0.02,12859.23,95.36,10489.60,373.47
2025-12-01,P01,Pork,Grocery Retail,BC Interior,103,135.96,0.01,12138.88,95.08,9793.24,401.13
2025-12-01,P01,Pork,Hotels & Institutions,Lower Mainland,185,135.96,0.00,23966.56,94.89,17554.65,293.77
2025-12-01,P01,Pork,Hotels & Institutions,Vancouver Island,62,135.96,0.01,7935.89,95.36,5912.32,216.95
2025-12-01,P01,Pork,Hotels & Institutions,BC Interior,67,135.96,0.01,8627.74,95.17,6376.39,266.53
2025-12-01,P01,Pork,Online Direct,Lower Mainland,78,135.96,0.01,11675.91,95.17,7423.26,798.20
2025-12-01,P01,Pork,Online Direct,Vancouver Island,29,135.96,0.01,4354.21,95.46,2768.34,351.58
2025-12-01,P01,Pork,Online Direct,BC Interior,29,135.96,0.01,4354.09,95.27,2762.83,355.35
2025-12-01,P02,Pork,Restaurants,Lower Mainland,313,107.12,0.00,33528.02,73.84,23111.92,503.15
2025-12-01,P02,Pork,Restaurants,Vancouver Island,108,107.12,0.01,11441.98,73.76,7966.08,382.41
2025-12-01,P02,Pork,Restaurants,BC Interior,109,107.12,0.01,11570.39,74.13,8080.17,431.43
2025-12-01,P02,Pork,Grocery Retail,Lower Mainland,204,107.12,0.01,19114.49,74.13,15122.52,327.60
2025-12-01,P02,Pork,Grocery Retail,Vancouver Island,77,107.12,0.00,7236.68,73.76,5679.52,272.91
2025-12-01,P02,Pork,Grocery Retail,BC Interior,80,107.12,0.01,7450.65,73.76,5900.80,315.06
2025-12-01,P02,Pork,Hotels & Institutions,Lower Mainland,130,107.12,0.01,13084.17,73.84,9599.20,210.25
2025-12-01,P02,Pork,Hotels & Institutions,Vancouver Island,47,107.12,0.01,4734.89,73.91,3473.77,165.77
2025-12-01,P02,Pork,Hotels & Institutions,BC Interior,48,107.12,0.01,4816.45,74.13,3558.24,186.74
2025-12-01,P02,Pork,Online Direct,Lower Mainland,58,107.12,0.00,6916.82,73.99,4291.42,597.65
2025-12-01,P02,Pork,Online Direct,Vancouver Island,21,107.12,0.01,2506.77,73.91,1552.11,251.58
2025-12-01,P02,Pork,Online Direct,BC Interior,20,107.12,0.00,2401.88,73.69,1473.80,252.80
2025-12-01,P03,Pork,Restaurants,Lower Mainland,284,150.38,0.00,42793.21,105.91,30078.44,461.17
2025-12-01,P03,Pork,Restaurants,Vancouver Island,101,150.38,0.01,14960.77,105.70,10675.70,344.31
2025-12-01,P03,Pork,Restaurants,BC Interior,97,150.38,0.01,14440.99,105.70,10252.90,390.50
2025-12-01,P03,Pork,Grocery Retail,Lower Mainland,190,150.38,0.01,24742.45,105.70,20083.00,318.45
2025-12-01,P03,Pork,Grocery Retail,Vancouver Island,70,150.38,0.02,9041.49,105.91,7413.70,246.16
2025-12-01,P03,Pork,Grocery Retail,BC Interior,67,150.38,0.04,8530.41,106.23,7117.41,261.46
2025-12-01,P03,Pork,Hotels & Institutions,Lower Mainland,112,150.38,0.00,15984.43,105.91,11861.92,186.81
2025-12-01,P03,Pork,Hotels & Institutions,Vancouver Island,40,150.38,0.01,5685.79,106.02,4240.80,142.47
2025-12-01,P03,Pork,Hotels & Institutions,BC Interior,40,150.38,0.00,5725.82,106.23,4249.20,156.57
2025-12-01,P03,Pork,Online Direct,Lower Mainland,52,150.38,0.01,8635.52,105.70,5496.40,520.54
2025-12-01,P03,Pork,Online Direct,Vancouver Island,18,150.38,0.01,3025.55,105.81,1904.58,209.39
2025-12-01,P03,Pork,Online Direct,BC Interior,19,150.38,0.01,3177.54,106.02,2014.38,242.30
2025-12-01,P04,Pork,Restaurants,Lower Mainland,391,94.76,0.00,37088.21,66.06,25829.46,636.20
2025-12-01,P04,Pork,Restaurants,Vancouver Island,144,94.76,0.00,13577.27,66.06,9512.64,508.38
2025-12-01,P04,Pork,Restaurants,BC Interior,145,94.76,0.00,13657.88,65.92,9558.40,566.43
2025-12-01,P04,Pork,Grocery Retail,Lower Mainland,268,94.76,0.01,22013.96,65.66,17596.88,440.44
2025-12-01,P04,Pork,Grocery Retail,Vancouver Island,97,94.76,0.02,7959.29,65.79,6381.63,339.76
2025-12-01,P04,Pork,Grocery Retail,BC Interior,96,94.76,0.00,7949.38,65.66,6303.36,377.69
2025-12-01,P04,Pork,Hotels & Institutions,Lower Mainland,155,94.76,0.01,13772.52,65.86,10208.30,251.19
2025-12-01,P04,Pork,Hotels & Institutions,Vancouver Island,57,94.76,0.01,5110.62,65.99,3761.43,199.46
2025-12-01,P04,Pork,Hotels & Institutions,BC Interior,57,94.76,0.00,5131.21,65.86,3754.02,223.80
2025-12-01,P04,Pork,Online Direct,Lower Mainland,70,94.76,0.01,7317.75,65.99,4619.30,719.88
2025-12-01,P04,Pork,Online Direct,Vancouver Island,27,94.76,0.01,2839.72,65.66,1772.82,319.90
2025-12-01,P04,Pork,Online Direct,BC Interior,27,94.76,0.00,2859.80,65.73,1774.71,331.18
2025-12-01,C01,Poultry,Restaurants,Lower Mainland,695,80.34,0.01,54999.54,58.25,40483.75,1102.48
2025-12-01,C01,Poultry,Restaurants,Vancouver Island,265,80.34,0.01,21077.54,58.25,15436.25,895.13
2025-12-01,C01,Poultry,Restaurants,BC Interior,258,80.34,0.01,20520.44,58.30,15041.40,1034.53
2025-12-01,C01,Poultry,Grocery Retail,Lower Mainland,507,80.34,0.04,34620.33,58.07,29441.49,805.91
2025-12-01,C01,Poultry,Grocery Retail,Vancouver Island,183,80.34,0.03,12614.50,58.13,10637.79,644.80
2025-12-01,C01,Poultry,Grocery Retail,BC Interior,173,80.34,0.01,12133.30,58.36,10096.28,694.39
2025-12-01,C01,Poultry,Hotels & Institutions,Lower Mainland,284,80.34,0.01,21502.48,58.42,16591.28,476.93
2025-12-01,C01,Poultry,Hotels & Institutions,Vancouver Island,110,80.34,0.01,8327.96,58.25,6407.50,382.62
2025-12-01,C01,Poultry,Hotels & Institutions,BC Interior,103,80.34,0.01,7782.73,58.19,5993.57,409.32
2025-12-01,C01,Poultry,Online Direct,Lower Mainland,125,80.34,0.01,11146.12,58.36,7295.00,1256.37
2025-12-01,C01,Poultry,Online Direct,Vancouver Island,45,80.34,0.01,3996.64,58.36,2626.20,541.25
2025-12-01,C01,Poultry,Online Direct,BC Interior,45,80.34,0.01,4004.69,58.36,2626.20,572.18
2025-12-01,C02,Poultry,Restaurants,Lower Mainland,623,127.72,0.00,79489.04,91.96,57291.08,1043.17
2025-12-01,C02,Poultry,Restaurants,Vancouver Island,232,127.72,0.01,29363.71,91.68,21269.76,807.79
2025-12-01,C02,Poultry,Restaurants,BC Interior,229,127.72,0.01,28896.91,91.87,21038.23,890.92
2025-12-01,C02,Poultry,Grocery Retail,Lower Mainland,443,127.72,0.04,47703.15,91.96,40738.28,729.48
2025-12-01,C02,Poultry,Grocery Retail,Vancouver Island,157,127.72,0.02,17274.85,92.05,14451.85,542.30
2025-12-01,C02,Poultry,Grocery Retail,BC Interior,161,127.72,0.04,17444.57,92.05,14820.05,626.37
2025-12-01,C02,Poultry,Hotels & Institutions,Lower Mainland,249,127.72,0.01,29729.22,91.87,22875.63,405.96
2025-12-01,C02,Poultry,Hotels & Institutions,Vancouver Island,89,127.72,0.01,10637.13,91.96,8184.44,312.36
2025-12-01,C02,Poultry,Hotels & Institutions,BC Interior,92,127.72,0.01,11084.25,91.87,8452.04,364.51
2025-12-01,C02,Poultry,Online Direct,Lower Mainland,118,127.72,0.00,16828.87,92.05,10861.90,1225.47
2025-12-01,C02,Poultry,Online Direct,Vancouver Island,40,127.72,0.01,5664.76,91.77,3670.80,478.24
2025-12-01,C02,Poultry,Online Direct,BC Interior,40,127.72,0.01,5676.08,91.87,3674.80,505.61
2025-12-01,C03,Poultry,Restaurants,Lower Mainland,529,98.88,0.01,51991.58,70.77,37437.33,870.23
2025-12-01,C03,Poultry,Restaurants,Vancouver Island,187,98.88,0.01,18379.62,70.70,13220.90,649.81
2025-12-01,C03,Poultry,Restaurants,BC Interior,191,98.88,0.01,18753.73,70.77,13517.07,752.96
2025-12-01,C03,Poultry,Grocery Retail,Lower Mainland,354,98.88,0.00,30864.61,70.56,24978.24,578.31
2025-12-01,C03,Poultry,Grocery Retail,Vancouver Island,129,98.88,0.02,11001.08,70.63,9111.27,460.79
2025-12-01,C03,Poultry,Grocery Retail,BC Interior,124,98.88,0.01,10649.37,70.84,8784.16,504.12
2025-12-01,C03,Poultry,Hotels & Institutions,Lower Mainland,214,98.88,0.01,20061.62,70.63,15114.82,352.04
2025-12-01,C03,Poultry,Hotels & Institutions,Vancouver Island,76,98.88,0.01,7082.13,70.91,5389.16,266.99
2025-12-01,C03,Poultry,Hotels & Institutions,BC Interior,77,98.88,0.00,7189.73,70.56,5433.12,299.57
2025-12-01,C03,Poultry,Online Direct,Lower Mainland,96,98.88,0.01,10472.38,70.77,6793.92,952.25
2025-12-01,C03,Poultry,Online Direct,Vancouver Island,33,98.88,0.01,3632.65,70.63,2330.79,394.55
2025-12-01,C03,Poultry,Online Direct,BC Interior,32,98.88,0.01,3483.80,70.84,2266.88,388.52
2025-12-01,C04,Poultry,Restaurants,Lower Mainland,118,193.64,0.01,22620.13,135.68,16010.24,191.81
2025-12-01,C04,Poultry,Restaurants,Vancouver Island,45,193.64,0.01,8643.92,135.55,6099.75,154.97
2025-12-01,C04,Poultry,Restaurants,BC Interior,42,193.64,0.00,8140.96,135.14,5675.88,169.92
2025-12-01,C04,Poultry,Grocery Retail,Lower Mainland,79,193.64,0.03,13058.39,135.41,10697.39,128.80
2025-12-01,C04,Poultry,Grocery Retail,Vancouver Island,29,193.64,0.00,4917.01,135.55,3930.95,102.48
2025-12-01,C04,Poultry,Grocery Retail,BC Interior,28,193.64,0.04,4608.90,135.55,3795.40,113.05
2025-12-01,C04,Poultry,Hotels & Institutions,Lower Mainland,49,193.64,0.01,8869.97,135.68,6648.32,77.73
2025-12-01,C04,Poultry,Hotels & Institutions,Vancouver Island,18,193.64,0.01,3294.67,135.82,2444.76,63.30
2025-12-01,C04,Poultry,Hotels & Institutions,BC Interior,17,193.64,0.01,3108.44,135.82,2308.94,68.17
2025-12-01,C04,Poultry,Online Direct,Lower Mainland,23,193.64,0.01,4938.40,135.55,3117.65,231.17
2025-12-01,C04,Poultry,Online Direct,Vancouver Island,8,193.64,0.01,1719.43,135.82,1086.56,94.88
2025-12-01,C04,Poultry,Online Direct,BC Interior,8,193.64,0.01,1705.57,135.14,1081.12,102.82
2025-12-01,S01,Seafood,Restaurants,Lower Mainland,287,181.28,0.01,51715.46,136.46,39164.02,481.97
2025-12-01,S01,Seafood,Restaurants,Vancouver Island,101,181.28,0.01,18108.06,136.73,13809.73,344.31
2025-12-01,S01,Seafood,Restaurants,BC Interior,104,181.28,0.01,18702.58,137.28,14277.12,404.61
2025-12-01,S01,Seafood,Grocery Retail,Lower Mainland,198,181.28,0.02,30830.15,137.00,27126.00,328.31
2025-12-01,S01,Seafood,Grocery Retail,Vancouver Island,71,181.28,0.01,11168.26,137.00,9727.00,246.23
2025-12-01,S01,Seafood,Grocery Retail,BC Interior,71,181.28,0.04,10851.57,136.59,9697.89,278.77
2025-12-01,S01,Seafood,Hotels & Institutions,Lower Mainland,117,181.28,0.01,19867.18,136.46,15965.82,193.04
2025-12-01,S01,Seafood,Hotels & Institutions,Vancouver Island,43,181.28,0.01,7294.21,136.59,5873.37,152.26
2025-12-01,S01,Seafood,Hotels & Institutions,BC Interior,42,181.28,0.01,7153.68,137.28,5765.76,170.08
2025-12-01,S01,Seafood,Online Direct,Lower Mainland,49,181.28,0.01,9938.50,136.73,6699.77,493.49
2025-12-01,S01,Seafood,Online Direct,Vancouver Island,18,181.28,0.01,3632.68,136.87,2463.66,212.19
2025-12-01,S01,Seafood,Online Direct,BC Interior,19,181.28,0.00,3857.62,137.00,2603.00,236.37
2025-12-01,S02,Seafood,Restaurants,Lower Mainland,118,220.42,0.01,25775.21,165.15,19487.70,198.16
2025-12-01,S02,Seafood,Restaurants,Vancouver Island,42,220.42,0.01,9165.06,165.32,6943.44,141.29
2025-12-01,S02,Seafood,Restaurants,BC Interior,45,220.42,0.01,9790.31,165.48,7446.60,177.22
2025-12-01,S02,Seafood,Grocery Retail,Lower Mainland,85,220.42,0.01,16240.34,164.82,14009.70,140.25
2025-12-01,S02,Seafood,Grocery Retail,Vancouver Island,29,220.42,0.02,5506.87,164.82,4779.78,101.28
2025-12-01,S02,Seafood,Grocery Retail,BC Interior,28,220.42,0.01,5365.82,164.98,4619.44,112.61
2025-12-01,S02,Seafood,Hotels & Institutions,Lower Mainland,47,220.42,0.01,9763.17,165.81,7793.07,78.62
2025-12-01,S02,Seafood,Hotels & Institutions,Vancouver Island,18,220.42,0.00,3776.69,165.32,2975.76,60.74
2025-12-01,S02,Seafood,Hotels & Institutions,BC Interior,17,220.42,0.00,3549.11,164.82,2801.94,68.91
2025-12-01,S02,Seafood,Online Direct,Lower Mainland,22,220.42,0.01,5409.40,165.32,3637.04,229.59
2025-12-01,S02,Seafood,Online Direct,Vancouver Island,8,220.42,0.01,1943.46,165.65,1325.20,96.22
2025-12-01,S02,Seafood,Online Direct,BC Interior,8,220.42,0.01,1967.04,165.32,1322.56,100.32
2025-12-01,S03,Seafood,Restaurants,Lower Mainland,73,314.15,0.01,22795.35,233.57,17050.61,116.04
2025-12-01,S03,Seafood,Restaurants,Vancouver Island,27,314.15,0.01,8431.20,234.04,6319.08,92.14
2025-12-01,S03,Seafood,Restaurants,BC Interior,27,314.15,0.01,8405.86,234.28,6325.56,109.12
2025-12-01,S03,Seafood,Grocery Retail,Lower Mainland,51,314.15,0.01,13887.93,233.57,11912.07,81.82
2025-12-01,S03,Seafood,Grocery Retail,Vancouver Island,18,314.15,0.01,4916.36,234.51,4221.18,60.99
2025-12-01,S03,Seafood,Grocery Retail,BC Interior,19,314.15,0.04,5068.75,233.57,4437.83,75.36
2025-12-01,S03,Seafood,Hotels & Institutions,Lower Mainland,29,314.15,0.01,8568.08,234.04,6787.16,48.70
2025-12-01,S03,Seafood,Hotels & Institutions,Vancouver Island,11,314.15,0.00,3279.56,233.57,2569.27,38.72
2025-12-01,S03,Seafood,Hotels & Institutions,BC Interior,11,314.15,0.01,3233.77,234.51,2579.61,43.32
2025-12-01,S03,Seafood,Online Direct,Lower Mainland,13,314.15,0.01,4555.67,234.04,3042.52,133.16
2025-12-01,S03,Seafood,Online Direct,Vancouver Island,5,314.15,0.01,1743.42,234.28,1171.40,60.80
2025-12-01,S03,Seafood,Online Direct,BC Interior,5,314.15,0.01,1748.61,233.81,1169.05,62.39
2025-12-01,S04,Seafood,Restaurants,Lower Mainland,141,142.14,0.01,19880.44,106.39,15000.99,233.79
2025-12-01,S04,Seafood,Restaurants,Vancouver Island,50,142.14,0.00,7071.49,106.29,5314.50,173.23
2025-12-01,S04,Seafood,Restaurants,BC Interior,49,142.14,0.01,6916.18,106.50,5218.50,189.66
2025-12-01,S04,Seafood,Grocery Retail,Lower Mainland,97,142.14,0.04,11612.80,106.29,10310.13,157.35
2025-12-01,S04,Seafood,Grocery Retail,Vancouver Island,35,142.14,0.03,4246.44,106.71,3734.85,124.78
2025-12-01,S04,Seafood,Grocery Retail,BC Interior,35,142.14,0.02,4294.44,106.71,3734.85,140.62
2025-12-01,S04,Seafood,Hotels & Institutions,Lower Mainland,58,142.14,0.00,7808.43,106.71,6189.18,94.56
2025-12-01,S04,Seafood,Hotels & Institutions,Vancouver Island,21,142.14,0.01,2798.91,106.29,2232.09,70.72
2025-12-01,S04,Seafood,Hotels & Institutions,BC Interior,21,142.14,0.00,2830.02,106.60,2238.60,83.79
2025-12-01,S04,Seafood,Online Direct,Lower Mainland,26,142.14,0.00,4139.10,106.92,2779.92,256.58
2025-12-01,S04,Seafood,Online Direct,Vancouver Island,9,142.14,0.01,1418.39,106.92,962.28,108.90
2025-12-01,S04,Seafood,Online Direct,BC Interior,9,142.14,0.01,1424.16,106.71,960.39,112.53
2025-12-01,H01,Charcuterie,Restaurants,Lower Mainland,230,193.64,0.01,43825.85,112.42,25856.60,365.60
2025-12-01,H01,Charcuterie,Restaurants,Vancouver Island,90,193.64,0.00,17357.94,111.97,10077.30,314.30
2025-12-01,H01,Charcuterie,Restaurants,BC Interior,89,193.64,0.00,17130.69,112.65,10025.85,363.25
2025-12-01,H01,Charcuterie,Grocery Retail,Lower Mainland,157,193.64,0.00,26753.30,112.09,17598.13,254.69
2025-12-01,H01,Charcuterie,Grocery Retail,Vancouver Island,62,193.64,0.00,10564.99,112.54,6977.48,208.78
2025-12-01,H01,Charcuterie,Grocery Retail,BC Interior,60,193.64,0.03,9857.13,112.20,6732.00,238.68
2025-12-01,H01,Charcuterie,Hotels & Institutions,Lower Mainland,98,193.64,0.01,17704.19,111.97,10973.06,157.54
2025-12-01,H01,Charcuterie,Hotels & Institutions,Vancouver Island,37,193.64,0.01,6792.73,112.54,4163.98,131.14
2025-12-01,H01,Charcuterie,Hotels & Institutions,BC Interior,37,193.64,0.00,6792.84,112.31,4155.47,149.10
2025-12-01,H01,Charcuterie,Online Direct,Lower Mainland,43,193.64,0.00,9334.97,112.65,4843.95,445.26
2025-12-01,H01,Charcuterie,Online Direct,Vancouver Island,16,193.64,0.01,3414.61,112.42,1798.72,192.83
2025-12-01,H01,Charcuterie,Online Direct,BC Interior,16,193.64,0.01,3424.92,112.54,1800.64,200.25
2025-12-01,H02,Charcuterie,Restaurants,Lower Mainland,215,160.68,0.01,34097.51,92.39,19863.85,350.88
2025-12-01,H02,Charcuterie,Restaurants,Vancouver Island,74,160.68,0.01,11747.77,92.67,6857.58,253.30
2025-12-01,H02,Charcuterie,Restaurants,BC Interior,75,160.68,0.00,12026.86,92.58,6943.50,301.04
2025-12-01,H02,Charcuterie,Grocery Retail,Lower Mainland,142,160.68,0.04,19238.32,92.58,13146.36,233.83
2025-12-01,H02,Charcuterie,Grocery Retail,Vancouver Island,50,160.68,0.01,7013.36,92.58,4629.00,169.06
2025-12-01,H02,Charcuterie,Grocery Retail,BC Interior,52,160.68,0.00,7323.31,92.58,4814.16,205.82
2025-12-01,H02,Charcuterie,Hotels & Institutions,Lower Mainland,85,160.68,0.00,12948.86,92.11,7829.35,135.81
2025-12-01,H02,Charcuterie,Hotels & Institutions,Vancouver Island,33,160.68,0.00,5052.41,92.67,3058.11,115.36
2025-12-01,H02,Charcuterie,Hotels & Institutions,BC Interior,31,160.68,0.01,4713.07,92.39,2864.09,123.81
2025-12-01,H02,Charcuterie,Online Direct,Lower Mainland,39,160.68,0.01,6920.33,92.58,3610.62,404.63
2025-12-01,H02,Charcuterie,Online Direct,Vancouver Island,14,160.68,0.00,2516.94,92.58,1296.12,166.21
2025-12-01,H02,Charcuterie,Online Direct,BC Interior,14,160.68,0.00,2509.39,92.11,1289.54,177.31
2025-12-01,H03,Charcuterie,Restaurants,Lower Mainland,108,210.12,0.01,22466.23,124.22,13415.76,176.96
2025-12-01,H03,Charcuterie,Restaurants,Vancouver Island,41,210.12,0.01,8468.91,123.85,5077.85,139.63
2025-12-01,H03,Charcuterie,Restaurants,BC Interior,40,210.12,0.00,8346.07,124.09,4963.60,160.07
2025-12-01,H03,Charcuterie,Grocery Retail,Lower Mainland,76,210.12,0.04,13491.26,124.09,9430.84,121.80
2025-12-01,H03,Charcuterie,Grocery Retail,Vancouver Island,28,210.12,0.01,5094.66,123.60,3460.80,99.43
2025-12-01,H03,Charcuterie,Grocery Retail,BC Interior,27,210.12,0.04,4817.54,123.60,3337.20,104.83
2025-12-01,H03,Charcuterie,Hotels & Institutions,Lower Mainland,43,210.12,0.00,8514.87,123.72,5319.96,71.51
2025-12-01,H03,Charcuterie,Hotels & Institutions,Vancouver Island,16,210.12,0.01,3152.21,124.09,1985.44,55.82
2025-12-01,H03,Charcuterie,Hotels & Institutions,BC Interior,17,210.12,0.01,3366.34,124.22,2111.74,67.49
2025-12-01,H03,Charcuterie,Online Direct,Lower Mainland,19,210.12,0.01,4422.21,124.34,2362.46,195.59
2025-12-01,H03,Charcuterie,Online Direct,Vancouver Island,7,210.12,0.01,1617.78,123.60,865.20,85.62
2025-12-01,H03,Charcuterie,Online Direct,BC Interior,7,210.12,0.00,1639.11,124.22,869.54,87.43
2025-12-01,H04,Charcuterie,Restaurants,Lower Mainland,193,98.88,0.01,18988.31,56.42,10889.06,322.85
2025-12-01,H04,Charcuterie,Restaurants,Vancouver Island,69,98.88,0.01,6788.51,56.19,3877.11,234.51
2025-12-01,H04,Charcuterie,Restaurants,BC Interior,68,98.88,0.00,6696.94,56.36,3832.48,269.15
2025-12-01,H04,Charcuterie,Grocery Retail,Lower Mainland,132,98.88,0.03,11062.09,56.53,7461.96,220.59
2025-12-01,H04,Charcuterie,Grocery Retail,Vancouver Island,45,98.88,0.02,3840.99,56.19,2528.55,155.59
2025-12-01,H04,Charcuterie,Grocery Retail,BC Interior,49,98.88,0.04,4101.99,56.36,2761.64,190.05
2025-12-01,H04,Charcuterie,Hotels & Institutions,Lower Mainland,78,98.88,0.01,7268.15,56.25,4387.50,126.79
2025-12-01,H04,Charcuterie,Hotels & Institutions,Vancouver Island,29,98.88,0.01,2691.53,56.42,1636.18,101.58
2025-12-01,H04,Charcuterie,Hotels & Institutions,BC Interior,28,98.88,0.00,2627.55,56.31,1576.68,114.39
2025-12-01,H04,Charcuterie,Online Direct,Lower Mainland,35,98.88,0.00,3856.74,56.47,1976.45,363.49
2025-12-01,H04,Charcuterie,Online Direct,Vancouver Island,13,98.88,0.01,1432.44,56.47,734.11,154.34
2025-12-01,H04,Charcuterie,Online Direct,BC Interior,13,98.88,0.01,1438.22,56.31,732.03,161.08
2025-12-01,D01,Cheese & Dairy,Restaurants,Lower Mainland,284,146.26,0.01,41081.92,90.50,25702.00,456.54
2025-12-01,D01,Cheese & Dairy,Restaurants,Vancouver Island,101,146.26,0.00,14698.46,90.59,9149.59,359.37
2025-12-01,D01,Cheese & Dairy,Restaurants,BC Interior,104,146.26,0.00,15195.80,90.59,9421.36,421.16
2025-12-01,D01,Cheese & Dairy,Grocery Retail,Lower Mainland,189,146.26,0.04,23450.23,90.95,17189.55,315.54
2025-12-01,D01,Cheese & Dairy,Grocery Retail,Vancouver Island,71,146.26,0.01,9119.91,90.86,6451.06,246.47
2025-12-01,D01,Cheese & Dairy,Grocery Retail,BC Interior,71,146.26,0.02,8991.96,90.95,6457.45,282.16
2025-12-01,D01,Cheese & Dairy,Hotels & Institutions,Lower Mainland,120,146.26,0.01,16407.33,90.86,10903.20,195.45
2025-12-01,D01,Cheese & Dairy,Hotels & Institutions,Vancouver Island,43,146.26,0.01,5891.22,90.86,3906.98,148.38
2025-12-01,D01,Cheese & Dairy,Hotels & Institutions,BC Interior,42,146.26,0.01,5748.49,90.68,3808.56,164.57
2025-12-01,D01,Cheese & Dairy,Online Direct,Lower Mainland,52,146.26,0.01,8466.73,90.50,4706.00,513.69
2025-12-01,D01,Cheese & Dairy,Online Direct,Vancouver Island,20,146.26,0.01,3223.96,90.86,1817.20,242.47
2025-12-01,D01,Cheese & Dairy,Online Direct,BC Interior,19,146.26,0.01,3074.98,90.77,1724.63,237.56
2025-12-01,D02,Cheese & Dairy,Restaurants,Lower Mainland,253,121.54,0.01,30319.86,74.52,18853.56,410.42
2025-12-01,D02,Cheese & Dairy,Restaurants,Vancouver Island,91,121.54,0.01,10883.61,74.90,6815.90,311.80
2025-12-01,D02,Cheese & Dairy,Restaurants,BC Interior,92,121.54,0.01,11091.69,74.60,6863.20,360.49
2025-12-01,D02,Cheese & Dairy,Grocery Retail,Lower Mainland,161,121.54,0.01,17116.55,74.82,12046.02,265.91
2025-12-01,D02,Cheese & Dairy,Grocery Retail,Vancouver Island,62,121.54,0.03,6439.10,74.52,4620.24,212.44
2025-12-01,D02,Cheese & Dairy,Grocery Retail,BC Interior,59,121.54,0.00,6285.13,74.75,4410.25,232.59
2025-12-01,D02,Cheese & Dairy,Hotels & Institutions,Lower Mainland,100,121.54,0.00,11569.36,74.67,7467.00,163.85
2025-12-01,D02,Cheese & Dairy,Hotels & Institutions,Vancouver Island,37,121.54,0.01,4199.73,74.52,2757.24,129.86
2025-12-01,D02,Cheese & Dairy,Hotels & Institutions,BC Interior,37,121.54,0.01,4216.72,74.90,2771.30,149.69
2025-12-01,D02,Cheese & Dairy,Online Direct,Lower Mainland,43,121.54,0.01,5800.77,74.97,3223.71,430.88
2025-12-01,D02,Cheese & Dairy,Online Direct,Vancouver Island,16,121.54,0.00,2167.12,74.82,1197.12,186.89
2025-12-01,D02,Cheese & Dairy,Online Direct,BC Interior,15,121.54,0.01,2015.39,74.90,1123.50,184.36
2025-12-01,D03,Cheese & Dairy,Restaurants,Lower Mainland,127,243.08,0.00,30870.67,153.60,19507.20,209.13
2025-12-01,D03,Cheese & Dairy,Restaurants,Vancouver Island,47,243.08,0.00,11390.51,152.99,7190.53,159.57
2025-12-01,D03,Cheese & Dairy,Restaurants,BC Interior,46,243.08,0.00,11136.95,153.14,7044.44,177.86
2025-12-01,D03,Cheese & Dairy,Grocery Retail,Lower Mainland,92,243.08,0.03,19186.11,152.83,14060.36,150.14
2025-12-01,D03,Cheese & Dairy,Grocery Retail,Vancouver Island,31,243.08,0.02,6498.31,152.68,4733.08,109.77
2025-12-01,D03,Cheese & Dairy,Grocery Retail,BC Interior,31,243.08,0.04,6340.51,153.14,4747.34,124.67
2025-12-01,D03,Cheese & Dairy,Hotels & Institutions,Lower Mainland,54,243.08,0.01,12258.54,153.45,8286.30,88.39
2025-12-01,D03,Cheese & Dairy,Hotels & Institutions,Vancouver Island,19,243.08,0.01,4334.75,152.99,2906.81,66.35
2025-12-01,D03,Cheese & Dairy,Hotels & Institutions,BC Interior,19,243.08,0.01,4335.08,152.83,2903.77,76.72
2025-12-01,D03,Cheese & Dairy,Online Direct,Lower Mainland,23,243.08,0.00,6230.46,153.29,3525.67,236.30
2025-12-01,D03,Cheese & Dairy,Online Direct,Vancouver Island,8,243.08,0.01,2149.62,153.60,1228.80,96.22
2025-12-01,D03,Cheese & Dairy,Online Direct,BC Interior,8,243.08,0.00,2171.47,153.45,1227.60,100.12
2025-12-01,D04,Cheese & Dairy,Restaurants,Lower Mainland,340,88.58,0.00,30087.08,54.14,18407.60,554.33
2025-12-01,D04,Cheese & Dairy,Restaurants,Vancouver Island,128,88.58,0.01,11270.13,54.09,6923.52,456.78
2025-12-01,D04,Cheese & Dairy,Restaurants,BC Interior,131,88.58,0.01,11488.13,54.20,7100.20,535.19
2025-12-01,D04,Cheese & Dairy,Grocery Retail,Lower Mainland,242,88.58,0.04,18037.00,53.98,13063.16,386.26
2025-12-01,D04,Cheese & Dairy,Grocery Retail,Vancouver Island,89,88.58,0.04,6687.02,54.14,4818.46,316.99
2025-12-01,D04,Cheese & Dairy,Grocery Retail,BC Interior,88,88.58,0.00,6825.36,53.93,4745.84,345.51
2025-12-01,D04,Cheese & Dairy,Hotels & Institutions,Lower Mainland,139,88.58,0.01,11567.62,54.03,7510.17,225.49
2025-12-01,D04,Cheese & Dairy,Hotels & Institutions,Vancouver Island,52,88.58,0.01,4340.81,54.09,2812.68,181.42
2025-12-01,D04,Cheese & Dairy,Hotels & Institutions,BC Interior,55,88.58,0.00,4623.68,54.03,2971.65,220.54
2025-12-01,D04,Cheese & Dairy,Online Direct,Lower Mainland,62,88.58,0.01,6138.55,53.87,3339.94,637.61
2025-12-01,D04,Cheese & Dairy,Online Direct,Vancouver Island,24,88.58,0.01,2354.84,54.14,1299.36,283.21
2025-12-01,D04,Cheese & Dairy,Online Direct,BC Interior,23,88.58,0.01,2256.69,54.14,1245.22,284.12
2026-01-01,B01,Beef,Restaurants,Lower Mainland,221,289.84,0.01,63410.51,215.88,47709.48,381.52
2026-01-01,B01,Beef,Restaurants,Vancouver Island,85,289.84,0.01,24242.91,216.31,18386.35,297.25
2026-01-01,B01,Beef,Restaurants,BC Interior,84,289.84,0.01,24030.59,217.18,18243.12,373.88
2026-01-01,B01,Beef,Grocery Retail,Lower Mainland,163,289.84,0.00,41574.28,216.53,35294.39,281.67
2026-01-01,B01,Beef,Grocery Retail,Vancouver Island,55,289.84,0.03,13578.40,216.53,11909.15,193.71
2026-01-01,B01,Beef,Grocery Retail,BC Interior,58,289.84,0.03,14336.43,216.53,12558.74,258.41
2026-01-01,B01,Beef,Hotels & Institutions,Lower Mainland,96,289.84,0.01,26194.56,216.31,20765.76,164.44
2026-01-01,B01,Beef,Hotels & Institutions,Vancouver Island,35,289.84,0.00,9675.73,215.88,7555.80,124.02
2026-01-01,B01,Beef,Hotels & Institutions,BC Interior,34,289.84,0.01,9230.63,216.53,7362.02,155.72
2026-01-01,B01,Beef,Online Direct,Lower Mainland,42,289.84,0.01,13538.04,215.88,9066.96,427.17
2026-01-01,B01,Beef,Online Direct,Vancouver Island,15,289.84,0.01,4820.57,216.53,3247.95,185.25
2026-01-01,B01,Beef,Online Direct,BC Interior,15,289.84,0.01,4859.46,216.96,3254.40,189.47
2026-01-01,B02,Beef,Restaurants,Lower Mainland,605,127.62,0.01,76666.23,94.69,57287.45,1035.29
2026-01-01,B02,Beef,Restaurants,Vancouver Island,230,127.62,0.00,29147.48,94.41,21714.30,835.54
2026-01-01,B02,Beef,Restaurants,BC Interior,228,127.62,0.01,28834.84,94.69,21589.32,1014.81
2026-01-01,B02,Beef,Grocery Retail,Lower Mainland,437,127.62,0.00,48979.39,94.98,41506.26,743.39
2026-01-01,B02,Beef,Grocery Retail,Vancouver Island,157,127.62,0.01,17578.77,94.60,14852.20,571.47
2026-01-01,B02,Beef,Grocery Retail,BC Interior,150,127.62,0.02,16459.67,94.60,14190.00,652.26
2026-01-01,B02,Beef,Hotels & Institutions,Lower Mainland,263,127.62,0.01,31439.46,94.79,24929.77,443.86
2026-01-01,B02,Beef,Hotels & Institutions,Vancouver Island,94,127.62,0.00,11407.73,94.69,8900.86,343.16
2026-01-01,B02,Beef,Hotels & Institutions,BC Interior,87,127.62,0.00,10505.63,94.60,8230.20,376.76
2026-01-01,B02,Beef,Online Direct,Lower Mainland,109,127.62,0.01,15486.37,94.41,10290.69,1121.93
2026-01-01,B02,Beef,Online Direct,Vancouver Island,41,127.62,0.00,5842.71,94.88,3890.08,487.53
2026-01-01,B02,Beef,Online Direct,BC Interior,42,127.62,0.00,5979.25,94.98,3989.16,551.20
2026-01-01,B03,Beef,Restaurants,Lower Mainland,257,211.97,0.01,53877.60,159.11,40891.27,442.81
2026-01-01,B03,Beef,Restaurants,Vancouver Island,101,211.97,0.01,21173.47,159.90,16149.90,355.36
2026-01-01,B03,Beef,Restaurants,BC Interior,96,211.97,0.01,20206.88,159.11,15274.56,430.71
2026-01-01,B03,Beef,Grocery Retail,Lower Mainland,190,211.97,0.04,34337.74,159.11,30230.90,325.45
2026-01-01,B03,Beef,Grocery Retail,Vancouver Island,68,211.97,0.01,12544.61,159.27,10830.36,247.27
2026-01-01,B03,Beef,Grocery Retail,BC Interior,66,211.97,0.00,12298.83,159.74,10542.84,294.05
2026-01-01,B03,Beef,Hotels & Institutions,Lower Mainland,109,211.97,0.01,21707.79,159.90,17429.10,180.84
2026-01-01,B03,Beef,Hotels & Institutions,Vancouver Island,39,211.97,0.01,7743.54,159.27,6211.53,141.40
2026-01-01,B03,Beef,Hotels & Institutions,BC Interior,41,211.97,0.01,8198.49,159.74,6549.34,183.77
2026-01-01,B03,Beef,Online Direct,Lower Mainland,47,211.97,0.01,11035.67,159.90,7515.30,487.12
2026-01-01,B03,Beef,Online Direct,Vancouver Island,17,211.97,0.00,4052.05,159.11,2704.87,206.87
2026-01-01,B03,Beef,Online Direct,BC Interior,18,211.97,0.01,4230.68,159.90,2878.20,231.33
2026-01-01,B04,Beef,Restaurants,Lower Mainland,124,369.87,0.01,45542.01,280.33,34760.92,203.23
2026-01-01,B04,Beef,Restaurants,Vancouver Island,44,369.87,0.00,16241.75,279.21,12285.24,155.76
2026-01-01,B04,Beef,Restaurants,BC Interior,47,369.87,0.01,17279.31,280.05,13162.35,212.54
2026-01-01,B04,Beef,Grocery Retail,Lower Mainland,88,369.87,0.02,27900.00,279.77,24619.76,144.23
2026-01-01,B04,Beef,Grocery Retail,Vancouver Island,33,369.87,0.02,10558.23,280.05,9241.65,119.88
2026-01-01,B04,Beef,Grocery Retail,BC Interior,31,369.87,0.00,10079.96,280.89,8707.59,139.64
2026-01-01,B04,Beef,Hotels & Institutions,Lower Mainland,54,369.87,0.01,18765.80,280.05,15122.70,88.14
2026-01-01,B04,Beef,Hotels & Institutions,Vancouver Island,19,369.87,0.01,6636.05,279.77,5315.63,66.58
2026-01-01,B04,Beef,Hotels & Institutions,BC Interior,18,369.87,0.00,6324.72,280.89,5056.02,81.32
2026-01-01,B04,Beef,Online Direct,Lower Mainland,23,369.87,0.00,9527.77,280.61,6454.03,232.76
2026-01-01,B04,Beef,Online Direct,Vancouver Island,8,369.87,0.01,3297.39,280.89,2247.12,94.07
2026-01-01,B04,Beef,Online Direct,BC Interior,9,369.87,0.01,3676.14,280.05,2520.45,113.10
2026-01-01,P01,Pork,Restaurants,Lower Mainland,383,141.40,0.01,53830.88,97.73,37430.59,657.33
2026-01-01,P01,Pork,Restaurants,Vancouver Island,142,141.40,0.01,19857.69,97.73,13877.66,499.11
2026-01-01,P01,Pork,Restaurants,BC Interior,140,141.40,0.01,19716.72,97.73,13682.20,630.61
2026-01-01,P01,Pork,Grocery Retail,Lower Mainland,257,141.40,0.02,31086.68,98.32,25268.24,438.05
2026-01-01,P01,Pork,Grocery Retail,Vancouver Island,98,141.40,0.03,11817.02,97.93,9597.14,347.96
2026-01-01,P01,Pork,Grocery Retail,BC Interior,96,141.40,0.01,11897.31,98.22,9429.12,414.88
2026-01-01,P01,Pork,Hotels & Institutions,Lower Mainland,158,141.40,0.01,21138.56,97.83,15457.14,271.17
2026-01-01,P01,Pork,Hotels & Institutions,Vancouver Island,59,141.40,0.01,7854.06,98.32,5800.88,214.54
2026-01-01,P01,Pork,Hotels & Institutions,BC Interior,57,141.40,0.01,7602.88,97.83,5576.31,257.00
2026-01-01,P01,Pork,Online Direct,Lower Mainland,70,141.40,0.01,10997.21,97.73,6841.10,700.55
2026-01-01,P01,Pork,Online Direct,Vancouver Island,25,141.40,0.01,3923.57,97.83,2445.75,293.65
2026-01-01,P01,Pork,Online Direct,BC Interior,25,141.40,0.01,3907.85,97.73,2443.25,329.39
2026-01-01,P02,Pork,Restaurants,Lower Mainland,271,111.40,0.00,30068.73,75.90,20568.90,450.98
2026-01-01,P02,Pork,Restaurants,Vancouver Island,96,111.40,0.01,10577.06,76.13,7308.48,343.94
2026-01-01,P02,Pork,Restaurants,BC Interior,97,111.40,0.01,10730.22,75.98,7370.06,421.80
2026-01-01,P02,Pork,Grocery Retail,Lower Mainland,185,111.40,0.01,18027.10,75.98,14056.30,304.45
2026-01-01,P02,Pork,Grocery Retail,Vancouver Island,66,111.40,0.02,6353.65,76.05,5019.30,239.76
2026-01-01,P02,Pork,Grocery Retail,BC Interior,66,111.40,0.00,6483.05,76.05,5019.30,290.53
2026-01-01,P02,Pork,Hotels & Institutions,Lower Mainland,114,111.40,0.00,12052.56,76.28,8695.92,186.65
2026-01-01,P02,Pork,Hotels & Institutions,Vancouver Island,42,111.40,0.00,4422.65,75.90,3187.80,148.38
2026-01-01,P02,Pork,Hotels & Institutions,BC Interior,41,111.40,0.01,4300.01,75.98,3115.18,181.57
2026-01-01,P02,Pork,Online Direct,Lower Mainland,50,111.40,0.01,6188.37,76.21,3810.50,510.58
2026-01-01,P02,Pork,Online Direct,Vancouver Island,18,111.40,0.01,2207.76,75.98,1367.64,210.78
2026-01-01,P02,Pork,Online Direct,BC Interior,17,111.40,0.01,2110.45,76.36,1298.12,215.84
2026-01-01,P03,Pork,Restaurants,Lower Mainland,241,156.40,0.01,37314.01,109.53,26396.73,412.81
2026-01-01,P03,Pork,Restaurants,Vancouver Island,92,156.40,0.01,14215.49,109.20,10046.40,332.57
2026-01-01,P03,Pork,Restaurants,BC Interior,87,156.40,0.01,13430.21,109.31,9509.97,377.15
2026-01-01,P03,Pork,Grocery Retail,Lower Mainland,164,156.40,0.04,21692.21,109.09,17890.76,273.20
2026-01-01,P03,Pork,Grocery Retail,Vancouver Island,58,156.40,0.03,7720.15,108.87,6314.46,207.80
2026-01-01,P03,Pork,Grocery Retail,BC Interior,58,156.40,0.02,7783.62,108.87,6314.46,260.99
2026-01-01,P03,Pork,Hotels & Institutions,Lower Mainland,103,156.40,0.00,15318.95,109.20,11247.60,169.50
2026-01-01,P03,Pork,Hotels & Institutions,Vancouver Island,36,156.40,0.00,5348.79,108.87,3919.32,129.62
2026-01-01,P03,Pork,Hotels & Institutions,BC Interior,37,156.40,0.00,5475.49,109.42,4048.54,164.52
2026-01-01,P03,Pork,Online Direct,Lower Mainland,44,156.40,0.01,7607.29,109.53,4819.32,456.92
2026-01-01,P03,Pork,Online Direct,Vancouver Island,16,156.40,0.01,2785.85,108.98,1743.68,191.61
2026-01-01,P03,Pork,Online Direct,BC Interior,16,156.40,0.01,2771.82,109.31,1748.96,213.50
2026-01-01,P04,Pork,Restaurants,Lower Mainland,354,98.55,0.00,34712.41,67.77,23990.58,589.11
2026-01-01,P04,Pork,Restaurants,Vancouver Island,124,98.55,0.01,12097.52,67.83,8410.92,438.95
2026-01-01,P04,Pork,Restaurants,BC Interior,123,98.55,0.01,12024.86,67.90,8351.70,549.65
2026-01-01,P04,Pork,Grocery Retail,Lower Mainland,236,98.55,0.01,20303.27,67.83,16007.88,406.23
2026-01-01,P04,Pork,Grocery Retail,Vancouver Island,88,98.55,0.03,7432.86,67.83,5969.04,311.82
2026-01-01,P04,Pork,Grocery Retail,BC Interior,88,98.55,0.04,7348.42,67.83,5969.04,380.70
2026-01-01,P04,Pork,Hotels & Institutions,Lower Mainland,141,98.55,0.01,13121.63,67.83,9564.03,237.25
2026-01-01,P04,Pork,Hotels & Institutions,Vancouver Island,52,98.55,0.00,4839.20,67.97,3534.44,185.56
2026-01-01,P04,Pork,Hotels & Institutions,BC Interior,52,98.55,0.00,4868.37,67.63,3516.76,232.61
2026-01-01,P04,Pork,Online Direct,Lower Mainland,62,98.55,0.01,6808.93,67.70,4197.40,624.91
2026-01-01,P04,Pork,Online Direct,Vancouver Island,24,98.55,0.01,2627.87,67.77,1626.48,290.89
2026-01-01,P04,Pork,Online Direct,BC Interior,22,98.55,0.00,2418.57,67.90,1493.80,287.30
2026-01-01,C01,Poultry,Restaurants,Lower Mainland,645,83.55,0.00,53620.62,59.99,38693.55,1098.31
2026-01-01,C01,Poultry,Restaurants,Vancouver Island,244,83.55,0.00,20365.57,60.17,14681.48,886.39
2026-01-01,C01,Poultry,Restaurants,BC Interior,236,83.55,0.01,19638.51,59.87,14129.32,1031.49
2026-01-01,C01,Poultry,Grocery Retail,Lower Mainland,473,83.55,0.02,34114.63,59.81,28290.13,807.82
2026-01-01,C01,Poultry,Grocery Retail,Vancouver Island,160,83.55,0.04,11294.59,59.81,9569.60,578.96
2026-01-01,C01,Poultry,Grocery Retail,BC Interior,168,83.55,0.01,12191.28,60.05,10088.40,735.03
2026-01-01,C01,Poultry,Hotels & Institutions,Lower Mainland,265,83.55,0.01,20865.44,60.11,15929.15,451.25
2026-01-01,C01,Poultry,Hotels & Institutions,Vancouver Island,97,83.55,0.01,7645.28,59.87,5807.39,350.30
2026-01-01,C01,Poultry,Hotels & Institutions,BC Interior,98,83.55,0.01,7692.94,59.93,5873.14,429.20
2026-01-01,C01,Poultry,Online Direct,Lower Mainland,121,83.55,0.01,11220.88,59.99,7258.79,1220.81
2026-01-01,C01,Poultry,Online Direct,Vancouver Island,43,83.55,0.01,3967.60,60.11,2584.73,511.31
2026-01-01,C01,Poultry,Online Direct,BC Interior,46,83.55,0.01,4269.92,59.81,2751.26,609.06
2026-01-01,C02,Poultry,Restaurants,Lower Mainland,570,132.83,0.00,75561.67,94.43,53825.10,980.18
2026-01-01,C02,Poultry,Restaurants,Vancouver Island,215,132.83,0.01,28273.47,95.00,20425.00,774.13
2026-01-01,C02,Poultry,Restaurants,BC Interior,214,132.83,0.01,28083.72,95.00,20330.00,945.82
2026-01-01,C02,Poultry,Grocery Retail,Lower Mainland,392,132.83,0.01,45546.11,95.00,37240.00,656.30
2026-01-01,C02,Poultry,Grocery Retail,Vancouver Island,149,132.83,0.00,17312.31,94.81,14126.69,542.88
2026-01-01,C02,Poultry,Grocery Retail,BC Interior,141,132.83,0.02,16135.43,95.00,13395.00,616.90
2026-01-01,C02,Poultry,Hotels & Institutions,Lower Mainland,236,132.83,0.01,29542.69,95.00,22420.00,398.29
2026-01-01,C02,Poultry,Hotels & Institutions,Vancouver Island,88,132.83,0.01,11015.75,94.53,8318.64,310.88
2026-01-01,C02,Poultry,Hotels & Institutions,BC Interior,85,132.83,0.00,10661.76,94.62,8042.70,377.19
2026-01-01,C02,Poultry,Online Direct,Lower Mainland,106,132.83,0.00,15785.16,94.72,10040.32,1067.31
2026-01-01,C02,Poultry,Online Direct,Vancouver Island,37,132.83,0.01,5427.63,94.62,3500.94,458.28
2026-01-01,C02,Poultry,Online Direct,BC Interior,38,132.83,0.00,5670.20,94.53,3592.14,504.12
2026-01-01,C03,Poultry,Restaurants,Lower Mainland,479,102.84,0.01,48620.57,72.67,34808.93,829.34
2026-01-01,C03,Poultry,Restaurants,Vancouver Island,172,102.84,0.00,17705.96,73.04,12562.88,626.68
2026-01-01,C03,Poultry,Restaurants,BC Interior,175,102.84,0.01,17942.51,72.82,12743.50,796.84
2026-01-01,C03,Poultry,Grocery Retail,Lower Mainland,313,102.84,0.01,28071.82,72.75,22770.75,512.99
2026-01-01,C03,Poultry,Grocery Retail,Vancouver Island,122,102.84,0.02,10852.54,73.04,8910.88,431.43
2026-01-01,C03,Poultry,Grocery Retail,BC Interior,113,102.84,0.01,10133.84,72.67,8211.71,492.88
2026-01-01,C03,Poultry,Hotels & Institutions,Lower Mainland,188,102.84,0.01,18256.52,72.75,13677.00,309.07
2026-01-01,C03,Poultry,Hotels & Institutions,Vancouver Island,70,102.84,0.01,6777.45,73.04,5112.80,257.04
2026-01-01,C03,Poultry,Hotels & Institutions,BC Interior,68,102.84,0.00,6616.91,72.67,4941.56,299.93
2026-01-01,C03,Poultry,Online Direct,Lower Mainland,87,102.84,0.01,9960.66,73.04,6354.48,885.74
2026-01-01,C03,Poultry,Online Direct,Vancouver Island,32,102.84,0.01,3630.63,73.04,2337.28,387.08
2026-01-01,C03,Poultry,Online Direct,BC Interior,31,102.84,0.01,3559.79,72.67,2252.77,412.06
2026-01-01,C04,Poultry,Restaurants,Lower Mainland,115,201.39,0.00,23229.33,139.47,16039.05,195.82
2026-01-01,C04,Poultry,Restaurants,Vancouver Island,40,201.39,0.01,7982.81,139.61,5584.40,145.45
2026-01-01,C04,Poultry,Restaurants,BC Interior,42,201.39,0.01,8382.42,140.03,5881.26,183.01
2026-01-01,C04,Poultry,Grocery Retail,Lower Mainland,73,201.39,0.01,12911.11,139.20,10161.60,122.22
2026-01-01,C04,Poultry,Grocery Retail,Vancouver Island,27,201.39,0.04,4608.15,139.20,3758.40,99.34
2026-01-01,C04,Poultry,Grocery Retail,BC Interior,29,201.39,0.02,5026.77,139.20,4036.80,132.18
2026-01-01,C04,Poultry,Hotels & Institutions,Lower Mainland,44,201.39,0.01,8325.15,139.47,6136.68,75.29
2026-01-01,C04,Poultry,Hotels & Institutions,Vancouver Island,17,201.39,0.01,3200.54,139.89,2378.13,62.18
2026-01-01,C04,Poultry,Hotels & Institutions,BC Interior,16,201.39,0.01,3039.57,140.03,2240.48,71.29
2026-01-01,C04,Poultry,Online Direct,Lower Mainland,21,201.39,0.01,4684.30,140.03,2940.63,209.10
2026-01-01,C04,Poultry,Online Direct,Vancouver Island,8,201.39,0.01,1775.63,139.20,1113.60,99.38
2026-01-01,C04,Poultry,Online Direct,BC Interior,7,201.39,0.00,1574.15,140.03,980.21,91.41
2026-01-01,S01,Seafood,Restaurants,Lower Mainland,246,193.97,0.01,47335.60,141.25,34747.50,423.85
2026-01-01,S01,Seafood,Restaurants,Vancouver Island,90,193.97,0.00,17509.60,140.69,12662.10,321.48
2026-01-01,S01,Seafood,Restaurants,BC Interior,89,193.97,0.00,17280.49,141.11,12558.79,399.30
2026-01-01,S01,Seafood,Grocery Retail,Lower Mainland,162,193.97,0.01,27266.14,140.69,22791.78,276.40
2026-01-01,S01,Seafood,Grocery Retail,Vancouver Island,60,193.97,0.01,10119.04,140.83,8449.80,210.46
2026-01-01,S01,Seafood,Grocery Retail,BC Interior,61,193.97,0.02,10265.79,140.83,8590.63,269.87
2026-01-01,S01,Seafood,Hotels & Institutions,Lower Mainland,103,193.97,0.01,18846.95,141.11,14534.33,174.87
2026-01-01,S01,Seafood,Hotels & Institutions,Vancouver Island,38,193.97,0.00,7002.20,140.69,5346.22,136.01
2026-01-01,S01,Seafood,Hotels & Institutions,BC Interior,35,193.97,0.00,6417.28,140.55,4919.25,159.06
2026-01-01,S01,Seafood,Online Direct,Lower Mainland,44,193.97,0.00,9520.63,141.11,6208.84,459.61
2026-01-01,S01,Seafood,Online Direct,Vancouver Island,16,193.97,0.00,3468.99,141.40,2262.40,194.70
2026-01-01,S01,Seafood,Online Direct,BC Interior,17,193.97,0.01,3645.13,141.11,2398.87,223.99
2026-01-01,S02,Seafood,Restaurants,Lower Mainland,107,235.85,0.00,25084.76,170.10,18200.70,175.73
2026-01-01,S02,Seafood,Restaurants,Vancouver Island,38,235.85,0.00,8935.43,169.76,6450.88,134.52
2026-01-01,S02,Seafood,Restaurants,BC Interior,38,235.85,0.01,8899.40,170.61,6483.18,168.29
2026-01-01,S02,Seafood,Grocery Retail,Lower Mainland,72,235.85,0.00,14928.48,169.93,12234.96,121.88
2026-01-01,S02,Seafood,Grocery Retail,Vancouver Island,26,235.85,0.04,5212.59,170.27,4427.02,92.97
2026-01-01,S02,Seafood,Grocery Retail,BC Interior,26,235.85,0.04,5202.17,170.10,4422.60,112.36
2026-01-01,S02,Seafood,Hotels & Institutions,Lower Mainland,41,235.85,0.01,9121.89,169.93,6967.13,69.88
2026-01-01,S02,Seafood,Hotels & Institutions,Vancouver Island,15,235.85,0.01,3310.60,170.79,2561.85,52.03
2026-01-01,S02,Seafood,Hotels & Institutions,BC Interior,15,235.85,0.00,3347.43,170.79,2561.85,65.36
2026-01-01,S02,Seafood,Online Direct,Lower Mainland,18,235.85,0.00,4721.51,170.10,3061.80,179.96
2026-01-01,S02,Seafood,Online Direct,Vancouver Island,7,235.85,0.01,1823.15,170.27,1191.89,83.15
2026-01-01,S02,Seafood,Online Direct,BC Interior,7,235.85,0.01,1826.93,169.93,1189.51,89.69
2026-01-01,S03,Seafood,Restaurants,Lower Mainland,67,336.14,0.00,22521.18,240.34,16102.78,111.16
2026-01-01,S03,Seafood,Restaurants,Vancouver Island,24,336.14,0.00,8059.29,241.79,5802.96,86.24
2026-01-01,S03,Seafood,Restaurants,BC Interior,24,336.14,0.01,7954.74,241.55,5797.20,104.26
2026-01-01,S03,Seafood,Grocery Retail,Lower Mainland,44,336.14,0.00,12963.28,240.58,10585.52,72.78
2026-01-01,S03,Seafood,Grocery Retail,Vancouver Island,16,336.14,0.01,4718.57,240.82,3853.12,58.81
2026-01-01,S03,Seafood,Grocery Retail,BC Interior,16,336.14,0.04,4571.59,241.06,3856.96,72.36
2026-01-01,S03,Seafood,Hotels & Institutions,Lower Mainland,28,336.14,0.01,8789.79,241.30,6756.40,47.58
2026-01-01,S03,Seafood,Hotels & Institutions,Vancouver Island,10,336.14,0.01,3154.97,240.34,2403.40,36.54
2026-01-01,S03,Seafood,Hotels & Institutions,BC Interior,9,336.14,0.01,2853.90,241.55,2173.95,40.54
2026-01-01,S03,Seafood,Online Direct,Lower Mainland,12,336.14,0.01,4486.06,241.30,2895.60,123.64
2026-01-01,S03,Seafood,Online Direct,Vancouver Island,4,336.14,0.01,1486.38,241.30,965.20,47.08
2026-01-01,S03,Seafood,Online Direct,BC Interior,4,336.14,0.01,1490.88,240.34,961.36,50.99
2026-01-01,S04,Seafood,Restaurants,Lower Mainland,117,152.09,0.01,17634.20,109.69,12833.73,202.57
2026-01-01,S04,Seafood,Restaurants,Vancouver Island,44,152.09,0.01,6605.11,109.58,4821.52,159.84
2026-01-01,S04,Seafood,Restaurants,BC Interior,44,152.09,0.00,6671.88,110.02,4840.88,201.72
2026-01-01,S04,Seafood,Grocery Retail,Lower Mainland,86,152.09,0.04,11051.04,110.02,9461.72,143.55
2026-01-01,S04,Seafood,Grocery Retail,Vancouver Island,30,152.09,0.00,3991.12,109.80,3294.00,105.34
2026-01-01,S04,Seafood,Grocery Retail,BC Interior,30,152.09,0.04,3886.11,109.58,3287.40,133.53
2026-01-01,S04,Seafood,Hotels & Institutions,Lower Mainland,49,152.09,0.00,7101.00,109.58,5369.42,79.90
2026-01-01,S04,Seafood,Hotels & Institutions,Vancouver Island,18,152.09,0.00,2600.74,110.02,1980.36,62.69
2026-01-01,S04,Seafood,Hotels & Institutions,BC Interior,18,152.09,0.01,2556.64,109.69,1974.42,82.36
2026-01-01,S04,Seafood,Online Direct,Lower Mainland,21,152.09,0.00,3573.56,109.91,2308.11,215.94
2026-01-01,S04,Seafood,Online Direct,Vancouver Island,8,152.09,0.01,1340.98,109.91,879.28,95.71
2026-01-01,S04,Seafood,Online Direct,BC Interior,8,152.09,0.00,1361.35,109.47,875.76,104.06
2026-01-01,H01,Charcuterie,Restaurants,Lower Mainland,157,201.39,0.00,31586.61,115.33,18106.81,269.19
2026-01-01,H01,Charcuterie,Restaurants,Vancouver Island,57,201.39,0.01,11318.52,115.56,6586.92,204.62
2026-01-01,H01,Charcuterie,Restaurants,BC Interior,55,201.39,0.00,11043.22,115.68,6362.40,241.61
2026-01-01,H01,Charcuterie,Grocery Retail,Lower Mainland,110,201.39,0.00,19533.39,115.56,12711.60,190.27
2026-01-01,H01,Charcuterie,Grocery Retail,Vancouver Island,39,201.39,0.02,6814.44,115.33,4497.87,138.06
2026-01-01,H01,Charcuterie,Grocery Retail,BC Interior,38,201.39,0.03,6526.10,115.91,4404.58,172.86
2026-01-01,H01,Charcuterie,Hotels & Institutions,Lower Mainland,65,201.39,0.00,12435.82,115.45,7504.25,109.70
2026-01-01,H01,Charcuterie,Hotels & Institutions,Vancouver Island,24,201.39,0.01,4573.27,115.56,2773.44,83.24
2026-01-01,H01,Charcuterie,Hotels & Institutions,BC Interior,23,201.39,0.00,4417.97,115.56,2657.88,100.12
2026-01-01,H01,Charcuterie,Online Direct,Lower Mainland,28,201.39,0.01,6258.61,115.45,3232.60,281.65
2026-01-01,H01,Charcuterie,Online Direct,Vancouver Island,10,201.39,0.01,2237.50,115.56,1155.60,118.55
2026-01-01,H01,Charcuterie,Online Direct,BC Interior,11,201.39,0.01,2458.83,116.03,1276.33,140.09
2026-01-01,H02,Charcuterie,Restaurants,Lower Mainland,136,167.11,0.00,22636.12,95.35,12967.60,227.01
2026-01-01,H02,Charcuterie,Restaurants,Vancouver Island,49,167.11,0.01,8106.64,94.97,4653.53,179.06
2026-01-01,H02,Charcuterie,Restaurants,BC Interior,49,167.11,0.01,8090.39,94.88,4649.12,218.31
2026-01-01,H02,Charcuterie,Grocery Retail,Lower Mainland,95,167.11,0.03,13508.90,95.07,9031.65,164.00
2026-01-01,H02,Charcuterie,Grocery Retail,Vancouver Island,35,167.11,0.01,5136.62,95.07,3327.45,121.27
2026-01-01,H02,Charcuterie,Grocery Retail,BC Interior,35,167.11,0.02,5023.69,95.26,3334.10,159.99
2026-01-01,H02,Charcuterie,Hotels & Institutions,Lower Mainland,59,167.11,0.00,9366.52,94.97,5603.23,98.38
2026-01-01,H02,Charcuterie,Hotels & Institutions,Vancouver Island,20,167.11,0.00,3168.74,94.97,1899.40,69.30
2026-01-01,H02,Charcuterie,Hotels & Institutions,BC Interior,20,167.11,0.01,3140.22,95.16,1903.20,90.62
2026-01-01,H02,Charcuterie,Online Direct,Lower Mainland,25,167.11,0.01,4608.89,95.16,2379.00,257.83
2026-01-01,H02,Charcuterie,Online Direct,Vancouver Island,9,167.11,0.01,1672.60,95.16,856.44,108.43
2026-01-01,H02,Charcuterie,Online Direct,BC Interior,9,167.11,0.01,1665.94,95.35,858.15,115.78
2026-01-01,H03,Charcuterie,Restaurants,Lower Mainland,73,218.52,0.00,15856.38,127.31,9293.63,125.41
2026-01-01,H03,Charcuterie,Restaurants,Vancouver Island,25,218.52,0.00,5473.91,127.31,3182.75,88.85
2026-01-01,H03,Charcuterie,Restaurants,BC Interior,27,218.52,0.00,5882.35,127.95,3454.65,123.54
2026-01-01,H03,Charcuterie,Grocery Retail,Lower Mainland,48,218.52,0.01,9119.52,128.07,6147.36,82.70
2026-01-01,H03,Charcuterie,Grocery Retail,Vancouver Island,18,218.52,0.03,3354.05,127.56,2296.08,63.78
2026-01-01,H03,Charcuterie,Grocery Retail,BC Interior,17,218.52,0.03,3183.78,127.43,2166.31,77.79
2026-01-01,H03,Charcuterie,Hotels & Institutions,Lower Mainland,30,218.52,0.01,6215.27,127.95,3838.50,49.77
2026-01-01,H03,Charcuterie,Hotels & Institutions,Vancouver Island,11,218.52,0.01,2260.72,127.69,1404.59,38.86
2026-01-01,H03,Charcuterie,Hotels & Institutions,BC Interior,10,218.52,0.01,2061.37,127.82,1278.20,43.40
2026-01-01,H03,Charcuterie,Online Direct,Lower Mainland,14,218.52,0.01,3392.18,127.82,1789.48,138.26
2026-01-01,H03,Charcuterie,Online Direct,Vancouver Island,5,218.52,0.00,1224.93,127.69,638.45,61.69
2026-01-01,H03,Charcuterie,Online Direct,BC Interior,5,218.52,0.00,1220.04,127.31,636.55,63.55
2026-01-01,H04,Charcuterie,Restaurants,Lower Mainland,121,102.84,0.01,12418.45,58.23,7045.83,199.94
2026-01-01,H04,Charcuterie,Restaurants,Vancouver Island,47,102.84,0.01,4756.38,58.23,2736.81,170.74
2026-01-01,H04,Charcuterie,Restaurants,BC Interior,46,102.84,0.00,4721.14,58.05,2670.30,208.84
2026-01-01,H04,Charcuterie,Grocery Retail,Lower Mainland,86,102.84,0.02,7689.04,58.17,5002.62,147.45
2026-01-01,H04,Charcuterie,Grocery Retail,Vancouver Island,31,102.84,0.03,2721.47,57.88,1794.28,108.19
2026-01-01,H04,Charcuterie,Grocery Retail,BC Interior,30,102.84,0.02,2641.87,58.23,1746.90,135.00
2026-01-01,H04,Charcuterie,Hotels & Institutions,Lower Mainland,53,102.84,0.01,5105.71,57.88,3067.64,86.69
2026-01-01,H04,Charcuterie,Hotels & Institutions,Vancouver Island,19,102.84,0.01,1852.50,57.88,1099.72,66.51
2026-01-01,H04,Charcuterie,Hotels & Institutions,BC Interior,19,102.84,0.01,1834.01,58.05,1102.95,87.11
2026-01-01,H04,Charcuterie,Online Direct,Lower Mainland,22,102.84,0.01,2516.22,58.17,1279.74,228.01
2026-01-01,H04,Charcuterie,Online Direct,Vancouver Island,8,102.84,0.01,914.99,57.88,463.04,94.16
2026-01-01,H04,Charcuterie,Online Direct,BC Interior,8,102.84,0.00,919.60,57.88,463.04,101.88
2026-01-01,D01,Cheese & Dairy,Restaurants,Lower Mainland,211,152.11,0.01,31710.07,93.40,19707.40,359.29
2026-01-01,D01,Cheese & Dairy,Restaurants,Vancouver Island,71,152.11,0.01,10745.75,93.40,6631.40,256.15
2026-01-01,D01,Cheese & Dairy,Restaurants,BC Interior,71,152.11,0.00,10778.21,93.12,6611.52,320.44
2026-01-01,D01,Cheese & Dairy,Grocery Retail,Lower Mainland,141,152.11,0.00,18798.31,93.50,13183.50,241.52
2026-01-01,D01,Cheese & Dairy,Grocery Retail,Vancouver Island,52,152.11,0.02,6786.71,93.59,4866.68,185.93
2026-01-01,D01,Cheese & Dairy,Grocery Retail,BC Interior,50,152.11,0.02,6571.78,93.50,4675.00,223.66
2026-01-01,D01,Cheese & Dairy,Hotels & Institutions,Lower Mainland,81,152.11,0.01,11610.66,93.68,7588.08,137.52
2026-01-01,D01,Cheese & Dairy,Hotels & Institutions,Vancouver Island,30,152.11,0.01,4309.05,93.12,2793.60,107.70
2026-01-01,D01,Cheese & Dairy,Hotels & Institutions,BC Interior,30,152.11,0.01,4313.46,93.12,2793.60,135.93
2026-01-01,D01,Cheese & Dairy,Online Direct,Lower Mainland,35,152.11,0.01,5885.27,93.12,3259.20,346.71
2026-01-01,D01,Cheese & Dairy,Online Direct,Vancouver Island,14,152.11,0.01,2347.04,93.12,1303.68,173.74
2026-01-01,D01,Cheese & Dairy,Online Direct,BC Interior,13,152.11,0.00,2214.69,93.40,1214.20,167.41
2026-01-01,D02,Cheese & Dairy,Restaurants,Lower Mainland,167,126.40,0.00,21024.43,77.14,12882.38,283.53
2026-01-01,D02,Cheese & Dairy,Restaurants,Vancouver Island,66,126.40,0.01,8250.78,76.84,5071.44,240.47
2026-01-01,D02,Cheese & Dairy,Restaurants,BC Interior,63,126.40,0.00,7979.06,76.91,4845.33,273.67
2026-01-01,D02,Cheese & Dairy,Grocery Retail,Lower Mainland,115,126.40,0.04,12367.66,76.91,8844.65,192.73
2026-01-01,D02,Cheese & Dairy,Grocery Retail,Vancouver Island,44,126.40,0.03,4786.03,76.91,3384.04,154.97
2026-01-01,D02,Cheese & Dairy,Grocery Retail,BC Interior,42,126.40,0.02,4569.30,76.99,3233.58,190.68
2026-01-01,D02,Cheese & Dairy,Hotels & Institutions,Lower Mainland,68,126.40,0.01,8107.92,77.14,5245.52,115.79
2026-01-01,D02,Cheese & Dairy,Hotels & Institutions,Vancouver Island,25,126.40,0.00,2995.99,76.76,1919.00,88.41
2026-01-01,D02,Cheese & Dairy,Hotels & Institutions,BC Interior,27,126.40,0.01,3203.16,76.91,2076.57,120.29
2026-01-01,D02,Cheese & Dairy,Online Direct,Lower Mainland,32,126.40,0.01,4498.51,76.99,2463.68,329.70
2026-01-01,D02,Cheese & Dairy,Online Direct,Vancouver Island,12,126.40,0.00,1697.11,76.84,922.08,140.81
2026-01-01,D02,Cheese & Dairy,Online Direct,BC Interior,11,126.40,0.00,1561.91,77.22,849.42,143.51
2026-01-01,D03,Cheese & Dairy,Restaurants,Lower Mainland,95,252.80,0.01,23680.35,158.05,15014.75,159.05
2026-01-01,D03,Cheese & Dairy,Restaurants,Vancouver Island,32,252.80,0.00,8097.69,157.42,5037.44,112.82
2026-01-01,D03,Cheese & Dairy,Restaurants,BC Interior,34,252.80,0.00,8620.95,157.26,5346.84,149.21
2026-01-01,D03,Cheese & Dairy,Grocery Retail,Lower Mainland,61,252.80,0.01,13394.38,157.89,9631.29,102.85
2026-01-01,D03,Cheese & Dairy,Grocery Retail,Vancouver Island,23,252.80,0.01,5065.45,157.58,3624.34,83.06
2026-01-01,D03,Cheese & Dairy,Grocery Retail,BC Interior,22,252.80,0.02,4776.96,157.42,3463.24,99.98
2026-01-01,D03,Cheese & Dairy,Hotels & Institutions,Lower Mainland,37,252.80,0.00,8912.54,157.42,5824.54,62.76
2026-01-01,D03,Cheese & Dairy,Hotels & Institutions,Vancouver Island,13,252.80,0.00,3125.20,157.73,2050.49,47.83
2026-01-01,D03,Cheese & Dairy,Hotels & Institutions,BC Interior,14,252.80,0.01,3318.65,157.58,2206.12,64.06
2026-01-01,D03,Cheese & Dairy,Online Direct,Lower Mainland,17,252.80,0.01,4741.11,157.26,2673.42,176.36
2026-01-01,D03,Cheese & Dairy,Online Direct,Vancouver Island,6,252.80,0.00,1700.49,157.26,943.56,72.43
2026-01-01,D03,Cheese & Dairy,Online Direct,BC Interior,6,252.80,0.01,1683.56,158.21,949.26,76.88
2026-01-01,D04,Cheese & Dairy,Restaurants,Lower Mainland,260,92.12,0.01,23615.52,55.82,14513.20,433.99
2026-01-01,D04,Cheese & Dairy,Restaurants,Vancouver Island,95,92.12,0.01,8663.89,55.82,5302.90,329.50
2026-01-01,D04,Cheese & Dairy,Restaurants,BC Interior,89,92.12,0.00,8182.22,55.60,4948.40,396.53
2026-01-01,D04,Cheese & Dairy,Grocery Retail,Lower Mainland,177,92.12,0.01,14204.32,55.65,9850.05,288.90
2026-01-01,D04,Cheese & Dairy,Grocery Retail,Vancouver Island,61,92.12,0.01,4935.04,55.60,3391.60,220.51
2026-01-01,D04,Cheese & Dairy,Grocery Retail,BC Interior,63,92.12,0.00,5086.70,55.82,3516.66,280.69
2026-01-01,D04,Cheese & Dairy,Hotels & Institutions,Lower Mainland,105,92.12,0.01,9069.79,55.65,5843.25,171.56
2026-01-01,D04,Cheese & Dairy,Hotels & Institutions,Vancouver Island,36,92.12,0.01,3137.89,55.49,1997.64,127.56
2026-01-01,D04,Cheese & Dairy,Hotels & Institutions,BC Interior,36,92.12,0.01,3103.36,55.82,2009.52,162.16
2026-01-01,D04,Cheese & Dairy,Online Direct,Lower Mainland,44,92.12,0.00,4521.51,55.82,2456.08,447.07
2026-01-01,D04,Cheese & Dairy,Online Direct,Vancouver Island,16,92.12,0.01,1631.03,55.82,893.12,191.99
2026-01-01,D04,Cheese & Dairy,Online Direct,BC Interior,16,92.12,0.00,1642.54,55.82,893.12,210.81
2026-02-01,B01,Beef,Restaurants,Lower Mainland,225,289.84,0.01,64628.38,216.74,48766.50,374.06
2026-02-01,B01,Beef,Restaurants,Vancouver Island,80,289.84,0.00,23187.20,216.74,17339.20,284.91
2026-02-01,B01,Beef,Restaurants,BC Interior,86,289.84,0.00,24901.01,216.53,18621.58,382.78
2026-02-01,B01,Beef,Grocery Retail,Lower Mainland,179,289.84,0.01,45017.93,216.53,38758.87,293.07
2026-02-01,B01,Beef,Grocery Retail,Vancouver Island,68,289.84,0.00,17413.40,217.18,14768.24,245.08
2026-02-01,B01,Beef,Grocery Retail,BC Interior,66,289.84,0.02,16463.17,217.18,14333.88,295.23
2026-02-01,B01,Beef,Hotels & Institutions,Lower Mainland,93,289.84,0.01,25351.29,216.53,20137.29,160.55
2026-02-01,B01,Beef,Hotels & Institutions,Vancouver Island,35,289.84,0.00,9617.88,215.88,7555.80,128.77
2026-02-01,B01,Beef,Hotels & Institutions,BC Interior,35,289.84,0.01,9541.01,216.74,7585.90,154.22
2026-02-01,B01,Beef,Online Direct,Lower Mainland,43,289.84,0.01,13790.56,216.53,9310.79,428.15
2026-02-01,B01,Beef,Online Direct,Vancouver Island,15,289.84,0.01,4805.86,216.53,3247.95,182.53
2026-02-01,B01,Beef,Online Direct,BC Interior,15,289.84,0.01,4815.62,216.53,3247.95,189.47
2026-02-01,B02,Beef,Restaurants,Lower Mainland,611,127.62,0.00,77586.25,94.98,58032.78,1005.50
2026-02-01,B02,Beef,Restaurants,Vancouver Island,226,127.62,0.01,28582.25,94.98,21465.48,793.56
2026-02-01,B02,Beef,Restaurants,BC Interior,221,127.62,0.01,27725.74,94.79,20948.59,1002.36
2026-02-01,B02,Beef,Grocery Retail,Lower Mainland,485,127.62,0.02,53268.66,94.60,45881.00,803.04
2026-02-01,B02,Beef,Grocery Retail,Vancouver Island,182,127.62,0.02,20111.42,94.60,17217.20,663.11
2026-02-01,B02,Beef,Grocery Retail,BC Interior,188,127.62,0.00,21092.34,94.69,17801.72,862.74
2026-02-01,B02,Beef,Hotels & Institutions,Lower Mainland,244,127.62,0.01,29110.15,94.60,23082.40,401.13
2026-02-01,B02,Beef,Hotels & Institutions,Vancouver Island,94,127.62,0.01,11203.07,94.98,8928.12,328.72
2026-02-01,B02,Beef,Hotels & Institutions,BC Interior,89,127.62,0.01,10650.13,94.69,8427.41,396.13
2026-02-01,B02,Beef,Online Direct,Lower Mainland,107,127.62,0.01,15247.82,94.41,10101.87,1095.90
2026-02-01,B02,Beef,Online Direct,Vancouver Island,40,127.62,0.01,5654.59,94.88,3795.20,489.64
2026-02-01,B02,Beef,Online Direct,BC Interior,42,127.62,0.01,5919.40,94.88,3984.96,551.20
2026-02-01,B03,Beef,Restaurants,Lower Mainland,274,211.97,0.01,57673.57,159.11,43596.14,449.07
2026-02-01,B03,Beef,Restaurants,Vancouver Island,93,211.97,0.01,19614.64,159.11,14797.23,323.89
2026-02-01,B03,Beef,Restaurants,BC Interior,97,211.97,0.01,20478.41,159.27,15449.19,442.54
2026-02-01,B03,Beef,Grocery Retail,Lower Mainland,214,211.97,0.01,39439.17,159.58,34150.12,350.01
2026-02-01,B03,Beef,Grocery Retail,Vancouver Island,83,211.97,0.02,15188.65,159.42,13231.86,296.18
2026-02-01,B03,Beef,Grocery Retail,BC Interior,78,211.97,0.00,14578.68,159.42,12434.76,345.43
2026-02-01,B03,Beef,Hotels & Institutions,Lower Mainland,109,211.97,0.01,21774.16,159.74,17411.66,184.32
2026-02-01,B03,Beef,Hotels & Institutions,Vancouver Island,41,211.97,0.01,8182.09,159.90,6555.90,143.67
2026-02-01,B03,Beef,Hotels & Institutions,BC Interior,41,211.97,0.00,8264.39,159.27,6530.07,181.94
2026-02-01,B03,Beef,Online Direct,Lower Mainland,48,211.97,0.01,11293.15,159.11,7637.28,475.00
2026-02-01,B03,Beef,Online Direct,Vancouver Island,18,211.97,0.01,4251.95,159.74,2875.32,210.78
2026-02-01,B03,Beef,Online Direct,BC Interior,17,211.97,0.01,3991.61,159.58,2712.86,225.97
2026-02-01,B04,Beef,Restaurants,Lower Mainland,128,369.87,0.01,47012.24,280.33,35882.24,221.62
2026-02-01,B04,Beef,Restaurants,Vancouver Island,45,369.87,0.01,16477.97,279.77,12589.65,163.80
2026-02-01,B04,Beef,Restaurants,BC Interior,46,369.87,0.01,16775.57,279.21,12843.66,203.72
2026-02-01,B04,Beef,Grocery Retail,Lower Mainland,106,369.87,0.03,33467.43,280.33,29714.98,176.76
2026-02-01,B04,Beef,Grocery Retail,Vancouver Island,37,369.87,0.02,11814.15,280.33,10372.21,132.03
2026-02-01,B04,Beef,Grocery Retail,BC Interior,37,369.87,0.02,11849.59,279.21,10330.77,163.20
2026-02-01,B04,Beef,Hotels & Institutions,Lower Mainland,53,369.87,0.00,18511.38,279.21,14798.13,88.02
2026-02-01,B04,Beef,Hotels & Institutions,Vancouver Island,18,369.87,0.00,6312.13,280.61,5050.98,65.39
2026-02-01,B04,Beef,Hotels & Institutions,BC Interior,18,369.87,0.01,6273.97,280.33,5045.94,79.47
2026-02-01,B04,Beef,Online Direct,Lower Mainland,23,369.87,0.01,9461.16,279.21,6421.83,238.38
2026-02-01,B04,Beef,Online Direct,Vancouver Island,8,369.87,0.00,3304.10,280.61,2244.88,96.00
2026-02-01,B04,Beef,Online Direct,BC Interior,8,369.87,0.01,3297.39,279.49,2235.92,100.95
2026-02-01,P01,Pork,Restaurants,Lower Mainland,348,141.40,0.01,48617.70,98.03,34114.44,585.56
2026-02-01,P01,Pork,Restaurants,Vancouver Island,127,141.40,0.00,17957.73,98.22,12473.94,460.00
2026-02-01,P01,Pork,Restaurants,BC Interior,127,141.40,0.01,17921.62,98.32,12486.64,560.17
2026-02-01,P01,Pork,Grocery Retail,Lower Mainland,303,141.40,0.01,37361.61,97.93,29672.79,503.73
2026-02-01,P01,Pork,Grocery Retail,Vancouver Island,108,141.40,0.01,13291.07,97.93,10576.44,388.48
2026-02-01,P01,Pork,Grocery Retail,BC Interior,110,141.40,0.00,13687.40,98.13,10794.30,492.05
2026-02-01,P01,Pork,Hotels & Institutions,Lower Mainland,155,141.40,0.01,20716.92,98.22,15224.10,262.63
2026-02-01,P01,Pork,Hotels & Institutions,Vancouver Island,54,141.40,0.01,7188.38,98.13,5299.02,194.24
2026-02-01,P01,Pork,Hotels & Institutions,BC Interior,54,141.40,0.01,7224.65,97.73,5277.42,242.75
2026-02-01,P01,Pork,Online Direct,Lower Mainland,64,141.40,0.01,10044.11,97.83,6261.12,637.25
2026-02-01,P01,Pork,Online Direct,Vancouver Island,24,141.40,0.01,3785.61,97.83,2347.92,298.42
2026-02-01,P01,Pork,Online Direct,BC Interior,25,141.40,0.00,3943.38,98.32,2458.00,320.65
2026-02-01,P02,Pork,Restaurants,Lower Mainland,265,111.40,0.01,29196.98,76.28,20214.20,444.56
2026-02-01,P02,Pork,Restaurants,Vancouver Island,94,111.40,0.01,10366.98,76.36,7177.84,327.04
2026-02-01,P02,Pork,Restaurants,BC Interior,91,111.40,0.00,10107.01,76.05,6920.55,398.55
2026-02-01,P02,Pork,Grocery Retail,Lower Mainland,218,111.40,0.00,21456.46,75.98,16563.64,367.55
2026-02-01,P02,Pork,Grocery Retail,Vancouver Island,79,111.40,0.04,7435.34,76.13,6014.27,290.09
2026-02-01,P02,Pork,Grocery Retail,BC Interior,77,111.40,0.03,7351.78,75.98,5850.46,348.21
2026-02-01,P02,Pork,Hotels & Institutions,Lower Mainland,111,111.40,0.01,11629.76,76.21,8459.31,191.25
2026-02-01,P02,Pork,Hotels & Institutions,Vancouver Island,39,111.40,0.00,4123.23,76.36,2978.04,142.93
2026-02-01,P02,Pork,Hotels & Institutions,BC Interior,39,111.40,0.01,4098.45,75.98,2963.22,173.76
2026-02-01,P02,Pork,Online Direct,Lower Mainland,45,111.40,0.00,5575.33,76.36,3436.20,457.69
2026-02-01,P02,Pork,Online Direct,Vancouver Island,17,111.40,0.01,2097.76,75.90,1290.30,210.36
2026-02-01,P02,Pork,Online Direct,BC Interior,18,111.40,0.00,2230.13,76.13,1370.34,240.19
2026-02-01,P03,Pork,Restaurants,Lower Mainland,229,156.40,0.01,35563.82,109.42,25057.18,394.18
2026-02-01,P03,Pork,Restaurants,Vancouver Island,83,156.40,0.01,12876.73,108.87,9036.21,298.55
2026-02-01,P03,Pork,Restaurants,BC Interior,86,156.40,0.01,13262.54,109.42,9410.12,379.71
2026-02-01,P03,Pork,Grocery Retail,Lower Mainland,196,156.40,0.01,26625.78,108.98,21360.08,327.49
2026-02-01,P03,Pork,Grocery Retail,Vancouver Island,69,156.40,0.02,9269.29,109.42,7549.98,253.37
2026-02-01,P03,Pork,Grocery Retail,BC Interior,68,156.40,0.01,9284.17,109.53,7448.04,293.88
2026-02-01,P03,Pork,Hotels & Institutions,Lower Mainland,97,156.40,0.00,14397.85,109.53,10624.41,164.03
2026-02-01,P03,Pork,Hotels & Institutions,Vancouver Island,34,156.40,0.00,5051.67,108.98,3705.32,119.26
2026-02-01,P03,Pork,Hotels & Institutions,BC Interior,35,156.40,0.00,5158.78,109.09,3818.15,156.72
2026-02-01,P03,Pork,Online Direct,Lower Mainland,42,156.40,0.01,7283.60,109.09,4581.78,436.58
2026-02-01,P03,Pork,Online Direct,Vancouver Island,16,156.40,0.01,2794.20,109.42,1750.72,189.29
2026-02-01,P03,Pork,Online Direct,BC Interior,15,156.40,0.01,2619.61,109.42,1641.30,199.19
2026-02-01,P04,Pork,Restaurants,Lower Mainland,344,98.55,0.00,33833.13,67.77,23312.88,571.31
2026-02-01,P04,Pork,Restaurants,Vancouver Island,122,98.55,0.01,11986.91,67.83,8275.26,425.77
2026-02-01,P04,Pork,Restaurants,BC Interior,121,98.55,0.01,11769.36,67.77,8200.17,548.26
2026-02-01,P04,Pork,Grocery Retail,Lower Mainland,258,98.55,0.02,21839.59,68.04,17554.32,424.15
2026-02-01,P04,Pork,Grocery Retail,Vancouver Island,94,98.55,0.02,7948.45,67.77,6370.38,342.15
2026-02-01,P04,Pork,Grocery Retail,BC Interior,102,98.55,0.01,8766.36,67.70,6905.40,447.63
2026-02-01,P04,Pork,Hotels & Institutions,Lower Mainland,130,98.55,0.01,12073.70,67.63,8791.90,219.62
2026-02-01,P04,Pork,Hotels & Institutions,Vancouver Island,49,98.55,0.01,4559.85,67.83,3323.67,179.41
2026-02-01,P04,Pork,Hotels & Institutions,BC Interior,49,98.55,0.00,4578.33,67.83,3323.67,217.66
2026-02-01,P04,Pork,Online Direct,Lower Mainland,60,98.55,0.00,6629.17,68.04,4082.40,603.53
2026-02-01,P04,Pork,Online Direct,Vancouver Island,22,98.55,0.01,2416.12,67.90,1493.80,268.24
2026-02-01,P04,Pork,Online Direct,BC Interior,21,98.55,0.01,2299.37,67.63,1420.23,274.78
2026-02-01,C01,Poultry,Restaurants,Lower Mainland,665,83.55,0.01,54672.61,59.87,39813.55,1088.77
2026-02-01,C01,Poultry,Restaurants,Vancouver Island,239,83.55,0.01,19688.89,60.05,14351.95,872.50
2026-02-01,C01,Poultry,Restaurants,BC Interior,245,83.55,0.01,20306.24,60.05,14712.25,1118.85
2026-02-01,C01,Poultry,Grocery Retail,Lower Mainland,517,83.55,0.00,37859.86,59.81,30921.77,862.10
2026-02-01,C01,Poultry,Grocery Retail,Vancouver Island,198,83.55,0.01,14339.76,60.17,11913.66,688.17
2026-02-01,C01,Poultry,Grocery Retail,BC Interior,185,83.55,0.01,13506.86,59.93,11087.05,806.93
2026-02-01,C01,Poultry,Hotels & Institutions,Lower Mainland,267,83.55,0.00,21107.69,60.11,16049.37,442.53
2026-02-01,C01,Poultry,Hotels & Institutions,Vancouver Island,94,83.55,0.00,7446.07,60.17,5655.98,329.39
2026-02-01,C01,Poultry,Hotels & Institutions,BC Interior,98,83.55,0.01,7677.48,60.17,5896.66,445.36
2026-02-01,C01,Poultry,Online Direct,Lower Mainland,114,83.55,0.01,10592.99,59.93,6832.02,1140.90
2026-02-01,C01,Poultry,Online Direct,Vancouver Island,41,83.55,0.00,3828.95,59.81,2452.21,489.01
2026-02-01,C01,Poultry,Online Direct,BC Interior,44,83.55,0.01,4080.35,59.93,2636.92,554.07
2026-02-01,C02,Poultry,Restaurants,Lower Mainland,566,132.83,0.01,74281.63,94.43,53447.38,960.94
2026-02-01,C02,Poultry,Restaurants,Vancouver Island,205,132.83,0.01,27175.28,94.81,19436.05,754.24
2026-02-01,C02,Poultry,Restaurants,BC Interior,203,132.83,0.01,26722.29,94.91,19266.73,880.02
2026-02-01,C02,Poultry,Grocery Retail,Lower Mainland,470,132.83,0.03,53393.18,94.43,44382.10,779.78
2026-02-01,C02,Poultry,Grocery Retail,Vancouver Island,168,132.83,0.01,19363.13,95.00,15960.00,600.10
2026-02-01,C02,Poultry,Grocery Retail,BC Interior,170,132.83,0.02,19592.16,94.72,16102.40,776.35
2026-02-01,C02,Poultry,Hotels & Institutions,Lower Mainland,226,132.83,0.01,28232.30,94.53,21363.78,374.58
2026-02-01,C02,Poultry,Hotels & Institutions,Vancouver Island,82,132.83,0.00,10306.07,94.53,7751.46,301.69
2026-02-01,C02,Poultry,Hotels & Institutions,BC Interior,85,132.83,0.00,10640.39,94.81,8058.85,376.05
2026-02-01,C02,Poultry,Online Direct,Lower Mainland,101,132.83,0.01,14800.34,94.62,9556.62,1012.85
2026-02-01,C02,Poultry,Online Direct,Vancouver Island,36,132.83,0.01,5280.80,94.62,3406.32,426.34
2026-02-01,C02,Poultry,Online Direct,BC Interior,38,132.83,0.00,5630.65,94.81,3602.78,493.78
2026-02-01,C03,Poultry,Restaurants,Lower Mainland,478,102.84,0.01,48862.23,72.89,34841.42,807.52
2026-02-01,C03,Poultry,Restaurants,Vancouver Island,174,102.84,0.00,17840.48,73.04,12708.96,626.51
2026-02-01,C03,Poultry,Restaurants,BC Interior,176,102.84,0.01,17973.14,73.04,12855.04,772.38
2026-02-01,C03,Poultry,Grocery Retail,Lower Mainland,375,102.84,0.00,33869.33,72.75,27281.25,627.21
2026-02-01,C03,Poultry,Grocery Retail,Vancouver Island,142,102.84,0.00,12838.04,72.82,10340.44,492.01
2026-02-01,C03,Poultry,Grocery Retail,BC Interior,138,102.84,0.03,12052.60,72.67,10028.46,600.70
2026-02-01,C03,Poultry,Hotels & Institutions,Lower Mainland,198,102.84,0.01,19189.45,72.75,14404.50,341.15
2026-02-01,C03,Poultry,Hotels & Institutions,Vancouver Island,71,102.84,0.01,6874.27,72.82,5170.22,250.32
2026-02-01,C03,Poultry,Hotels & Institutions,BC Interior,68,102.84,0.01,6616.75,72.97,4961.96,308.72
2026-02-01,C03,Poultry,Online Direct,Lower Mainland,86,102.84,0.00,9945.17,72.82,6262.52,893.95
2026-02-01,C03,Poultry,Online Direct,Vancouver Island,31,102.84,0.01,3549.04,72.82,2257.42,385.09
2026-02-01,C03,Poultry,Online Direct,BC Interior,32,102.84,0.01,3619.61,72.75,2328.00,414.57
2026-02-01,C04,Poultry,Restaurants,Lower Mainland,110,201.39,0.01,21843.49,139.47,15341.70,183.06
2026-02-01,C04,Poultry,Restaurants,Vancouver Island,39,201.39,0.00,7830.66,139.34,5434.26,137.22
2026-02-01,C04,Poultry,Restaurants,BC Interior,41,201.39,0.01,8174.33,139.61,5724.01,177.37
2026-02-01,C04,Poultry,Grocery Retail,Lower Mainland,89,201.39,0.04,15204.46,139.61,12425.29,145.87
2026-02-01,C04,Poultry,Grocery Retail,Vancouver Island,34,201.39,0.01,5971.41,139.89,4756.26,124.24
2026-02-01,C04,Poultry,Grocery Retail,BC Interior,32,201.39,0.04,5444.52,139.89,4476.48,140.43
2026-02-01,C04,Poultry,Hotels & Institutions,Lower Mainland,43,201.39,0.01,8111.88,139.47,5997.21,71.63
2026-02-01,C04,Poultry,Hotels & Institutions,Vancouver Island,16,201.39,0.01,3024.43,139.20,2227.20,56.41
2026-02-01,C04,Poultry,Hotels & Institutions,BC Interior,17,201.39,0.00,3236.20,139.61,2373.37,75.82
2026-02-01,C04,Poultry,Online Direct,Lower Mainland,19,201.39,0.01,4234.29,139.75,2655.25,190.73
2026-02-01,C04,Poultry,Online Direct,Vancouver Island,7,201.39,0.01,1552.14,139.89,979.23,84.50
2026-02-01,C04,Poultry,Online Direct,BC Interior,7,201.39,0.00,1574.16,139.89,979.23,91.59
2026-02-01,S01,Seafood,Restaurants,Lower Mainland,251,193.97,0.00,48589.10,141.25,35453.75,432.05
2026-02-01,S01,Seafood,Restaurants,Vancouver Island,88,193.97,0.01,16966.82,140.83,12393.04,310.88
2026-02-01,S01,Seafood,Restaurants,BC Interior,88,193.97,0.00,17001.08,140.69,12380.72,399.91
2026-02-01,S01,Seafood,Grocery Retail,Lower Mainland,206,193.97,0.02,34391.30,141.11,29068.66,350.43
2026-02-01,S01,Seafood,Grocery Retail,Vancouver Island,69,193.97,0.03,11413.73,140.83,9717.27,249.43
2026-02-01,S01,Seafood,Grocery Retail,BC Interior,73,193.97,0.01,12323.91,140.55,10260.15,329.14
2026-02-01,S01,Seafood,Hotels & Institutions,Lower Mainland,100,193.97,0.01,18352.85,141.11,14111.00,164.90
2026-02-01,S01,Seafood,Hotels & Institutions,Vancouver Island,38,193.97,0.01,6918.37,140.83,5351.54,138.72
2026-02-01,S01,Seafood,Hotels & Institutions,BC Interior,35,193.97,0.00,6436.55,140.69,4924.15,158.90
2026-02-01,S01,Seafood,Online Direct,Lower Mainland,45,193.97,0.01,9688.01,140.97,6343.65,463.18
2026-02-01,S01,Seafood,Online Direct,Vancouver Island,16,193.97,0.01,3437.79,140.55,2248.80,192.77
2026-02-01,S01,Seafood,Online Direct,BC Interior,16,193.97,0.00,3465.51,141.11,2257.76,210.60
2026-02-01,S02,Seafood,Restaurants,Lower Mainland,103,235.85,0.00,24243.99,170.44,17555.32,171.41
2026-02-01,S02,Seafood,Restaurants,Vancouver Island,39,235.85,0.01,9143.01,170.10,6633.90,139.17
2026-02-01,S02,Seafood,Restaurants,BC Interior,36,235.85,0.00,8439.72,170.44,6135.84,157.67
2026-02-01,S02,Seafood,Grocery Retail,Lower Mainland,85,235.85,0.01,17465.53,170.44,14487.40,146.60
2026-02-01,S02,Seafood,Grocery Retail,Vancouver Island,31,235.85,0.01,6369.65,170.10,5273.10,108.96
2026-02-01,S02,Seafood,Grocery Retail,BC Interior,32,235.85,0.02,6508.25,169.93,5437.76,142.29
2026-02-01,S02,Seafood,Hotels & Institutions,Lower Mainland,42,235.85,0.01,9315.78,170.61,7165.62,71.17
2026-02-01,S02,Seafood,Hotels & Institutions,Vancouver Island,15,235.85,0.01,3333.81,169.76,2546.40,54.17
2026-02-01,S02,Seafood,Hotels & Institutions,BC Interior,15,235.85,0.01,3313.92,170.79,2561.85,64.96
2026-02-01,S02,Seafood,Online Direct,Lower Mainland,19,235.85,0.00,5038.96,170.44,3238.36,199.24
2026-02-01,S02,Seafood,Online Direct,Vancouver Island,7,235.85,0.00,1850.89,170.27,1191.89,85.43
2026-02-01,S02,Seafood,Online Direct,BC Interior,7,235.85,0.01,1825.03,170.61,1194.27,88.51
2026-02-01,S03,Seafood,Restaurants,Lower Mainland,65,336.14,0.00,21848.90,241.30,15684.50,106.31
2026-02-01,S03,Seafood,Restaurants,Vancouver Island,24,336.14,0.01,7994.67,241.30,5791.20,85.21
2026-02-01,S03,Seafood,Restaurants,BC Interior,23,336.14,0.01,7661.24,240.34,5527.82,102.88
2026-02-01,S03,Seafood,Grocery Retail,Lower Mainland,53,336.14,0.01,15520.62,240.82,12763.46,90.34
2026-02-01,S03,Seafood,Grocery Retail,Vancouver Island,19,336.14,0.02,5518.99,240.58,4571.02,68.89
2026-02-01,S03,Seafood,Grocery Retail,BC Interior,20,336.14,0.01,5862.69,240.34,4806.80,91.78
2026-02-01,S03,Seafood,Hotels & Institutions,Lower Mainland,26,336.14,0.00,8310.94,241.30,6273.80,43.09
2026-02-01,S03,Seafood,Hotels & Institutions,Vancouver Island,10,336.14,0.01,3155.05,241.55,2415.50,35.26
2026-02-01,S03,Seafood,Hotels & Institutions,BC Interior,9,336.14,0.00,2882.62,240.34,2163.06,39.78
2026-02-01,S03,Seafood,Online Direct,Lower Mainland,12,336.14,0.00,4481.65,241.55,2898.60,122.54
2026-02-01,S03,Seafood,Online Direct,Vancouver Island,4,336.14,0.01,1499.87,241.55,966.20,48.14
2026-02-01,S03,Seafood,Online Direct,BC Interior,4,336.14,0.00,1502.90,240.82,963.28,50.32
2026-02-01,S04,Seafood,Restaurants,Lower Mainland,122,152.09,0.00,18517.87,109.91,13409.02,204.26
2026-02-01,S04,Seafood,Restaurants,Vancouver Island,45,152.09,0.01,6728.06,110.02,4950.90,165.24
2026-02-01,S04,Seafood,Restaurants,BC Interior,43,152.09,0.00,6513.74,109.47,4707.21,189.47
2026-02-01,S04,Seafood,Grocery Retail,Lower Mainland,100,152.09,0.00,13397.30,109.80,10980.00,167.59
2026-02-01,S04,Seafood,Grocery Retail,Vancouver Island,35,152.09,0.01,4600.32,109.91,3846.85,123.15
2026-02-01,S04,Seafood,Grocery Retail,BC Interior,37,152.09,0.03,4813.39,109.91,4066.67,162.38
2026-02-01,S04,Seafood,Hotels & Institutions,Lower Mainland,48,152.09,0.00,6900.67,110.13,5286.24,80.20
2026-02-01,S04,Seafood,Hotels & Institutions,Vancouver Island,18,152.09,0.01,2579.96,109.91,1978.38,63.72
2026-02-01,S04,Seafood,Hotels & Institutions,BC Interior,18,152.09,0.01,2564.41,109.91,1978.38,78.35
2026-02-01,S04,Seafood,Online Direct,Lower Mainland,22,152.09,0.00,3751.20,109.58,2410.76,221.52
2026-02-01,S04,Seafood,Online Direct,Vancouver Island,8,152.09,0.01,1347.65,109.69,877.52,97.74
2026-02-01,S04,Seafood,Online Direct,BC Interior,8,152.09,0.01,1357.25,109.91,879.28,106.13
2026-02-01,H01,Charcuterie,Restaurants,Lower Mainland,150,201.39,0.00,30117.93,115.56,17334.00,256.18
2026-02-01,H01,Charcuterie,Restaurants,Vancouver Island,56,201.39,0.00,11255.19,115.45,6465.20,198.43
2026-02-01,H01,Charcuterie,Restaurants,BC Interior,56,201.39,0.00,11232.77,115.45,6465.20,242.02
2026-02-01,H01,Charcuterie,Grocery Retail,Lower Mainland,121,201.39,0.01,21228.73,115.56,13982.76,204.01
2026-02-01,H01,Charcuterie,Grocery Retail,Vancouver Island,43,201.39,0.00,7635.84,115.91,4984.13,150.06
2026-02-01,H01,Charcuterie,Grocery Retail,BC Interior,43,201.39,0.00,7612.98,115.91,4984.13,190.62
2026-02-01,H01,Charcuterie,Hotels & Institutions,Lower Mainland,59,201.39,0.01,11197.50,115.68,6825.12,101.46
2026-02-01,H01,Charcuterie,Hotels & Institutions,Vancouver Island,23,201.39,0.01,4338.87,115.56,2657.88,80.84
2026-02-01,H01,Charcuterie,Hotels & Institutions,BC Interior,21,201.39,0.01,3981.63,115.91,2434.11,95.62
2026-02-01,H01,Charcuterie,Online Direct,Lower Mainland,27,201.39,0.01,6017.12,115.68,3123.36,280.66
2026-02-01,H01,Charcuterie,Online Direct,Vancouver Island,10,201.39,0.00,2253.30,115.45,1154.50,122.05
2026-02-01,H01,Charcuterie,Online Direct,BC Interior,9,201.39,0.01,2011.72,116.03,1044.27,115.78
2026-02-01,H02,Charcuterie,Restaurants,Lower Mainland,132,167.11,0.00,21948.36,95.07,12549.24,217.89
2026-02-01,H02,Charcuterie,Restaurants,Vancouver Island,47,167.11,0.00,7814.95,94.88,4459.36,167.21
2026-02-01,H02,Charcuterie,Restaurants,BC Interior,48,167.11,0.00,7981.21,95.35,4576.80,213.43
2026-02-01,H02,Charcuterie,Grocery Retail,Lower Mainland,105,167.11,0.01,15286.69,95.26,10002.30,171.56
2026-02-01,H02,Charcuterie,Grocery Retail,Vancouver Island,39,167.11,0.01,5706.50,95.45,3722.55,141.54
2026-02-01,H02,Charcuterie,Grocery Retail,BC Interior,38,167.11,0.02,5465.54,95.35,3623.30,168.80
2026-02-01,H02,Charcuterie,Hotels & Institutions,Lower Mainland,54,167.11,0.01,8495.76,95.35,5148.90,90.59
2026-02-01,H02,Charcuterie,Hotels & Institutions,Vancouver Island,20,167.11,0.01,3159.20,95.26,1905.20,69.80
2026-02-01,H02,Charcuterie,Hotels & Institutions,BC Interior,20,167.11,0.01,3124.44,95.07,1901.40,91.33
2026-02-01,H02,Charcuterie,Online Direct,Lower Mainland,24,167.11,0.01,4433.68,95.07,2281.68,240.43
2026-02-01,H02,Charcuterie,Online Direct,Vancouver Island,9,167.11,0.01,1677.71,95.07,855.63,107.02
2026-02-01,H02,Charcuterie,Online Direct,BC Interior,9,167.11,0.01,1667.53,94.97,854.73,114.73
2026-02-01,H03,Charcuterie,Restaurants,Lower Mainland,68,218.52,0.00,14755.52,127.31,8657.08,113.28
2026-02-01,H03,Charcuterie,Restaurants,Vancouver Island,25,218.52,0.01,5446.56,127.56,3189.00,90.46
2026-02-01,H03,Charcuterie,Restaurants,BC Interior,25,218.52,0.00,5441.16,127.95,3198.75,109.82
2026-02-01,H03,Charcuterie,Grocery Retail,Lower Mainland,58,218.52,0.03,10907.05,127.95,7421.10,100.32
2026-02-01,H03,Charcuterie,Grocery Retail,Vancouver Island,21,218.52,0.01,4013.99,127.31,2673.51,74.71
2026-02-01,H03,Charcuterie,Grocery Retail,BC Interior,20,218.52,0.00,3857.47,127.31,2546.20,89.11
2026-02-01,H03,Charcuterie,Hotels & Institutions,Lower Mainland,29,218.52,0.01,5941.88,127.82,3706.78,47.72
2026-02-01,H03,Charcuterie,Hotels & Institutions,Vancouver Island,10,218.52,0.00,2073.85,127.31,1273.10,35.15
2026-02-01,H03,Charcuterie,Hotels & Institutions,BC Interior,10,218.52,0.00,2067.64,127.56,1275.60,43.93
2026-02-01,H03,Charcuterie,Online Direct,Lower Mainland,13,218.52,0.01,3156.22,127.82,1661.66,133.41
2026-02-01,H03,Charcuterie,Online Direct,Vancouver Island,4,218.52,0.00,980.92,127.31,509.24,48.24
2026-02-01,H03,Charcuterie,Online Direct,BC Interior,4,218.52,0.01,972.07,128.07,512.28,51.36
2026-02-01,H04,Charcuterie,Restaurants,Lower Mainland,122,102.84,0.01,12395.36,57.94,7068.68,199.75
2026-02-01,H04,Charcuterie,Restaurants,Vancouver Island,43,102.84,0.00,4386.81,58.17,2501.31,153.44
2026-02-01,H04,Charcuterie,Restaurants,BC Interior,41,102.84,0.01,4157.46,57.99,2377.59,177.19
2026-02-01,H04,Charcuterie,Grocery Retail,Lower Mainland,95,102.84,0.01,8468.77,57.88,5498.60,158.57
2026-02-01,H04,Charcuterie,Grocery Retail,Vancouver Island,34,102.84,0.03,2978.85,58.05,1973.70,118.90
2026-02-01,H04,Charcuterie,Grocery Retail,BC Interior,36,102.84,0.01,3212.47,58.23,2096.28,163.92
2026-02-01,H04,Charcuterie,Hotels & Institutions,Lower Mainland,48,102.84,0.00,4666.08,58.11,2789.28,83.11
2026-02-01,H04,Charcuterie,Hotels & Institutions,Vancouver Island,18,102.84,0.00,1756.81,58.23,1048.14,64.10
2026-02-01,H04,Charcuterie,Hotels & Institutions,BC Interior,17,102.84,0.01,1642.55,57.88,983.96,77.79
2026-02-01,H04,Charcuterie,Online Direct,Lower Mainland,22,102.84,0.01,2493.47,57.88,1273.36,230.25
2026-02-01,H04,Charcuterie,Online Direct,Vancouver Island,8,102.84,0.01,912.24,57.94,463.52,96.09
2026-02-01,H04,Charcuterie,Online Direct,BC Interior,8,102.84,0.00,919.60,57.99,463.92,101.16
2026-02-01,D01,Cheese & Dairy,Restaurants,Lower Mainland,199,152.11,0.00,30239.62,93.68,18642.32,327.15
2026-02-01,D01,Cheese & Dairy,Restaurants,Vancouver Island,69,152.11,0.00,10464.10,93.40,6444.60,245.73
2026-02-01,D01,Cheese & Dairy,Restaurants,BC Interior,68,152.11,0.01,10291.70,93.40,6351.20,293.88
2026-02-01,D01,Cheese & Dairy,Grocery Retail,Lower Mainland,157,152.11,0.04,20361.09,93.12,14619.84,258.63
2026-02-01,D01,Cheese & Dairy,Grocery Retail,Vancouver Island,56,152.11,0.01,7450.88,93.40,5230.40,205.44
2026-02-01,D01,Cheese & Dairy,Grocery Retail,BC Interior,58,152.11,0.02,7624.20,93.68,5433.44,256.09
2026-02-01,D01,Cheese & Dairy,Hotels & Institutions,Lower Mainland,82,152.11,0.01,11660.35,93.12,7635.84,136.18
2026-02-01,D01,Cheese & Dairy,Hotels & Institutions,Vancouver Island,30,152.11,0.01,4261.66,93.31,2799.30,109.73
2026-02-01,D01,Cheese & Dairy,Hotels & Institutions,BC Interior,28,152.11,0.00,4042.06,93.59,2620.52,126.00
2026-02-01,D01,Cheese & Dairy,Online Direct,Lower Mainland,36,152.11,0.01,6071.40,93.31,3359.16,363.58
2026-02-01,D01,Cheese & Dairy,Online Direct,Vancouver Island,12,152.11,0.01,2023.89,93.59,1123.08,146.31
2026-02-01,D01,Cheese & Dairy,Online Direct,BC Interior,12,152.11,0.01,2021.75,93.21,1118.52,158.42
2026-02-01,D02,Cheese & Dairy,Restaurants,Lower Mainland,168,126.40,0.01,20959.78,77.07,12947.76,289.74
2026-02-01,D02,Cheese & Dairy,Restaurants,Vancouver Island,57,126.40,0.01,7104.17,76.91,4383.87,197.70
2026-02-01,D02,Cheese & Dairy,Restaurants,BC Interior,58,126.40,0.01,7236.16,77.07,4470.06,265.39
2026-02-01,D02,Cheese & Dairy,Grocery Retail,Lower Mainland,134,126.40,0.04,14324.36,77.14,10336.76,226.83
2026-02-01,D02,Cheese & Dairy,Grocery Retail,Vancouver Island,49,126.40,0.04,5275.17,76.91,3768.59,174.50
2026-02-01,D02,Cheese & Dairy,Grocery Retail,BC Interior,49,126.40,0.03,5244.00,76.91,3768.59,221.59
2026-02-01,D02,Cheese & Dairy,Hotels & Institutions,Lower Mainland,70,126.40,0.00,8422.39,76.99,5389.30,118.02
2026-02-01,D02,Cheese & Dairy,Hotels & Institutions,Vancouver Island,24,126.40,0.01,2861.78,76.84,1844.16,85.99
2026-02-01,D02,Cheese & Dairy,Hotels & Institutions,BC Interior,25,126.40,0.00,3001.97,77.07,1926.75,111.05
2026-02-01,D02,Cheese & Dairy,Online Direct,Lower Mainland,29,126.40,0.01,4064.42,76.84,2228.36,295.84
2026-02-01,D02,Cheese & Dairy,Online Direct,Vancouver Island,11,126.40,0.01,1535.45,76.84,845.24,130.53
2026-02-01,D02,Cheese & Dairy,Online Direct,BC Interior,10,126.40,0.01,1391.67,77.14,771.40,131.89
2026-02-01,D03,Cheese & Dairy,Restaurants,Lower Mainland,86,252.80,0.01,21631.79,158.21,13606.06,145.86
2026-02-01,D03,Cheese & Dairy,Restaurants,Vancouver Island,31,252.80,0.01,7750.12,157.73,4889.63,109.96
2026-02-01,D03,Cheese & Dairy,Restaurants,BC Interior,30,252.80,0.01,7492.65,157.42,4722.60,135.40
2026-02-01,D03,Cheese & Dairy,Grocery Retail,Lower Mainland,70,252.80,0.03,15183.17,157.58,11030.60,118.26
2026-02-01,D03,Cheese & Dairy,Grocery Retail,Vancouver Island,26,252.80,0.00,5755.17,157.89,4105.14,90.37
2026-02-01,D03,Cheese & Dairy,Grocery Retail,BC Interior,25,252.80,0.02,5455.93,158.21,3955.25,113.61
2026-02-01,D03,Cheese & Dairy,Hotels & Institutions,Lower Mainland,37,252.80,0.00,8832.68,157.73,5836.01,63.44
2026-02-01,D03,Cheese & Dairy,Hotels & Institutions,Vancouver Island,13,252.80,0.01,3081.56,157.42,2046.46,47.64
2026-02-01,D03,Cheese & Dairy,Hotels & Institutions,BC Interior,13,252.80,0.00,3112.72,158.05,2054.65,59.08
2026-02-01,D03,Cheese & Dairy,Online Direct,Lower Mainland,16,252.80,0.01,4489.47,157.42,2518.72,165.99
2026-02-01,D03,Cheese & Dairy,Online Direct,Vancouver Island,6,252.80,0.00,1702.21,157.58,945.48,74.32
2026-02-01,D03,Cheese & Dairy,Online Direct,BC Interior,6,252.80,0.00,1690.33,157.42,944.52,77.81
2026-02-01,D04,Cheese & Dairy,Restaurants,Lower Mainland,238,92.12,0.01,21727.24,55.77,13273.26,410.87
2026-02-01,D04,Cheese & Dairy,Restaurants,Vancouver Island,90,92.12,0.01,8199.75,55.49,4994.10,312.48
2026-02-01,D04,Cheese & Dairy,Restaurants,BC Interior,82,92.12,0.01,7433.09,55.60,4559.20,363.51
2026-02-01,D04,Cheese & Dairy,Grocery Retail,Lower Mainland,194,92.12,0.01,15460.03,55.49,10765.06,317.30
2026-02-01,D04,Cheese & Dairy,Grocery Retail,Vancouver Island,72,92.12,0.03,5650.60,55.54,3998.88,252.30
2026-02-01,D04,Cheese & Dairy,Grocery Retail,BC Interior,71,92.12,0.04,5514.38,55.60,3947.60,321.39
2026-02-01,D04,Cheese & Dairy,Hotels & Institutions,Lower Mainland,96,92.12,0.00,8426.55,55.65,5342.40,156.53
2026-02-01,D04,Cheese & Dairy,Hotels & Institutions,Vancouver Island,36,92.12,0.01,3115.85,55.82,2009.52,126.28
2026-02-01,D04,Cheese & Dairy,Hotels & Institutions,BC Interior,35,92.12,0.01,3014.13,55.65,1947.75,158.74
2026-02-01,D04,Cheese & Dairy,Online Direct,Lower Mainland,44,92.12,0.01,4485.25,55.77,2453.88,448.41
2026-02-01,D04,Cheese & Dairy,Online Direct,Vancouver Island,16,92.12,0.00,1650.79,55.65,890.40,190.26
2026-02-01,D04,Cheese & Dairy,Online Direct,BC Interior,15,92.12,0.01,1530.53,55.60,834.00,190.64
2026-03-01,B01,Beef,Restaurants,Lower Mainland,244,289.84,0.01,70085.74,216.53,52833.32,414.26
2026-03-01,B01,Beef,Restaurants,Vancouver Island,91,289.84,0.01,26269.62,216.74,19723.34,327.98
2026-03-01,B01,Beef,Restaurants,BC Interior,94,289.84,0.01,26756.08,216.53,20353.82,410.01
2026-03-01,B01,Beef,Grocery Retail,Lower Mainland,202,289.84,0.01,50799.88,216.53,43739.06,331.07
2026-03-01,B01,Beef,Grocery Retail,Vancouver Island,71,289.84,0.04,17472.56,216.09,15342.39,247.27
2026-03-01,B01,Beef,Grocery Retail,BC Interior,74,289.84,0.03,18309.68,216.96,16055.04,334.31
2026-03-01,B01,Beef,Hotels & Institutions,Lower Mainland,100,289.84,0.00,27397.24,217.18,21718.00,163.89
2026-03-01,B01,Beef,Hotels & Institutions,Vancouver Island,38,289.84,0.01,10348.42,216.53,8228.14,136.42
2026-03-01,B01,Beef,Hotels & Institutions,BC Interior,37,289.84,0.01,10167.35,216.74,8019.38,159.90
2026-03-01,B01,Beef,Online Direct,Lower Mainland,46,289.84,0.01,14723.50,216.74,9970.04,473.94
2026-03-01,B01,Beef,Online Direct,Vancouver Island,17,289.84,0.01,5452.44,216.74,3684.58,199.68
2026-03-01,B01,Beef,Online Direct,BC Interior,16,289.84,0.01,5121.34,216.74,3467.84,207.08
2026-03-01,B02,Beef,Restaurants,Lower Mainland,694,127.62,0.01,87505.46,94.60,65652.40,1177.09
2026-03-01,B02,Beef,Restaurants,Vancouver Island,248,127.62,0.01,31269.55,94.88,23530.24,861.06
2026-03-01,B02,Beef,Restaurants,BC Interior,252,127.62,0.01,31615.19,94.79,23887.08,1096.93
2026-03-01,B02,Beef,Grocery Retail,Lower Mainland,525,127.62,0.02,57957.05,94.69,49712.25,858.68
2026-03-01,B02,Beef,Grocery Retail,Vancouver Island,195,127.62,0.01,21657.78,94.69,18464.55,700.03
2026-03-01,B02,Beef,Grocery Retail,BC Interior,191,127.62,0.03,20955.34,94.69,18085.79,852.68
2026-03-01,B02,Beef,Hotels & Institutions,Lower Mainland,268,127.62,0.01,32102.80,94.50,25326.00,458.16
2026-03-01,B02,Beef,Hotels & Institutions,Vancouver Island,97,127.62,0.01,11619.19,94.41,9157.77,338.52
2026-03-01,B02,Beef,Hotels & Institutions,BC Interior,100,127.62,0.01,12002.95,94.79,9479.00,457.12
2026-03-01,B02,Beef,Online Direct,Lower Mainland,118,127.62,0.00,16815.69,94.88,11195.84,1218.17
2026-03-01,B02,Beef,Online Direct,Vancouver Island,44,127.62,0.01,6263.93,94.98,4179.12,539.67
2026-03-01,B02,Beef,Online Direct,BC Interior,43,127.62,0.01,6103.05,94.98,4084.14,542.04
2026-03-01,B03,Beef,Restaurants,Lower Mainland,281,211.97,0.00,59563.57,159.11,44709.91,464.79
2026-03-01,B03,Beef,Restaurants,Vancouver Island,107,211.97,0.01,22544.71,158.95,17007.65,384.50
2026-03-01,B03,Beef,Restaurants,BC Interior,102,211.97,0.01,21533.76,159.11,16229.22,451.72
2026-03-01,B03,Beef,Grocery Retail,Lower Mainland,239,211.97,0.01,44136.65,159.74,38177.86,397.33
2026-03-01,B03,Beef,Grocery Retail,Vancouver Island,87,211.97,0.00,16228.16,159.42,13869.54,317.29
2026-03-01,B03,Beef,Grocery Retail,BC Interior,85,211.97,0.02,15569.33,159.58,13564.30,379.08
2026-03-01,B03,Beef,Hotels & Institutions,Lower Mainland,119,211.97,0.00,24011.06,159.42,18970.98,202.43
2026-03-01,B03,Beef,Hotels & Institutions,Vancouver Island,44,211.97,0.00,8798.43,159.58,7021.52,155.60
2026-03-01,B03,Beef,Hotels & Institutions,BC Interior,44,211.97,0.00,8886.89,159.74,7028.56,193.29
2026-03-01,B03,Beef,Online Direct,Lower Mainland,53,211.97,0.01,12381.41,159.74,8466.22,533.66
2026-03-01,B03,Beef,Online Direct,Vancouver Island,20,211.97,0.01,4714.85,159.58,3191.60,244.10
2026-03-01,B03,Beef,Online Direct,BC Interior,20,211.97,0.00,4724.42,158.95,3179.00,252.11
2026-03-01,B04,Beef,Restaurants,Lower Mainland,144,369.87,0.01,52516.90,279.21,40206.24,244.24
2026-03-01,B04,Beef,Restaurants,Vancouver Island,50,369.87,0.01,18327.32,280.89,14044.50,178.42
2026-03-01,B04,Beef,Restaurants,BC Interior,50,369.87,0.01,18400.77,279.77,13988.50,219.65
2026-03-01,B04,Beef,Grocery Retail,Lower Mainland,108,369.87,0.01,34625.16,279.21,30154.68,184.09
2026-03-01,B04,Beef,Grocery Retail,Vancouver Island,42,369.87,0.01,13533.81,280.89,11797.38,148.68
2026-03-01,B04,Beef,Grocery Retail,BC Interior,40,369.87,0.02,12732.70,280.33,11213.20,183.03
2026-03-01,B04,Beef,Hotels & Institutions,Lower Mainland,56,369.87,0.01,19479.21,279.49,15651.44,92.63
2026-03-01,B04,Beef,Hotels & Institutions,Vancouver Island,21,369.87,0.01,7297.65,280.33,5886.93,73.51
2026-03-01,B04,Beef,Hotels & Institutions,BC Interior,20,369.87,0.01,6957.42,279.77,5595.40,88.84
2026-03-01,B04,Beef,Online Direct,Lower Mainland,26,369.87,0.01,10673.77,280.89,7303.14,265.76
2026-03-01,B04,Beef,Online Direct,Vancouver Island,9,369.87,0.01,3705.89,279.49,2515.41,111.04
2026-03-01,B04,Beef,Online Direct,BC Interior,9,369.87,0.00,3713.38,280.89,2528.01,116.83
2026-03-01,P01,Pork,Restaurants,Lower Mainland,368,141.40,0.01,51358.74,98.03,36075.04,626.02
2026-03-01,P01,Pork,Restaurants,Vancouver Island,141,141.40,0.01,19678.21,98.03,13822.23,510.21
2026-03-01,P01,Pork,Restaurants,BC Interior,137,141.40,0.01,19197.84,97.93,13416.41,600.01
2026-03-01,P01,Pork,Grocery Retail,Lower Mainland,319,141.40,0.02,38979.32,98.03,31271.57,524.97
2026-03-01,P01,Pork,Grocery Retail,Vancouver Island,109,141.40,0.02,13359.42,97.73,10652.57,392.08
2026-03-01,P01,Pork,Grocery Retail,BC Interior,116,141.40,0.04,13885.05,97.73,11336.68,509.59
2026-03-01,P01,Pork,Hotels & Institutions,Lower Mainland,153,141.40,0.01,20510.89,97.93,14983.29,263.10
2026-03-01,P01,Pork,Hotels & Institutions,Vancouver Island,59,141.40,0.00,7870.09,98.03,5783.77,207.17
2026-03-01,P01,Pork,Hotels & Institutions,BC Interior,57,141.40,0.01,7641.31,97.83,5576.31,260.56
2026-03-01,P01,Pork,Online Direct,Lower Mainland,71,141.40,0.01,11053.45,97.83,6945.93,714.90
2026-03-01,P01,Pork,Online Direct,Vancouver Island,24,141.40,0.01,3751.37,97.83,2347.92,298.13
2026-03-01,P01,Pork,Online Direct,BC Interior,25,141.40,0.01,3919.56,97.73,2443.25,331.01
2026-03-01,P02,Pork,Restaurants,Lower Mainland,284,111.40,0.01,31163.86,76.21,21643.64,464.50
2026-03-01,P02,Pork,Restaurants,Vancouver Island,95,111.40,0.01,10519.33,75.98,7218.10,345.79
2026-03-01,P02,Pork,Restaurants,BC Interior,101,111.40,0.00,11206.44,76.21,7697.21,456.29
2026-03-01,P02,Pork,Grocery Retail,Lower Mainland,231,111.40,0.01,22509.36,76.13,17586.03,398.01
2026-03-01,P02,Pork,Grocery Retail,Vancouver Island,83,111.40,0.02,7998.19,76.28,6331.24,289.66
2026-03-01,P02,Pork,Grocery Retail,BC Interior,82,111.40,0.04,7756.02,76.05,6236.10,356.57
2026-03-01,P02,Pork,Hotels & Institutions,Lower Mainland,110,111.40,0.00,11652.94,75.90,8349.00,183.43
2026-03-01,P02,Pork,Hotels & Institutions,Vancouver Island,40,111.40,0.00,4220.50,76.28,3051.20,143.17
2026-03-01,P02,Pork,Hotels & Institutions,BC Interior,39,111.40,0.01,4094.21,76.13,2969.07,170.28
2026-03-01,P02,Pork,Online Direct,Lower Mainland,47,111.40,0.01,5823.00,75.90,3567.30,488.55
2026-03-01,P02,Pork,Online Direct,Vancouver Island,18,111.40,0.01,2205.52,76.21,1371.78,215.78
2026-03-01,P02,Pork,Online Direct,BC Interior,19,111.40,0.01,2349.26,76.05,1444.95,246.40
2026-03-01,P03,Pork,Restaurants,Lower Mainland,242,156.40,0.01,37508.84,109.42,26479.64,403.13
2026-03-01,P03,Pork,Restaurants,Vancouver Island,86,156.40,0.00,13463.77,109.31,9400.66,310.27
2026-03-01,P03,Pork,Restaurants,BC Interior,88,156.40,0.01,13666.86,108.98,9590.24,393.25
2026-03-01,P03,Pork,Grocery Retail,Lower Mainland,200,156.40,0.00,27526.15,109.09,21818.00,332.16
2026-03-01,P03,Pork,Grocery Retail,Vancouver Island,70,156.40,0.00,9624.61,109.42,7659.40,245.04
2026-03-01,P03,Pork,Grocery Retail,BC Interior,71,156.40,0.03,9517.26,109.09,7745.39,311.27
2026-03-01,P03,Pork,Hotels & Institutions,Lower Mainland,101,156.40,0.01,14826.31,109.42,11051.42,171.14
2026-03-01,P03,Pork,Hotels & Institutions,Vancouver Island,37,156.40,0.01,5453.37,108.98,4032.26,129.92
2026-03-01,P03,Pork,Hotels & Institutions,BC Interior,36,156.40,0.00,5354.22,108.87,3919.32,156.86
2026-03-01,P03,Pork,Online Direct,Lower Mainland,44,156.40,0.01,7614.80,109.53,4819.32,447.51
2026-03-01,P03,Pork,Online Direct,Vancouver Island,15,156.40,0.00,2619.64,108.87,1633.05,175.65
2026-03-01,P03,Pork,Online Direct,BC Interior,16,156.40,0.01,2769.11,109.09,1745.44,212.26
2026-03-01,P04,Pork,Restaurants,Lower Mainland,344,98.55,0.00,33799.50,67.70,23288.80,563.79
2026-03-01,P04,Pork,Restaurants,Vancouver Island,123,98.55,0.01,12061.04,67.77,8335.71,435.85
2026-03-01,P04,Pork,Restaurants,BC Interior,121,98.55,0.01,11805.30,67.90,8215.90,526.16
2026-03-01,P04,Pork,Grocery Retail,Lower Mainland,285,98.55,0.01,24469.18,67.97,19371.45,465.18
2026-03-01,P04,Pork,Grocery Retail,Vancouver Island,107,98.55,0.00,9251.59,67.63,7236.41,392.53
2026-03-01,P04,Pork,Grocery Retail,BC Interior,108,98.55,0.01,9300.22,67.77,7319.16,491.28
2026-03-01,P04,Pork,Hotels & Institutions,Lower Mainland,149,98.55,0.00,13880.06,67.97,10127.53,256.72
2026-03-01,P04,Pork,Hotels & Institutions,Vancouver Island,50,98.55,0.01,4606.45,67.97,3398.50,176.46
2026-03-01,P04,Pork,Hotels & Institutions,BC Interior,54,98.55,0.00,5020.29,67.70,3655.80,240.11
2026-03-01,P04,Pork,Online Direct,Lower Mainland,61,98.55,0.01,6612.05,67.70,4129.70,637.81
2026-03-01,P04,Pork,Online Direct,Vancouver Island,23,98.55,0.00,2531.02,68.04,1564.92,273.77
2026-03-01,P04,Pork,Online Direct,BC Interior,22,98.55,0.00,2418.56,67.83,1492.26,292.71
2026-03-01,C01,Poultry,Restaurants,Lower Mainland,668,83.55,0.01,55310.10,59.87,39993.16,1118.39
2026-03-01,C01,Poultry,Restaurants,Vancouver Island,241,83.55,0.00,20155.69,60.17,14500.97,869.47
2026-03-01,C01,Poultry,Restaurants,BC Interior,248,83.55,0.00,20699.43,60.17,14922.16,1136.97
2026-03-01,C01,Poultry,Grocery Retail,Lower Mainland,529,83.55,0.01,38582.26,60.05,31766.45,876.78
2026-03-01,C01,Poultry,Grocery Retail,Vancouver Island,195,83.55,0.04,13764.78,59.99,11698.05,694.46
2026-03-01,C01,Poultry,Grocery Retail,BC Interior,191,83.55,0.00,14029.04,60.05,11469.55,867.99
2026-03-01,C01,Poultry,Hotels & Institutions,Lower Mainland,273,83.55,0.01,21387.78,60.11,16410.03,463.49
2026-03-01,C01,Poultry,Hotels & Institutions,Vancouver Island,103,83.55,0.00,8142.67,59.93,6172.79,375.28
2026-03-01,C01,Poultry,Hotels & Institutions,BC Interior,97,83.55,0.01,7668.09,59.93,5813.21,433.47
2026-03-01,C01,Poultry,Online Direct,Lower Mainland,124,83.55,0.01,11464.18,60.05,7446.20,1253.60
2026-03-01,C01,Poultry,Online Direct,Vancouver Island,44,83.55,0.01,4072.17,59.93,2636.92,539.14
2026-03-01,C01,Poultry,Online Direct,BC Interior,42,83.55,0.01,3894.88,59.81,2512.02,546.85
2026-03-01,C02,Poultry,Restaurants,Lower Mainland,592,132.83,0.01,77223.46,94.81,56127.52,1012.05
2026-03-01,C02,Poultry,Restaurants,Vancouver Island,219,132.83,0.01,28683.47,94.53,20702.07,775.24
2026-03-01,C02,Poultry,Restaurants,BC Interior,220,132.83,0.00,29164.15,95.00,20900.00,986.06
2026-03-01,C02,Poultry,Grocery Retail,Lower Mainland,502,132.83,0.01,58443.97,94.53,47454.06,857.34
2026-03-01,C02,Poultry,Grocery Retail,Vancouver Island,175,132.83,0.00,20414.85,94.53,16542.75,643.86
2026-03-01,C02,Poultry,Grocery Retail,BC Interior,175,132.83,0.02,20044.74,94.72,16576.00,760.98
2026-03-01,C02,Poultry,Hotels & Institutions,Lower Mainland,241,132.83,0.01,29835.44,94.72,22827.52,415.64
2026-03-01,C02,Poultry,Hotels & Institutions,Vancouver Island,86,132.83,0.00,10819.68,94.43,8120.98,304.12
2026-03-01,C02,Poultry,Hotels & Institutions,BC Interior,86,132.83,0.00,10830.47,94.62,8137.32,373.20
2026-03-01,C02,Poultry,Online Direct,Lower Mainland,106,132.83,0.01,15517.71,94.53,10020.18,1072.71
2026-03-01,C02,Poultry,Online Direct,Vancouver Island,38,132.83,0.01,5608.06,94.62,3595.56,455.53
2026-03-01,C02,Poultry,Online Direct,BC Interior,37,132.83,0.01,5438.57,95.00,3515.00,485.10
2026-03-01,C03,Poultry,Restaurants,Lower Mainland,499,102.84,0.01,50496.86,72.97,36412.03,849.70
2026-03-01,C03,Poultry,Restaurants,Vancouver Island,169,102.84,0.00,17449.48,72.75,12294.75,606.09
2026-03-01,C03,Poultry,Restaurants,BC Interior,180,102.84,0.01,18307.91,72.89,13120.20,784.32
2026-03-01,C03,Poultry,Grocery Retail,Lower Mainland,381,102.84,0.03,33174.64,72.60,27660.60,644.29
2026-03-01,C03,Poultry,Grocery Retail,Vancouver Island,136,102.84,0.03,11999.87,72.82,9903.52,479.00
2026-03-01,C03,Poultry,Grocery Retail,BC Interior,141,102.84,0.03,12340.09,72.75,10257.75,637.63
2026-03-01,C03,Poultry,Hotels & Institutions,Lower Mainland,204,102.84,0.01,19730.31,72.67,14824.68,333.31
2026-03-01,C03,Poultry,Hotels & Institutions,Vancouver Island,71,102.84,0.01,6908.59,72.60,5154.60,253.11
2026-03-01,C03,Poultry,Hotels & Institutions,BC Interior,71,102.84,0.01,6839.34,72.60,5154.60,316.01
2026-03-01,C03,Poultry,Online Direct,Lower Mainland,90,102.84,0.00,10345.55,72.60,6534.00,894.30
2026-03-01,C03,Poultry,Online Direct,Vancouver Island,32,102.84,0.00,3685.75,72.60,2323.20,377.42
2026-03-01,C03,Poultry,Online Direct,BC Interior,31,102.84,0.01,3531.18,72.60,2250.60,391.58
2026-03-01,C04,Poultry,Restaurants,Lower Mainland,116,201.39,0.01,23151.18,139.89,16227.24,191.87
2026-03-01,C04,Poultry,Restaurants,Vancouver Island,40,201.39,0.00,8079.73,140.03,5601.20,140.74
2026-03-01,C04,Poultry,Restaurants,BC Interior,39,201.39,0.00,7861.97,139.47,5439.33,170.46
2026-03-01,C04,Poultry,Grocery Retail,Lower Mainland,92,201.39,0.03,15816.72,139.47,12831.24,155.27
2026-03-01,C04,Poultry,Grocery Retail,Vancouver Island,33,201.39,0.01,5766.63,140.03,4620.99,119.29
2026-03-01,C04,Poultry,Grocery Retail,BC Interior,33,201.39,0.01,5784.09,139.75,4611.75,143.65
2026-03-01,C04,Poultry,Hotels & Institutions,Lower Mainland,46,201.39,0.01,8774.18,139.61,6422.06,78.17
2026-03-01,C04,Poultry,Hotels & Institutions,Vancouver Island,16,201.39,0.01,3051.86,139.61,2233.76,58.47
2026-03-01,C04,Poultry,Hotels & Institutions,BC Interior,16,201.39,0.01,3024.26,139.34,2229.44,70.79
2026-03-01,C04,Poultry,Online Direct,Lower Mainland,21,201.39,0.01,4656.31,140.03,2940.63,218.72
2026-03-01,C04,Poultry,Online Direct,Vancouver Island,8,201.39,0.00,1806.25,139.20,1113.60,96.48
2026-03-01,C04,Poultry,Online Direct,BC Interior,8,201.39,0.01,1781.00,139.89,1119.12,104.26
2026-03-01,S01,Seafood,Restaurants,Lower Mainland,278,193.97,0.01,53600.39,140.55,39072.90,459.83
2026-03-01,S01,Seafood,Restaurants,Vancouver Island,100,193.97,0.01,19183.63,141.25,14125.00,362.20
2026-03-01,S01,Seafood,Restaurants,BC Interior,101,193.97,0.01,19336.72,140.55,14195.55,454.04
2026-03-01,S01,Seafood,Grocery Retail,Lower Mainland,220,193.97,0.00,37552.55,140.83,30982.60,362.41
2026-03-01,S01,Seafood,Grocery Retail,Vancouver Island,82,193.97,0.03,13480.42,141.25,11582.50,286.17
2026-03-01,S01,Seafood,Grocery Retail,BC Interior,81,193.97,0.00,13743.34,140.97,11418.57,368.82
2026-03-01,S01,Seafood,Hotels & Institutions,Lower Mainland,110,193.97,0.01,20066.03,140.69,15475.90,186.20
2026-03-01,S01,Seafood,Hotels & Institutions,Vancouver Island,39,193.97,0.01,7143.47,141.25,5508.75,136.24
2026-03-01,S01,Seafood,Hotels & Institutions,BC Interior,42,193.97,0.00,7731.65,141.25,5932.50,192.74
2026-03-01,S01,Seafood,Online Direct,Lower Mainland,49,193.97,0.01,10528.23,141.40,6928.60,512.84
2026-03-01,S01,Seafood,Online Direct,Vancouver Island,18,193.97,0.00,3910.44,140.69,2532.42,215.99
2026-03-01,S01,Seafood,Online Direct,BC Interior,18,193.97,0.00,3922.15,141.25,2542.50,237.39
2026-03-01,S02,Seafood,Restaurants,Lower Mainland,114,235.85,0.01,26430.63,170.10,19391.40,192.20
2026-03-01,S02,Seafood,Restaurants,Vancouver Island,44,235.85,0.01,10211.65,169.76,7469.44,157.80
2026-03-01,S02,Seafood,Restaurants,BC Interior,43,235.85,0.00,10101.01,170.27,7321.61,192.54
2026-03-01,S02,Seafood,Grocery Retail,Lower Mainland,92,235.85,0.01,18922.95,169.76,15617.92,153.88
2026-03-01,S02,Seafood,Grocery Retail,Vancouver Island,34,235.85,0.03,6803.07,169.76,5771.84,124.85
2026-03-01,S02,Seafood,Grocery Retail,BC Interior,36,235.85,0.02,7300.33,170.61,6141.96,161.36
2026-03-01,S02,Seafood,Hotels & Institutions,Lower Mainland,47,235.85,0.01,10457.05,170.27,8002.69,80.35
2026-03-01,S02,Seafood,Hotels & Institutions,Vancouver Island,18,235.85,0.00,4008.87,170.10,3061.80,65.07
2026-03-01,S02,Seafood,Hotels & Institutions,BC Interior,18,235.85,0.01,4008.68,170.61,3070.98,78.19
2026-03-01,S02,Seafood,Online Direct,Lower Mainland,22,235.85,0.00,5822.92,170.44,3749.68,230.70
2026-03-01,S02,Seafood,Online Direct,Vancouver Island,8,235.85,0.01,2098.41,170.10,1360.80,94.07
2026-03-01,S02,Seafood,Online Direct,BC Interior,8,235.85,0.00,2113.22,170.44,1363.52,102.40
2026-03-01,S03,Seafood,Restaurants,Lower Mainland,74,336.14,0.01,24550.65,241.79,17892.46,125.14
2026-03-01,S03,Seafood,Restaurants,Vancouver Island,28,336.14,0.00,9393.10,240.34,6729.52,97.02
2026-03-01,S03,Seafood,Restaurants,BC Interior,27,336.14,0.01,8957.99,240.34,6489.18,121.62
2026-03-01,S03,Seafood,Grocery Retail,Lower Mainland,62,336.14,0.01,18229.76,241.06,14945.72,104.95
2026-03-01,S03,Seafood,Grocery Retail,Vancouver Island,23,336.14,0.01,6782.87,240.34,5527.82,80.19
2026-03-01,S03,Seafood,Grocery Retail,BC Interior,22,336.14,0.00,6520.69,241.79,5319.38,98.41
2026-03-01,S03,Seafood,Hotels & Institutions,Lower Mainland,30,336.14,0.01,9522.51,240.82,7224.60,49.22
2026-03-01,S03,Seafood,Hotels & Institutions,Vancouver Island,11,336.14,0.01,3467.10,240.58,2646.38,40.27
2026-03-01,S03,Seafood,Hotels & Institutions,BC Interior,11,336.14,0.00,3523.19,241.79,2659.69,50.43
2026-03-01,S03,Seafood,Online Direct,Lower Mainland,13,336.14,0.01,4869.70,241.55,3140.15,134.21
2026-03-01,S03,Seafood,Online Direct,Vancouver Island,5,336.14,0.01,1865.42,240.82,1204.10,61.99
2026-03-01,S03,Seafood,Online Direct,BC Interior,5,336.14,0.01,1872.97,240.34,1201.70,65.94
2026-03-01,S04,Seafood,Restaurants,Lower Mainland,143,152.09,0.00,21726.99,110.02,15732.86,247.35
2026-03-01,S04,Seafood,Restaurants,Vancouver Island,50,152.09,0.01,7513.45,109.80,5490.00,175.57
2026-03-01,S04,Seafood,Restaurants,BC Interior,51,152.09,0.01,7617.32,109.69,5594.19,233.13
2026-03-01,S04,Seafood,Grocery Retail,Lower Mainland,108,152.09,0.01,14381.84,110.02,11882.16,181.73
2026-03-01,S04,Seafood,Grocery Retail,Vancouver Island,39,152.09,0.01,5152.06,109.58,4273.62,143.49
2026-03-01,S04,Seafood,Grocery Retail,BC Interior,41,152.09,0.02,5393.91,109.58,4492.78,183.77
2026-03-01,S04,Seafood,Hotels & Institutions,Lower Mainland,56,152.09,0.00,8050.78,110.02,6161.12,91.87
2026-03-01,S04,Seafood,Hotels & Institutions,Vancouver Island,20,152.09,0.01,2860.65,110.02,2200.40,73.01
2026-03-01,S04,Seafood,Hotels & Institutions,BC Interior,20,152.09,0.01,2869.40,109.69,2193.80,89.73
2026-03-01,S04,Seafood,Online Direct,Lower Mainland,24,152.09,0.00,4092.27,109.91,2637.84,239.94
2026-03-01,S04,Seafood,Online Direct,Vancouver Island,9,152.09,0.01,1507.07,109.47,985.23,110.93
2026-03-01,S04,Seafood,Online Direct,BC Interior,9,152.09,0.01,1528.43,109.91,989.19,116.95
2026-03-01,H01,Charcuterie,Restaurants,Lower Mainland,152,201.39,0.00,30550.09,116.03,17636.56,250.40
2026-03-01,H01,Charcuterie,Restaurants,Vancouver Island,58,201.39,0.01,11482.66,115.68,6709.44,201.17
2026-03-01,H01,Charcuterie,Restaurants,BC Interior,56,201.39,0.01,11209.99,115.45,6465.20,244.76
2026-03-01,H01,Charcuterie,Grocery Retail,Lower Mainland,124,201.39,0.02,21513.70,115.56,14329.44,205.52
2026-03-01,H01,Charcuterie,Grocery Retail,Vancouver Island,49,201.39,0.03,8406.81,115.68,5668.32,174.15
2026-03-01,H01,Charcuterie,Grocery Retail,BC Interior,46,201.39,0.00,8160.40,115.68,5321.28,200.64
2026-03-01,H01,Charcuterie,Hotels & Institutions,Lower Mainland,64,201.39,0.01,12085.70,115.80,7411.20,107.15
2026-03-01,H01,Charcuterie,Hotels & Institutions,Vancouver Island,24,201.39,0.01,4527.56,115.56,2773.44,83.84
2026-03-01,H01,Charcuterie,Hotels & Institutions,BC Interior,24,201.39,0.01,4522.88,115.33,2767.92,106.50
2026-03-01,H01,Charcuterie,Online Direct,Lower Mainland,30,201.39,0.00,6773.46,115.68,3470.40,304.51
2026-03-01,H01,Charcuterie,Online Direct,Vancouver Island,11,201.39,0.00,2461.32,115.56,1271.16,128.94
2026-03-01,H01,Charcuterie,Online Direct,BC Interior,10,201.39,0.01,2217.32,116.03,1160.30,131.37
2026-03-01,H02,Charcuterie,Restaurants,Lower Mainland,145,167.11,0.01,24157.82,95.07,13785.15,238.38
2026-03-01,H02,Charcuterie,Restaurants,Vancouver Island,49,167.11,0.01,8098.32,95.35,4672.15,171.70
2026-03-01,H02,Charcuterie,Restaurants,BC Interior,51,167.11,0.00,8505.50,94.97,4843.47,226.54
2026-03-01,H02,Charcuterie,Grocery Retail,Lower Mainland,109,167.11,0.01,15916.86,95.35,10393.15,180.66
2026-03-01,H02,Charcuterie,Grocery Retail,Vancouver Island,43,167.11,0.01,6241.38,95.35,4100.05,153.60
2026-03-01,H02,Charcuterie,Grocery Retail,BC Interior,43,167.11,0.04,6107.99,94.97,4083.71,191.96
2026-03-01,H02,Charcuterie,Hotels & Institutions,Lower Mainland,57,167.11,0.01,9003.44,95.35,5434.95,97.64
2026-03-01,H02,Charcuterie,Hotels & Institutions,Vancouver Island,21,167.11,0.00,3340.50,95.45,2004.45,76.81
2026-03-01,H02,Charcuterie,Hotels & Institutions,BC Interior,20,167.11,0.00,3165.56,95.35,1907.00,88.39
2026-03-01,H02,Charcuterie,Online Direct,Lower Mainland,25,167.11,0.01,4632.11,94.88,2372.00,251.72
2026-03-01,H02,Charcuterie,Online Direct,Vancouver Island,9,167.11,0.01,1662.52,95.07,855.63,105.61
2026-03-01,H02,Charcuterie,Online Direct,BC Interior,9,167.11,0.01,1674.29,95.07,855.63,116.02
2026-03-01,H03,Charcuterie,Restaurants,Lower Mainland,75,218.52,0.00,16421.78,127.95,9596.25,129.85
2026-03-01,H03,Charcuterie,Restaurants,Vancouver Island,26,218.52,0.01,5641.50,128.07,3329.82,91.29
2026-03-01,H03,Charcuterie,Restaurants,BC Interior,27,218.52,0.01,5835.14,127.95,3454.65,118.97
2026-03-01,H03,Charcuterie,Grocery Retail,Lower Mainland,61,218.52,0.00,11706.60,127.69,7789.09,105.20
2026-03-01,H03,Charcuterie,Grocery Retail,Vancouver Island,22,218.52,0.02,4145.53,127.31,2800.82,77.88
2026-03-01,H03,Charcuterie,Grocery Retail,BC Interior,22,218.52,0.02,4154.53,127.82,2812.04,98.61
2026-03-01,H03,Charcuterie,Hotels & Institutions,Lower Mainland,29,218.52,0.01,5995.95,127.82,3706.78,48.65
2026-03-01,H03,Charcuterie,Hotels & Institutions,Vancouver Island,11,218.52,0.01,2262.90,127.31,1400.41,38.74
2026-03-01,H03,Charcuterie,Hotels & Institutions,BC Interior,11,218.52,0.00,2274.41,127.31,1400.41,50.04
2026-03-01,H03,Charcuterie,Online Direct,Lower Mainland,13,218.52,0.01,3146.46,127.95,1663.35,133.15
2026-03-01,H03,Charcuterie,Online Direct,Vancouver Island,5,218.52,0.01,1216.36,128.07,640.35,60.06
2026-03-01,H03,Charcuterie,Online Direct,BC Interior,5,218.52,0.00,1216.38,128.07,640.35,66.66
2026-03-01,H04,Charcuterie,Restaurants,Lower Mainland,125,102.84,0.00,12867.83,58.11,7263.75,215.58
2026-03-01,H04,Charcuterie,Restaurants,Vancouver Island,45,102.84,0.00,4613.90,58.11,2614.95,158.81
2026-03-01,H04,Charcuterie,Restaurants,BC Interior,43,102.84,0.00,4422.12,57.99,2493.57,193.69
2026-03-01,H04,Charcuterie,Grocery Retail,Lower Mainland,105,102.84,0.00,9473.93,57.99,6088.95,179.85
2026-03-01,H04,Charcuterie,Grocery Retail,Vancouver Island,37,102.84,0.01,3305.04,58.11,2150.07,130.71
2026-03-01,H04,Charcuterie,Grocery Retail,BC Interior,38,102.84,0.04,3318.35,57.94,2201.72,165.41
2026-03-01,H04,Charcuterie,Hotels & Institutions,Lower Mainland,53,102.84,0.01,5100.46,58.23,3086.19,90.25
2026-03-01,H04,Charcuterie,Hotels & Institutions,Vancouver Island,19,102.84,0.01,1837.74,57.99,1101.81,66.65
2026-03-01,H04,Charcuterie,Hotels & Institutions,BC Interior,18,102.84,0.00,1755.03,57.99,1043.82,80.92
2026-03-01,H04,Charcuterie,Online Direct,Lower Mainland,23,102.84,0.00,2646.49,57.99,1333.77,235.57
2026-03-01,H04,Charcuterie,Online Direct,Vancouver Island,8,102.84,0.01,914.07,57.88,463.04,97.06
2026-03-01,H04,Charcuterie,Online Direct,BC Interior,8,102.84,0.01,908.58,58.23,465.84,102.09
2026-03-01,D01,Cheese & Dairy,Restaurants,Lower Mainland,209,152.11,0.01,31694.73,93.40,19520.60,342.89
2026-03-01,D01,Cheese & Dairy,Restaurants,Vancouver Island,71,152.11,0.01,10713.54,93.12,6611.52,248.80
2026-03-01,D01,Cheese & Dairy,Restaurants,BC Interior,71,152.11,0.01,10777.95,93.59,6644.89,324.87
2026-03-01,D01,Cheese & Dairy,Grocery Retail,Lower Mainland,172,152.11,0.02,22541.12,93.40,16064.80,296.64
2026-03-01,D01,Cheese & Dairy,Grocery Retail,Vancouver Island,60,152.11,0.02,7854.33,93.21,5592.60,211.32
2026-03-01,D01,Cheese & Dairy,Grocery Retail,BC Interior,58,152.11,0.03,7577.17,93.59,5428.22,263.32
2026-03-01,D01,Cheese & Dairy,Hotels & Institutions,Lower Mainland,86,152.11,0.00,12365.30,93.31,8024.66,145.72
2026-03-01,D01,Cheese & Dairy,Hotels & Institutions,Vancouver Island,30,152.11,0.01,4291.68,93.21,2796.30,107.70
2026-03-01,D01,Cheese & Dairy,Hotels & Institutions,BC Interior,29,152.11,0.00,4186.44,93.50,2711.50,128.95
2026-03-01,D01,Cheese & Dairy,Online Direct,Lower Mainland,36,152.11,0.01,6077.99,93.21,3355.56,360.65
2026-03-01,D01,Cheese & Dairy,Online Direct,Vancouver Island,13,152.11,0.01,2203.57,93.68,1217.84,160.23
2026-03-01,D01,Cheese & Dairy,Online Direct,BC Interior,13,152.11,0.01,2203.59,93.59,1216.67,171.45
2026-03-01,D02,Cheese & Dairy,Restaurants,Lower Mainland,169,126.40,0.01,21276.05,76.84,12985.96,279.54
2026-03-01,D02,Cheese & Dairy,Restaurants,Vancouver Island,64,126.40,0.01,8000.70,76.76,4912.64,232.27
2026-03-01,D02,Cheese & Dairy,Restaurants,BC Interior,64,126.40,0.01,8000.13,77.14,4936.96,284.86
2026-03-01,D02,Cheese & Dairy,Grocery Retail,Lower Mainland,147,126.40,0.03,15908.15,77.14,11339.58,248.34
2026-03-01,D02,Cheese & Dairy,Grocery Retail,Vancouver Island,53,126.40,0.04,5665.14,77.07,4084.71,184.59
2026-03-01,D02,Cheese & Dairy,Grocery Retail,BC Interior,51,126.40,0.01,5644.26,76.99,3926.49,232.00
2026-03-01,D02,Cheese & Dairy,Hotels & Institutions,Lower Mainland,68,126.40,0.00,8157.27,76.91,5229.88,111.22
2026-03-01,D02,Cheese & Dairy,Hotels & Institutions,Vancouver Island,25,126.40,0.01,2962.88,77.22,1930.50,87.60
2026-03-01,D02,Cheese & Dairy,Hotels & Institutions,BC Interior,25,126.40,0.00,2989.99,77.07,1926.75,114.17
2026-03-01,D02,Cheese & Dairy,Online Direct,Lower Mainland,32,126.40,0.01,4484.92,77.07,2466.24,317.32
2026-03-01,D02,Cheese & Dairy,Online Direct,Vancouver Island,11,126.40,0.01,1543.26,76.84,845.24,131.07
2026-03-01,D02,Cheese & Dairy,Online Direct,BC Interior,12,126.40,0.01,1688.62,76.84,922.08,157.17
2026-03-01,D03,Cheese & Dairy,Restaurants,Lower Mainland,95,252.80,0.01,23680.57,157.89,14999.55,162.89
2026-03-01,D03,Cheese & Dairy,Restaurants,Vancouver Island,32,252.80,0.00,8081.49,158.05,5057.60,114.65
2026-03-01,D03,Cheese & Dairy,Restaurants,BC Interior,33,252.80,0.01,8217.26,158.21,5220.93,144.23
2026-03-01,D03,Cheese & Dairy,Grocery Retail,Lower Mainland,72,252.80,0.03,15474.31,157.58,11345.76,123.45
2026-03-01,D03,Cheese & Dairy,Grocery Retail,Vancouver Island,28,252.80,0.02,6079.89,157.73,4416.44,101.42
2026-03-01,D03,Cheese & Dairy,Grocery Retail,BC Interior,28,252.80,0.03,6060.63,157.26,4403.28,122.63
2026-03-01,D03,Cheese & Dairy,Hotels & Institutions,Lower Mainland,38,252.80,0.01,9080.23,157.26,5975.88,63.11
2026-03-01,D03,Cheese & Dairy,Hotels & Institutions,Vancouver Island,14,252.80,0.00,3345.45,157.58,2206.12,50.66
2026-03-01,D03,Cheese & Dairy,Hotels & Institutions,BC Interior,14,252.80,0.01,3345.35,157.89,2210.46,62.00
2026-03-01,D03,Cheese & Dairy,Online Direct,Lower Mainland,17,252.80,0.01,4760.48,157.73,2681.41,168.92
2026-03-01,D03,Cheese & Dairy,Online Direct,Vancouver Island,6,252.80,0.01,1671.72,157.58,945.48,73.81
2026-03-01,D03,Cheese & Dairy,Online Direct,BC Interior,6,252.80,0.01,1690.30,157.89,947.34,76.49
2026-03-01,D04,Cheese & Dairy,Restaurants,Lower Mainland,259,92.12,0.00,23787.50,55.77,14444.43,434.06
2026-03-01,D04,Cheese & Dairy,Restaurants,Vancouver Island,93,92.12,0.01,8498.73,55.77,5186.61,324.23
2026-03-01,D04,Cheese & Dairy,Restaurants,BC Interior,93,92.12,0.01,8456.10,55.77,5186.61,418.08
2026-03-01,D04,Cheese & Dairy,Grocery Retail,Lower Mainland,198,92.12,0.03,15505.78,55.71,11030.58,331.50
2026-03-01,D04,Cheese & Dairy,Grocery Retail,Vancouver Island,77,92.12,0.01,6192.16,55.54,4276.58,275.32
2026-03-01,D04,Cheese & Dairy,Grocery Retail,BC Interior,76,92.12,0.02,6031.84,55.60,4225.60,346.40
2026-03-01,D04,Cheese & Dairy,Hotels & Institutions,Lower Mainland,103,92.12,0.00,8995.84,55.77,5744.31,172.79
2026-03-01,D04,Cheese & Dairy,Hotels & Institutions,Vancouver Island,39,92.12,0.01,3375.56,55.60,2168.40,135.83
2026-03-01,D04,Cheese & Dairy,Hotels & Institutions,BC Interior,37,92.12,0.00,3231.54,55.49,2053.13,166.17
2026-03-01,D04,Cheese & Dairy,Online Direct,Lower Mainland,46,92.12,0.00,4727.04,55.49,2552.54,475.82
2026-03-01,D04,Cheese & Dairy,Online Direct,Vancouver Island,16,92.12,0.00,1647.48,55.82,893.12,192.77
2026-03-01,D04,Cheese & Dairy,Online Direct,BC Interior,17,92.12,0.01,1743.39,55.77,948.09,224.21
2026-04-01,B01,Beef,Restaurants,Lower Mainland,263,289.84,0.01,75539.12,216.74,57002.62,450.05
2026-04-01,B01,Beef,Restaurants,Vancouver Island,94,289.84,0.00,27136.06,216.09,20312.46,334.09
2026-04-01,B01,Beef,Restaurants,BC Interior,95,289.84,0.01,27396.74,216.09,20528.55,423.68
2026-04-01,B01,Beef,Grocery Retail,Lower Mainland,230,289.84,0.02,57487.76,216.96,49900.80,385.07
2026-04-01,B01,Beef,Grocery Retail,Vancouver Island,77,289.84,0.00,19678.78,215.88,16622.76,269.82
2026-04-01,B01,Beef,Grocery Retail,BC Interior,79,289.84,0.03,19645.41,215.88,17054.52,352.33
2026-04-01,B01,Beef,Hotels & Institutions,Lower Mainland,106,289.84,0.01,28924.21,216.74,22974.44,176.76
2026-04-01,B01,Beef,Hotels & Institutions,Vancouver Island,40,289.84,0.01,10903.52,217.18,8687.20,140.88
2026-04-01,B01,Beef,Hotels & Institutions,BC Interior,38,289.84,0.01,10421.25,217.18,8252.84,173.20
2026-04-01,B01,Beef,Online Direct,Lower Mainland,50,289.84,0.01,16036.27,216.31,10815.50,519.74
2026-04-01,B01,Beef,Online Direct,Vancouver Island,17,289.84,0.01,5507.43,216.09,3673.53,208.51
2026-04-01,B01,Beef,Online Direct,BC Interior,17,289.84,0.01,5468.99,215.88,3669.96,219.36
2026-04-01,B02,Beef,Restaurants,Lower Mainland,702,127.62,0.01,89230.44,94.41,66275.82,1177.67
2026-04-01,B02,Beef,Restaurants,Vancouver Island,263,127.62,0.00,33597.62,94.69,24903.47,930.99
2026-04-01,B02,Beef,Restaurants,BC Interior,257,127.62,0.01,32503.15,94.60,24312.20,1177.09
2026-04-01,B02,Beef,Grocery Retail,Lower Mainland,606,127.62,0.01,67307.75,94.41,57212.46,994.21
2026-04-01,B02,Beef,Grocery Retail,Vancouver Island,216,127.62,0.02,23581.11,94.88,20494.08,771.56
2026-04-01,B02,Beef,Grocery Retail,BC Interior,219,127.62,0.01,24324.38,94.69,20737.11,959.14
2026-04-01,B02,Beef,Hotels & Institutions,Lower Mainland,286,127.62,0.01,34327.61,94.69,27081.34,488.93
2026-04-01,B02,Beef,Hotels & Institutions,Vancouver Island,105,127.62,0.01,12577.47,94.41,9913.05,370.94
2026-04-01,B02,Beef,Hotels & Institutions,BC Interior,104,127.62,0.01,12407.61,94.41,9818.64,472.16
2026-04-01,B02,Beef,Online Direct,Lower Mainland,126,127.62,0.01,17864.79,94.50,11907.00,1246.88
2026-04-01,B02,Beef,Online Direct,Vancouver Island,47,127.62,0.01,6684.29,94.50,4441.50,552.07
2026-04-01,B02,Beef,Online Direct,BC Interior,46,127.62,0.00,6542.15,94.98,4369.08,591.77
2026-04-01,B03,Beef,Restaurants,Lower Mainland,316,211.97,0.01,65913.41,159.11,50278.76,539.15
2026-04-01,B03,Beef,Restaurants,Vancouver Island,111,211.97,0.01,23222.09,158.95,17643.45,403.24
2026-04-01,B03,Beef,Restaurants,BC Interior,116,211.97,0.01,24391.32,159.42,18492.72,521.99
2026-04-01,B03,Beef,Grocery Retail,Lower Mainland,257,211.97,0.04,45929.53,158.95,40850.15,426.82
2026-04-01,B03,Beef,Grocery Retail,Vancouver Island,98,211.97,0.02,17915.62,158.95,15577.10,358.81
2026-04-01,B03,Beef,Grocery Retail,BC Interior,90,211.97,0.04,16102.20,159.11,14319.90,404.19
2026-04-01,B03,Beef,Hotels & Institutions,Lower Mainland,130,211.97,0.00,26073.69,159.11,20684.30,215.25
2026-04-01,B03,Beef,Hotels & Institutions,Vancouver Island,47,211.97,0.00,9445.46,159.42,7492.74,163.69
2026-04-01,B03,Beef,Hotels & Institutions,BC Interior,45,211.97,0.01,8916.98,159.42,7173.90,198.89
2026-04-01,B03,Beef,Online Direct,Lower Mainland,60,211.97,0.01,14017.16,158.95,9537.00,609.64
2026-04-01,B03,Beef,Online Direct,Vancouver Island,20,211.97,0.01,4700.59,159.58,3191.60,236.13
2026-04-01,B03,Beef,Online Direct,BC Interior,20,211.97,0.00,4733.88,159.11,3182.20,265.33
2026-04-01,B04,Beef,Restaurants,Lower Mainland,145,369.87,0.00,53363.21,280.33,40647.85,239.11
2026-04-01,B04,Beef,Restaurants,Vancouver Island,57,369.87,0.01,20935.01,280.33,15978.81,201.37
2026-04-01,B04,Beef,Restaurants,BC Interior,56,369.87,0.01,20629.62,280.05,15682.80,253.74
2026-04-01,B04,Beef,Grocery Retail,Lower Mainland,127,369.87,0.03,39935.07,280.89,35673.03,212.41
2026-04-01,B04,Beef,Grocery Retail,Vancouver Island,43,369.87,0.02,13673.64,280.05,12042.15,154.06
2026-04-01,B04,Beef,Grocery Retail,BC Interior,43,369.87,0.01,13841.09,279.21,12006.03,187.56
2026-04-01,B04,Beef,Hotels & Institutions,Lower Mainland,60,369.87,0.01,20829.60,280.05,16803.00,102.27
2026-04-01,B04,Beef,Hotels & Institutions,Vancouver Island,22,369.87,0.00,7722.54,280.33,6167.26,77.56
2026-04-01,B04,Beef,Hotels & Institutions,BC Interior,22,369.87,0.01,7614.53,280.89,6179.58,100.86
2026-04-01,B04,Beef,Online Direct,Lower Mainland,28,369.87,0.01,11494.94,280.33,7849.24,292.19
2026-04-01,B04,Beef,Online Direct,Vancouver Island,10,369.87,0.00,4117.72,279.49,2794.90,122.53
2026-04-01,B04,Beef,Online Direct,BC Interior,10,369.87,0.01,4105.17,280.89,2808.90,126.96
2026-04-01,P01,Pork,Restaurants,Lower Mainland,401,141.40,0.01,56077.00,97.83,39229.83,662.61
2026-04-01,P01,Pork,Restaurants,Vancouver Island,149,141.40,0.01,20899.63,97.73,14561.77,523.19
2026-04-01,P01,Pork,Restaurants,BC Interior,140,141.40,0.01,19756.11,98.22,13750.80,608.78
2026-04-01,P01,Pork,Grocery Retail,Lower Mainland,324,141.40,0.01,39632.29,97.83,31696.92,555.52
2026-04-01,P01,Pork,Grocery Retail,Vancouver Island,124,141.40,0.04,14814.10,97.73,12118.52,438.06
2026-04-01,P01,Pork,Grocery Retail,BC Interior,120,141.40,0.01,14782.84,97.83,11739.60,523.95
2026-04-01,P01,Pork,Hotels & Institutions,Lower Mainland,160,141.40,0.00,21449.81,97.93,15668.80,272.45
2026-04-01,P01,Pork,Hotels & Institutions,Vancouver Island,63,141.40,0.01,8403.18,97.83,6163.29,228.64
2026-04-01,P01,Pork,Hotels & Institutions,BC Interior,58,141.40,0.01,7775.37,98.22,5696.76,255.31
2026-04-01,P01,Pork,Online Direct,Lower Mainland,76,141.40,0.00,11987.82,98.32,7472.32,790.78
2026-04-01,P01,Pork,Online Direct,Vancouver Island,26,141.40,0.01,4076.43,97.93,2546.18,306.34
2026-04-01,P01,Pork,Online Direct,BC Interior,26,141.40,0.01,4100.97,97.73,2540.98,343.58
2026-04-01,P02,Pork,Restaurants,Lower Mainland,279,111.40,0.00,30956.37,76.28,21282.12,460.08
2026-04-01,P02,Pork,Restaurants,Vancouver Island,100,111.40,0.00,11106.58,76.05,7605.00,346.49
2026-04-01,P02,Pork,Restaurants,BC Interior,109,111.40,0.01,12045.46,75.90,8273.10,491.46
2026-04-01,P02,Pork,Grocery Retail,Lower Mainland,236,111.40,0.03,22374.76,76.21,17985.56,405.04
2026-04-01,P02,Pork,Grocery Retail,Vancouver Island,88,111.40,0.01,8514.98,76.36,6719.68,322.51
2026-04-01,P02,Pork,Grocery Retail,BC Interior,85,111.40,0.01,8266.12,76.36,6490.60,377.57
2026-04-01,P02,Pork,Hotels & Institutions,Lower Mainland,121,111.40,0.01,12588.40,76.36,9239.56,200.96
2026-04-01,P02,Pork,Hotels & Institutions,Vancouver Island,43,111.40,0.01,4486.91,76.13,3273.59,150.83
2026-04-01,P02,Pork,Hotels & Institutions,BC Interior,41,111.40,0.01,4317.18,76.21,3124.61,183.40
2026-04-01,P02,Pork,Online Direct,Lower Mainland,51,111.40,0.00,6331.39,75.98,3874.98,528.06
2026-04-01,P02,Pork,Online Direct,Vancouver Island,19,111.40,0.01,2339.77,76.21,1447.99,232.12
2026-04-01,P02,Pork,Online Direct,BC Interior,18,111.40,0.01,2209.92,75.90,1366.20,237.63
2026-04-01,P03,Pork,Restaurants,Lower Mainland,263,156.40,0.01,40968.46,109.53,28806.39,452.26
2026-04-01,P03,Pork,Restaurants,Vancouver Island,91,156.40,0.01,14047.18,108.98,9917.18,327.66
2026-04-01,P03,Pork,Restaurants,BC Interior,95,156.40,0.00,14768.97,108.87,10342.65,425.80
2026-04-01,P03,Pork,Grocery Retail,Lower Mainland,200,156.40,0.03,26620.51,109.31,21862.00,345.94
2026-04-01,P03,Pork,Grocery Retail,Vancouver Island,79,156.40,0.01,10764.37,108.87,8600.73,282.47
2026-04-01,P03,Pork,Grocery Retail,BC Interior,76,156.40,0.04,10042.79,109.09,8290.84,335.22
2026-04-01,P03,Pork,Hotels & Institutions,Lower Mainland,101,156.40,0.01,14871.64,108.98,11006.98,174.53
2026-04-01,P03,Pork,Hotels & Institutions,Vancouver Island,38,156.40,0.01,5628.94,109.31,4153.78,133.29
2026-04-01,P03,Pork,Hotels & Institutions,BC Interior,37,156.40,0.01,5420.50,109.42,4048.54,163.20
2026-04-01,P03,Pork,Online Direct,Lower Mainland,46,156.40,0.01,7937.22,109.09,5018.14,480.03
2026-04-01,P03,Pork,Online Direct,Vancouver Island,17,156.40,0.01,2953.89,109.20,1856.40,207.89
2026-04-01,P03,Pork,Online Direct,BC Interior,16,156.40,0.01,2774.66,108.98,1743.68,206.46
2026-04-01,P04,Pork,Restaurants,Lower Mainland,368,98.55,0.00,36193.87,67.90,24987.20,617.97
2026-04-01,P04,Pork,Restaurants,Vancouver Island,139,98.55,0.01,13588.96,67.70,9410.30,493.53
2026-04-01,P04,Pork,Restaurants,BC Interior,138,98.55,0.00,13545.50,67.97,9379.86,625.91
2026-04-01,P04,Pork,Grocery Retail,Lower Mainland,293,98.55,0.00,25460.95,67.70,19836.10,495.97
2026-04-01,P04,Pork,Grocery Retail,Vancouver Island,106,98.55,0.02,9036.30,67.63,7168.78,380.91
2026-04-01,P04,Pork,Grocery Retail,BC Interior,106,98.55,0.01,9101.04,67.97,7204.82,460.93
2026-04-01,P04,Pork,Hotels & Institutions,Lower Mainland,147,98.55,0.01,13542.84,67.70,9951.90,253.53
2026-04-01,P04,Pork,Hotels & Institutions,Vancouver Island,56,98.55,0.01,5184.87,67.97,3806.32,197.63
2026-04-01,P04,Pork,Hotels & Institutions,BC Interior,52,98.55,0.01,4834.15,67.90,3530.80,229.83
2026-04-01,P04,Pork,Online Direct,Lower Mainland,68,98.55,0.01,7407.89,67.63,4598.84,711.00
2026-04-01,P04,Pork,Online Direct,Vancouver Island,24,98.55,0.01,2619.85,67.90,1629.60,294.65
2026-04-01,P04,Pork,Online Direct,BC Interior,25,98.55,0.01,2740.03,67.77,1694.25,318.38
2026-04-01,C01,Poultry,Restaurants,Lower Mainland,689,83.55,0.00,57450.36,59.87,41250.43,1146.60
2026-04-01,C01,Poultry,Restaurants,Vancouver Island,252,83.55,0.01,20843.55,59.81,15072.12,888.45
2026-04-01,C01,Poultry,Restaurants,BC Interior,249,83.55,0.01,20699.64,60.17,14982.33,1127.13
2026-04-01,C01,Poultry,Grocery Retail,Lower Mainland,527,83.55,0.03,37580.90,60.05,31646.35,897.38
2026-04-01,C01,Poultry,Grocery Retail,Vancouver Island,189,83.55,0.02,13590.62,60.11,11360.79,692.67
2026-04-01,C01,Poultry,Grocery Retail,BC Interior,200,83.55,0.04,14174.88,59.81,11962.00,872.36
2026-04-01,C01,Poultry,Hotels & Institutions,Lower Mainland,268,83.55,0.01,21228.78,60.11,16109.48,442.84
2026-04-01,C01,Poultry,Hotels & Institutions,Vancouver Island,103,83.55,0.01,8118.22,60.05,6185.15,361.67
2026-04-01,C01,Poultry,Hotels & Institutions,BC Interior,95,83.55,0.01,7427.55,59.99,5699.05,426.22
2026-04-01,C01,Poultry,Online Direct,Lower Mainland,124,83.55,0.00,11522.34,60.05,7446.20,1295.26
2026-04-01,C01,Poultry,Online Direct,Vancouver Island,45,83.55,0.00,4206.68,60.05,2702.25,527.49
2026-04-01,C01,Poultry,Online Direct,BC Interior,42,83.55,0.00,3914.49,60.17,2527.14,545.21
2026-04-01,C02,Poultry,Restaurants,Lower Mainland,603,132.83,0.01,78579.46,94.43,56941.29,1037.95
2026-04-01,C02,Poultry,Restaurants,Vancouver Island,221,132.83,0.01,28915.51,94.81,20953.01,800.47
2026-04-01,C02,Poultry,Restaurants,BC Interior,217,132.83,0.00,28795.29,94.81,20573.77,961.98
2026-04-01,C02,Poultry,Grocery Retail,Lower Mainland,476,132.83,0.02,54577.55,94.81,45129.56,797.74
2026-04-01,C02,Poultry,Grocery Retail,Vancouver Island,169,132.83,0.04,18945.33,94.62,15990.78,594.02
2026-04-01,C02,Poultry,Grocery Retail,BC Interior,181,132.83,0.04,20372.70,94.72,17144.32,824.16
2026-04-01,C02,Poultry,Hotels & Institutions,Lower Mainland,237,132.83,0.01,29667.63,94.53,22403.61,386.83
2026-04-01,C02,Poultry,Hotels & Institutions,Vancouver Island,83,132.83,0.01,10379.38,94.81,7869.23,303.30
2026-04-01,C02,Poultry,Hotels & Institutions,BC Interior,84,132.83,0.01,10504.20,94.43,7932.12,375.75
2026-04-01,C02,Poultry,Online Direct,Lower Mainland,108,132.83,0.01,15794.65,94.81,10239.48,1119.34
2026-04-01,C02,Poultry,Online Direct,Vancouver Island,37,132.83,0.01,5432.98,94.72,3504.64,448.45
2026-04-01,C02,Poultry,Online Direct,BC Interior,40,132.83,0.00,5926.98,94.72,3788.80,510.96
2026-04-01,C03,Poultry,Restaurants,Lower Mainland,493,102.84,0.01,50445.40,73.04,36008.72,805.51
2026-04-01,C03,Poultry,Restaurants,Vancouver Island,167,102.84,0.01,17019.95,72.97,12185.99,589.97
2026-04-01,C03,Poultry,Restaurants,BC Interior,171,102.84,0.01,17461.77,72.67,12426.57,739.77
2026-04-01,C03,Poultry,Grocery Retail,Lower Mainland,377,102.84,0.00,33913.76,72.97,27509.69,617.88
2026-04-01,C03,Poultry,Grocery Retail,Vancouver Island,143,102.84,0.00,12889.67,72.60,10381.80,511.31
2026-04-01,C03,Poultry,Grocery Retail,BC Interior,147,102.84,0.03,12956.75,72.89,10714.83,644.46
2026-04-01,C03,Poultry,Hotels & Institutions,Lower Mainland,203,102.84,0.01,19773.00,72.60,14737.80,351.47
2026-04-01,C03,Poultry,Hotels & Institutions,Vancouver Island,70,102.84,0.00,6866.22,72.75,5092.50,254.79
2026-04-01,C03,Poultry,Hotels & Institutions,BC Interior,71,102.84,0.01,6853.40,72.82,5170.22,315.70
2026-04-01,C03,Poultry,Online Direct,Lower Mainland,90,102.84,0.01,10252.49,72.60,6534.00,888.80
2026-04-01,C03,Poultry,Online Direct,Vancouver Island,32,102.84,0.01,3641.45,73.04,2337.28,394.03
2026-04-01,C03,Poultry,Online Direct,BC Interior,31,102.84,0.00,3570.57,73.04,2264.24,395.59
2026-04-01,C04,Poultry,Restaurants,Lower Mainland,107,201.39,0.00,21419.61,139.89,14968.23,179.68
2026-04-01,C04,Poultry,Restaurants,Vancouver Island,42,201.39,0.00,8449.92,139.75,5869.50,152.13
2026-04-01,C04,Poultry,Restaurants,BC Interior,40,201.39,0.01,8015.21,139.47,5578.80,178.93
2026-04-01,C04,Poultry,Grocery Retail,Lower Mainland,91,201.39,0.01,15965.41,140.03,12742.73,148.68
2026-04-01,C04,Poultry,Grocery Retail,Vancouver Island,32,201.39,0.01,5614.11,139.89,4476.48,117.39
2026-04-01,C04,Poultry,Grocery Retail,BC Interior,33,201.39,0.01,5836.53,139.75,4611.75,148.35
2026-04-01,C04,Poultry,Hotels & Institutions,Lower Mainland,46,201.39,0.01,8765.43,139.20,6403.20,79.64
2026-04-01,C04,Poultry,Hotels & Institutions,Vancouver Island,17,201.39,0.01,3213.48,139.75,2375.75,60.72
2026-04-01,C04,Poultry,Hotels & Institutions,BC Interior,16,201.39,0.01,3030.35,140.03,2240.48,70.93
2026-04-01,C04,Poultry,Online Direct,Lower Mainland,20,201.39,0.00,4493.10,139.61,2792.20,198.94
2026-04-01,C04,Poultry,Online Direct,Vancouver Island,8,201.39,0.01,1799.02,139.34,1114.72,93.78
2026-04-01,C04,Poultry,Online Direct,BC Interior,7,201.39,0.01,1556.77,139.89,979.23,92.05
2026-04-01,S01,Seafood,Restaurants,Lower Mainland,303,193.97,0.01,57891.32,140.55,42586.65,524.61
2026-04-01,S01,Seafood,Restaurants,Vancouver Island,114,193.97,0.00,22090.42,140.83,16054.62,407.62
2026-04-01,S01,Seafood,Restaurants,BC Interior,115,193.97,0.00,22284.11,141.11,16227.65,505.71
2026-04-01,S01,Seafood,Grocery Retail,Lower Mainland,249,193.97,0.03,40893.38,140.55,34996.95,417.72
2026-04-01,S01,Seafood,Grocery Retail,Vancouver Island,93,193.97,0.00,15795.20,140.55,13071.15,341.17
2026-04-01,S01,Seafood,Grocery Retail,BC Interior,93,193.97,0.04,15317.09,141.40,13150.20,425.12
2026-04-01,S01,Seafood,Hotels & Institutions,Lower Mainland,121,193.97,0.01,21896.76,140.97,17057.37,198.11
2026-04-01,S01,Seafood,Hotels & Institutions,Vancouver Island,45,193.97,0.01,8267.11,140.55,6324.75,159.13
2026-04-01,S01,Seafood,Hotels & Institutions,BC Interior,46,193.97,0.01,8332.74,141.11,6491.06,202.28
2026-04-01,S01,Seafood,Online Direct,Lower Mainland,53,193.97,0.01,11444.51,140.83,7463.99,538.51
2026-04-01,S01,Seafood,Online Direct,Vancouver Island,20,193.97,0.01,4305.82,140.55,2811.00,239.27
2026-04-01,S01,Seafood,Online Direct,BC Interior,19,193.97,0.01,4111.04,140.97,2678.43,244.43
2026-04-01,S02,Seafood,Restaurants,Lower Mainland,130,235.85,0.01,30322.44,170.44,22157.20,213.28
2026-04-01,S02,Seafood,Restaurants,Vancouver Island,49,235.85,0.01,11360.67,170.10,8334.90,171.18
2026-04-01,S02,Seafood,Restaurants,BC Interior,45,235.85,0.01,10496.76,170.79,7685.55,200.29
2026-04-01,S02,Seafood,Grocery Retail,Lower Mainland,102,235.85,0.02,20914.50,169.93,17332.86,174.72
2026-04-01,S02,Seafood,Grocery Retail,Vancouver Island,37,235.85,0.01,7602.61,169.93,6287.41,132.96
2026-04-01,S02,Seafood,Grocery Retail,BC Interior,38,235.85,0.02,7721.20,170.61,6483.18,171.84
2026-04-01,S02,Seafood,Hotels & Institutions,Lower Mainland,52,235.85,0.01,11569.34,170.27,8854.04,85.05
2026-04-01,S02,Seafood,Hotels & Institutions,Vancouver Island,20,235.85,0.01,4449.78,169.76,3395.20,71.87
2026-04-01,S02,Seafood,Hotels & Institutions,BC Interior,19,235.85,0.01,4201.84,170.27,3235.13,82.79
2026-04-01,S02,Seafood,Online Direct,Lower Mainland,23,235.85,0.00,6075.40,170.44,3920.12,228.54
2026-04-01,S02,Seafood,Online Direct,Vancouver Island,9,235.85,0.00,2374.96,169.76,1527.84,111.26
2026-04-01,S02,Seafood,Online Direct,BC Interior,8,235.85,0.01,2085.82,169.93,1359.44,100.64
2026-04-01,S03,Seafood,Restaurants,Lower Mainland,85,336.14,0.01,28229.04,240.58,20449.30,145.88
2026-04-01,S03,Seafood,Restaurants,Vancouver Island,30,336.14,0.00,10084.20,241.55,7246.50,104.59
2026-04-01,S03,Seafood,Restaurants,BC Interior,31,336.14,0.01,10284.73,240.82,7465.42,140.33
2026-04-01,S03,Seafood,Grocery Retail,Lower Mainland,67,336.14,0.03,19261.35,240.34,16102.78,113.07
2026-04-01,S03,Seafood,Grocery Retail,Vancouver Island,24,336.14,0.01,7021.31,240.58,5773.92,84.01
2026-04-01,S03,Seafood,Grocery Retail,BC Interior,24,336.14,0.01,7014.28,241.06,5785.44,108.32
2026-04-01,S03,Seafood,Hotels & Institutions,Lower Mainland,33,336.14,0.00,10506.40,241.79,7979.07,55.92
2026-04-01,S03,Seafood,Hotels & Institutions,Vancouver Island,12,336.14,0.01,3789.88,240.58,2886.96,41.62
2026-04-01,S03,Seafood,Hotels & Institutions,BC Interior,12,336.14,0.01,3782.07,240.82,2889.84,54.96
2026-04-01,S03,Seafood,Online Direct,Lower Mainland,14,336.14,0.01,5186.60,240.82,3371.48,142.82
2026-04-01,S03,Seafood,Online Direct,Vancouver Island,6,336.14,0.01,2243.03,240.34,1442.04,73.37
2026-04-01,S03,Seafood,Online Direct,BC Interior,6,336.14,0.01,2245.32,241.30,1447.80,76.88
2026-04-01,S04,Seafood,Restaurants,Lower Mainland,151,152.09,0.01,22690.46,110.02,16613.02,255.35
2026-04-01,S04,Seafood,Restaurants,Vancouver Island,54,152.09,0.01,8155.30,110.13,5947.02,198.68
2026-04-01,S04,Seafood,Restaurants,BC Interior,57,152.09,0.01,8591.28,109.58,6246.06,261.57
2026-04-01,S04,Seafood,Grocery Retail,Lower Mainland,130,152.09,0.02,17120.71,109.91,14288.30,223.33
2026-04-01,S04,Seafood,Grocery Retail,Vancouver Island,46,152.09,0.01,6107.35,109.58,5040.68,165.79
2026-04-01,S04,Seafood,Grocery Retail,BC Interior,46,152.09,0.04,5928.57,109.80,5050.80,202.08
2026-04-01,S04,Seafood,Hotels & Institutions,Lower Mainland,64,152.09,0.01,9144.80,109.47,7006.08,108.44
2026-04-01,S04,Seafood,Hotels & Institutions,Vancouver Island,22,152.09,0.01,3137.31,110.02,2420.44,78.03
2026-04-01,S04,Seafood,Hotels & Institutions,BC Interior,23,152.09,0.01,3286.47,110.02,2530.46,100.01
2026-04-01,S04,Seafood,Online Direct,Lower Mainland,27,152.09,0.01,4548.33,109.91,2967.57,267.19
2026-04-01,S04,Seafood,Online Direct,Vancouver Island,10,152.09,0.01,1691.47,109.80,1098.00,120.00
2026-04-01,S04,Seafood,Online Direct,BC Interior,10,152.09,0.00,1689.81,109.58,1095.80,129.42
2026-04-01,H01,Charcuterie,Restaurants,Lower Mainland,165,201.39,0.01,32896.26,115.91,19125.15,269.32
2026-04-01,H01,Charcuterie,Restaurants,Vancouver Island,60,201.39,0.00,12083.35,115.68,6940.80,208.96
2026-04-01,H01,Charcuterie,Restaurants,BC Interior,62,201.39,0.01,12299.21,115.45,7157.90,269.33
2026-04-01,H01,Charcuterie,Grocery Retail,Lower Mainland,133,201.39,0.04,22629.65,115.80,15401.40,222.23
2026-04-01,H01,Charcuterie,Grocery Retail,Vancouver Island,49,201.39,0.03,8441.24,115.33,5651.17,180.28
2026-04-01,H01,Charcuterie,Grocery Retail,BC Interior,48,201.39,0.01,8447.22,115.33,5535.84,211.29
2026-04-01,H01,Charcuterie,Hotels & Institutions,Lower Mainland,71,201.39,0.01,13556.26,115.56,8204.76,120.78
2026-04-01,H01,Charcuterie,Hotels & Institutions,Vancouver Island,25,201.39,0.01,4735.00,115.68,2892.00,91.09
2026-04-01,H01,Charcuterie,Hotels & Institutions,BC Interior,24,201.39,0.00,4582.51,115.80,2779.20,106.39
2026-04-01,H01,Charcuterie,Online Direct,Lower Mainland,31,201.39,0.01,6936.37,115.68,3586.08,320.03
2026-04-01,H01,Charcuterie,Online Direct,Vancouver Island,11,201.39,0.01,2476.10,115.33,1268.63,136.64
2026-04-01,H01,Charcuterie,Online Direct,BC Interior,11,201.39,0.01,2461.23,115.56,1271.16,140.09
2026-04-01,H02,Charcuterie,Restaurants,Lower Mainland,146,167.11,0.01,24081.18,95.26,13907.96,243.46
2026-04-01,H02,Charcuterie,Restaurants,Vancouver Island,53,167.11,0.01,8847.80,95.35,5053.55,187.42
2026-04-01,H02,Charcuterie,Restaurants,BC Interior,52,167.11,0.00,8715.75,95.45,4963.40,224.73
2026-04-01,H02,Charcuterie,Grocery Retail,Lower Mainland,115,167.11,0.04,16236.36,94.88,10911.20,198.34
2026-04-01,H02,Charcuterie,Grocery Retail,Vancouver Island,44,167.11,0.03,6250.72,95.45,4199.80,155.28
2026-04-01,H02,Charcuterie,Grocery Retail,BC Interior,42,167.11,0.04,5911.76,95.07,3992.94,181.51
2026-04-01,H02,Charcuterie,Hotels & Institutions,Lower Mainland,63,167.11,0.01,9921.67,95.45,6013.35,106.11
2026-04-01,H02,Charcuterie,Hotels & Institutions,Vancouver Island,22,167.11,0.01,3440.36,95.07,2091.54,77.01
2026-04-01,H02,Charcuterie,Hotels & Institutions,BC Interior,21,167.11,0.01,3323.81,94.97,1994.37,93.28
2026-04-01,H02,Charcuterie,Online Direct,Lower Mainland,27,167.11,0.01,5017.94,94.97,2564.19,271.31
2026-04-01,H02,Charcuterie,Online Direct,Vancouver Island,10,167.11,0.01,1849.23,95.35,953.50,118.55
2026-04-01,H02,Charcuterie,Online Direct,BC Interior,10,167.11,0.01,1852.93,95.35,953.50,130.85
2026-04-01,H03,Charcuterie,Restaurants,Lower Mainland,76,218.52,0.01,16391.82,127.69,9704.44,126.99
2026-04-01,H03,Charcuterie,Restaurants,Vancouver Island,28,218.52,0.00,6118.56,127.43,3568.04,100.92
2026-04-01,H03,Charcuterie,Restaurants,BC Interior,28,218.52,0.00,6124.61,128.07,3585.96,125.25
2026-04-01,H03,Charcuterie,Grocery Retail,Lower Mainland,64,218.52,0.01,12158.81,128.07,8196.48,110.06
2026-04-01,H03,Charcuterie,Grocery Retail,Vancouver Island,22,218.52,0.01,4226.23,127.43,2803.46,78.43
2026-04-01,H03,Charcuterie,Grocery Retail,BC Interior,24,218.52,0.03,4486.16,127.31,3055.44,104.79
2026-04-01,H03,Charcuterie,Hotels & Institutions,Lower Mainland,30,218.52,0.00,6202.93,127.31,3819.30,50.33
2026-04-01,H03,Charcuterie,Hotels & Institutions,Vancouver Island,12,218.52,0.01,2463.75,127.69,1532.28,42.69
2026-04-01,H03,Charcuterie,Hotels & Institutions,BC Interior,11,218.52,0.01,2260.72,127.69,1404.59,49.11
2026-04-01,H03,Charcuterie,Online Direct,Lower Mainland,14,218.52,0.00,3402.45,127.56,1785.84,143.67
2026-04-01,H03,Charcuterie,Online Direct,Vancouver Island,5,218.52,0.00,1216.38,127.69,638.45,58.79
2026-04-01,H03,Charcuterie,Online Direct,BC Interior,5,218.52,0.01,1202.95,127.95,639.75,66.27
2026-04-01,H04,Charcuterie,Restaurants,Lower Mainland,127,102.84,0.00,13021.52,58.23,7395.21,217.97
2026-04-01,H04,Charcuterie,Restaurants,Vancouver Island,48,102.84,0.01,4847.69,57.94,2781.12,175.40
2026-04-01,H04,Charcuterie,Restaurants,BC Interior,50,102.84,0.00,5126.58,58.05,2902.50,223.21
2026-04-01,H04,Charcuterie,Grocery Retail,Lower Mainland,113,102.84,0.02,10020.90,57.99,6552.87,185.20
2026-04-01,H04,Charcuterie,Grocery Retail,Vancouver Island,39,102.84,0.04,3381.77,57.94,2259.66,135.97
2026-04-01,H04,Charcuterie,Grocery Retail,BC Interior,40,102.84,0.02,3518.96,58.17,2326.80,175.36
2026-04-01,H04,Charcuterie,Hotels & Institutions,Lower Mainland,55,102.84,0.01,5276.97,58.23,3202.65,92.92
2026-04-01,H04,Charcuterie,Hotels & Institutions,Vancouver Island,20,102.84,0.01,1934.44,58.05,1161.00,73.08
2026-04-01,H04,Charcuterie,Hotels & Institutions,BC Interior,19,102.84,0.00,1858.10,58.11,1104.09,84.65
2026-04-01,H04,Charcuterie,Online Direct,Lower Mainland,23,102.84,0.01,2633.26,57.99,1333.77,234.16
2026-04-01,H04,Charcuterie,Online Direct,Vancouver Island,8,102.84,0.01,919.58,58.23,465.84,97.83
2026-04-01,H04,Charcuterie,Online Direct,BC Interior,9,102.84,0.01,1034.54,58.17,523.53,119.86
2026-04-01,D01,Cheese & Dairy,Restaurants,Lower Mainland,202,152.11,0.00,30695.43,93.50,18887.00,348.72
2026-04-01,D01,Cheese & Dairy,Restaurants,Vancouver Island,76,152.11,0.01,11341.41,93.50,7106.00,266.86
2026-04-01,D01,Cheese & Dairy,Restaurants,BC Interior,72,152.11,0.01,10853.24,93.12,6704.64,326.88
2026-04-01,D01,Cheese & Dairy,Grocery Retail,Lower Mainland,159,152.11,0.04,20496.52,93.59,14880.81,274.49
2026-04-01,D01,Cheese & Dairy,Grocery Retail,Vancouver Island,62,152.11,0.02,8117.01,93.59,5802.58,226.56
2026-04-01,D01,Cheese & Dairy,Grocery Retail,BC Interior,61,152.11,0.02,8042.66,93.40,5697.40,279.93
2026-04-01,D01,Cheese & Dairy,Hotels & Institutions,Lower Mainland,85,152.11,0.00,12258.33,93.31,7931.35,146.60
2026-04-01,D01,Cheese & Dairy,Hotels & Institutions,Vancouver Island,30,152.11,0.00,4304.84,93.50,2805.00,109.41
2026-04-01,D01,Cheese & Dairy,Hotels & Institutions,BC Interior,29,152.11,0.01,4148.62,93.59,2714.11,130.89
2026-04-01,D01,Cheese & Dairy,Online Direct,Lower Mainland,35,152.11,0.00,5926.98,93.31,3265.85,357.40
2026-04-01,D01,Cheese & Dairy,Online Direct,Vancouver Island,13,152.11,0.01,2208.04,93.31,1213.03,156.62
2026-04-01,D01,Cheese & Dairy,Online Direct,BC Interior,14,152.11,0.00,2375.54,93.50,1309.00,177.02
2026-04-01,D02,Cheese & Dairy,Restaurants,Lower Mainland,179,126.40,0.01,22398.46,76.99,13781.21,306.01
2026-04-01,D02,Cheese & Dairy,Restaurants,Vancouver Island,61,126.40,0.01,7625.39,77.07,4701.27,214.19
2026-04-01,D02,Cheese & Dairy,Restaurants,BC Interior,60,126.40,0.01,7515.74,77.22,4633.20,264.65
2026-04-01,D02,Cheese & Dairy,Grocery Retail,Lower Mainland,147,126.40,0.02,16072.51,77.14,11339.58,243.89
2026-04-01,D02,Cheese & Dairy,Grocery Retail,Vancouver Island,51,126.40,0.01,5616.15,76.76,3914.76,177.44
2026-04-01,D02,Cheese & Dairy,Grocery Retail,BC Interior,52,126.40,0.03,5587.41,77.14,4011.28,230.52
2026-04-01,D02,Cheese & Dairy,Hotels & Institutions,Lower Mainland,72,126.40,0.01,8490.53,76.99,5543.28,123.81
2026-04-01,D02,Cheese & Dairy,Hotels & Institutions,Vancouver Island,25,126.40,0.00,2989.99,77.14,1928.50,88.05
2026-04-01,D02,Cheese & Dairy,Hotels & Institutions,BC Interior,27,126.40,0.01,3187.14,76.84,2074.68,117.53
2026-04-01,D02,Cheese & Dairy,Online Direct,Lower Mainland,33,126.40,0.01,4601.87,77.22,2548.26,332.28
2026-04-01,D02,Cheese & Dairy,Online Direct,Vancouver Island,11,126.40,0.00,1560.35,77.22,849.42,132.93
2026-04-01,D02,Cheese & Dairy,Online Direct,BC Interior,12,126.40,0.01,1676.79,76.91,922.92,157.64
2026-04-01,D03,Cheese & Dairy,Restaurants,Lower Mainland,91,252.80,0.01,22865.85,157.73,14353.43,157.10
2026-04-01,D03,Cheese & Dairy,Restaurants,Vancouver Island,32,252.80,0.01,8057.20,157.42,5037.44,116.71
2026-04-01,D03,Cheese & Dairy,Restaurants,BC Interior,34,252.80,0.01,8509.15,157.89,5368.26,149.82
2026-04-01,D03,Cheese & Dairy,Grocery Retail,Lower Mainland,77,252.80,0.01,16975.18,158.21,12182.17,128.01
2026-04-01,D03,Cheese & Dairy,Grocery Retail,Vancouver Island,27,252.80,0.03,5855.67,157.89,4263.03,95.96
2026-04-01,D03,Cheese & Dairy,Grocery Retail,BC Interior,28,252.80,0.03,6030.04,157.73,4416.44,123.38
2026-04-01,D03,Cheese & Dairy,Hotels & Institutions,Lower Mainland,38,252.80,0.00,9089.58,157.42,5981.96,64.07
2026-04-01,D03,Cheese & Dairy,Hotels & Institutions,Vancouver Island,13,252.80,0.01,3087.66,157.58,2048.54,47.74
2026-04-01,D03,Cheese & Dairy,Hotels & Institutions,BC Interior,14,252.80,0.01,3328.70,157.26,2201.64,63.50
2026-04-01,D03,Cheese & Dairy,Online Direct,Lower Mainland,16,252.80,0.01,4489.49,158.21,2531.36,160.61
2026-04-01,D03,Cheese & Dairy,Online Direct,Vancouver Island,6,252.80,0.01,1688.58,158.05,948.30,74.32
2026-04-01,D03,Cheese & Dairy,Online Direct,BC Interior,6,252.80,0.00,1703.91,157.89,947.34,77.58
2026-04-01,D04,Cheese & Dairy,Restaurants,Lower Mainland,242,92.12,0.01,21937.42,55.49,13428.58,414.93
2026-04-01,D04,Cheese & Dairy,Restaurants,Vancouver Island,94,92.12,0.01,8615.86,55.77,5242.38,333.09
2026-04-01,D04,Cheese & Dairy,Restaurants,BC Interior,92,92.12,0.01,8356.39,55.82,5135.44,418.50
2026-04-01,D04,Cheese & Dairy,Grocery Retail,Lower Mainland,212,92.12,0.03,16601.59,55.65,11797.80,348.17
2026-04-01,D04,Cheese & Dairy,Grocery Retail,Vancouver Island,74,92.12,0.00,5968.88,55.71,4122.54,258.25
2026-04-01,D04,Cheese & Dairy,Grocery Retail,BC Interior,76,92.12,0.02,6056.01,55.82,4242.32,339.96
2026-04-01,D04,Cheese & Dairy,Hotels & Institutions,Lower Mainland,105,92.12,0.01,9106.40,55.49,5826.45,179.85
2026-04-01,D04,Cheese & Dairy,Hotels & Institutions,Vancouver Island,39,92.12,0.01,3389.15,55.65,2170.35,136.94
2026-04-01,D04,Cheese & Dairy,Hotels & Institutions,BC Interior,38,92.12,0.00,3308.92,55.54,2110.52,169.98
2026-04-01,D04,Cheese & Dairy,Online Direct,Lower Mainland,44,92.12,0.01,4485.20,55.54,2443.76,444.38
2026-04-01,D04,Cheese & Dairy,Online Direct,Vancouver Island,17,92.12,0.01,1732.84,55.54,944.18,206.05
2026-04-01,D04,Cheese & Dairy,Online Direct,BC Interior,17,92.12,0.01,1736.33,55.49,943.33,226.85
2026-05-01,B01,Beef,Restaurants,Lower Mainland,286,289.84,0.01,82065.30,225.37,64455.82,481.72
2026-05-01,B01,Beef,Restaurants,Vancouver Island,110,289.84,0.00,31754.97,224.02,24642.20,389.00
2026-05-01,B01,Beef,Restaurants,BC Interior,106,289.84,0.00,30661.50,224.92,23841.52,481.24
2026-05-01,B01,Beef,Grocery Retail,Lower Mainland,237,289.84,0.03,58578.62,224.70,53253.90,397.19
2026-05-01,B01,Beef,Grocery Retail,Vancouver Island,84,289.84,0.01,21295.84,225.37,18931.08,293.75
2026-05-01,B01,Beef,Grocery Retail,BC Interior,85,289.84,0.03,21053.00,224.02,19041.70,390.07
2026-05-01,B01,Beef,Hotels & Institutions,Lower Mainland,119,289.84,0.00,32765.89,224.02,26658.38,203.83
2026-05-01,B01,Beef,Hotels & Institutions,Vancouver Island,44,289.84,0.00,12030.65,224.25,9867.00,155.13
2026-05-01,B01,Beef,Hotels & Institutions,BC Interior,43,289.84,0.00,11839.92,225.15,9681.45,190.62
2026-05-01,B01,Beef,Online Direct,Lower Mainland,56,289.84,0.01,18105.67,225.37,12620.72,582.68
2026-05-01,B01,Beef,Online Direct,Vancouver Island,19,289.84,0.00,6161.59,224.70,4269.30,223.86
2026-05-01,B01,Beef,Online Direct,BC Interior,20,289.84,0.00,6459.99,224.70,4494.00,262.48
2026-05-01,B02,Beef,Restaurants,Lower Mainland,769,127.62,0.01,96378.76,98.56,75792.64,1271.98
2026-05-01,B02,Beef,Restaurants,Vancouver Island,278,127.62,0.01,35053.33,98.07,27263.46,1008.92
2026-05-01,B02,Beef,Restaurants,BC Interior,283,127.62,0.01,35540.33,98.56,27892.48,1293.65
2026-05-01,B02,Beef,Grocery Retail,Lower Mainland,669,127.62,0.00,75132.15,98.56,65936.64,1138.06
2026-05-01,B02,Beef,Grocery Retail,Vancouver Island,244,127.62,0.00,27320.36,97.97,23904.68,889.01
2026-05-01,B02,Beef,Grocery Retail,BC Interior,229,127.62,0.02,25025.96,98.46,22547.34,1001.91
2026-05-01,B02,Beef,Hotels & Institutions,Lower Mainland,312,127.62,0.01,37410.48,97.97,30566.64,515.54
2026-05-01,B02,Beef,Hotels & Institutions,Vancouver Island,120,127.62,0.01,14461.29,98.56,11827.20,434.65
2026-05-01,B02,Beef,Hotels & Institutions,BC Interior,124,127.62,0.01,14867.36,98.36,12196.64,563.51
2026-05-01,B02,Beef,Online Direct,Lower Mainland,145,127.62,0.00,20704.72,98.07,14220.15,1477.72
2026-05-01,B02,Beef,Online Direct,Vancouver Island,51,127.62,0.00,7267.79,98.36,5016.36,632.30
2026-05-01,B02,Beef,Online Direct,BC Interior,52,127.62,0.01,7343.55,98.56,5125.12,691.19
2026-05-01,B03,Beef,Restaurants,Lower Mainland,336,211.97,0.01,70580.21,165.94,55755.84,568.19
2026-05-01,B03,Beef,Restaurants,Vancouver Island,122,211.97,0.01,25626.67,165.77,20223.94,440.58
2026-05-01,B03,Beef,Restaurants,BC Interior,130,211.97,0.01,27336.06,164.94,21442.20,589.62
2026-05-01,B03,Beef,Grocery Retail,Lower Mainland,296,211.97,0.01,54223.19,165.61,49020.56,486.12
2026-05-01,B03,Beef,Grocery Retail,Vancouver Island,103,211.97,0.01,18906.48,165.44,17040.32,366.08
2026-05-01,B03,Beef,Grocery Retail,BC Interior,99,211.97,0.01,18300.88,165.44,16378.56,435.79
2026-05-01,B03,Beef,Hotels & Institutions,Lower Mainland,144,211.97,0.01,28708.22,165.44,23823.36,248.59
2026-05-01,B03,Beef,Hotels & Institutions,Vancouver Island,53,211.97,0.00,10608.75,165.28,8759.84,193.29
2026-05-01,B03,Beef,Hotels & Institutions,BC Interior,52,211.97,0.01,10377.08,165.44,8602.88,235.39
2026-05-01,B03,Beef,Online Direct,Lower Mainland,63,211.97,0.00,14986.40,165.61,10433.43,642.68
2026-05-01,B03,Beef,Online Direct,Vancouver Island,23,211.97,0.01,5438.39,165.61,3809.03,272.10
2026-05-01,B03,Beef,Online Direct,BC Interior,23,211.97,0.01,5405.61,165.94,3816.62,292.91
2026-05-01,B04,Beef,Restaurants,Lower Mainland,168,369.87,0.01,61579.41,290.32,48773.76,289.46
2026-05-01,B04,Beef,Restaurants,Vancouver Island,59,369.87,0.00,21844.02,289.74,17094.66,210.96
2026-05-01,B04,Beef,Restaurants,BC Interior,59,369.87,0.00,21778.62,291.20,17180.80,267.07
2026-05-01,B04,Beef,Grocery Retail,Lower Mainland,140,369.87,0.03,44018.67,290.61,40685.40,241.92
2026-05-01,B04,Beef,Grocery Retail,Vancouver Island,47,369.87,0.02,14961.59,290.03,13631.41,167.38
2026-05-01,B04,Beef,Grocery Retail,BC Interior,47,369.87,0.02,14947.14,291.49,13700.03,209.40
2026-05-01,B04,Beef,Hotels & Institutions,Lower Mainland,66,369.87,0.00,23237.16,291.20,19219.20,111.05
2026-05-01,B04,Beef,Hotels & Institutions,Vancouver Island,24,369.87,0.01,8340.27,290.32,6967.68,83.84
2026-05-01,B04,Beef,Hotels & Institutions,BC Interior,25,369.87,0.01,8731.64,291.20,7280.00,113.61
2026-05-01,B04,Beef,Online Direct,Lower Mainland,31,369.87,0.01,12688.13,289.74,8981.94,315.93
2026-05-01,B04,Beef,Online Direct,Vancouver Island,11,369.87,0.01,4524.76,290.61,3196.71,135.58
2026-05-01,B04,Beef,Online Direct,BC Interior,11,369.87,0.00,4552.21,290.03,3190.33,139.66
2026-05-01,P01,Pork,Restaurants,Lower Mainland,408,141.40,0.00,57460.67,98.03,39996.24,681.03
2026-05-01,P01,Pork,Restaurants,Vancouver Island,149,141.40,0.00,21131.81,97.83,14576.67,535.96
2026-05-01,P01,Pork,Restaurants,BC Interior,160,141.40,0.00,22465.90,98.32,15731.20,715.00
2026-05-01,P01,Pork,Grocery Retail,Lower Mainland,354,141.40,0.01,44004.00,98.03,34702.62,593.27
2026-05-01,P01,Pork,Grocery Retail,Vancouver Island,131,141.40,0.01,16040.56,97.93,12828.83,456.71
2026-05-01,P01,Pork,Grocery Retail,BC Interior,121,141.40,0.02,14724.69,98.22,11884.62,554.19
2026-05-01,P01,Pork,Hotels & Institutions,Lower Mainland,167,141.40,0.00,22433.09,97.83,16337.61,282.97
2026-05-01,P01,Pork,Hotels & Institutions,Vancouver Island,64,141.40,0.01,8536.56,98.32,6292.48,222.21
2026-05-01,P01,Pork,Hotels & Institutions,BC Interior,65,141.40,0.01,8670.17,97.73,6352.45,298.29
2026-05-01,P01,Pork,Online Direct,Lower Mainland,80,141.40,0.01,12554.76,97.93,7834.40,802.26
2026-05-01,P01,Pork,Online Direct,Vancouver Island,29,141.40,0.01,4574.20,98.22,2848.38,343.79
2026-05-01,P01,Pork,Online Direct,BC Interior,27,141.40,0.01,4203.37,98.22,2651.94,354.34
2026-05-01,P02,Pork,Restaurants,Lower Mainland,311,111.40,0.01,34126.62,75.98,23629.78,531.14
2026-05-01,P02,Pork,Restaurants,Vancouver Island,108,111.40,0.00,12019.14,76.05,8213.40,382.69
2026-05-01,P02,Pork,Restaurants,BC Interior,112,111.40,0.01,12265.34,76.05,8517.60,485.03
2026-05-01,P02,Pork,Grocery Retail,Lower Mainland,248,111.40,0.02,23752.18,76.36,18937.28,423.97
2026-05-01,P02,Pork,Grocery Retail,Vancouver Island,85,111.40,0.04,7984.01,76.05,6464.25,295.12
2026-05-01,P02,Pork,Grocery Retail,BC Interior,89,111.40,0.01,8620.43,76.13,6775.57,406.04
2026-05-01,P02,Pork,Hotels & Institutions,Lower Mainland,119,111.40,0.01,12580.92,76.05,9049.95,194.03
2026-05-01,P02,Pork,Hotels & Institutions,Vancouver Island,46,111.40,0.01,4858.37,76.13,3501.98,161.68
2026-05-01,P02,Pork,Hotels & Institutions,BC Interior,44,111.40,0.00,4656.52,76.21,3353.24,193.49
2026-05-01,P02,Pork,Online Direct,Lower Mainland,56,111.40,0.01,6903.24,76.21,4267.76,584.96
2026-05-01,P02,Pork,Online Direct,Vancouver Island,19,111.40,0.01,2365.79,76.05,1444.95,234.64
2026-05-01,P02,Pork,Online Direct,BC Interior,21,111.40,0.01,2588.57,76.21,1600.41,278.86
2026-05-01,P03,Pork,Restaurants,Lower Mainland,264,156.40,0.00,41372.18,109.31,28857.84,441.55
2026-05-01,P03,Pork,Restaurants,Vancouver Island,97,156.40,0.00,15110.16,109.09,10581.73,345.10
2026-05-01,P03,Pork,Restaurants,BC Interior,93,156.40,0.01,14384.59,109.09,10145.37,412.69
2026-05-01,P03,Pork,Grocery Retail,Lower Mainland,223,156.40,0.01,30599.55,109.20,24351.60,379.73
2026-05-01,P03,Pork,Grocery Retail,Vancouver Island,83,156.40,0.02,11251.72,109.09,9054.47,296.48
2026-05-01,P03,Pork,Grocery Retail,BC Interior,82,156.40,0.01,11206.48,109.31,8963.42,374.47
2026-05-01,P03,Pork,Hotels & Institutions,Lower Mainland,106,156.40,0.01,15513.24,108.98,11551.88,176.76
2026-05-01,P03,Pork,Hotels & Institutions,Vancouver Island,40,156.40,0.00,5943.15,109.42,4376.80,145.17
2026-05-01,P03,Pork,Hotels & Institutions,BC Interior,40,156.40,0.00,5925.37,108.87,4354.80,182.14
2026-05-01,P03,Pork,Online Direct,Lower Mainland,48,156.40,0.01,8332.56,109.20,5241.60,496.02
2026-05-01,P03,Pork,Online Direct,Vancouver Island,18,156.40,0.01,3105.87,109.42,1969.56,214.69
2026-05-01,P03,Pork,Online Direct,BC Interior,17,156.40,0.01,2942.15,109.42,1860.14,217.16
2026-05-01,P04,Pork,Restaurants,Lower Mainland,377,98.55,0.01,36745.03,68.04,25651.08,631.82
2026-05-01,P04,Pork,Restaurants,Vancouver Island,135,98.55,0.00,13277.64,68.04,9185.40,475.96
2026-05-01,P04,Pork,Restaurants,BC Interior,143,98.55,0.00,14036.34,67.63,9671.09,649.86
2026-05-01,P04,Pork,Grocery Retail,Lower Mainland,327,98.55,0.01,27990.71,67.97,22226.19,548.57
2026-05-01,P04,Pork,Grocery Retail,Vancouver Island,116,98.55,0.03,9708.85,67.77,7861.32,411.04
2026-05-01,P04,Pork,Grocery Retail,BC Interior,110,98.55,0.02,9386.24,67.70,7447.00,484.70
2026-05-01,P04,Pork,Hotels & Institutions,Lower Mainland,159,98.55,0.00,14767.13,67.83,10784.97,273.15
2026-05-01,P04,Pork,Hotels & Institutions,Vancouver Island,58,98.55,0.01,5381.23,67.90,3938.20,203.86
2026-05-01,P04,Pork,Hotels & Institutions,BC Interior,56,98.55,0.01,5174.70,68.04,3810.24,247.25
2026-05-01,P04,Pork,Online Direct,Lower Mainland,73,98.55,0.01,7993.04,67.70,4942.10,752.87
2026-05-01,P04,Pork,Online Direct,Vancouver Island,25,98.55,0.01,2726.34,67.97,1699.25,293.65
2026-05-01,P04,Pork,Online Direct,BC Interior,25,98.55,0.01,2731.86,67.70,1692.50,320.65
2026-05-01,C01,Poultry,Restaurants,Lower Mainland,657,83.55,0.01,54014.90,59.81,39295.17,1114.33
2026-05-01,C01,Poultry,Restaurants,Vancouver Island,241,83.55,0.01,19913.21,60.17,14500.97,878.94
2026-05-01,C01,Poultry,Restaurants,BC Interior,236,83.55,0.00,19678.38,59.99,14157.64,1045.16
2026-05-01,C01,Poultry,Grocery Retail,Lower Mainland,545,83.55,0.02,39189.03,60.05,32727.25,890.47
2026-05-01,C01,Poultry,Grocery Retail,Vancouver Island,196,83.55,0.03,14034.77,59.81,11722.76,707.12
2026-05-01,C01,Poultry,Grocery Retail,BC Interior,211,83.55,0.03,15108.35,60.11,12683.21,928.80
2026-05-01,C01,Poultry,Hotels & Institutions,Lower Mainland,274,83.55,0.00,21813.31,59.93,16420.82,471.64
2026-05-01,C01,Poultry,Hotels & Institutions,Vancouver Island,100,83.55,0.01,7905.41,59.99,5999.00,351.13
2026-05-01,C01,Poultry,Hotels & Institutions,BC Interior,100,83.55,0.01,7865.97,59.81,5981.00,440.19
2026-05-01,C01,Poultry,Online Direct,Lower Mainland,121,83.55,0.01,11266.01,60.11,7273.31,1220.81
2026-05-01,C01,Poultry,Online Direct,Vancouver Island,45,83.55,0.00,4206.66,59.99,2699.55,556.28
2026-05-01,C01,Poultry,Online Direct,BC Interior,43,83.55,0.01,3983.37,59.99,2579.57,545.94
2026-05-01,C02,Poultry,Restaurants,Lower Mainland,614,132.83,0.01,80906.38,94.72,58158.08,1002.18
2026-05-01,C02,Poultry,Restaurants,Vancouver Island,207,132.83,0.00,27468.15,94.91,19646.37,757.90
2026-05-01,C02,Poultry,Restaurants,BC Interior,210,132.83,0.01,27782.39,94.72,19891.20,949.66
2026-05-01,C02,Poultry,Grocery Retail,Lower Mainland,488,132.83,0.04,55098.96,95.00,46360.00,837.53
2026-05-01,C02,Poultry,Grocery Retail,Vancouver Island,172,132.83,0.01,19744.38,94.91,16324.52,629.14
2026-05-01,C02,Poultry,Grocery Retail,BC Interior,178,132.83,0.03,20122.29,94.43,16808.54,785.12
2026-05-01,C02,Poultry,Hotels & Institutions,Lower Mainland,237,132.83,0.01,29548.12,94.53,22403.61,402.77
2026-05-01,C02,Poultry,Hotels & Institutions,Vancouver Island,92,132.83,0.01,11446.81,94.53,8696.76,319.43
2026-05-01,C02,Poultry,Hotels & Institutions,BC Interior,85,132.83,0.01,10618.16,94.53,8035.05,389.31
2026-05-01,C02,Poultry,Online Direct,Lower Mainland,113,132.83,0.01,16710.18,94.91,10724.83,1183.81
2026-05-01,C02,Poultry,Online Direct,Vancouver Island,40,132.83,0.01,5855.66,94.91,3796.40,481.92
2026-05-01,C02,Poultry,Online Direct,BC Interior,40,132.83,0.00,5956.73,94.62,3784.80,514.07
2026-05-01,C03,Poultry,Restaurants,Lower Mainland,490,102.84,0.01,49586.75,72.60,35574.00,830.26
2026-05-01,C03,Poultry,Restaurants,Vancouver Island,170,102.84,0.01,17168.90,72.82,12379.40,620.00
2026-05-01,C03,Poultry,Restaurants,BC Interior,174,102.84,0.01,17786.31,72.82,12670.68,774.46
2026-05-01,C03,Poultry,Grocery Retail,Lower Mainland,415,102.84,0.01,37369.16,72.75,30191.25,688.53
2026-05-01,C03,Poultry,Grocery Retail,Vancouver Island,142,102.84,0.03,12477.41,72.97,10361.74,521.43
2026-05-01,C03,Poultry,Grocery Retail,BC Interior,146,102.84,0.01,13041.59,72.89,10641.94,661.54
2026-05-01,C03,Poultry,Hotels & Institutions,Lower Mainland,202,102.84,0.01,19538.06,72.89,14723.78,346.34
2026-05-01,C03,Poultry,Hotels & Institutions,Vancouver Island,75,102.84,0.01,7275.84,72.67,5450.25,267.90
2026-05-01,C03,Poultry,Hotels & Institutions,BC Interior,70,102.84,0.00,6804.69,72.82,5097.40,313.12
2026-05-01,C03,Poultry,Online Direct,Lower Mainland,88,102.84,0.01,10034.31,72.82,6408.16,908.47
2026-05-01,C03,Poultry,Online Direct,Vancouver Island,31,102.84,0.00,3545.65,72.75,2255.25,385.09
2026-05-01,C03,Poultry,Online Direct,BC Interior,33,102.84,0.01,3778.13,72.89,2405.37,425.39
2026-05-01,C04,Poultry,Restaurants,Lower Mainland,113,201.39,0.00,22756.87,140.03,15823.39,185.58
2026-05-01,C04,Poultry,Restaurants,Vancouver Island,40,201.39,0.01,8015.13,139.61,5584.40,143.74
2026-05-01,C04,Poultry,Restaurants,BC Interior,43,201.39,0.00,8633.81,139.20,5985.60,190.24
2026-05-01,C04,Poultry,Grocery Retail,Lower Mainland,91,201.39,0.02,15803.22,139.61,12704.51,153.12
2026-05-01,C04,Poultry,Grocery Retail,Vancouver Island,34,201.39,0.01,5983.41,139.61,4746.74,119.02
2026-05-01,C04,Poultry,Grocery Retail,BC Interior,34,201.39,0.01,5917.40,139.61,4746.74,152.24
2026-05-01,C04,Poultry,Hotels & Institutions,Lower Mainland,45,201.39,0.01,8514.62,139.75,6288.75,75.49
2026-05-01,C04,Poultry,Hotels & Institutions,Vancouver Island,17,201.39,0.00,3229.72,139.20,2366.40,61.70
2026-05-01,C04,Poultry,Hotels & Institutions,BC Interior,17,201.39,0.01,3213.51,139.75,2375.75,74.45
2026-05-01,C04,Poultry,Online Direct,Lower Mainland,20,201.39,0.01,4439.08,139.20,2784.00,206.67
2026-05-01,C04,Poultry,Online Direct,Vancouver Island,8,201.39,0.00,1811.67,139.75,1118.00,94.93
2026-05-01,C04,Poultry,Online Direct,BC Interior,7,201.39,0.01,1561.55,140.03,980.21,91.78
2026-05-01,S01,Seafood,Restaurants,Lower Mainland,364,193.97,0.01,69828.42,141.40,51469.60,599.63
2026-05-01,S01,Seafood,Restaurants,Vancouver Island,143,193.97,0.01,27543.82,140.83,20138.69,520.00
2026-05-01,S01,Seafood,Restaurants,BC Interior,133,193.97,0.01,25411.40,140.97,18749.01,580.71
2026-05-01,S01,Seafood,Grocery Retail,Lower Mainland,309,193.97,0.04,50898.27,140.97,43559.73,509.55
2026-05-01,S01,Seafood,Grocery Retail,Vancouver Island,114,193.97,0.01,19090.52,141.40,16119.60,410.06
2026-05-01,S01,Seafood,Grocery Retail,BC Interior,111,193.97,0.01,18737.44,141.40,15695.40,493.56
2026-05-01,S01,Seafood,Hotels & Institutions,Lower Mainland,149,193.97,0.01,27263.43,140.97,21004.53,249.71
2026-05-01,S01,Seafood,Hotels & Institutions,Vancouver Island,58,193.97,0.00,10613.06,140.97,8176.26,207.18
2026-05-01,S01,Seafood,Hotels & Institutions,BC Interior,55,193.97,0.01,10003.30,141.11,7761.05,244.55
2026-05-01,S01,Seafood,Online Direct,Lower Mainland,72,193.97,0.00,15579.22,141.40,10180.80,712.50
2026-05-01,S01,Seafood,Online Direct,Vancouver Island,26,193.97,0.00,5665.35,141.40,3676.40,308.54
2026-05-01,S01,Seafood,Online Direct,BC Interior,24,193.97,0.00,5213.87,140.83,3379.92,309.68
2026-05-01,S02,Seafood,Restaurants,Lower Mainland,164,235.85,0.01,38291.68,170.79,28009.56,278.71
2026-05-01,S02,Seafood,Restaurants,Vancouver Island,58,235.85,0.01,13555.69,169.93,9855.94,202.62
2026-05-01,S02,Seafood,Restaurants,BC Interior,59,235.85,0.01,13804.04,170.27,10045.93,262.08
2026-05-01,S02,Seafood,Grocery Retail,Lower Mainland,129,235.85,0.02,26318.54,169.76,21899.04,216.41
2026-05-01,S02,Seafood,Grocery Retail,Vancouver Island,47,235.85,0.04,9374.32,169.76,7978.72,163.69
2026-05-01,S02,Seafood,Grocery Retail,BC Interior,50,235.85,0.03,10056.82,170.79,8539.50,229.01
2026-05-01,S02,Seafood,Hotels & Institutions,Lower Mainland,66,235.85,0.01,14595.73,170.61,11260.26,110.17
2026-05-01,S02,Seafood,Hotels & Institutions,Vancouver Island,24,235.85,0.00,5345.16,170.27,4086.48,87.96
2026-05-01,S02,Seafood,Hotels & Institutions,BC Interior,24,235.85,0.01,5296.72,170.27,4086.48,110.03
2026-05-01,S02,Seafood,Online Direct,Lower Mainland,30,235.85,0.01,7837.58,170.27,5108.10,313.98
2026-05-01,S02,Seafood,Online Direct,Vancouver Island,11,235.85,0.00,2896.95,170.10,1871.10,132.79
2026-05-01,S02,Seafood,Online Direct,BC Interior,10,235.85,0.00,2625.69,169.93,1699.30,133.05
2026-05-01,S03,Seafood,Restaurants,Lower Mainland,104,336.14,0.01,34782.51,240.82,25045.28,177.44
2026-05-01,S03,Seafood,Restaurants,Vancouver Island,37,336.14,0.01,12350.02,241.30,8928.10,134.28
2026-05-01,S03,Seafood,Restaurants,BC Interior,38,336.14,0.01,12620.30,240.34,9132.92,165.41
2026-05-01,S03,Seafood,Grocery Retail,Lower Mainland,81,336.14,0.01,23744.90,240.82,19506.42,139.56
2026-05-01,S03,Seafood,Grocery Retail,Vancouver Island,30,336.14,0.02,8679.22,241.30,7239.00,105.66
2026-05-01,S03,Seafood,Grocery Retail,BC Interior,29,336.14,0.03,8329.26,241.79,7011.91,125.33
2026-05-01,S03,Seafood,Hotels & Institutions,Lower Mainland,41,336.14,0.00,13066.48,241.30,9893.30,68.30
2026-05-01,S03,Seafood,Hotels & Institutions,Vancouver Island,16,336.14,0.00,5104.16,240.58,3849.28,57.27
2026-05-01,S03,Seafood,Hotels & Institutions,BC Interior,16,336.14,0.01,5043.06,240.34,3845.44,69.86
2026-05-01,S03,Seafood,Online Direct,Lower Mainland,19,336.14,0.00,7131.61,241.30,4584.70,189.18
2026-05-01,S03,Seafood,Online Direct,Vancouver Island,7,336.14,0.01,2611.52,241.06,1687.42,86.11
2026-05-01,S03,Seafood,Online Direct,BC Interior,7,336.14,0.00,2632.70,240.34,1682.38,93.41
2026-05-01,S04,Seafood,Restaurants,Lower Mainland,190,152.09,0.00,28839.33,109.58,20820.20,315.23
2026-05-01,S04,Seafood,Restaurants,Vancouver Island,71,152.09,0.01,10636.80,109.91,7803.61,260.97
2026-05-01,S04,Seafood,Restaurants,BC Interior,67,152.09,0.01,10138.94,109.91,7363.97,295.23
2026-05-01,S04,Seafood,Grocery Retail,Lower Mainland,156,152.09,0.02,20377.82,109.58,17094.48,256.72
2026-05-01,S04,Seafood,Grocery Retail,Vancouver Island,55,152.09,0.00,7346.43,109.69,6032.95,196.86
2026-05-01,S04,Seafood,Grocery Retail,BC Interior,57,152.09,0.03,7445.12,109.69,6252.33,246.34
2026-05-01,S04,Seafood,Hotels & Institutions,Lower Mainland,77,152.09,0.01,11091.90,110.02,8471.54,130.08
2026-05-01,S04,Seafood,Hotels & Institutions,Vancouver Island,28,152.09,0.01,3997.09,109.58,3068.24,98.52
2026-05-01,S04,Seafood,Hotels & Institutions,BC Interior,28,152.09,0.01,4025.34,109.91,3077.48,121.76
2026-05-01,S04,Seafood,Online Direct,Lower Mainland,35,152.09,0.00,5955.97,109.91,3846.85,360.25
2026-05-01,S04,Seafood,Online Direct,Vancouver Island,12,152.09,0.01,2021.64,109.91,1318.92,145.30
2026-05-01,S04,Seafood,Online Direct,BC Interior,12,152.09,0.00,2042.05,109.47,1313.64,159.82
2026-05-01,H01,Charcuterie,Restaurants,Lower Mainland,161,201.39,0.00,32358.94,115.80,18643.80,276.05
2026-05-01,H01,Charcuterie,Restaurants,Vancouver Island,61,201.39,0.01,12137.77,115.68,7056.48,220.94
2026-05-01,H01,Charcuterie,Restaurants,BC Interior,62,201.39,0.01,12385.69,115.68,7172.16,279.55
2026-05-01,H01,Charcuterie,Grocery Retail,Lower Mainland,132,201.39,0.02,23017.83,115.68,15269.76,218.78
2026-05-01,H01,Charcuterie,Grocery Retail,Vancouver Island,48,201.39,0.04,8225.07,115.80,5558.40,173.00
2026-05-01,H01,Charcuterie,Grocery Retail,BC Interior,49,201.39,0.03,8415.46,115.56,5662.44,217.22
2026-05-01,H01,Charcuterie,Hotels & Institutions,Lower Mainland,70,201.39,0.01,13271.42,115.68,8097.60,116.61
2026-05-01,H01,Charcuterie,Hotels & Institutions,Vancouver Island,25,201.39,0.01,4749.58,116.03,2900.75,88.14
2026-05-01,H01,Charcuterie,Hotels & Institutions,BC Interior,25,201.39,0.01,4735.28,115.91,2897.75,108.93
2026-05-01,H01,Charcuterie,Online Direct,Lower Mainland,30,201.39,0.01,6712.35,115.56,3466.80,305.73
2026-05-01,H01,Charcuterie,Online Direct,Vancouver Island,11,201.39,0.00,2483.59,115.33,1268.63,129.74
2026-05-01,H01,Charcuterie,Online Direct,BC Interior,11,201.39,0.01,2458.84,115.91,1275.01,139.37
2026-05-01,H02,Charcuterie,Restaurants,Lower Mainland,146,167.11,0.01,24154.47,95.35,13921.10,238.55
2026-05-01,H02,Charcuterie,Restaurants,Vancouver Island,52,167.11,0.01,8559.50,94.88,4933.76,189.65
2026-05-01,H02,Charcuterie,Restaurants,BC Interior,53,167.11,0.01,8750.43,95.16,5043.48,241.33
2026-05-01,H02,Charcuterie,Grocery Retail,Lower Mainland,118,167.11,0.01,17178.50,94.88,11195.84,193.39
2026-05-01,H02,Charcuterie,Grocery Retail,Vancouver Island,42,167.11,0.01,6145.47,95.16,3996.72,147.18
2026-05-01,H02,Charcuterie,Grocery Retail,BC Interior,45,167.11,0.03,6419.03,95.26,4286.70,198.49
2026-05-01,H02,Charcuterie,Hotels & Institutions,Lower Mainland,59,167.11,0.01,9235.38,95.35,5625.65,101.06
2026-05-01,H02,Charcuterie,Hotels & Institutions,Vancouver Island,22,167.11,0.01,3450.76,95.26,2095.72,77.41
2026-05-01,H02,Charcuterie,Hotels & Institutions,BC Interior,21,167.11,0.01,3323.78,95.35,2002.35,94.87
2026-05-01,H02,Charcuterie,Online Direct,Lower Mainland,27,167.11,0.01,4987.82,95.16,2569.32,273.79
2026-05-01,H02,Charcuterie,Online Direct,Vancouver Island,10,167.11,0.01,1851.08,94.88,948.80,120.00
2026-05-01,H02,Charcuterie,Online Direct,BC Interior,10,167.11,0.01,1851.10,95.26,952.60,130.33
2026-05-01,H03,Charcuterie,Restaurants,Lower Mainland,77,218.52,0.01,16574.39,127.82,9842.14,130.34
2026-05-01,H03,Charcuterie,Restaurants,Vancouver Island,28,218.52,0.00,6094.09,127.56,3571.68,101.62
2026-05-01,H03,Charcuterie,Restaurants,BC Interior,28,218.52,0.01,6094.01,127.82,3578.96,128.49
2026-05-01,H03,Charcuterie,Grocery Retail,Lower Mainland,65,218.52,0.00,12499.33,127.95,8316.75,108.28
2026-05-01,H03,Charcuterie,Grocery Retail,Vancouver Island,22,218.52,0.00,4226.32,127.43,2803.46,80.94
2026-05-01,H03,Charcuterie,Grocery Retail,BC Interior,23,218.52,0.03,4290.02,127.95,2942.85,103.60
2026-05-01,H03,Charcuterie,Hotels & Institutions,Lower Mainland,30,218.52,0.01,6196.68,127.56,3826.80,50.53
2026-05-01,H03,Charcuterie,Hotels & Institutions,Vancouver Island,11,218.52,0.01,2251.64,127.82,1406.02,39.76
2026-05-01,H03,Charcuterie,Hotels & Institutions,BC Interior,11,218.52,0.00,2274.41,127.31,1400.41,49.65
2026-05-01,H03,Charcuterie,Online Direct,Lower Mainland,13,218.52,0.01,3130.87,128.07,1664.91,129.31
2026-05-01,H03,Charcuterie,Online Direct,Vancouver Island,5,218.52,0.00,1223.69,127.56,637.80,60.54
2026-05-01,H03,Charcuterie,Online Direct,BC Interior,5,218.52,0.01,1204.19,127.56,637.80,62.90
2026-05-01,H04,Charcuterie,Restaurants,Lower Mainland,136,102.84,0.01,13818.01,57.94,7879.84,223.81
2026-05-01,H04,Charcuterie,Restaurants,Vancouver Island,46,102.84,0.01,4706.82,58.11,2673.06,165.46
2026-05-01,H04,Charcuterie,Restaurants,BC Interior,46,102.84,0.00,4721.14,58.17,2675.82,201.87
2026-05-01,H04,Charcuterie,Grocery Retail,Lower Mainland,108,102.84,0.02,9578.62,57.94,6257.52,181.18
2026-05-01,H04,Charcuterie,Grocery Retail,Vancouver Island,38,102.84,0.01,3414.79,57.88,2199.44,136.14
2026-05-01,H04,Charcuterie,Grocery Retail,BC Interior,39,102.84,0.03,3427.39,58.17,2268.63,174.98
2026-05-01,H04,Charcuterie,Hotels & Institutions,Lower Mainland,55,102.84,0.01,5340.93,58.17,3199.35,92.36
2026-05-01,H04,Charcuterie,Hotels & Institutions,Vancouver Island,19,102.84,0.00,1856.25,57.88,1099.72,66.04
2026-05-01,H04,Charcuterie,Hotels & Institutions,BC Interior,19,102.84,0.01,1832.19,57.94,1100.86,82.11
2026-05-01,H04,Charcuterie,Online Direct,Lower Mainland,24,102.84,0.00,2750.53,57.88,1389.12,249.72
2026-05-01,H04,Charcuterie,Online Direct,Vancouver Island,9,102.84,0.01,1027.24,58.17,523.53,108.65
2026-05-01,H04,Charcuterie,Online Direct,BC Interior,8,102.84,0.00,922.37,57.99,463.92,104.68
2026-05-01,D01,Cheese & Dairy,Restaurants,Lower Mainland,203,152.11,0.01,30384.74,93.50,18980.50,335.43
2026-05-01,D01,Cheese & Dairy,Restaurants,Vancouver Island,71,152.11,0.01,10681.12,93.12,6611.52,250.32
2026-05-01,D01,Cheese & Dairy,Restaurants,BC Interior,76,152.11,0.01,11514.06,93.21,7083.96,333.87
2026-05-01,D01,Cheese & Dairy,Grocery Retail,Lower Mainland,173,152.11,0.04,22211.21,93.40,16158.20,290.81
2026-05-01,D01,Cheese & Dairy,Grocery Retail,Vancouver Island,60,152.11,0.02,7886.34,93.59,5615.40,220.32
2026-05-01,D01,Cheese & Dairy,Grocery Retail,BC Interior,62,152.11,0.02,8140.67,93.50,5797.00,276.23
2026-05-01,D01,Cheese & Dairy,Hotels & Institutions,Lower Mainland,86,152.11,0.00,12377.71,93.31,8024.66,145.86
2026-05-01,D01,Cheese & Dairy,Hotels & Institutions,Vancouver Island,30,152.11,0.01,4287.40,93.40,2802.00,104.48
2026-05-01,D01,Cheese & Dairy,Hotels & Institutions,BC Interior,29,152.11,0.01,4165.46,93.21,2703.09,127.65
2026-05-01,D01,Cheese & Dairy,Online Direct,Lower Mainland,37,152.11,0.00,6284.54,93.40,3455.80,372.18
2026-05-01,D01,Cheese & Dairy,Online Direct,Vancouver Island,13,152.11,0.00,2216.91,93.40,1214.20,153.80
2026-05-01,D01,Cheese & Dairy,Online Direct,BC Interior,14,152.11,0.01,2375.47,93.12,1303.68,181.92
2026-05-01,D02,Cheese & Dairy,Restaurants,Lower Mainland,171,126.40,0.01,21375.34,77.22,13204.62,291.47
2026-05-01,D02,Cheese & Dairy,Restaurants,Vancouver Island,64,126.40,0.00,8057.27,77.22,4942.08,228.84
2026-05-01,D02,Cheese & Dairy,Restaurants,BC Interior,61,126.40,0.00,7679.59,76.76,4682.36,278.30
2026-05-01,D02,Cheese & Dairy,Grocery Retail,Lower Mainland,138,126.40,0.01,15196.15,76.99,10624.62,231.74
2026-05-01,D02,Cheese & Dairy,Grocery Retail,Vancouver Island,52,126.40,0.01,5732.11,77.22,4015.44,186.12
2026-05-01,D02,Cheese & Dairy,Grocery Retail,BC Interior,53,126.40,0.02,5760.06,76.76,4068.28,231.41
2026-05-01,D02,Cheese & Dairy,Hotels & Institutions,Lower Mainland,70,126.40,0.01,8388.66,76.84,5378.80,116.73
2026-05-01,D02,Cheese & Dairy,Hotels & Institutions,Vancouver Island,26,126.40,0.01,3078.47,76.84,1997.84,93.06
2026-05-01,D02,Cheese & Dairy,Hotels & Institutions,BC Interior,27,126.40,0.00,3235.68,77.14,2082.78,122.58
2026-05-01,D02,Cheese & Dairy,Online Direct,Lower Mainland,33,126.40,0.01,4625.14,76.99,2540.67,331.27
2026-05-01,D02,Cheese & Dairy,Online Direct,Vancouver Island,11,126.40,0.01,1540.08,76.91,846.01,129.34
2026-05-01,D02,Cheese & Dairy,Online Direct,BC Interior,11,126.40,0.01,1538.61,76.91,846.01,143.22
2026-05-01,D03,Cheese & Dairy,Restaurants,Lower Mainland,89,252.80,0.01,22228.92,157.73,14037.97,147.36
2026-05-01,D03,Cheese & Dairy,Restaurants,Vancouver Island,32,252.80,0.00,8065.33,157.42,5037.44,113.16
2026-05-01,D03,Cheese & Dairy,Restaurants,BC Interior,32,252.80,0.01,7984.61,157.73,5047.36,138.58
2026-05-01,D03,Cheese & Dairy,Grocery Retail,Lower Mainland,78,252.80,0.00,17300.14,157.73,12302.94,130.72
2026-05-01,D03,Cheese & Dairy,Grocery Retail,Vancouver Island,27,252.80,0.02,5928.03,157.73,4258.71,94.42
2026-05-01,D03,Cheese & Dairy,Grocery Retail,BC Interior,27,252.80,0.00,5970.54,157.73,4258.71,122.82
2026-05-01,D03,Cheese & Dairy,Hotels & Institutions,Lower Mainland,38,252.80,0.00,9162.58,157.26,5975.88,62.85
2026-05-01,D03,Cheese & Dairy,Hotels & Institutions,Vancouver Island,14,252.80,0.01,3332.03,157.58,2206.12,49.61
2026-05-01,D03,Cheese & Dairy,Hotels & Institutions,BC Interior,13,252.80,0.01,3072.21,157.26,2044.38,57.75
2026-05-01,D03,Cheese & Dairy,Online Direct,Lower Mainland,17,252.80,0.00,4803.69,157.26,2673.42,171.69
2026-05-01,D03,Cheese & Dairy,Online Direct,Vancouver Island,6,252.80,0.01,1688.60,158.05,948.30,73.81
2026-05-01,D03,Cheese & Dairy,Online Direct,BC Interior,6,252.80,0.01,1668.31,157.73,946.38,77.19
2026-05-01,D04,Cheese & Dairy,Restaurants,Lower Mainland,258,92.12,0.01,23576.82,55.77,14388.66,440.63
2026-05-01,D04,Cheese & Dairy,Restaurants,Vancouver Island,89,92.12,0.01,8133.15,55.60,4948.40,319.82
2026-05-01,D04,Cheese & Dairy,Restaurants,BC Interior,92,92.12,0.00,8483.41,55.82,5135.44,410.30
2026-05-01,D04,Cheese & Dairy,Grocery Retail,Lower Mainland,199,92.12,0.01,16035.00,55.77,11098.23,340.87
2026-05-01,D04,Cheese & Dairy,Grocery Retail,Vancouver Island,77,92.12,0.02,6098.62,55.60,4281.20,280.82
2026-05-01,D04,Cheese & Dairy,Grocery Retail,BC Interior,77,92.12,0.01,6154.57,55.77,4294.29,338.60
2026-05-01,D04,Cheese & Dairy,Hotels & Institutions,Lower Mainland,99,92.12,0.00,8663.85,55.65,5509.35,161.76
2026-05-01,D04,Cheese & Dairy,Hotels & Institutions,Vancouver Island,38,92.12,0.01,3279.02,55.65,2114.70,134.52
2026-05-01,D04,Cheese & Dairy,Hotels & Institutions,BC Interior,39,92.12,0.00,3402.79,55.54,2166.06,176.89
2026-05-01,D04,Cheese & Dairy,Online Direct,Lower Mainland,46,92.12,0.00,4717.58,55.54,2554.84,473.01
2026-05-01,D04,Cheese & Dairy,Online Direct,Vancouver Island,17,92.12,0.01,1745.17,55.49,943.33,199.27
2026-05-01,D04,Cheese & Dairy,Online Direct,BC Interior,17,92.12,0.01,1725.93,55.77,948.09,216.94
2026-06-01,B01,Beef,Restaurants,Lower Mainland,307,289.84,0.00,89069.86,224.25,68844.75,515.02
2026-06-01,B01,Beef,Restaurants,Vancouver Island,114,289.84,0.01,32710.55,225.37,25692.18,404.36
2026-06-01,B01,Beef,Restaurants,BC Interior,113,289.84,0.00,32523.05,224.25,25340.25,504.46
2026-06-01,B01,Beef,Grocery Retail,Lower Mainland,250,289.84,0.02,62681.82,225.37,56342.50,432.85
2026-06-01,B01,Beef,Grocery Retail,Vancouver Island,92,289.84,0.04,22640.50,224.25,20631.00,324.03
2026-06-01,B01,Beef,Grocery Retail,BC Interior,92,289.84,0.01,23231.36,224.92,20692.64,421.37
2026-06-01,B01,Beef,Hotels & Institutions,Lower Mainland,129,289.84,0.01,35448.00,225.37,29072.73,220.96
2026-06-01,B01,Beef,Hotels & Institutions,Vancouver Island,46,289.84,0.00,12704.01,224.25,10315.50,160.53
2026-06-01,B01,Beef,Hotels & Institutions,BC Interior,48,289.84,0.01,13070.53,225.15,10807.20,217.92
2026-06-01,B01,Beef,Online Direct,Lower Mainland,57,289.84,0.01,18354.99,225.15,12833.55,566.97
2026-06-01,B01,Beef,Online Direct,Vancouver Island,20,289.84,0.01,6433.98,224.70,4494.00,238.78
2026-06-01,B01,Beef,Online Direct,BC Interior,22,289.84,0.01,7063.30,224.47,4938.34,282.74
2026-06-01,B02,Beef,Restaurants,Lower Mainland,826,127.62,0.00,104677.49,98.17,81088.42,1363.48
2026-06-01,B02,Beef,Restaurants,Vancouver Island,316,127.62,0.01,39922.38,98.46,31113.36,1112.96
2026-06-01,B02,Beef,Restaurants,BC Interior,319,127.62,0.01,40628.75,98.27,31348.13,1441.16
2026-06-01,B02,Beef,Grocery Retail,Lower Mainland,712,127.62,0.01,79561.30,98.46,70103.52,1210.01
2026-06-01,B02,Beef,Grocery Retail,Vancouver Island,261,127.62,0.01,29134.72,97.97,25570.17,944.42
2026-06-01,B02,Beef,Grocery Retail,BC Interior,260,127.62,0.03,28150.26,97.97,25472.20,1123.64
2026-06-01,B02,Beef,Hotels & Institutions,Lower Mainland,362,127.62,0.01,43668.46,98.17,35537.54,594.51
2026-06-01,B02,Beef,Hotels & Institutions,Vancouver Island,123,127.62,0.01,14674.02,98.07,12062.61,438.92
2026-06-01,B02,Beef,Hotels & Institutions,BC Interior,129,127.62,0.01,15405.23,98.36,12688.44,557.50
2026-06-01,B02,Beef,Online Direct,Lower Mainland,155,127.62,0.01,21845.40,98.46,15261.30,1551.22
2026-06-01,B02,Beef,Online Direct,Vancouver Island,56,127.62,0.01,7932.29,98.36,5508.16,657.78
2026-06-01,B02,Beef,Online Direct,BC Interior,54,127.62,0.01,7679.82,98.07,5295.78,686.30
2026-06-01,B03,Beef,Restaurants,Lower Mainland,363,211.97,0.01,75715.14,165.61,60116.43,596.15
2026-06-01,B03,Beef,Restaurants,Vancouver Island,132,211.97,0.01,27643.92,165.44,21838.08,464.44
2026-06-01,B03,Beef,Restaurants,BC Interior,130,211.97,0.01,27225.98,164.94,21442.20,595.41
2026-06-01,B03,Beef,Grocery Retail,Lower Mainland,304,211.97,0.03,55060.03,165.28,50245.12,526.34
2026-06-01,B03,Beef,Grocery Retail,Vancouver Island,109,211.97,0.03,19643.31,164.94,17978.46,381.95
2026-06-01,B03,Beef,Grocery Retail,BC Interior,114,211.97,0.04,20414.24,165.44,18860.16,520.10
2026-06-01,B03,Beef,Hotels & Institutions,Lower Mainland,156,211.97,0.00,31319.71,165.77,25860.12,259.61
2026-06-01,B03,Beef,Hotels & Institutions,Vancouver Island,57,211.97,0.01,11466.47,165.44,9430.08,209.31
2026-06-01,B03,Beef,Hotels & Institutions,BC Interior,57,211.97,0.01,11374.46,165.44,9430.08,247.86
2026-06-01,B03,Beef,Online Direct,Lower Mainland,68,211.97,0.00,16079.13,165.94,11283.92,679.15
2026-06-01,B03,Beef,Online Direct,Vancouver Island,24,211.97,0.01,5635.18,165.44,3970.56,294.07
2026-06-01,B03,Beef,Online Direct,BC Interior,25,211.97,0.01,5905.40,164.94,4123.50,328.74
2026-06-01,B04,Beef,Restaurants,Lower Mainland,172,369.87,0.01,62918.99,291.49,50136.28,294.62
2026-06-01,B04,Beef,Restaurants,Vancouver Island,64,369.87,0.01,23576.71,291.20,18636.80,233.64
2026-06-01,B04,Beef,Restaurants,BC Interior,67,369.87,0.01,24582.82,290.61,19470.87,291.34
2026-06-01,B04,Beef,Grocery Retail,Lower Mainland,146,369.87,0.03,46424.21,291.20,42515.20,239.28
2026-06-01,B04,Beef,Grocery Retail,Vancouver Island,50,369.87,0.01,16078.78,290.32,14516.00,173.78
2026-06-01,B04,Beef,Grocery Retail,BC Interior,53,369.87,0.04,16544.15,291.20,15433.60,234.48
2026-06-01,B04,Beef,Hotels & Institutions,Lower Mainland,74,369.87,0.01,25611.83,290.03,21462.22,126.51
2026-06-01,B04,Beef,Hotels & Institutions,Vancouver Island,27,369.87,0.01,9373.62,291.49,7870.23,98.37
2026-06-01,B04,Beef,Hotels & Institutions,BC Interior,25,369.87,0.01,8705.35,290.03,7250.75,109.38
2026-06-01,B04,Beef,Online Direct,Lower Mainland,31,369.87,0.01,12751.76,291.20,9027.20,308.67
2026-06-01,B04,Beef,Online Direct,Vancouver Island,12,369.87,0.00,4971.05,290.03,3480.36,142.69
2026-06-01,B04,Beef,Online Direct,BC Interior,12,369.87,0.01,4926.20,291.20,3494.40,159.35
2026-06-01,P01,Pork,Restaurants,Lower Mainland,440,141.40,0.00,61843.26,97.93,43089.20,720.39
2026-06-01,P01,Pork,Restaurants,Vancouver Island,156,141.40,0.01,21859.08,98.32,15337.92,557.80
2026-06-01,P01,Pork,Restaurants,BC Interior,149,141.40,0.01,20773.32,97.73,14561.77,648.58
2026-06-01,P01,Pork,Grocery Retail,Lower Mainland,342,141.40,0.02,41787.06,98.03,33526.26,576.61
2026-06-01,P01,Pork,Grocery Retail,Vancouver Island,123,141.40,0.01,15121.05,98.22,12081.06,442.00
2026-06-01,P01,Pork,Grocery Retail,BC Interior,120,141.40,0.00,14872.16,98.13,11775.60,543.20
2026-06-01,P01,Pork,Hotels & Institutions,Lower Mainland,178,141.40,0.01,23694.68,98.32,17500.96,294.72
2026-06-01,P01,Pork,Hotels & Institutions,Vancouver Island,65,141.40,0.00,8713.92,98.03,6371.95,225.22
2026-06-01,P01,Pork,Hotels & Institutions,BC Interior,63,141.40,0.01,8327.62,97.93,6169.59,281.53
2026-06-01,P01,Pork,Online Direct,Lower Mainland,79,141.40,0.01,12299.03,98.32,7767.28,820.38
2026-06-01,P01,Pork,Online Direct,Vancouver Island,27,141.40,0.01,4228.64,97.83,2641.41,323.01
2026-06-01,P01,Pork,Online Direct,BC Interior,28,141.40,0.01,4380.89,98.03,2744.84,370.01
2026-06-01,P02,Pork,Restaurants,Lower Mainland,312,111.40,0.01,34409.79,76.36,23824.32,516.59
2026-06-01,P02,Pork,Restaurants,Vancouver Island,110,111.40,0.00,12168.37,76.28,8390.80,383.89
2026-06-01,P02,Pork,Restaurants,BC Interior,105,111.40,0.00,11720.39,76.21,8002.05,455.65
2026-06-01,P02,Pork,Grocery Retail,Lower Mainland,256,111.40,0.01,24895.20,76.28,19527.68,418.71
2026-06-01,P02,Pork,Grocery Retail,Vancouver Island,89,111.40,0.04,8385.22,76.21,6782.69,326.18
2026-06-01,P02,Pork,Grocery Retail,BC Interior,86,111.40,0.00,8430.62,76.28,6560.08,388.14
2026-06-01,P02,Pork,Hotels & Institutions,Lower Mainland,125,111.40,0.01,13083.47,75.90,9487.50,216.00
2026-06-01,P02,Pork,Hotels & Institutions,Vancouver Island,45,111.40,0.01,4704.99,76.28,3432.60,162.51
2026-06-01,P02,Pork,Hotels & Institutions,BC Interior,43,111.40,0.01,4514.34,76.21,3277.03,197.14
2026-06-01,P02,Pork,Online Direct,Lower Mainland,53,111.40,0.00,6625.91,76.21,4039.13,544.99
2026-06-01,P02,Pork,Online Direct,Vancouver Island,20,111.40,0.01,2485.30,75.90,1518.00,244.82
2026-06-01,P02,Pork,Online Direct,BC Interior,21,111.40,0.00,2625.35,76.28,1601.88,263.90
2026-06-01,P03,Pork,Restaurants,Lower Mainland,279,156.40,0.01,43111.41,108.87,30374.73,479.77
2026-06-01,P03,Pork,Restaurants,Vancouver Island,94,156.40,0.01,14568.52,109.42,10285.48,338.12
2026-06-01,P03,Pork,Restaurants,BC Interior,94,156.40,0.01,14496.26,109.42,10285.48,420.06
2026-06-01,P03,Pork,Grocery Retail,Lower Mainland,223,156.40,0.02,30291.47,108.87,24278.01,381.60
2026-06-01,P03,Pork,Grocery Retail,Vancouver Island,80,156.40,0.03,10689.80,109.42,8753.60,292.62
2026-06-01,P03,Pork,Grocery Retail,BC Interior,78,156.40,0.01,10660.26,109.31,8526.18,341.26
2026-06-01,P03,Pork,Hotels & Institutions,Lower Mainland,108,156.40,0.00,15950.49,109.53,11829.24,180.82
2026-06-01,P03,Pork,Hotels & Institutions,Vancouver Island,38,156.40,0.00,5629.11,109.31,4153.78,136.55
2026-06-01,P03,Pork,Hotels & Institutions,BC Interior,39,156.40,0.01,5759.88,109.53,4271.67,177.76
2026-06-01,P03,Pork,Online Direct,Lower Mainland,50,156.40,0.00,8732.14,109.53,5476.50,516.68
2026-06-01,P03,Pork,Online Direct,Vancouver Island,18,156.40,0.00,3149.83,109.42,1969.56,213.17
2026-06-01,P03,Pork,Online Direct,BC Interior,17,156.40,0.01,2939.25,109.42,1860.14,218.70
2026-06-01,P04,Pork,Restaurants,Lower Mainland,395,98.55,0.01,38731.68,67.90,26820.50,678.59
2026-06-01,P04,Pork,Restaurants,Vancouver Island,141,98.55,0.00,13881.65,67.90,9573.90,516.75
2026-06-01,P04,Pork,Restaurants,BC Interior,144,98.55,0.01,14106.12,67.70,9748.80,651.20
2026-06-01,P04,Pork,Grocery Retail,Lower Mainland,320,98.55,0.03,26948.38,67.90,21728.00,536.83
2026-06-01,P04,Pork,Grocery Retail,Vancouver Island,119,98.55,0.04,9967.70,67.83,8071.77,434.00
2026-06-01,P04,Pork,Grocery Retail,BC Interior,116,98.55,0.00,10059.94,67.83,7868.28,504.42
2026-06-01,P04,Pork,Hotels & Institutions,Lower Mainland,155,98.55,0.01,14380.13,67.97,10535.35,254.56
2026-06-01,P04,Pork,Hotels & Institutions,Vancouver Island,59,98.55,0.00,5496.13,67.90,4006.10,215.18
2026-06-01,P04,Pork,Hotels & Institutions,BC Interior,55,98.55,0.01,5138.82,67.90,3734.50,250.44
2026-06-01,P04,Pork,Online Direct,Lower Mainland,69,98.55,0.01,7600.53,67.77,4676.13,710.21
2026-06-01,P04,Pork,Online Direct,Vancouver Island,26,98.55,0.01,2826.83,67.63,1758.38,322.03
2026-06-01,P04,Pork,Online Direct,BC Interior,25,98.55,0.00,2751.13,67.90,1697.50,317.73
2026-06-01,C01,Poultry,Restaurants,Lower Mainland,666,83.55,0.00,55755.59,59.99,39953.34,1148.63
2026-06-01,C01,Poultry,Restaurants,Vancouver Island,255,83.55,0.01,21262.13,59.93,15282.15,912.69
2026-06-01,C01,Poultry,Restaurants,BC Interior,248,83.55,0.01,20657.87,59.99,14877.52,1106.03
2026-06-01,C01,Poultry,Grocery Retail,Lower Mainland,554,83.55,0.04,39424.59,60.05,33267.70,911.70
2026-06-01,C01,Poultry,Grocery Retail,Vancouver Island,198,83.55,0.01,14339.59,59.99,11878.02,715.04
2026-06-01,C01,Poultry,Grocery Retail,BC Interior,211,83.55,0.02,15126.10,59.93,12645.23,921.28
2026-06-01,C01,Poultry,Hotels & Institutions,Lower Mainland,290,83.55,0.01,22948.74,59.99,17397.10,489.92
2026-06-01,C01,Poultry,Hotels & Institutions,Vancouver Island,102,83.55,0.00,8087.80,59.99,6118.98,353.42
2026-06-01,C01,Poultry,Hotels & Institutions,BC Interior,101,83.55,0.01,7920.51,59.81,6040.81,446.84
2026-06-01,C01,Poultry,Online Direct,Lower Mainland,123,83.55,0.01,11371.21,59.99,7378.77,1281.06
2026-06-01,C01,Poultry,Online Direct,Vancouver Island,44,83.55,0.01,4076.01,59.99,2639.56,525.33
2026-06-01,C01,Poultry,Online Direct,BC Interior,44,83.55,0.01,4068.05,60.05,2642.20,573.46
2026-06-01,C02,Poultry,Restaurants,Lower Mainland,592,132.83,0.01,77772.26,94.91,56186.72,1015.03
2026-06-01,C02,Poultry,Restaurants,Vancouver Island,217,132.83,0.01,28650.96,94.62,20532.54,767.38
2026-06-01,C02,Poultry,Restaurants,BC Interior,228,132.83,0.01,29922.79,95.00,21660.00,1009.73
2026-06-01,C02,Poultry,Grocery Retail,Lower Mainland,499,132.83,0.03,56746.21,94.43,47120.57,829.57
2026-06-01,C02,Poultry,Grocery Retail,Vancouver Island,186,132.83,0.00,21741.59,94.43,17563.98,645.80
2026-06-01,C02,Poultry,Grocery Retail,BC Interior,174,132.83,0.02,19973.48,94.43,16430.82,779.11
2026-06-01,C02,Poultry,Hotels & Institutions,Lower Mainland,258,132.83,0.01,32166.60,94.81,24460.98,421.11
2026-06-01,C02,Poultry,Hotels & Institutions,Vancouver Island,86,132.83,0.00,10852.04,94.91,8162.26,307.50
2026-06-01,C02,Poultry,Hotels & Institutions,BC Interior,86,132.83,0.00,10852.11,94.81,8153.66,371.67
2026-06-01,C02,Poultry,Online Direct,Lower Mainland,106,132.83,0.01,15580.14,94.53,10020.18,1095.37
2026-06-01,C02,Poultry,Online Direct,Vancouver Island,41,132.83,0.01,6020.33,94.91,3891.31,483.07
2026-06-01,C02,Poultry,Online Direct,BC Interior,40,132.83,0.00,5968.61,94.62,3784.80,509.40
2026-06-01,C03,Poultry,Restaurants,Lower Mainland,494,102.84,0.01,50547.73,72.82,35973.08,830.39
2026-06-01,C03,Poultry,Restaurants,Vancouver Island,179,102.84,0.01,18242.94,72.75,13022.25,633.64
2026-06-01,C03,Poultry,Restaurants,BC Interior,171,102.84,0.00,17550.33,73.04,12489.84,783.96
2026-06-01,C03,Poultry,Grocery Retail,Lower Mainland,392,102.84,0.04,34335.36,72.60,28459.20,672.77
2026-06-01,C03,Poultry,Grocery Retail,Vancouver Island,145,102.84,0.02,12821.12,72.60,10527.00,506.55
2026-06-01,C03,Poultry,Grocery Retail,BC Interior,153,102.84,0.01,13680.22,72.67,11118.51,685.08
2026-06-01,C03,Poultry,Hotels & Institutions,Lower Mainland,194,102.84,0.01,18763.67,72.60,14084.40,332.63
2026-06-01,C03,Poultry,Hotels & Institutions,Vancouver Island,76,102.84,0.01,7343.51,72.60,5517.60,270.66
2026-06-01,C03,Poultry,Hotels & Institutions,BC Interior,74,102.84,0.00,7244.09,72.97,5399.78,330.03
2026-06-01,C03,Poultry,Online Direct,Lower Mainland,93,102.84,0.01,10679.57,72.60,6751.80,932.63
2026-06-01,C03,Poultry,Online Direct,Vancouver Island,32,102.84,0.00,3689.45,72.89,2332.48,377.42
2026-06-01,C03,Poultry,Online Direct,BC Interior,32,102.84,0.00,3678.41,72.97,2335.04,422.45
2026-06-01,C04,Poultry,Restaurants,Lower Mainland,120,201.39,0.01,23899.95,139.75,16770.00,199.90
2026-06-01,C04,Poultry,Restaurants,Vancouver Island,43,201.39,0.00,8590.63,139.61,6003.23,153.44
2026-06-01,C04,Poultry,Restaurants,BC Interior,40,201.39,0.01,8023.28,139.47,5578.80,181.42
2026-06-01,C04,Poultry,Grocery Retail,Lower Mainland,94,201.39,0.00,16692.25,140.03,13162.82,154.38
2026-06-01,C04,Poultry,Grocery Retail,Vancouver Island,35,201.39,0.03,6047.58,140.03,4901.05,123.15
2026-06-01,C04,Poultry,Grocery Retail,BC Interior,35,201.39,0.02,6054.22,140.03,4901.05,156.41
2026-06-01,C04,Poultry,Hotels & Institutions,Lower Mainland,49,201.39,0.00,9383.97,139.75,6847.75,81.30
2026-06-01,C04,Poultry,Hotels & Institutions,Vancouver Island,17,201.39,0.00,3252.40,140.03,2380.51,62.24
2026-06-01,C04,Poultry,Hotels & Institutions,BC Interior,17,201.39,0.00,3245.94,140.03,2380.51,74.91
2026-06-01,C04,Poultry,Online Direct,Lower Mainland,21,201.39,0.01,4684.64,139.61,2931.81,210.59
2026-06-01,C04,Poultry,Online Direct,Vancouver Island,7,201.39,0.01,1563.13,139.47,976.29,85.26
2026-06-01,C04,Poultry,Online Direct,BC Interior,8,201.39,0.01,1782.80,139.34,1114.72,105.72
2026-06-01,S01,Seafood,Restaurants,Lower Mainland,400,193.97,0.01,76348.76,140.83,56332.00,675.75
2026-06-01,S01,Seafood,Restaurants,Vancouver Island,145,193.97,0.01,27928.94,140.83,20420.35,504.48
2026-06-01,S01,Seafood,Restaurants,BC Interior,142,193.97,0.00,27571.28,140.97,20017.74,617.48
2026-06-01,S01,Seafood,Grocery Retail,Lower Mainland,325,193.97,0.00,55253.74,141.11,45860.75,549.59
2026-06-01,S01,Seafood,Grocery Retail,Vancouver Island,121,193.97,0.01,20303.88,140.83,17040.43,425.30
2026-06-01,S01,Seafood,Grocery Retail,BC Interior,119,193.97,0.02,19966.45,140.83,16758.77,517.99
2026-06-01,S01,Seafood,Hotels & Institutions,Lower Mainland,159,193.97,0.01,29064.78,140.69,22369.71,273.15
2026-06-01,S01,Seafood,Hotels & Institutions,Vancouver Island,59,193.97,0.00,10817.70,140.69,8300.71,216.23
2026-06-01,S01,Seafood,Hotels & Institutions,BC Interior,60,193.97,0.01,10901.87,141.11,8466.60,273.20
2026-06-01,S01,Seafood,Online Direct,Lower Mainland,70,193.97,0.01,15145.93,141.40,9898.00,716.23
2026-06-01,S01,Seafood,Online Direct,Vancouver Island,26,193.97,0.01,5597.65,140.55,3654.30,313.87
2026-06-01,S01,Seafood,Online Direct,BC Interior,26,193.97,0.00,5614.56,140.69,3657.94,339.20
2026-06-01,S02,Seafood,Restaurants,Lower Mainland,166,235.85,0.00,38877.51,170.79,28351.14,271.51
2026-06-01,S02,Seafood,Restaurants,Vancouver Island,63,235.85,0.01,14665.92,170.61,10748.43,231.79
2026-06-01,S02,Seafood,Restaurants,BC Interior,60,235.85,0.01,14108.29,169.93,10195.80,270.53
2026-06-01,S02,Seafood,Grocery Retail,Lower Mainland,143,235.85,0.03,28732.95,170.10,24324.30,243.98
2026-06-01,S02,Seafood,Grocery Retail,Vancouver Island,49,235.85,0.03,9874.62,170.79,8368.71,172.58
2026-06-01,S02,Seafood,Grocery Retail,BC Interior,48,235.85,0.02,9822.51,170.27,8172.96,218.35
2026-06-01,S02,Seafood,Hotels & Institutions,Lower Mainland,71,235.85,0.01,15765.23,170.27,12089.17,121.62
2026-06-01,S02,Seafood,Hotels & Institutions,Vancouver Island,26,235.85,0.00,5808.02,170.44,4431.44,94.45
2026-06-01,S02,Seafood,Hotels & Institutions,BC Interior,26,235.85,0.01,5761.26,170.79,4440.54,116.77
2026-06-01,S02,Seafood,Online Direct,Lower Mainland,32,235.85,0.01,8376.70,170.10,5443.20,323.18
2026-06-01,S02,Seafood,Online Direct,Vancouver Island,12,235.85,0.01,3150.82,170.61,2047.32,140.95
2026-06-01,S02,Seafood,Online Direct,BC Interior,11,235.85,0.01,2865.06,170.27,1872.97,145.22
2026-06-01,S03,Seafood,Restaurants,Lower Mainland,110,336.14,0.01,36752.55,241.55,26570.50,188.23
2026-06-01,S03,Seafood,Restaurants,Vancouver Island,37,336.14,0.00,12387.48,240.82,8910.34,128.46
2026-06-01,S03,Seafood,Restaurants,BC Interior,38,336.14,0.01,12658.46,240.34,9132.92,171.84
2026-06-01,S03,Seafood,Grocery Retail,Lower Mainland,89,336.14,0.04,25349.25,241.30,21475.70,145.57
2026-06-01,S03,Seafood,Grocery Retail,Vancouver Island,30,336.14,0.01,8723.70,240.34,7210.20,110.38
2026-06-01,S03,Seafood,Grocery Retail,BC Interior,31,336.14,0.02,8931.92,240.34,7450.54,138.25
2026-06-01,S03,Seafood,Hotels & Institutions,Lower Mainland,43,336.14,0.01,13703.53,241.06,10365.58,72.64
2026-06-01,S03,Seafood,Hotels & Institutions,Vancouver Island,16,336.14,0.01,5022.62,241.30,3860.80,57.90
2026-06-01,S03,Seafood,Hotels & Institutions,BC Interior,16,336.14,0.01,5068.41,241.06,3856.96,69.29
2026-06-01,S03,Seafood,Online Direct,Lower Mainland,19,336.14,0.01,7109.85,240.58,4571.02,195.76
2026-06-01,S03,Seafood,Online Direct,Vancouver Island,7,336.14,0.01,2616.84,241.06,1687.42,85.69
2026-06-01,S03,Seafood,Online Direct,BC Interior,7,336.14,0.01,2624.78,241.06,1687.42,88.24
2026-06-01,S04,Seafood,Restaurants,Lower Mainland,204,152.09,0.01,30870.79,110.02,22444.08,346.34
2026-06-01,S04,Seafood,Restaurants,Vancouver Island,74,152.09,0.01,11175.99,109.58,8108.92,269.35
2026-06-01,S04,Seafood,Restaurants,BC Interior,72,152.09,0.00,10895.77,110.02,7921.44,326.24
2026-06-01,S04,Seafood,Grocery Retail,Lower Mainland,163,152.09,0.03,21312.94,109.47,17843.61,278.38
2026-06-01,S04,Seafood,Grocery Retail,Vancouver Island,59,152.09,0.03,7620.66,109.91,6484.69,210.33
2026-06-01,S04,Seafood,Grocery Retail,BC Interior,58,152.09,0.01,7747.03,110.13,6387.54,259.19
2026-06-01,S04,Seafood,Hotels & Institutions,Lower Mainland,78,152.09,0.00,11258.53,109.69,8555.82,134.26
2026-06-01,S04,Seafood,Hotels & Institutions,Vancouver Island,30,152.09,0.01,4299.85,109.80,3294.00,106.41
2026-06-01,S04,Seafood,Hotels & Institutions,BC Interior,29,152.09,0.00,4202.65,109.80,3184.20,126.75
2026-06-01,S04,Seafood,Online Direct,Lower Mainland,35,152.09,0.00,5944.04,109.58,3835.30,345.64
2026-06-01,S04,Seafood,Online Direct,Vancouver Island,13,152.09,0.01,2192.23,109.58,1424.54,155.52
2026-06-01,S04,Seafood,Online Direct,BC Interior,12,152.09,0.01,2029.79,109.47,1313.64,158.57
2026-06-01,H01,Charcuterie,Restaurants,Lower Mainland,174,201.39,0.01,34761.53,115.45,20088.30,297.17
2026-06-01,H01,Charcuterie,Restaurants,Vancouver Island,63,201.39,0.00,12586.27,115.45,7273.35,231.34
2026-06-01,H01,Charcuterie,Restaurants,BC Interior,63,201.39,0.01,12547.85,115.80,7295.40,279.00
2026-06-01,H01,Charcuterie,Grocery Retail,Lower Mainland,133,201.39,0.01,23382.12,115.80,15401.40,226.70
2026-06-01,H01,Charcuterie,Grocery Retail,Vancouver Island,52,201.39,0.01,9059.42,115.68,6015.36,185.56
2026-06-01,H01,Charcuterie,Grocery Retail,BC Interior,48,201.39,0.03,8260.26,115.45,5541.60,220.27
2026-06-01,H01,Charcuterie,Hotels & Institutions,Lower Mainland,71,201.39,0.01,13406.98,116.03,8238.13,120.78
2026-06-01,H01,Charcuterie,Hotels & Institutions,Vancouver Island,26,201.39,0.01,4939.56,115.45,3001.70,93.62
2026-06-01,H01,Charcuterie,Hotels & Institutions,BC Interior,24,201.39,0.01,4522.82,115.45,2770.80,105.43
2026-06-01,H01,Charcuterie,Online Direct,Lower Mainland,31,201.39,0.01,6908.26,116.03,3596.93,319.40
2026-06-01,H01,Charcuterie,Online Direct,Vancouver Island,11,201.39,0.01,2476.10,116.03,1276.33,133.72
2026-06-01,H01,Charcuterie,Online Direct,BC Interior,11,201.39,0.00,2466.26,115.33,1268.63,140.09
2026-06-01,H02,Charcuterie,Restaurants,Lower Mainland,148,167.11,0.01,24583.49,95.16,14083.68,253.01
2026-06-01,H02,Charcuterie,Restaurants,Vancouver Island,56,167.11,0.01,9245.86,95.16,5328.96,200.23
2026-06-01,H02,Charcuterie,Restaurants,BC Interior,53,167.11,0.01,8803.63,95.16,5043.48,236.13
2026-06-01,H02,Charcuterie,Grocery Retail,Lower Mainland,125,167.11,0.03,17902.57,95.26,11907.50,213.48
2026-06-01,H02,Charcuterie,Grocery Retail,Vancouver Island,43,167.11,0.03,6115.34,95.35,4100.05,154.37
2026-06-01,H02,Charcuterie,Grocery Retail,BC Interior,43,167.11,0.01,6279.18,95.16,4091.88,195.22
2026-06-01,H02,Charcuterie,Hotels & Institutions,Lower Mainland,58,167.11,0.01,9198.37,95.35,5530.30,97.50
2026-06-01,H02,Charcuterie,Hotels & Institutions,Vancouver Island,21,167.11,0.00,3320.51,94.97,1994.37,76.06
2026-06-01,H02,Charcuterie,Hotels & Institutions,BC Interior,22,167.11,0.01,3468.19,95.16,2093.52,97.92
2026-06-01,H02,Charcuterie,Online Direct,Lower Mainland,27,167.11,0.01,5002.87,95.26,2572.02,273.79
2026-06-01,H02,Charcuterie,Online Direct,Vancouver Island,10,167.11,0.01,1849.19,94.97,949.70,124.22
2026-06-01,H02,Charcuterie,Online Direct,BC Interior,10,167.11,0.00,1867.89,94.88,948.80,133.05
2026-06-01,H03,Charcuterie,Restaurants,Lower Mainland,75,218.52,0.00,16290.80,127.82,9586.50,124.31
2026-06-01,H03,Charcuterie,Restaurants,Vancouver Island,28,218.52,0.00,6087.99,128.07,3585.96,101.02
2026-06-01,H03,Charcuterie,Restaurants,BC Interior,28,218.52,0.01,6008.70,128.07,3585.96,121.63
2026-06-01,H03,Charcuterie,Grocery Retail,Lower Mainland,62,218.52,0.01,11814.72,128.07,7940.34,101.41
2026-06-01,H03,Charcuterie,Grocery Retail,Vancouver Island,22,218.52,0.02,4146.02,127.43,2803.46,78.11
2026-06-01,H03,Charcuterie,Grocery Retail,BC Interior,23,218.52,0.02,4334.47,127.56,2933.88,102.68
2026-06-01,H03,Charcuterie,Hotels & Institutions,Lower Mainland,32,218.52,0.01,6576.58,127.69,4086.08,55.14
2026-06-01,H03,Charcuterie,Hotels & Institutions,Vancouver Island,11,218.52,0.00,2274.41,127.82,1406.02,39.57
2026-06-01,H03,Charcuterie,Hotels & Institutions,BC Interior,12,218.52,0.01,2466.16,128.07,1536.84,53.04
2026-06-01,H03,Charcuterie,Online Direct,Lower Mainland,14,218.52,0.01,3395.60,127.43,1784.02,143.25
2026-06-01,H03,Charcuterie,Online Direct,Vancouver Island,5,218.52,0.00,1213.94,127.69,638.45,61.39
2026-06-01,H03,Charcuterie,Online Direct,BC Interior,5,218.52,0.00,1222.49,127.95,639.75,65.49
2026-06-01,H04,Charcuterie,Restaurants,Lower Mainland,134,102.84,0.00,13780.50,58.23,7802.82,222.10
2026-06-01,H04,Charcuterie,Restaurants,Vancouver Island,48,102.84,0.00,4916.59,57.88,2778.24,173.34
2026-06-01,H04,Charcuterie,Restaurants,BC Interior,48,102.84,0.01,4877.14,58.05,2786.40,214.07
2026-06-01,H04,Charcuterie,Grocery Retail,Lower Mainland,105,102.84,0.01,9464.21,58.11,6101.55,171.74
2026-06-01,H04,Charcuterie,Grocery Retail,Vancouver Island,38,102.84,0.00,3421.79,58.23,2212.74,133.16
2026-06-01,H04,Charcuterie,Grocery Retail,BC Interior,39,102.84,0.01,3515.24,57.99,2261.61,170.28
2026-06-01,H04,Charcuterie,Hotels & Institutions,Lower Mainland,55,102.84,0.01,5276.97,58.17,3199.35,92.73
2026-06-01,H04,Charcuterie,Hotels & Institutions,Vancouver Island,19,102.84,0.00,1846.99,57.99,1101.81,69.43
2026-06-01,H04,Charcuterie,Hotels & Institutions,BC Interior,20,102.84,0.00,1938.36,57.88,1157.60,88.84
2026-06-01,H04,Charcuterie,Online Direct,Lower Mainland,23,102.84,0.00,2643.86,57.94,1332.62,238.61
2026-06-01,H04,Charcuterie,Online Direct,Vancouver Island,9,102.84,0.01,1033.49,57.94,521.46,108.87
2026-06-01,H04,Charcuterie,Online Direct,BC Interior,9,102.84,0.01,1025.16,57.88,520.92,115.08
2026-06-01,D01,Cheese & Dairy,Restaurants,Lower Mainland,210,152.11,0.00,31815.46,93.50,19635.00,354.06
2026-06-01,D01,Cheese & Dairy,Restaurants,Vancouver Island,74,152.11,0.01,11132.44,93.31,6904.94,271.47
2026-06-01,D01,Cheese & Dairy,Restaurants,BC Interior,73,152.11,0.01,11037.46,93.68,6838.64,327.19
2026-06-01,D01,Cheese & Dairy,Grocery Retail,Lower Mainland,159,152.11,0.04,20370.61,93.12,14806.08,270.21
2026-06-01,D01,Cheese & Dairy,Grocery Retail,Vancouver Island,59,152.11,0.02,7739.25,93.12,5494.08,212.65
2026-06-01,D01,Cheese & Dairy,Grocery Retail,BC Interior,61,152.11,0.03,7872.36,93.21,5685.81,275.04
2026-06-01,D01,Cheese & Dairy,Hotels & Institutions,Lower Mainland,82,152.11,0.01,11813.70,93.31,7651.42,138.94
2026-06-01,D01,Cheese & Dairy,Hotels & Institutions,Vancouver Island,30,152.11,0.01,4270.26,93.21,2796.30,109.52
2026-06-01,D01,Cheese & Dairy,Hotels & Institutions,BC Interior,30,152.11,0.00,4343.79,93.12,2793.60,131.39
2026-06-01,D01,Cheese & Dairy,Online Direct,Lower Mainland,36,152.11,0.01,6114.50,93.50,3366.00,365.78
2026-06-01,D01,Cheese & Dairy,Online Direct,Vancouver Island,13,152.11,0.01,2177.16,93.40,1214.20,155.68
2026-06-01,D01,Cheese & Dairy,Online Direct,BC Interior,13,152.11,0.01,2194.74,93.12,1210.56,170.27
2026-06-01,D02,Cheese & Dairy,Restaurants,Lower Mainland,181,126.40,0.01,22604.48,76.76,13893.56,301.52
2026-06-01,D02,Cheese & Dairy,Restaurants,Vancouver Island,63,126.40,0.01,7907.51,77.07,4855.41,220.09
2026-06-01,D02,Cheese & Dairy,Restaurants,BC Interior,64,126.40,0.01,7992.52,76.91,4922.24,289.42
2026-06-01,D02,Cheese & Dairy,Grocery Retail,Lower Mainland,139,126.40,0.02,15137.15,76.76,10669.64,236.69
2026-06-01,D02,Cheese & Dairy,Grocery Retail,Vancouver Island,52,126.40,0.00,5749.41,77.07,4007.64,186.86
2026-06-01,D02,Cheese & Dairy,Grocery Retail,BC Interior,52,126.40,0.01,5778.16,77.22,4015.44,232.84
2026-06-01,D02,Cheese & Dairy,Hotels & Institutions,Lower Mainland,71,126.40,0.01,8516.98,77.22,5482.62,116.96
2026-06-01,D02,Cheese & Dairy,Hotels & Institutions,Vancouver Island,26,126.40,0.00,3103.37,76.84,1997.84,93.80
2026-06-01,D02,Cheese & Dairy,Hotels & Institutions,BC Interior,26,126.40,0.01,3100.17,77.14,2005.64,116.30
2026-06-01,D02,Cheese & Dairy,Online Direct,Lower Mainland,30,126.40,0.01,4175.06,76.84,2305.20,313.06
2026-06-01,D02,Cheese & Dairy,Online Direct,Vancouver Island,12,126.40,0.01,1671.68,76.76,921.12,143.27
2026-06-01,D02,Cheese & Dairy,Online Direct,BC Interior,11,126.40,0.01,1543.25,77.14,848.54,138.95
2026-06-01,D03,Cheese & Dairy,Restaurants,Lower Mainland,93,252.80,0.01,23368.70,158.21,14713.53,151.95
2026-06-01,D03,Cheese & Dairy,Restaurants,Vancouver Island,33,252.80,0.00,8300.72,158.21,5220.93,120.47
2026-06-01,D03,Cheese & Dairy,Restaurants,BC Interior,34,252.80,0.01,8560.54,157.58,5357.72,149.36
2026-06-01,D03,Cheese & Dairy,Grocery Retail,Lower Mainland,74,252.80,0.03,16066.83,157.42,11649.08,121.90
2026-06-01,D03,Cheese & Dairy,Grocery Retail,Vancouver Island,28,252.80,0.01,6148.15,157.58,4412.24,101.02
2026-06-01,D03,Cheese & Dairy,Grocery Retail,BC Interior,28,252.80,0.04,6004.52,157.73,4416.44,125.62
2026-06-01,D03,Cheese & Dairy,Hotels & Institutions,Lower Mainland,36,252.80,0.01,8542.01,157.58,5672.88,58.70
2026-06-01,D03,Cheese & Dairy,Hotels & Institutions,Vancouver Island,14,252.80,0.00,3348.80,157.89,2210.46,51.11
2026-06-01,D03,Cheese & Dairy,Hotels & Institutions,BC Interior,13,252.80,0.01,3090.82,157.42,2046.46,57.05
2026-06-01,D03,Cheese & Dairy,Online Direct,Lower Mainland,17,252.80,0.01,4793.90,158.21,2689.57,173.08
2026-06-01,D03,Cheese & Dairy,Online Direct,Vancouver Island,6,252.80,0.00,1693.72,158.21,949.26,73.01
2026-06-01,D03,Cheese & Dairy,Online Direct,BC Interior,6,252.80,0.00,1686.94,157.42,944.52,79.13
2026-06-01,D04,Cheese & Dairy,Restaurants,Lower Mainland,250,92.12,0.00,23099.00,55.49,13872.50,414.36
2026-06-01,D04,Cheese & Dairy,Restaurants,Vancouver Island,93,92.12,0.01,8532.79,55.71,5181.03,327.88
2026-06-01,D04,Cheese & Dairy,Restaurants,BC Interior,95,92.12,0.00,8786.41,55.71,5292.45,418.60
2026-06-01,D04,Cheese & Dairy,Grocery Retail,Lower Mainland,214,92.12,0.00,17400.08,55.71,11921.94,349.65
2026-06-01,D04,Cheese & Dairy,Grocery Retail,Vancouver Island,73,92.12,0.01,5888.06,55.77,4071.21,263.37
2026-06-01,D04,Cheese & Dairy,Grocery Retail,BC Interior,72,92.12,0.01,5778.45,55.71,4011.12,327.84
2026-06-01,D04,Cheese & Dairy,Hotels & Institutions,Lower Mainland,99,92.12,0.01,8577.43,55.77,5521.23,162.59
2026-06-01,D04,Cheese & Dairy,Hotels & Institutions,Vancouver Island,38,92.12,0.01,3315.46,55.71,2116.98,131.94
2026-06-01,D04,Cheese & Dairy,Hotels & Institutions,BC Interior,36,92.12,0.00,3147.35,55.54,1999.44,161.03
2026-06-01,D04,Cheese & Dairy,Online Direct,Lower Mainland,46,92.12,0.01,4703.37,55.49,2552.54,457.08
2026-06-01,D04,Cheese & Dairy,Online Direct,Vancouver Island,17,92.12,0.01,1739.88,55.82,948.94,206.87
2026-06-01,D04,Cheese & Dairy,Online Direct,BC Interior,17,92.12,0.01,1724.22,55.82,948.94,226.41
2026-07-01,B01,Beef,Restaurants,Lower Mainland,338,289.84,0.01,96596.75,224.25,75796.50,553.39
2026-07-01,B01,Beef,Restaurants,Vancouver Island,113,289.84,0.01,32455.45,224.47,25365.11,406.47
2026-07-01,B01,Beef,Restaurants,BC Interior,115,289.84,0.01,32833.09,224.92,25865.80,514.93
2026-07-01,B01,Beef,Grocery Retail,Lower Mainland,256,289.84,0.03,63659.25,224.92,57579.52,441.94
2026-07-01,B01,Beef,Grocery Retail,Vancouver Island,93,289.84,0.01,23601.33,224.70,20897.10,330.87
2026-07-01,B01,Beef,Grocery Retail,BC Interior,96,289.84,0.00,24412.28,224.70,21571.20,416.59
2026-07-01,B01,Beef,Hotels & Institutions,Lower Mainland,137,289.84,0.00,37571.79,225.15,30845.55,233.06
2026-07-01,B01,Beef,Hotels & Institutions,Vancouver Island,46,289.84,0.01,12552.19,224.25,10315.50,164.97
2026-07-01,B01,Beef,Hotels & Institutions,BC Interior,49,289.84,0.00,13465.07,224.02,10976.98,213.07
2026-07-01,B01,Beef,Online Direct,Lower Mainland,57,289.84,0.00,18429.37,224.47,12794.79,564.65
2026-07-01,B01,Beef,Online Direct,Vancouver Island,21,289.84,0.00,6837.49,225.37,4732.77,257.82
2026-07-01,B01,Beef,Online Direct,BC Interior,21,289.84,0.01,6701.50,225.15,4728.15,273.69
2026-07-01,B02,Beef,Restaurants,Lower Mainland,896,127.62,0.01,113775.10,98.07,87870.72,1545.30
2026-07-01,B02,Beef,Restaurants,Vancouver Island,316,127.62,0.01,40206.53,98.17,31021.72,1147.95
2026-07-01,B02,Beef,Restaurants,BC Interior,315,127.62,0.01,40118.93,98.46,31014.90,1411.86
2026-07-01,B02,Beef,Grocery Retail,Lower Mainland,720,127.62,0.01,80048.28,98.56,70963.20,1173.98
2026-07-01,B02,Beef,Grocery Retail,Vancouver Island,248,127.62,0.02,27156.78,98.17,24346.16,871.69
2026-07-01,B02,Beef,Grocery Retail,BC Interior,269,127.62,0.01,29697.90,98.36,26458.84,1188.90
2026-07-01,B02,Beef,Hotels & Institutions,Lower Mainland,348,127.62,0.01,41854.28,98.36,34229.28,596.67
2026-07-01,B02,Beef,Hotels & Institutions,Vancouver Island,129,127.62,0.01,15576.77,98.36,12688.44,449.27
2026-07-01,B02,Beef,Hotels & Institutions,BC Interior,130,127.62,0.01,15602.58,98.17,12762.10,590.20
2026-07-01,B02,Beef,Online Direct,Lower Mainland,156,127.62,0.01,21875.45,98.17,15314.52,1621.58
2026-07-01,B02,Beef,Online Direct,Vancouver Island,56,127.62,0.01,7964.26,98.27,5503.12,692.26
2026-07-01,B02,Beef,Online Direct,BC Interior,59,127.62,0.00,8441.51,98.56,5815.04,741.44
2026-07-01,B03,Beef,Restaurants,Lower Mainland,376,211.97,0.01,79141.38,165.28,62145.28,614.34
2026-07-01,B03,Beef,Restaurants,Vancouver Island,138,211.97,0.00,29047.45,165.11,22785.18,486.04
2026-07-01,B03,Beef,Restaurants,BC Interior,141,211.97,0.00,29798.17,165.77,23373.57,635.74
2026-07-01,B03,Beef,Grocery Retail,Lower Mainland,314,211.97,0.04,56517.21,165.61,52001.54,534.68
2026-07-01,B03,Beef,Grocery Retail,Vancouver Island,110,211.97,0.00,20457.14,165.77,18234.70,394.50
2026-07-01,B03,Beef,Grocery Retail,BC Interior,115,211.97,0.01,21171.85,165.11,18987.65,522.61
2026-07-01,B03,Beef,Hotels & Institutions,Lower Mainland,149,211.97,0.00,30004.35,165.61,24675.89,254.97
2026-07-01,B03,Beef,Hotels & Institutions,Vancouver Island,56,211.97,0.00,11209.23,165.61,9274.16,195.83
2026-07-01,B03,Beef,Hotels & Institutions,BC Interior,58,211.97,0.01,11550.77,165.28,9586.24,259.70
2026-07-01,B03,Beef,Online Direct,Lower Mainland,71,211.97,0.01,16687.45,165.61,11758.31,722.85
2026-07-01,B03,Beef,Online Direct,Vancouver Island,26,211.97,0.01,6104.84,165.28,4297.28,311.05
2026-07-01,B03,Beef,Online Direct,BC Interior,26,211.97,0.01,6074.10,165.61,4305.86,334.82
2026-07-01,B04,Beef,Restaurants,Lower Mainland,183,369.87,0.01,67145.53,290.03,53075.49,301.77
2026-07-01,B04,Beef,Restaurants,Vancouver Island,65,369.87,0.01,23777.33,290.91,18909.15,229.40
2026-07-01,B04,Beef,Restaurants,BC Interior,67,369.87,0.01,24582.22,291.49,19529.83,307.17
2026-07-01,B04,Beef,Grocery Retail,Lower Mainland,151,369.87,0.01,48412.87,289.74,43750.74,258.90
2026-07-01,B04,Beef,Grocery Retail,Vancouver Island,51,369.87,0.03,16052.50,289.74,14776.74,182.72
2026-07-01,B04,Beef,Grocery Retail,BC Interior,52,369.87,0.02,16721.06,290.61,15111.72,235.85
2026-07-01,B04,Beef,Hotels & Institutions,Lower Mainland,74,369.87,0.01,25845.67,291.20,21548.80,122.40
2026-07-01,B04,Beef,Hotels & Institutions,Vancouver Island,26,369.87,0.00,9099.27,290.32,7548.32,95.19
2026-07-01,B04,Beef,Hotels & Institutions,BC Interior,27,369.87,0.01,9449.17,290.03,7830.81,118.25
2026-07-01,B04,Beef,Online Direct,Lower Mainland,33,369.87,0.01,13561.03,290.32,9580.56,334.29
2026-07-01,B04,Beef,Online Direct,Vancouver Island,12,369.87,0.01,4931.05,290.03,3480.36,147.91
2026-07-01,B04,Beef,Online Direct,BC Interior,12,369.87,0.01,4936.29,290.61,3487.32,157.95
2026-07-01,P01,Pork,Restaurants,Lower Mainland,437,141.40,0.01,60867.64,98.22,42922.14,725.76
2026-07-01,P01,Pork,Restaurants,Vancouver Island,149,141.40,0.00,21005.44,98.13,14621.37,516.27
2026-07-01,P01,Pork,Restaurants,BC Interior,160,141.40,0.00,22488.46,97.83,15652.80,721.41
2026-07-01,P01,Pork,Grocery Retail,Lower Mainland,362,141.40,0.03,43599.90,98.32,35591.84,606.68
2026-07-01,P01,Pork,Grocery Retail,Vancouver Island,131,141.40,0.03,15779.48,98.22,12866.82,460.92
2026-07-01,P01,Pork,Grocery Retail,BC Interior,121,141.40,0.00,15086.34,97.73,11825.33,539.64
2026-07-01,P01,Pork,Hotels & Institutions,Lower Mainland,181,141.40,0.00,24289.42,98.03,17743.43,306.08
2026-07-01,P01,Pork,Hotels & Institutions,Vancouver Island,62,141.40,0.00,8295.17,98.03,6077.86,215.49
2026-07-01,P01,Pork,Hotels & Institutions,BC Interior,64,141.40,0.01,8562.46,98.13,6280.32,288.85
2026-07-01,P01,Pork,Online Direct,Lower Mainland,78,141.40,0.01,12167.73,97.93,7638.54,800.47
2026-07-01,P01,Pork,Online Direct,Vancouver Island,28,141.40,0.01,4390.07,98.03,2744.84,339.71
2026-07-01,P01,Pork,Online Direct,BC Interior,29,141.40,0.01,4574.25,98.03,2842.87,364.43
2026-07-01,P02,Pork,Restaurants,Lower Mainland,306,111.40,0.01,33678.38,76.21,23320.26,506.14
2026-07-01,P02,Pork,Restaurants,Vancouver Island,110,111.40,0.01,12082.44,76.13,8374.30,400.00
2026-07-01,P02,Pork,Restaurants,BC Interior,113,111.40,0.01,12550.08,75.98,8585.74,513.02
2026-07-01,P02,Pork,Grocery Retail,Lower Mainland,247,111.40,0.04,23318.86,75.90,18747.30,415.20
2026-07-01,P02,Pork,Grocery Retail,Vancouver Island,87,111.40,0.01,8485.83,75.98,6610.26,311.08
2026-07-01,P02,Pork,Grocery Retail,BC Interior,86,111.40,0.03,8194.92,75.98,6534.28,389.67
2026-07-01,P02,Pork,Hotels & Institutions,Lower Mainland,126,111.40,0.01,13254.48,76.36,9621.36,207.35
2026-07-01,P02,Pork,Hotels & Institutions,Vancouver Island,45,111.40,0.01,4728.98,76.28,3432.60,164.28
2026-07-01,P02,Pork,Hotels & Institutions,BC Interior,44,111.40,0.01,4642.42,76.36,3359.84,194.27
2026-07-01,P02,Pork,Online Direct,Lower Mainland,53,111.40,0.01,6513.51,76.13,4034.89,523.40
2026-07-01,P02,Pork,Online Direct,Vancouver Island,21,111.40,0.00,2607.04,76.28,1601.88,248.19
2026-07-01,P02,Pork,Online Direct,BC Interior,20,111.40,0.00,2490.36,76.13,1522.60,256.00
2026-07-01,P03,Pork,Restaurants,Lower Mainland,263,156.40,0.01,40394.65,109.09,28690.67,455.36
2026-07-01,P03,Pork,Restaurants,Vancouver Island,95,156.40,0.00,14828.30,108.98,10353.10,336.97
2026-07-01,P03,Pork,Restaurants,BC Interior,95,156.40,0.00,14902.57,109.20,10374.00,416.91
2026-07-01,P03,Pork,Grocery Retail,Lower Mainland,223,156.40,0.01,30385.66,109.53,24425.19,384.23
2026-07-01,P03,Pork,Grocery Retail,Vancouver Island,80,156.40,0.02,10736.22,109.53,8762.40,277.76
2026-07-01,P03,Pork,Grocery Retail,BC Interior,76,156.40,0.00,10428.61,108.87,8274.12,337.25
2026-07-01,P03,Pork,Hotels & Institutions,Lower Mainland,106,156.40,0.01,15670.64,108.87,11540.22,181.03
2026-07-01,P03,Pork,Hotels & Institutions,Vancouver Island,38,156.40,0.01,5561.60,109.09,4145.42,137.37
2026-07-01,P03,Pork,Hotels & Institutions,BC Interior,40,156.40,0.01,5913.45,109.42,4376.80,173.94
2026-07-01,P03,Pork,Online Direct,Lower Mainland,49,156.40,0.01,8557.33,109.09,5345.41,488.39
2026-07-01,P03,Pork,Online Direct,Vancouver Island,17,156.40,0.01,2953.93,109.09,1854.53,209.53
2026-07-01,P03,Pork,Online Direct,BC Interior,18,156.40,0.00,3149.87,109.31,1967.58,237.86
2026-07-01,P04,Pork,Restaurants,Lower Mainland,381,98.55,0.00,37509.93,67.63,25767.03,627.00
2026-07-01,P04,Pork,Restaurants,Vancouver Island,140,98.55,0.00,13796.78,67.90,9506.00,500.09
2026-07-01,P04,Pork,Restaurants,BC Interior,134,98.55,0.01,13139.20,67.90,9098.60,582.69
2026-07-01,P04,Pork,Grocery Retail,Lower Mainland,317,98.55,0.04,26449.72,67.63,21438.71,537.13
2026-07-01,P04,Pork,Grocery Retail,Vancouver Island,114,98.55,0.02,9669.74,68.04,7756.56,414.54
2026-07-01,P04,Pork,Grocery Retail,BC Interior,118,98.55,0.02,10029.29,67.97,8020.46,523.10
2026-07-01,P04,Pork,Hotels & Institutions,Lower Mainland,159,98.55,0.00,14841.35,67.97,10807.23,267.01
2026-07-01,P04,Pork,Hotels & Institutions,Vancouver Island,58,98.55,0.00,5392.16,67.70,3926.60,203.24
2026-07-01,P04,Pork,Hotels & Institutions,BC Interior,60,98.55,0.01,5566.50,67.97,4078.20,265.72
2026-07-01,P04,Pork,Online Direct,Lower Mainland,67,98.55,0.01,7321.24,67.90,4549.30,688.26
2026-07-01,P04,Pork,Online Direct,Vancouver Island,25,98.55,0.01,2715.36,67.77,1694.25,296.67
2026-07-01,P04,Pork,Online Direct,BC Interior,25,98.55,0.00,2762.16,68.04,1701.00,328.09
2026-07-01,C01,Poultry,Restaurants,Lower Mainland,663,83.55,0.01,54951.17,59.99,39773.37,1124.51
2026-07-01,C01,Poultry,Restaurants,Vancouver Island,254,83.55,0.00,21179.26,59.93,15222.22,920.00
2026-07-01,C01,Poultry,Restaurants,BC Interior,241,83.55,0.01,19954.73,59.99,14457.59,1104.88
2026-07-01,C01,Poultry,Grocery Retail,Lower Mainland,549,83.55,0.03,39316.20,60.17,33033.33,924.69
2026-07-01,C01,Poultry,Grocery Retail,Vancouver Island,206,83.55,0.01,15009.09,60.11,12382.66,753.50
2026-07-01,C01,Poultry,Grocery Retail,BC Interior,195,83.55,0.03,13850.63,60.05,11709.75,862.71
2026-07-01,C01,Poultry,Hotels & Institutions,Lower Mainland,285,83.55,0.00,22598.27,60.11,17131.35,479.07
2026-07-01,C01,Poultry,Hotels & Institutions,Vancouver Island,103,83.55,0.01,8158.89,60.05,6185.15,377.85
2026-07-01,C01,Poultry,Hotels & Institutions,BC Interior,103,83.55,0.00,8142.67,59.93,6172.79,463.03
2026-07-01,C01,Poultry,Online Direct,Lower Mainland,131,83.55,0.01,12122.88,59.99,7858.69,1339.04
2026-07-01,C01,Poultry,Online Direct,Vancouver Island,46,83.55,0.01,4278.50,60.17,2767.82,557.54
2026-07-01,C01,Poultry,Online Direct,BC Interior,47,83.55,0.01,4367.21,59.93,2816.71,600.38
2026-07-01,C02,Poultry,Restaurants,Lower Mainland,619,132.83,0.01,81071.73,94.53,58514.07,1051.96
2026-07-01,C02,Poultry,Restaurants,Vancouver Island,225,132.83,0.01,29469.32,94.43,21246.75,814.96
2026-07-01,C02,Poultry,Restaurants,BC Interior,211,132.83,0.01,27801.57,94.72,19985.92,933.50
2026-07-01,C02,Poultry,Grocery Retail,Lower Mainland,489,132.83,0.02,56128.25,94.53,46225.17,812.13
2026-07-01,C02,Poultry,Grocery Retail,Vancouver Island,173,132.83,0.00,20161.29,95.00,16435.00,634.03
2026-07-01,C02,Poultry,Grocery Retail,BC Interior,179,132.83,0.01,20839.25,94.53,16920.87,812.66
2026-07-01,C02,Poultry,Hotels & Institutions,Lower Mainland,250,132.83,0.01,31043.25,94.81,23702.50,413.52
2026-07-01,C02,Poultry,Hotels & Institutions,Vancouver Island,92,132.83,0.01,11539.22,94.91,8731.72,327.64
2026-07-01,C02,Poultry,Hotels & Institutions,BC Interior,90,132.83,0.01,11265.88,94.43,8498.70,402.59
2026-07-01,C02,Poultry,Online Direct,Lower Mainland,108,132.83,0.01,15986.68,94.62,10218.96,1121.53
2026-07-01,C02,Poultry,Online Direct,Vancouver Island,41,132.83,0.00,6063.01,94.62,3879.42,508.32
2026-07-01,C02,Poultry,Online Direct,BC Interior,41,132.83,0.01,6044.74,94.91,3891.31,529.58
2026-07-01,C03,Poultry,Restaurants,Lower Mainland,503,102.84,0.00,51573.33,72.82,36628.46,837.07
2026-07-01,C03,Poultry,Restaurants,Vancouver Island,181,102.84,0.01,18464.51,72.60,13140.60,632.32
2026-07-01,C03,Poultry,Restaurants,BC Interior,187,102.84,0.01,18981.50,73.04,13658.48,829.82
2026-07-01,C03,Poultry,Grocery Retail,Lower Mainland,390,102.84,0.04,34056.76,72.97,28458.30,670.65
2026-07-01,C03,Poultry,Grocery Retail,Vancouver Island,143,102.84,0.04,12499.41,72.97,10434.71,517.44
2026-07-01,C03,Poultry,Grocery Retail,BC Interior,147,102.84,0.03,12970.45,72.60,10672.20,659.52
2026-07-01,C03,Poultry,Hotels & Institutions,Lower Mainland,211,102.84,0.01,20448.37,72.60,15318.60,350.43
2026-07-01,C03,Poultry,Hotels & Institutions,Vancouver Island,74,102.84,0.00,7179.13,73.04,5404.96,270.94
2026-07-01,C03,Poultry,Hotels & Institutions,BC Interior,77,102.84,0.01,7432.13,72.67,5595.59,351.30
2026-07-01,C03,Poultry,Online Direct,Lower Mainland,87,102.84,0.01,9920.13,72.67,6322.29,868.91
2026-07-01,C03,Poultry,Online Direct,Vancouver Island,32,102.84,0.01,3638.00,72.67,2325.44,395.19
2026-07-01,C03,Poultry,Online Direct,BC Interior,33,102.84,0.01,3793.27,72.67,2398.11,421.54
2026-07-01,C04,Poultry,Restaurants,Lower Mainland,115,201.39,0.01,22835.61,139.89,16087.35,198.72
2026-07-01,C04,Poultry,Restaurants,Vancouver Island,40,201.39,0.01,7983.16,139.47,5578.80,138.74
2026-07-01,C04,Poultry,Restaurants,BC Interior,42,201.39,0.01,8441.34,139.75,5869.50,190.12
2026-07-01,C04,Poultry,Grocery Retail,Lower Mainland,92,201.39,0.01,16141.10,139.75,12857.00,153.57
2026-07-01,C04,Poultry,Grocery Retail,Vancouver Island,34,201.39,0.03,5874.79,139.75,4751.50,118.41
2026-07-01,C04,Poultry,Grocery Retail,BC Interior,34,201.39,0.03,5868.76,139.61,4746.74,152.24
2026-07-01,C04,Poultry,Hotels & Institutions,Lower Mainland,49,201.39,0.01,9234.42,139.75,6847.75,84.34
2026-07-01,C04,Poultry,Hotels & Institutions,Vancouver Island,17,201.39,0.01,3216.63,140.03,2380.51,59.27
2026-07-01,C04,Poultry,Hotels & Institutions,BC Interior,17,201.39,0.01,3236.14,140.03,2380.51,77.71
2026-07-01,C04,Poultry,Online Direct,Lower Mainland,20,201.39,0.01,4461.62,139.61,2792.20,209.12
2026-07-01,C04,Poultry,Online Direct,Vancouver Island,8,201.39,0.01,1789.96,139.20,1113.60,95.03
2026-07-01,C04,Poultry,Online Direct,BC Interior,7,201.39,0.01,1569.41,139.89,979.23,91.05
2026-07-01,S01,Seafood,Restaurants,Lower Mainland,358,193.97,0.00,69302.38,140.69,50367.02,588.54
2026-07-01,S01,Seafood,Restaurants,Vancouver Island,138,193.97,0.00,26634.18,140.97,19453.86,492.94
2026-07-01,S01,Seafood,Restaurants,BC Interior,129,193.97,0.01,24820.75,140.69,18149.01,558.07
2026-07-01,S01,Seafood,Grocery Retail,Lower Mainland,295,193.97,0.01,49950.11,140.69,41503.55,498.36
2026-07-01,S01,Seafood,Grocery Retail,Vancouver Island,107,193.97,0.01,18008.24,140.69,15053.83,371.12
2026-07-01,S01,Seafood,Grocery Retail,BC Interior,105,193.97,0.01,17832.57,140.55,14757.75,457.05
2026-07-01,S01,Seafood,Hotels & Institutions,Lower Mainland,150,193.97,0.00,27640.28,141.25,21187.50,245.08
2026-07-01,S01,Seafood,Hotels & Institutions,Vancouver Island,56,193.97,0.01,10256.88,140.83,7886.48,196.23
2026-07-01,S01,Seafood,Hotels & Institutions,BC Interior,54,193.97,0.00,9891.04,140.97,7612.38,241.07
2026-07-01,S01,Seafood,Online Direct,Lower Mainland,64,193.97,0.00,13820.46,141.40,9049.60,634.64
2026-07-01,S01,Seafood,Online Direct,Vancouver Island,23,193.97,0.01,4956.75,140.83,3239.09,272.10
2026-07-01,S01,Seafood,Online Direct,BC Interior,24,193.97,0.01,5172.28,141.11,3386.64,304.40
2026-07-01,S02,Seafood,Restaurants,Lower Mainland,150,235.85,0.01,35235.57,169.76,25464.00,248.36
2026-07-01,S02,Seafood,Restaurants,Vancouver Island,55,235.85,0.01,12855.19,170.61,9383.55,198.62
2026-07-01,S02,Seafood,Restaurants,BC Interior,58,235.85,0.00,13651.96,169.93,9855.94,251.95
2026-07-01,S02,Seafood,Grocery Retail,Lower Mainland,123,235.85,0.02,25018.32,170.79,21007.17,204.07
2026-07-01,S02,Seafood,Grocery Retail,Vancouver Island,47,235.85,0.00,9696.31,169.76,7978.72,171.41
2026-07-01,S02,Seafood,Grocery Retail,BC Interior,48,235.85,0.00,9912.55,170.27,8172.96,215.78
2026-07-01,S02,Seafood,Hotels & Institutions,Lower Mainland,62,235.85,0.00,13822.19,170.61,10577.82,105.16
2026-07-01,S02,Seafood,Hotels & Institutions,Vancouver Island,24,235.85,0.01,5339.77,170.61,4094.64,86.84
2026-07-01,S02,Seafood,Hotels & Institutions,BC Interior,23,235.85,0.00,5158.44,170.10,3912.30,105.04
2026-07-01,S02,Seafood,Online Direct,Lower Mainland,27,235.85,0.00,7117.84,170.61,4606.47,269.66
2026-07-01,S02,Seafood,Online Direct,Vancouver Island,10,235.85,0.01,2604.57,169.93,1699.30,119.03
2026-07-01,S02,Seafood,Online Direct,BC Interior,10,235.85,0.01,2612.51,170.61,1706.10,130.46
2026-07-01,S03,Seafood,Restaurants,Lower Mainland,94,336.14,0.01,31343.34,241.79,22728.26,160.70
2026-07-01,S03,Seafood,Restaurants,Vancouver Island,37,336.14,0.01,12325.12,241.79,8946.23,129.79
2026-07-01,S03,Seafood,Restaurants,BC Interior,36,336.14,0.01,11931.44,241.79,8704.44,162.32
2026-07-01,S03,Seafood,Grocery Retail,Lower Mainland,78,336.14,0.02,22726.19,240.58,18765.24,128.75
2026-07-01,S03,Seafood,Grocery Retail,Vancouver Island,28,336.14,0.03,8058.63,240.58,6736.24,102.32
2026-07-01,S03,Seafood,Grocery Retail,BC Interior,29,336.14,0.03,8329.26,241.30,6997.70,131.79
2026-07-01,S03,Seafood,Hotels & Institutions,Lower Mainland,40,336.14,0.00,12722.28,240.34,9613.60,67.04
2026-07-01,S03,Seafood,Hotels & Institutions,Vancouver Island,15,336.14,0.01,4746.71,240.82,3612.30,52.88
2026-07-01,S03,Seafood,Hotels & Institutions,BC Interior,15,336.14,0.01,4713.49,240.82,3612.30,65.16
2026-07-01,S03,Seafood,Online Direct,Lower Mainland,18,336.14,0.01,6654.91,241.79,4352.22,188.21
2026-07-01,S03,Seafood,Online Direct,Vancouver Island,6,336.14,0.01,2233.88,240.82,1444.92,70.55
2026-07-01,S03,Seafood,Online Direct,BC Interior,7,336.14,0.00,2622.17,240.58,1684.06,89.69
2026-07-01,S04,Seafood,Restaurants,Lower Mainland,189,152.09,0.01,28600.60,109.69,20731.41,319.29
2026-07-01,S04,Seafood,Restaurants,Vancouver Island,65,152.09,0.01,9796.52,109.69,7129.85,236.59
2026-07-01,S04,Seafood,Restaurants,BC Interior,68,152.09,0.01,10238.92,109.47,7443.96,297.51
2026-07-01,S04,Seafood,Grocery Retail,Lower Mainland,148,152.09,0.02,19413.05,110.13,16299.24,246.54
2026-07-01,S04,Seafood,Grocery Retail,Vancouver Island,53,152.09,0.01,7029.69,109.58,5807.74,184.59
2026-07-01,S04,Seafood,Grocery Retail,BC Interior,54,152.09,0.02,7075.21,109.47,5911.38,247.57
2026-07-01,S04,Seafood,Hotels & Institutions,Lower Mainland,72,152.09,0.00,10361.34,109.91,7913.52,123.81
2026-07-01,S04,Seafood,Hotels & Institutions,Vancouver Island,26,152.09,0.01,3741.52,110.02,2860.52,94.27
2026-07-01,S04,Seafood,Hotels & Institutions,BC Interior,27,152.09,0.00,3901.10,110.13,2973.51,116.69
2026-07-01,S04,Seafood,Online Direct,Lower Mainland,33,152.09,0.00,5587.56,109.69,3619.77,333.96
2026-07-01,S04,Seafood,Online Direct,Vancouver Island,12,152.09,0.00,2046.13,109.58,1314.96,145.59
2026-07-01,S04,Seafood,Online Direct,BC Interior,12,152.09,0.00,2035.92,110.02,1320.24,151.58
2026-07-01,H01,Charcuterie,Restaurants,Lower Mainland,171,201.39,0.00,34368.71,115.80,19801.80,284.28
2026-07-01,H01,Charcuterie,Restaurants,Vancouver Island,59,201.39,0.01,11750.59,116.03,6845.77,204.85
2026-07-01,H01,Charcuterie,Restaurants,BC Interior,58,201.39,0.01,11587.07,115.45,6696.10,256.60
2026-07-01,H01,Charcuterie,Grocery Retail,Lower Mainland,140,201.39,0.00,24761.63,115.45,16163.00,231.80
2026-07-01,H01,Charcuterie,Grocery Retail,Vancouver Island,51,201.39,0.04,8694.92,115.91,5911.41,183.63
2026-07-01,H01,Charcuterie,Grocery Retail,BC Interior,48,201.39,0.04,8184.35,115.68,5552.64,220.06
2026-07-01,H01,Charcuterie,Hotels & Institutions,Lower Mainland,66,201.39,0.01,12576.58,115.80,7642.80,111.05
2026-07-01,H01,Charcuterie,Hotels & Institutions,Vancouver Island,24,201.39,0.01,4563.96,115.91,2781.84,86.24
2026-07-01,H01,Charcuterie,Hotels & Institutions,BC Interior,25,201.39,0.01,4739.97,115.91,2897.75,112.50
2026-07-01,H01,Charcuterie,Online Direct,Lower Mainland,29,201.39,0.01,6482.21,115.45,3348.05,292.30
2026-07-01,H01,Charcuterie,Online Direct,Vancouver Island,11,201.39,0.01,2458.74,115.68,1272.48,132.26
2026-07-01,H01,Charcuterie,Online Direct,BC Interior,11,201.39,0.00,2476.16,115.91,1275.01,141.51
2026-07-01,H02,Charcuterie,Restaurants,Lower Mainland,152,167.11,0.01,25298.81,95.26,14479.52,254.48
2026-07-01,H02,Charcuterie,Restaurants,Vancouver Island,55,167.11,0.01,9126.80,95.35,5244.25,195.28
2026-07-01,H02,Charcuterie,Restaurants,BC Interior,53,167.11,0.01,8750.55,95.16,5043.48,240.86
2026-07-01,H02,Charcuterie,Grocery Retail,Lower Mainland,118,167.11,0.04,16743.38,95.35,11251.30,199.74
2026-07-01,H02,Charcuterie,Grocery Retail,Vancouver Island,43,167.11,0.01,6209.90,94.97,4083.71,149.14
2026-07-01,H02,Charcuterie,Grocery Retail,BC Interior,43,167.11,0.04,6071.42,95.26,4096.18,190.43
2026-07-01,H02,Charcuterie,Hotels & Institutions,Lower Mainland,59,167.11,0.01,9282.29,95.16,5614.44,99.18
2026-07-01,H02,Charcuterie,Hotels & Institutions,Vancouver Island,21,167.11,0.01,3283.92,94.88,1992.48,74.79
2026-07-01,H02,Charcuterie,Hotels & Institutions,BC Interior,22,167.11,0.01,3457.54,95.35,2097.70,95.67
2026-07-01,H02,Charcuterie,Online Direct,Lower Mainland,26,167.11,0.00,4837.08,94.97,2469.22,259.41
2026-07-01,H02,Charcuterie,Online Direct,Vancouver Island,10,167.11,0.00,1856.69,95.35,953.50,119.63
2026-07-01,H02,Charcuterie,Online Direct,BC Interior,10,167.11,0.00,1877.25,95.07,950.70,130.98
2026-07-01,H03,Charcuterie,Restaurants,Lower Mainland,73,218.52,0.01,15856.14,127.69,9321.37,123.45
2026-07-01,H03,Charcuterie,Restaurants,Vancouver Island,27,218.52,0.01,5794.17,127.43,3440.61,95.00
2026-07-01,H03,Charcuterie,Restaurants,BC Interior,28,218.52,0.01,6087.88,127.95,3582.60,127.12
2026-07-01,H03,Charcuterie,Grocery Retail,Lower Mainland,62,218.52,0.00,11898.62,127.31,7893.22,106.72
2026-07-01,H03,Charcuterie,Grocery Retail,Vancouver Island,23,218.52,0.01,4396.28,127.95,2942.85,83.14
2026-07-01,H03,Charcuterie,Grocery Retail,BC Interior,22,218.52,0.03,4107.60,128.07,2817.54,95.57
2026-07-01,H03,Charcuterie,Hotels & Institutions,Lower Mainland,32,218.52,0.01,6589.86,127.69,4086.08,54.97
2026-07-01,H03,Charcuterie,Hotels & Institutions,Vancouver Island,11,218.52,0.00,2269.85,127.31,1400.41,38.94
2026-07-01,H03,Charcuterie,Hotels & Institutions,BC Interior,11,218.52,0.01,2272.03,127.56,1403.16,50.48
2026-07-01,H03,Charcuterie,Online Direct,Lower Mainland,14,218.52,0.00,3419.54,127.95,1791.30,142.82
2026-07-01,H03,Charcuterie,Online Direct,Vancouver Island,5,218.52,0.01,1206.63,127.69,638.45,60.78
2026-07-01,H03,Charcuterie,Online Direct,BC Interior,5,218.52,0.00,1227.38,127.56,637.80,66.14
2026-07-01,H04,Charcuterie,Restaurants,Lower Mainland,129,102.84,0.01,13094.37,57.88,7466.52,220.10
2026-07-01,H04,Charcuterie,Restaurants,Vancouver Island,46,102.84,0.00,4711.74,58.23,2678.58,163.33
2026-07-01,H04,Charcuterie,Restaurants,BC Interior,48,102.84,0.00,4926.45,58.23,2795.04,218.35
2026-07-01,H04,Charcuterie,Grocery Retail,Lower Mainland,108,102.84,0.01,9705.20,57.99,6262.92,186.81
2026-07-01,H04,Charcuterie,Grocery Retail,Vancouver Island,40,102.84,0.00,3623.59,57.88,2315.20,143.45
2026-07-01,H04,Charcuterie,Grocery Retail,BC Interior,41,102.84,0.02,3643.74,57.88,2373.08,183.58
2026-07-01,H04,Charcuterie,Hotels & Institutions,Lower Mainland,56,102.84,0.00,5482.01,58.23,3260.88,94.89
2026-07-01,H04,Charcuterie,Hotels & Institutions,Vancouver Island,20,102.84,0.01,1934.40,58.11,1162.20,72.66
2026-07-01,H04,Charcuterie,Hotels & Institutions,BC Interior,20,102.84,0.00,1952.01,57.94,1158.80,86.97
2026-07-01,H04,Charcuterie,Online Direct,Lower Mainland,25,102.84,0.01,2856.52,58.23,1455.75,255.29
2026-07-01,H04,Charcuterie,Online Direct,Vancouver Island,9,102.84,0.00,1039.74,58.17,523.53,106.69
2026-07-01,H04,Charcuterie,Online Direct,BC Interior,9,102.84,0.01,1023.19,58.05,522.45,114.15
2026-07-01,D01,Cheese & Dairy,Restaurants,Lower Mainland,198,152.11,0.01,29666.43,93.21,18455.58,323.84
2026-07-01,D01,Cheese & Dairy,Restaurants,Vancouver Island,76,152.11,0.01,11502.56,93.40,7098.40,272.02
2026-07-01,D01,Cheese & Dairy,Restaurants,BC Interior,75,152.11,0.00,11374.03,93.31,6998.25,344.18
2026-07-01,D01,Cheese & Dairy,Grocery Retail,Lower Mainland,173,152.11,0.01,22787.61,93.68,16206.64,295.17
2026-07-01,D01,Cheese & Dairy,Grocery Retail,Vancouver Island,62,152.11,0.03,8057.35,93.68,5808.16,221.02
2026-07-01,D01,Cheese & Dairy,Grocery Retail,BC Interior,62,152.11,0.02,8140.67,93.21,5779.02,271.81
2026-07-01,D01,Cheese & Dairy,Hotels & Institutions,Lower Mainland,81,152.11,0.01,11494.70,93.21,7550.01,137.66
2026-07-01,D01,Cheese & Dairy,Hotels & Institutions,Vancouver Island,29,152.11,0.00,4157.17,93.12,2700.48,102.14
2026-07-01,D01,Cheese & Dairy,Hotels & Institutions,BC Interior,30,152.11,0.01,4274.38,93.68,2810.40,131.39
2026-07-01,D01,Cheese & Dairy,Online Direct,Lower Mainland,36,152.11,0.01,6059.20,93.68,3372.48,374.58
2026-07-01,D01,Cheese & Dairy,Online Direct,Vancouver Island,14,152.11,0.00,2373.17,93.31,1306.34,172.56
2026-07-01,D01,Cheese & Dairy,Online Direct,BC Interior,14,152.11,0.00,2392.24,93.31,1306.34,179.56
2026-07-01,D02,Cheese & Dairy,Restaurants,Lower Mainland,175,126.40,0.01,22075.43,76.91,13459.25,290.05
2026-07-01,D02,Cheese & Dairy,Restaurants,Vancouver Island,65,126.40,0.01,8125.28,76.84,4994.60,237.99
2026-07-01,D02,Cheese & Dairy,Restaurants,BC Interior,64,126.40,0.01,8049.10,77.22,4942.08,284.86
2026-07-01,D02,Cheese & Dairy,Grocery Retail,Lower Mainland,147,126.40,0.00,16367.36,77.22,11351.34,254.27
2026-07-01,D02,Cheese & Dairy,Grocery Retail,Vancouver Island,53,126.40,0.00,5854.10,76.84,4072.52,185.53
2026-07-01,D02,Cheese & Dairy,Grocery Retail,BC Interior,54,126.40,0.01,5964.52,77.07,4161.78,239.87
2026-07-01,D02,Cheese & Dairy,Hotels & Institutions,Lower Mainland,68,126.40,0.01,8083.70,77.22,5250.96,114.65
2026-07-01,D02,Cheese & Dairy,Hotels & Institutions,Vancouver Island,25,126.40,0.01,2959.97,76.84,1921.00,90.73
2026-07-01,D02,Cheese & Dairy,Hotels & Institutions,BC Interior,27,126.40,0.01,3203.16,76.91,2076.57,117.41
2026-07-01,D02,Cheese & Dairy,Online Direct,Lower Mainland,32,126.40,0.01,4475.86,76.76,2456.32,323.18
2026-07-01,D02,Cheese & Dairy,Online Direct,Vancouver Island,12,126.40,0.01,1671.68,76.84,922.08,140.95
2026-07-01,D02,Cheese & Dairy,Online Direct,BC Interior,12,126.40,0.00,1695.42,76.99,923.88,152.82
2026-07-01,D03,Cheese & Dairy,Restaurants,Lower Mainland,93,252.80,0.01,23158.07,158.05,14698.65,158.83
2026-07-01,D03,Cheese & Dairy,Restaurants,Vancouver Island,34,252.80,0.00,8560.85,157.73,5362.82,118.05
2026-07-01,D03,Cheese & Dairy,Restaurants,BC Interior,34,252.80,0.01,8466.50,158.21,5379.14,148.15
2026-07-01,D03,Cheese & Dairy,Grocery Retail,Lower Mainland,72,252.80,0.03,15506.24,157.89,11368.08,122.97
2026-07-01,D03,Cheese & Dairy,Grocery Retail,Vancouver Island,28,252.80,0.01,6191.57,157.73,4416.44,101.52
2026-07-01,D03,Cheese & Dairy,Grocery Retail,BC Interior,27,252.80,0.04,5778.28,158.05,4267.35,119.69
2026-07-01,D03,Cheese & Dairy,Hotels & Institutions,Lower Mainland,39,252.80,0.01,9309.67,157.89,6157.71,64.71
2026-07-01,D03,Cheese & Dairy,Hotels & Institutions,Vancouver Island,13,252.80,0.01,3087.74,157.73,2050.49,45.41
2026-07-01,D03,Cheese & Dairy,Hotels & Institutions,BC Interior,13,252.80,0.01,3106.39,157.58,2048.54,57.75
2026-07-01,D03,Cheese & Dairy,Online Direct,Lower Mainland,16,252.80,0.01,4511.96,157.26,2516.16,159.31
2026-07-01,D03,Cheese & Dairy,Online Direct,Vancouver Island,6,252.80,0.01,1686.87,157.42,944.52,74.32
2026-07-01,D03,Cheese & Dairy,Online Direct,BC Interior,6,252.80,0.01,1695.38,157.89,947.34,76.88
2026-07-01,D04,Cheese & Dairy,Restaurants,Lower Mainland,251,92.12,0.00,23075.81,55.82,14010.82,426.56
2026-07-01,D04,Cheese & Dairy,Restaurants,Vancouver Island,89,92.12,0.01,8084.17,55.71,4958.19,311.55
2026-07-01,D04,Cheese & Dairy,Restaurants,BC Interior,94,92.12,0.00,8641.96,55.60,5226.40,420.06
2026-07-01,D04,Cheese & Dairy,Grocery Retail,Lower Mainland,202,92.12,0.04,15657.36,55.54,11219.08,348.38
2026-07-01,D04,Cheese & Dairy,Grocery Retail,Vancouver Island,75,92.12,0.03,5903.02,55.82,4186.50,269.51
2026-07-01,D04,Cheese & Dairy,Grocery Retail,BC Interior,73,92.12,0.01,5864.47,55.77,4071.21,333.37
2026-07-01,D04,Cheese & Dairy,Hotels & Institutions,Lower Mainland,101,92.12,0.01,8768.34,55.54,5609.54,169.78
2026-07-01,D04,Cheese & Dairy,Hotels & Institutions,Vancouver Island,38,92.12,0.01,3272.45,55.77,2119.26,133.84
2026-07-01,D04,Cheese & Dairy,Hotels & Institutions,BC Interior,39,92.12,0.01,3348.40,55.82,2176.98,170.63
2026-07-01,D04,Cheese & Dairy,Online Direct,Lower Mainland,46,92.12,0.01,4707.83,55.54,2554.84,465.51
2026-07-01,D04,Cheese & Dairy,Online Direct,Vancouver Island,17,92.12,0.00,1750.46,55.54,944.18,203.58
2026-07-01,D04,Cheese & Dairy,Online Direct,BC Interior,16,92.12,0.00,1645.84,55.54,888.64,206.87
2026-08-01,B01,Beef,Restaurants,Lower Mainland,310,289.84,0.00,90029.83,225.37,69864.70,534.65
2026-08-01,B01,Beef,Restaurants,Vancouver Island,112,289.84,0.01,32105.78,224.25,25116.00,400.87
2026-08-01,B01,Beef,Restaurants,BC Interior,110,289.84,0.00,31786.82,224.70,24717.00,487.15
2026-08-01,B01,Beef,Grocery Retail,Lower Mainland,258,289.84,0.04,63491.82,224.70,57972.60,443.23
2026-08-01,B01,Beef,Grocery Retail,Vancouver Island,92,289.84,0.04,22641.48,225.37,20734.04,329.61
2026-08-01,B01,Beef,Grocery Retail,BC Interior,89,289.84,0.04,21749.51,224.70,19998.30,390.58
2026-08-01,B01,Beef,Hotels & Institutions,Lower Mainland,124,289.84,0.01,33836.34,225.37,27945.88,205.31
2026-08-01,B01,Beef,Hotels & Institutions,Vancouver Island,48,289.84,0.00,13190.27,224.25,10764.00,168.37
2026-08-01,B01,Beef,Hotels & Institutions,BC Interior,48,289.84,0.00,13177.08,224.47,10774.56,215.78
2026-08-01,B01,Beef,Online Direct,Lower Mainland,58,289.84,0.00,18828.01,224.92,13045.36,607.03
2026-08-01,B01,Beef,Online Direct,Vancouver Island,21,289.84,0.01,6776.03,224.47,4713.87,248.95
2026-08-01,B01,Beef,Online Direct,BC Interior,21,289.84,0.01,6694.64,224.92,4723.32,266.08
2026-08-01,B02,Beef,Restaurants,Lower Mainland,834,127.62,0.01,105902.27,98.27,81957.18,1385.10
2026-08-01,B02,Beef,Restaurants,Vancouver Island,313,127.62,0.01,39704.75,98.17,30727.21,1087.86
2026-08-01,B02,Beef,Restaurants,BC Interior,312,127.62,0.01,39459.08,98.17,30629.04,1365.05
2026-08-01,B02,Beef,Grocery Retail,Lower Mainland,657,127.62,0.01,72751.79,97.97,64366.29,1094.45
2026-08-01,B02,Beef,Grocery Retail,Vancouver Island,246,127.62,0.03,26662.05,98.36,24196.56,874.33
2026-08-01,B02,Beef,Grocery Retail,BC Interior,246,127.62,0.00,27627.15,98.07,24125.22,1092.73
2026-08-01,B02,Beef,Hotels & Institutions,Lower Mainland,337,127.62,0.01,40123.95,97.97,33015.89,559.69
2026-08-01,B02,Beef,Hotels & Institutions,Vancouver Island,125,127.62,0.01,14988.54,98.17,12271.25,456.77
2026-08-01,B02,Beef,Hotels & Institutions,BC Interior,126,127.62,0.01,15229.86,98.46,12405.96,567.55
2026-08-01,B02,Beef,Online Direct,Lower Mainland,151,127.62,0.01,21303.16,98.07,14808.57,1517.34
2026-08-01,B02,Beef,Online Direct,Vancouver Island,54,127.62,0.01,7656.64,98.46,5316.84,659.06
2026-08-01,B02,Beef,Online Direct,BC Interior,54,127.62,0.01,7664.37,98.36,5311.44,714.28
2026-08-01,B03,Beef,Restaurants,Lower Mainland,377,211.97,0.01,79189.32,165.11,62246.47,640.69
2026-08-01,B03,Beef,Restaurants,Vancouver Island,132,211.97,0.00,28063.98,165.28,21816.96,474.81
2026-08-01,B03,Beef,Restaurants,BC Interior,127,211.97,0.01,26571.04,165.11,20968.97,559.61
2026-08-01,B03,Beef,Grocery Retail,Lower Mainland,292,211.97,0.03,52617.70,165.94,48454.48,489.86
2026-08-01,B03,Beef,Grocery Retail,Vancouver Island,103,211.97,0.04,18502.08,165.28,17023.84,364.24
2026-08-01,B03,Beef,Grocery Retail,BC Interior,107,211.97,0.01,19759.98,165.11,17666.77,472.43
2026-08-01,B03,Beef,Hotels & Institutions,Lower Mainland,144,211.97,0.01,28822.35,164.94,23751.36,244.48
2026-08-01,B03,Beef,Hotels & Institutions,Vancouver Island,52,211.97,0.01,10345.19,165.94,8628.88,190.95
2026-08-01,B03,Beef,Hotels & Institutions,BC Interior,56,211.97,0.00,11254.22,164.94,9236.64,254.74
2026-08-01,B03,Beef,Online Direct,Lower Mainland,69,211.97,0.01,16119.58,165.61,11427.09,702.49
2026-08-01,B03,Beef,Online Direct,Vancouver Island,25,211.97,0.01,5905.45,165.94,4148.50,299.39
2026-08-01,B03,Beef,Online Direct,BC Interior,24,211.97,0.00,5692.02,165.61,3974.64,305.02
2026-08-01,B04,Beef,Restaurants,Lower Mainland,174,369.87,0.00,64100.21,291.49,50719.26,290.44
2026-08-01,B04,Beef,Restaurants,Vancouver Island,65,369.87,0.01,23729.01,291.49,18946.85,239.15
2026-08-01,B04,Beef,Restaurants,BC Interior,65,369.87,0.01,23824.94,290.32,18870.80,295.97
2026-08-01,B04,Beef,Grocery Retail,Lower Mainland,137,369.87,0.03,43294.09,290.61,39813.57,226.61
2026-08-01,B04,Beef,Grocery Retail,Vancouver Island,51,369.87,0.00,16566.57,291.20,14851.20,183.08
2026-08-01,B04,Beef,Grocery Retail,BC Interior,53,369.87,0.01,17078.38,290.32,15386.96,234.72
2026-08-01,B04,Beef,Hotels & Institutions,Lower Mainland,73,369.87,0.01,25215.50,289.74,21151.02,119.27
2026-08-01,B04,Beef,Hotels & Institutions,Vancouver Island,24,369.87,0.01,8331.46,290.61,6974.64,85.64
2026-08-01,B04,Beef,Hotels & Institutions,BC Interior,26,369.87,0.01,9081.02,290.61,7555.86,114.33
2026-08-01,B04,Beef,Online Direct,Lower Mainland,32,369.87,0.01,13189.38,291.20,9318.40,333.28
2026-08-01,B04,Beef,Online Direct,Vancouver Island,11,369.87,0.01,4533.85,289.74,3187.14,129.21
2026-08-01,B04,Beef,Online Direct,BC Interior,11,369.87,0.01,4511.05,290.32,3193.52,138.95
2026-08-01,P01,Pork,Restaurants,Lower Mainland,440,141.40,0.01,61532.25,98.22,43216.80,720.39
2026-08-01,P01,Pork,Restaurants,Vancouver Island,150,141.40,0.01,20996.71,98.32,14748.00,535.81
2026-08-01,P01,Pork,Restaurants,BC Interior,147,141.40,0.01,20474.55,97.83,14381.01,665.42
2026-08-01,P01,Pork,Grocery Retail,Lower Mainland,350,141.40,0.04,41769.00,98.22,34377.00,600.10
2026-08-01,P01,Pork,Grocery Retail,Vancouver Island,129,141.40,0.04,15395.44,98.03,12645.87,446.97
2026-08-01,P01,Pork,Grocery Retail,BC Interior,129,141.40,0.04,15520.90,97.83,12620.07,565.55
2026-08-01,P01,Pork,Hotels & Institutions,Lower Mainland,173,141.40,0.01,23169.14,97.73,16907.29,298.37
2026-08-01,P01,Pork,Hotels & Institutions,Vancouver Island,62,141.40,0.01,8179.01,97.93,6071.66,221.69
2026-08-01,P01,Pork,Hotels & Institutions,BC Interior,62,141.40,0.01,8187.13,97.93,6071.66,272.09
2026-08-01,P01,Pork,Online Direct,Lower Mainland,80,141.40,0.01,12479.58,97.93,7834.40,792.49
2026-08-01,P01,Pork,Online Direct,Vancouver Island,29,141.40,0.01,4523.85,98.03,2842.87,356.04
2026-08-01,P01,Pork,Online Direct,BC Interior,27,141.40,0.01,4241.73,98.32,2654.64,355.04
2026-08-01,P02,Pork,Restaurants,Lower Mainland,291,111.40,0.01,32156.99,75.98,22110.18,482.31
2026-08-01,P02,Pork,Restaurants,Vancouver Island,113,111.40,0.01,12475.13,76.21,8611.73,414.14
2026-08-01,P02,Pork,Restaurants,BC Interior,109,111.40,0.01,12093.97,76.28,8314.52,494.38
2026-08-01,P02,Pork,Grocery Retail,Lower Mainland,250,111.40,0.02,24067.27,76.13,19032.50,431.59
2026-08-01,P02,Pork,Grocery Retail,Vancouver Island,92,111.40,0.01,8919.90,76.21,7011.32,335.53
2026-08-01,P02,Pork,Grocery Retail,BC Interior,88,111.40,0.02,8497.28,76.28,6712.64,381.49
2026-08-01,P02,Pork,Hotels & Institutions,Lower Mainland,122,111.40,0.01,12692.31,76.13,9287.86,200.57
2026-08-01,P02,Pork,Hotels & Institutions,Vancouver Island,45,111.40,0.00,4743.30,75.98,3419.10,156.56
2026-08-01,P02,Pork,Hotels & Institutions,BC Interior,46,111.40,0.01,4824.26,76.21,3505.66,200.03
2026-08-01,P02,Pork,Online Direct,Lower Mainland,56,111.40,0.00,6979.94,76.36,4276.16,570.13
2026-08-01,P02,Pork,Online Direct,Vancouver Island,20,111.40,0.00,2505.34,76.05,1521.00,245.06
2026-08-01,P02,Pork,Online Direct,BC Interior,20,111.40,0.01,2480.37,75.90,1518.00,257.55
2026-08-01,P03,Pork,Restaurants,Lower Mainland,272,156.40,0.01,41862.19,109.09,29672.48,455.85
2026-08-01,P03,Pork,Restaurants,Vancouver Island,99,156.40,0.00,15545.53,109.09,10799.91,348.68
2026-08-01,P03,Pork,Restaurants,BC Interior,101,156.40,0.00,15780.41,109.53,11062.53,451.79
2026-08-01,P03,Pork,Grocery Retail,Lower Mainland,224,156.40,0.03,29843.02,109.53,24534.72,370.51
2026-08-01,P03,Pork,Grocery Retail,Vancouver Island,82,156.40,0.02,11071.17,109.42,8972.44,291.74
2026-08-01,P03,Pork,Grocery Retail,BC Interior,77,156.40,0.03,10332.72,109.09,8399.93,333.80
2026-08-01,P03,Pork,Hotels & Institutions,Lower Mainland,105,156.40,0.01,15538.31,109.20,11466.00,178.62
2026-08-01,P03,Pork,Hotels & Institutions,Vancouver Island,39,156.40,0.00,5783.03,109.20,4258.80,135.55
2026-08-01,P03,Pork,Hotels & Institutions,BC Interior,39,156.40,0.01,5771.37,108.87,4245.93,178.97
2026-08-01,P03,Pork,Online Direct,Lower Mainland,48,156.40,0.01,8299.06,108.87,5225.76,483.80
2026-08-01,P03,Pork,Online Direct,Vancouver Island,17,156.40,0.01,2948.08,108.98,1852.66,204.81
2026-08-01,P03,Pork,Online Direct,BC Interior,18,156.40,0.00,3130.99,109.31,1967.58,231.80
2026-08-01,P04,Pork,Restaurants,Lower Mainland,383,98.55,0.01,37292.73,67.77,25955.91,648.96
2026-08-01,P04,Pork,Restaurants,Vancouver Island,142,98.55,0.01,13896.28,67.63,9603.46,509.77
2026-08-01,P04,Pork,Restaurants,BC Interior,136,98.55,0.00,13443.01,68.04,9253.44,589.57
2026-08-01,P04,Pork,Grocery Retail,Lower Mainland,316,98.55,0.04,26417.20,67.83,21434.28,528.53
2026-08-01,P04,Pork,Grocery Retail,Vancouver Island,114,98.55,0.02,9688.37,67.97,7748.58,399.07
2026-08-01,P04,Pork,Grocery Retail,BC Interior,118,98.55,0.03,10007.23,67.70,7988.60,530.46
2026-08-01,P04,Pork,Hotels & Institutions,Lower Mainland,151,98.55,0.01,13897.40,68.04,10274.04,247.23
2026-08-01,P04,Pork,Hotels & Institutions,Vancouver Island,58,98.55,0.01,5397.52,67.70,3926.60,211.32
2026-08-01,P04,Pork,Hotels & Institutions,BC Interior,56,98.55,0.00,5242.86,67.90,3802.40,254.49
2026-08-01,P04,Pork,Online Direct,Lower Mainland,68,98.55,0.00,7483.05,67.90,4617.20,680.54
2026-08-01,P04,Pork,Online Direct,Vancouver Island,26,98.55,0.00,2858.30,67.63,1758.38,305.40
2026-08-01,P04,Pork,Online Direct,BC Interior,24,98.55,0.00,2646.36,67.97,1631.28,306.58
2026-08-01,C01,Poultry,Restaurants,Lower Mainland,692,83.55,0.01,57236.18,60.05,41554.60,1174.86
2026-08-01,C01,Poultry,Restaurants,Vancouver Island,252,83.55,0.01,20801.67,59.99,15117.48,910.06
2026-08-01,C01,Poultry,Restaurants,BC Interior,239,83.55,0.01,19788.73,59.87,14308.93,1036.08
2026-08-01,C01,Poultry,Grocery Retail,Lower Mainland,579,83.55,0.04,41077.28,60.11,34803.69,968.41
2026-08-01,C01,Poultry,Grocery Retail,Vancouver Island,193,83.55,0.02,13864.61,59.87,11554.91,694.23
2026-08-01,C01,Poultry,Grocery Retail,BC Interior,210,83.55,0.01,15346.98,59.87,12572.70,948.72
2026-08-01,C01,Poultry,Hotels & Institutions,Lower Mainland,291,83.55,0.01,22751.95,60.05,17474.55,480.35
2026-08-01,C01,Poultry,Hotels & Institutions,Vancouver Island,105,83.55,0.01,8200.89,59.99,6298.95,371.31
2026-08-01,C01,Poultry,Hotels & Institutions,BC Interior,99,83.55,0.00,7842.14,59.87,5927.13,432.26
2026-08-01,C01,Poultry,Online Direct,Lower Mainland,124,83.55,0.00,11580.23,59.81,7416.44,1268.75
2026-08-01,C01,Poultry,Online Direct,Vancouver Island,45,83.55,0.01,4181.44,59.87,2694.15,548.13
2026-08-01,C01,Poultry,Online Direct,BC Interior,44,83.55,0.01,4092.48,60.11,2644.84,555.21
2026-08-01,C02,Poultry,Restaurants,Lower Mainland,593,132.83,0.01,77819.43,94.53,56056.29,1020.73
2026-08-01,C02,Poultry,Restaurants,Vancouver Island,213,132.83,0.00,28236.20,94.91,20215.83,741.82
2026-08-01,C02,Poultry,Restaurants,BC Interior,207,132.83,0.01,27139.19,94.72,19607.04,927.79
2026-08-01,C02,Poultry,Grocery Retail,Lower Mainland,512,132.83,0.03,57699.29,94.62,48445.44,852.91
2026-08-01,C02,Poultry,Grocery Retail,Vancouver Island,176,132.83,0.02,20242.37,95.00,16720.00,629.31
2026-08-01,C02,Poultry,Grocery Retail,BC Interior,182,132.83,0.02,20954.60,95.00,17290.00,789.79
2026-08-01,C02,Poultry,Hotels & Institutions,Lower Mainland,234,132.83,0.01,29321.18,94.72,22164.48,396.49
2026-08-01,C02,Poultry,Hotels & Institutions,Vancouver Island,88,132.83,0.01,10971.33,94.91,8352.08,316.54
2026-08-01,C02,Poultry,Hotels & Institutions,BC Interior,89,132.83,0.00,11230.73,94.81,8438.09,391.37
2026-08-01,C02,Poultry,Online Direct,Lower Mainland,109,132.83,0.00,16118.74,94.53,10303.77,1129.70
2026-08-01,C02,Poultry,Online Direct,Vancouver Island,38,132.83,0.00,5647.56,94.91,3606.58,446.35
2026-08-01,C02,Poultry,Online Direct,BC Interior,39,132.83,0.01,5692.12,94.62,3690.18,503.74
2026-08-01,C03,Poultry,Restaurants,Lower Mainland,510,102.84,0.01,51872.41,73.04,37250.40,850.43
2026-08-01,C03,Poultry,Restaurants,Vancouver Island,179,102.84,0.00,18463.59,72.97,13061.63,625.97
2026-08-01,C03,Poultry,Restaurants,BC Interior,180,102.84,0.00,18548.22,72.89,13120.20,785.12
2026-08-01,C03,Poultry,Grocery Retail,Lower Mainland,405,102.84,0.00,36505.68,72.89,29520.45,668.53
2026-08-01,C03,Poultry,Grocery Retail,Vancouver Island,141,102.84,0.02,12543.46,72.82,10267.62,502.65
2026-08-01,C03,Poultry,Grocery Retail,BC Interior,150,102.84,0.01,13358.06,72.97,10945.50,685.68
2026-08-01,C03,Poultry,Hotels & Institutions,Lower Mainland,204,102.84,0.01,19790.52,72.75,14841.00,336.40
2026-08-01,C03,Poultry,Hotels & Institutions,Vancouver Island,71,102.84,0.00,6915.75,72.60,5154.60,259.70
2026-08-01,C03,Poultry,Hotels & Institutions,BC Interior,73,102.84,0.00,7096.32,72.82,5315.86,333.37
2026-08-01,C03,Poultry,Online Direct,Lower Mainland,91,102.84,0.01,10428.79,73.04,6646.64,954.26
2026-08-01,C03,Poultry,Online Direct,Vancouver Island,31,102.84,0.00,3574.17,72.89,2259.59,383.59
2026-08-01,C03,Poultry,Online Direct,BC Interior,31,102.84,0.01,3542.08,72.75,2255.25,410.85
2026-08-01,C04,Poultry,Restaurants,Lower Mainland,114,201.39,0.01,22774.79,139.75,15931.50,189.52
2026-08-01,C04,Poultry,Restaurants,Vancouver Island,41,201.39,0.00,8232.19,139.75,5729.75,145.14
2026-08-01,C04,Poultry,Restaurants,BC Interior,41,201.39,0.00,8248.73,139.75,5729.75,180.11
2026-08-01,C04,Poultry,Grocery Retail,Lower Mainland,96,201.39,0.03,16586.66,139.89,13429.44,162.18
2026-08-01,C04,Poultry,Grocery Retail,Vancouver Island,34,201.39,0.01,5989.19,139.75,4751.50,124.24
2026-08-01,C04,Poultry,Grocery Retail,BC Interior,34,201.39,0.03,5863.05,139.34,4737.56,147.09
2026-08-01,C04,Poultry,Hotels & Institutions,Lower Mainland,47,201.39,0.00,9028.03,139.47,6555.09,81.38
2026-08-01,C04,Poultry,Hotels & Institutions,Vancouver Island,17,201.39,0.01,3213.38,139.34,2368.78,61.45
2026-08-01,C04,Poultry,Hotels & Institutions,BC Interior,17,201.39,0.00,3262.21,139.34,2368.78,73.54
2026-08-01,C04,Poultry,Online Direct,Lower Mainland,21,201.39,0.01,4708.08,139.61,2931.81,214.66
2026-08-01,C04,Poultry,Online Direct,Vancouver Island,7,201.39,0.01,1566.19,139.47,976.29,84.34
2026-08-01,C04,Poultry,Online Direct,BC Interior,7,201.39,0.01,1572.57,139.34,975.38,88.06
2026-08-01,S01,Seafood,Restaurants,Lower Mainland,327,193.97,0.01,62921.21,141.11,46142.97,566.16
2026-08-01,S01,Seafood,Restaurants,Vancouver Island,116,193.97,0.01,22186.41,140.97,16352.52,402.34
2026-08-01,S01,Seafood,Restaurants,BC Interior,117,193.97,0.01,22489.06,140.55,16444.35,524.93
2026-08-01,S01,Seafood,Grocery Retail,Lower Mainland,269,193.97,0.01,45687.00,140.55,37807.95,448.56
2026-08-01,S01,Seafood,Grocery Retail,Vancouver Island,102,193.97,0.04,16818.17,140.55,14336.10,367.63
2026-08-01,S01,Seafood,Grocery Retail,BC Interior,100,193.97,0.00,17052.29,141.40,14140.00,450.88
2026-08-01,S01,Seafood,Hotels & Institutions,Lower Mainland,133,193.97,0.01,24287.00,141.25,18786.25,221.56
2026-08-01,S01,Seafood,Hotels & Institutions,Vancouver Island,51,193.97,0.01,9276.01,141.11,7196.61,178.53
2026-08-01,S01,Seafood,Hotels & Institutions,BC Interior,48,193.97,0.00,8800.84,140.55,6746.40,217.49
2026-08-01,S01,Seafood,Online Direct,Lower Mainland,62,193.97,0.01,13334.06,140.69,8722.78,647.63
2026-08-01,S01,Seafood,Online Direct,Vancouver Island,22,193.97,0.00,4760.32,141.40,3110.80,266.91
2026-08-01,S01,Seafood,Online Direct,BC Interior,21,193.97,0.01,4511.80,141.40,2969.40,279.41
2026-08-01,S02,Seafood,Restaurants,Lower Mainland,142,235.85,0.01,33389.63,169.76,24105.92,240.13
2026-08-01,S02,Seafood,Restaurants,Vancouver Island,53,235.85,0.01,12313.00,170.10,9015.30,193.29
2026-08-01,S02,Seafood,Restaurants,BC Interior,54,235.85,0.01,12583.41,169.76,9167.04,245.40
2026-08-01,S02,Seafood,Grocery Retail,Lower Mainland,118,235.85,0.00,24392.77,169.76,20031.68,201.92
2026-08-01,S02,Seafood,Grocery Retail,Vancouver Island,43,235.85,0.01,8826.16,169.76,7299.68,151.60
2026-08-01,S02,Seafood,Grocery Retail,BC Interior,41,235.85,0.03,8270.69,170.10,6974.10,180.48
2026-08-01,S02,Seafood,Hotels & Institutions,Lower Mainland,58,235.85,0.01,12851.61,169.93,9855.94,98.67
2026-08-01,S02,Seafood,Hotels & Institutions,Vancouver Island,21,235.85,0.00,4705.20,169.76,3564.96,72.91
2026-08-01,S02,Seafood,Hotels & Institutions,BC Interior,22,235.85,0.00,4939.08,169.76,3734.72,96.25
2026-08-01,S02,Seafood,Online Direct,Lower Mainland,26,235.85,0.00,6867.95,170.10,4422.60,267.62
2026-08-01,S02,Seafood,Online Direct,Vancouver Island,9,235.85,0.01,2353.59,170.61,1535.49,108.87
2026-08-01,S02,Seafood,Online Direct,BC Interior,9,235.85,0.01,2358.30,170.79,1537.11,115.55
2026-08-01,S03,Seafood,Restaurants,Lower Mainland,87,336.14,0.01,28863.60,240.58,20930.46,142.29
2026-08-01,S03,Seafood,Restaurants,Vancouver Island,31,336.14,0.01,10378.61,240.34,7450.54,109.96
2026-08-01,S03,Seafood,Restaurants,BC Interior,33,336.14,0.01,11015.08,241.30,7962.90,146.00
2026-08-01,S03,Seafood,Grocery Retail,Lower Mainland,74,336.14,0.03,21318.41,241.55,17874.70,124.27
2026-08-01,S03,Seafood,Grocery Retail,Vancouver Island,27,336.14,0.00,7986.56,240.58,6495.66,98.76
2026-08-01,S03,Seafood,Grocery Retail,BC Interior,27,336.14,0.04,7729.96,241.79,6528.33,122.94
2026-08-01,S03,Seafood,Hotels & Institutions,Lower Mainland,37,336.14,0.00,11815.21,240.34,8892.58,61.01
2026-08-01,S03,Seafood,Hotels & Institutions,Vancouver Island,14,336.14,0.01,4443.81,240.82,3371.48,48.91
2026-08-01,S03,Seafood,Hotels & Institutions,BC Interior,13,336.14,0.00,4138.88,241.30,3136.90,57.57
2026-08-01,S03,Seafood,Online Direct,Lower Mainland,16,336.14,0.01,5993.29,241.30,3860.80,164.36
2026-08-01,S03,Seafood,Online Direct,Vancouver Island,6,336.14,0.00,2245.33,241.55,1449.30,70.26
2026-08-01,S03,Seafood,Online Direct,BC Interior,6,336.14,0.01,2231.65,241.79,1450.74,79.29
2026-08-01,S04,Seafood,Restaurants,Lower Mainland,174,152.09,0.01,26225.86,110.13,19162.62,293.07
2026-08-01,S04,Seafood,Restaurants,Vancouver Island,63,152.09,0.00,9562.51,109.80,6917.40,227.74
2026-08-01,S04,Seafood,Restaurants,BC Interior,61,152.09,0.00,9203.42,109.91,6704.51,278.30
2026-08-01,S04,Seafood,Grocery Retail,Lower Mainland,133,152.09,0.03,17246.98,109.47,14559.51,224.46
2026-08-01,S04,Seafood,Grocery Retail,Vancouver Island,48,152.09,0.04,6192.77,109.80,5270.40,170.60
2026-08-01,S04,Seafood,Grocery Retail,BC Interior,49,152.09,0.02,6446.74,109.47,5364.03,219.19
2026-08-01,S04,Seafood,Hotels & Institutions,Lower Mainland,66,152.09,0.01,9449.72,109.80,7246.80,110.17
2026-08-01,S04,Seafood,Hotels & Institutions,Vancouver Island,24,152.09,0.01,3419.05,110.13,2643.12,83.93
2026-08-01,S04,Seafood,Hotels & Institutions,BC Interior,25,152.09,0.01,3590.32,109.80,2745.00,110.83
2026-08-01,S04,Seafood,Online Direct,Lower Mainland,30,152.09,0.01,5033.64,110.13,3303.90,304.82
2026-08-01,S04,Seafood,Online Direct,Vancouver Island,11,152.09,0.01,1840.11,109.80,1207.80,133.72
2026-08-01,S04,Seafood,Online Direct,BC Interior,11,152.09,0.01,1853.03,109.47,1204.17,145.36
2026-08-01,H01,Charcuterie,Restaurants,Lower Mainland,163,201.39,0.01,32431.73,115.56,18836.28,270.43
2026-08-01,H01,Charcuterie,Restaurants,Vancouver Island,61,201.39,0.00,12309.36,115.45,7042.45,220.94
2026-08-01,H01,Charcuterie,Restaurants,BC Interior,60,201.39,0.00,12035.07,115.80,6948.00,264.11
2026-08-01,H01,Charcuterie,Grocery Retail,Lower Mainland,143,201.39,0.03,24534.78,116.03,16592.29,235.57
2026-08-01,H01,Charcuterie,Grocery Retail,Vancouver Island,49,201.39,0.01,8605.33,115.80,5674.20,178.53
2026-08-01,H01,Charcuterie,Grocery Retail,BC Interior,48,201.39,0.01,8447.17,115.80,5558.40,214.71
2026-08-01,H01,Charcuterie,Hotels & Institutions,Lower Mainland,67,201.39,0.01,12588.32,115.45,7735.15,111.84
2026-08-01,H01,Charcuterie,Hotels & Institutions,Vancouver Island,25,201.39,0.01,4758.98,115.68,2892.00,90.82
2026-08-01,H01,Charcuterie,Hotels & Institutions,BC Interior,25,201.39,0.01,4739.86,115.68,2892.00,108.49
2026-08-01,H01,Charcuterie,Online Direct,Lower Mainland,31,201.39,0.01,6943.11,115.45,3578.95,315.29
2026-08-01,H01,Charcuterie,Online Direct,Vancouver Island,11,201.39,0.01,2453.88,115.68,1272.48,135.98
2026-08-01,H01,Charcuterie,Online Direct,BC Interior,11,201.39,0.00,2473.68,115.56,1271.16,138.23
2026-08-01,H02,Charcuterie,Restaurants,Lower Mainland,147,167.11,0.00,24614.10,94.88,13947.36,253.53
2026-08-01,H02,Charcuterie,Restaurants,Vancouver Island,56,167.11,0.00,9311.43,94.88,5313.28,199.03
2026-08-01,H02,Charcuterie,Restaurants,BC Interior,51,167.11,0.00,8539.66,95.16,4853.16,233.36
2026-08-01,H02,Charcuterie,Grocery Retail,Lower Mainland,116,167.11,0.04,16376.25,95.07,11028.12,198.50
2026-08-01,H02,Charcuterie,Grocery Retail,Vancouver Island,42,167.11,0.00,6188.72,94.97,3988.74,147.63
2026-08-01,H02,Charcuterie,Grocery Retail,BC Interior,42,167.11,0.04,5977.85,94.97,3988.74,185.63
2026-08-01,H02,Charcuterie,Hotels & Institutions,Lower Mainland,63,167.11,0.00,9971.55,95.07,5989.41,104.21
2026-08-01,H02,Charcuterie,Hotels & Institutions,Vancouver Island,21,167.11,0.01,3300.58,95.35,2002.35,75.24
2026-08-01,H02,Charcuterie,Hotels & Institutions,BC Interior,23,167.11,0.01,3611.28,94.97,2184.31,102.58
2026-08-01,H02,Charcuterie,Online Direct,Lower Mainland,27,167.11,0.01,4982.58,95.07,2566.89,283.13
2026-08-01,H02,Charcuterie,Online Direct,Vancouver Island,10,167.11,0.01,1862.21,94.88,948.80,120.96
2026-08-01,H02,Charcuterie,Online Direct,BC Interior,9,167.11,0.00,1679.42,94.97,854.73,118.23
2026-08-01,H03,Charcuterie,Restaurants,Lower Mainland,75,218.52,0.01,16355.98,127.56,9567.00,123.68
2026-08-01,H03,Charcuterie,Restaurants,Vancouver Island,28,218.52,0.01,6075.73,127.31,3564.68,98.82
2026-08-01,H03,Charcuterie,Restaurants,BC Interior,28,218.52,0.01,6069.61,128.07,3585.96,124.50
2026-08-01,H03,Charcuterie,Grocery Retail,Lower Mainland,64,218.52,0.02,12036.29,127.69,8172.16,106.18
2026-08-01,H03,Charcuterie,Grocery Retail,Vancouver Island,22,218.52,0.01,4192.38,127.69,2809.18,80.71
2026-08-01,H03,Charcuterie,Grocery Retail,BC Interior,23,218.52,0.02,4334.08,128.07,2945.61,101.24
2026-08-01,H03,Charcuterie,Hotels & Institutions,Lower Mainland,32,218.52,0.01,6543.36,127.69,4086.08,52.23
2026-08-01,H03,Charcuterie,Hotels & Institutions,Vancouver Island,12,218.52,0.00,2493.60,127.43,1529.16,42.52
2026-08-01,H03,Charcuterie,Hotels & Institutions,BC Interior,12,218.52,0.01,2468.65,127.82,1533.84,52.50
2026-08-01,H03,Charcuterie,Online Direct,Lower Mainland,14,218.52,0.01,3385.35,127.82,1789.48,144.67
2026-08-01,H03,Charcuterie,Online Direct,Vancouver Island,5,218.52,0.01,1213.94,127.69,638.45,60.78
2026-08-01,H03,Charcuterie,Online Direct,BC Interior,5,218.52,0.01,1209.03,127.69,638.45,63.55
2026-08-01,H04,Charcuterie,Restaurants,Lower Mainland,127,102.84,0.01,12916.67,57.99,7364.73,209.00
2026-08-01,H04,Charcuterie,Restaurants,Vancouver Island,47,102.84,0.01,4784.96,58.05,2728.35,171.58
2026-08-01,H04,Charcuterie,Restaurants,BC Interior,49,102.84,0.00,5013.98,58.23,2853.27,220.50
2026-08-01,H04,Charcuterie,Grocery Retail,Lower Mainland,111,102.84,0.01,9975.19,58.11,6450.21,187.89
2026-08-01,H04,Charcuterie,Grocery Retail,Vancouver Island,40,102.84,0.03,3507.38,57.88,2315.20,146.74
2026-08-01,H04,Charcuterie,Grocery Retail,BC Interior,39,102.84,0.01,3490.60,57.99,2261.61,175.67
2026-08-01,H04,Charcuterie,Hotels & Institutions,Lower Mainland,55,102.84,0.00,5357.28,57.99,3189.45,90.05
2026-08-01,H04,Charcuterie,Hotels & Institutions,Vancouver Island,20,102.84,0.00,1957.87,57.99,1159.80,69.94
2026-08-01,H04,Charcuterie,Hotels & Institutions,BC Interior,20,102.84,0.00,1946.14,57.94,1158.80,90.27
2026-08-01,H04,Charcuterie,Online Direct,Lower Mainland,24,102.84,0.01,2722.91,58.05,1393.20,248.25
2026-08-01,H04,Charcuterie,Online Direct,Vancouver Island,9,102.84,0.01,1026.22,57.94,521.46,108.87
2026-08-01,H04,Charcuterie,Online Direct,BC Interior,8,102.84,0.00,923.29,58.17,465.36,102.92
2026-08-01,D01,Cheese & Dairy,Restaurants,Lower Mainland,210,152.11,0.01,31719.69,93.59,19653.90,344.18
2026-08-01,D01,Cheese & Dairy,Restaurants,Vancouver Island,70,152.11,0.01,10615.46,93.68,6557.60,246.54
2026-08-01,D01,Cheese & Dairy,Restaurants,BC Interior,70,152.11,0.01,10519.63,93.40,6538.00,320.92
2026-08-01,D01,Cheese & Dairy,Grocery Retail,Lower Mainland,172,152.11,0.00,23092.44,93.50,16082.00,280.45
2026-08-01,D01,Cheese & Dairy,Grocery Retail,Vancouver Island,61,152.11,0.01,8116.27,93.31,5691.91,220.51
2026-08-01,D01,Cheese & Dairy,Grocery Retail,BC Interior,59,152.11,0.00,7905.43,93.21,5499.39,266.81
2026-08-01,D01,Cheese & Dairy,Hotels & Institutions,Lower Mainland,82,152.11,0.01,11766.54,93.40,7658.80,137.56
2026-08-01,D01,Cheese & Dairy,Hotels & Institutions,Vancouver Island,30,152.11,0.01,4291.82,93.59,2807.70,105.98
2026-08-01,D01,Cheese & Dairy,Hotels & Institutions,BC Interior,31,152.11,0.01,4443.76,93.59,2901.29,138.67
2026-08-01,D01,Cheese & Dairy,Online Direct,Lower Mainland,38,152.11,0.01,6434.91,93.31,3545.78,376.82
2026-08-01,D01,Cheese & Dairy,Online Direct,Vancouver Island,13,152.11,0.01,2185.90,93.31,1213.03,156.94
2026-08-01,D01,Cheese & Dairy,Online Direct,BC Interior,13,152.11,0.00,2216.91,93.68,1217.84,173.47
2026-08-01,D02,Cheese & Dairy,Restaurants,Lower Mainland,171,126.40,0.00,21571.17,76.91,13151.61,293.77
2026-08-01,D02,Cheese & Dairy,Restaurants,Vancouver Island,61,126.40,0.00,7710.39,77.07,4701.27,213.75
2026-08-01,D02,Cheese & Dairy,Restaurants,BC Interior,61,126.40,0.01,7656.20,76.84,4687.24,267.16
2026-08-01,D02,Cheese & Dairy,Grocery Retail,Lower Mainland,147,126.40,0.00,16253.13,76.99,11317.53,244.14
2026-08-01,D02,Cheese & Dairy,Grocery Retail,Vancouver Island,50,126.40,0.04,5323.12,76.91,3845.50,179.32
2026-08-01,D02,Cheese & Dairy,Grocery Retail,BC Interior,52,126.40,0.01,5726.08,76.76,3991.52,232.37
2026-08-01,D02,Cheese & Dairy,Hotels & Institutions,Lower Mainland,71,126.40,0.01,8465.63,76.84,5455.64,119.83
2026-08-01,D02,Cheese & Dairy,Hotels & Institutions,Vancouver Island,25,126.40,0.00,3001.97,76.91,1922.75,89.75
2026-08-01,D02,Cheese & Dairy,Hotels & Institutions,BC Interior,25,126.40,0.01,2963.01,76.99,1924.75,113.83
2026-08-01,D02,Cheese & Dairy,Online Direct,Lower Mainland,32,126.40,0.01,4516.50,76.76,2456.32,327.42
2026-08-01,D02,Cheese & Dairy,Online Direct,Vancouver Island,11,126.40,0.00,1560.36,77.14,848.54,134.12
2026-08-01,D02,Cheese & Dairy,Online Direct,BC Interior,12,126.40,0.01,1670.01,77.07,924.84,154.22
2026-08-01,D03,Cheese & Dairy,Restaurants,Lower Mainland,90,252.80,0.00,22706.50,157.26,14153.40,152.50
2026-08-01,D03,Cheese & Dairy,Restaurants,Vancouver Island,34,252.80,0.00,8603.80,157.73,5362.82,124.36
2026-08-01,D03,Cheese & Dairy,Restaurants,BC Interior,34,252.80,0.01,8509.33,157.42,5352.28,155.88
2026-08-01,D03,Cheese & Dairy,Grocery Retail,Lower Mainland,72,252.80,0.03,15519.23,158.05,11379.60,124.30
2026-08-01,D03,Cheese & Dairy,Grocery Retail,Vancouver Island,27,252.80,0.01,5946.13,158.05,4267.35,96.45
2026-08-01,D03,Cheese & Dairy,Grocery Retail,BC Interior,28,252.80,0.03,6085.05,157.26,4403.28,125.00
2026-08-01,D03,Cheese & Dairy,Hotels & Institutions,Lower Mainland,39,252.80,0.00,9366.09,157.73,6151.47,64.51
2026-08-01,D03,Cheese & Dairy,Hotels & Institutions,Vancouver Island,13,252.80,0.01,3084.65,157.58,2048.54,46.11
2026-08-01,D03,Cheese & Dairy,Hotels & Institutions,BC Interior,14,252.80,0.01,3301.91,157.58,2206.12,62.13
2026-08-01,D03,Cheese & Dairy,Online Direct,Lower Mainland,17,252.80,0.01,4765.29,158.05,2686.85,173.08
2026-08-01,D03,Cheese & Dairy,Online Direct,Vancouver Island,6,252.80,0.01,1683.56,157.58,945.48,72.94
2026-08-01,D03,Cheese & Dairy,Online Direct,BC Interior,6,252.80,0.00,1697.12,157.26,943.56,76.57
2026-08-01,D04,Cheese & Dairy,Restaurants,Lower Mainland,254,92.12,0.00,23398.48,55.82,14178.28,422.69
2026-08-01,D04,Cheese & Dairy,Restaurants,Vancouver Island,91,92.12,0.01,8240.76,55.49,5049.59,329.93
2026-08-01,D04,Cheese & Dairy,Restaurants,BC Interior,93,92.12,0.01,8464.53,55.60,5170.80,407.30
2026-08-01,D04,Cheese & Dairy,Grocery Retail,Lower Mainland,209,92.12,0.03,16568.21,55.54,11607.86,353.78
2026-08-01,D04,Cheese & Dairy,Grocery Retail,Vancouver Island,73,92.12,0.01,5846.70,55.65,4062.45,263.37
2026-08-01,D04,Cheese & Dairy,Grocery Retail,BC Interior,77,92.12,0.00,6254.54,55.49,4272.73,351.98
2026-08-01,D04,Cheese & Dairy,Hotels & Institutions,Lower Mainland,105,92.12,0.00,9133.91,55.65,5843.25,175.27
2026-08-01,D04,Cheese & Dairy,Hotels & Institutions,Vancouver Island,36,92.12,0.00,3153.64,55.77,2007.72,126.28
2026-08-01,D04,Cheese & Dairy,Hotels & Institutions,BC Interior,39,92.12,0.00,3416.46,55.54,2166.06,170.28
2026-08-01,D04,Cheese & Dairy,Online Direct,Lower Mainland,44,92.12,0.00,4507.95,55.82,2456.08,447.51
2026-08-01,D04,Cheese & Dairy,Online Direct,Vancouver Island,16,92.12,0.01,1626.03,55.54,888.64,190.45
2026-08-01,D04,Cheese & Dairy,Online Direct,BC Interior,17,92.12,0.01,1724.20,55.77,948.09,217.60
